grid,pursuer_level,evader_condition,seed,pursuer_win,episode_steps,sampled_evader_policy,sampled_evader_level,termination_reason
8by8,0,l0,100,1,4.0,I-NTMCP l=0,0.0,PURSUER_WIN
8by8,0,l0,100,1,2.0,I-NTMCP l=0,0.0,PURSUER_WIN
8by8,0,l0,100,0,10.0,I-NTMCP l=0,0.0,EVADER_REACHED_GOAL
8by8,0,l0,100,1,4.0,I-NTMCP l=0,0.0,PURSUER_WIN
8by8,0,l0,100,1,3.0,I-NTMCP l=0,0.0,PURSUER_WIN
8by8,0,l0,100,1,2.0,I-NTMCP l=0,0.0,PURSUER_WIN
8by8,0,l0,100,1,4.0,I-NTMCP l=0,0.0,PURSUER_WIN
8by8,0,l0,100,0,12.0,I-NTMCP l=0,0.0,EVADER_REACHED_GOAL
8by8,0,l0,100,1,3.0,I-NTMCP l=0,0.0,PURSUER_WIN
8by8,0,l0,100,0,9.0,I-NTMCP l=0,0.0,EVADER_REACHED_GOAL
8by8,0,l0,100,0,12.0,I-NTMCP l=0,0.0,EVADER_REACHED_GOAL
8by8,0,l0,100,1,3.0,I-NTMCP l=0,0.0,PURSUER_WIN
8by8,0,l0,100,0,9.0,I-NTMCP l=0,0.0,EVADER_REACHED_GOAL
8by8,0,l0,100,0,10.0,I-NTMCP l=0,0.0,EVADER_REACHED_GOAL
8by8,0,l0,100,0,9.0,I-NTMCP l=0,0.0,EVADER_REACHED_GOAL
8by8,0,l0,100,0,11.0,I-NTMCP l=0,0.0,EVADER_REACHED_GOAL
8by8,0,l0,100,1,3.0,I-NTMCP l=0,0.0,PURSUER_WIN
8by8,0,l0,100,0,10.0,I-NTMCP l=0,0.0,EVADER_REACHED_GOAL
8by8,0,l0,100,1,4.0,I-NTMCP l=0,0.0,PURSUER_WIN
8by8,0,l0,100,0,10.0,I-NTMCP l=0,0.0,EVADER_REACHED_GOAL
8by8,0,l0,100,0,13.0,I-NTMCP l=0,0.0,EVADER_REACHED_GOAL
8by8,0,l0,100,0,10.0,I-NTMCP l=0,0.0,EVADER_REACHED_GOAL
8by8,0,l0,100,1,2.0,I-NTMCP l=0,0.0,PURSUER_WIN
8by8,0,l0,100,1,4.0,I-NTMCP l=0,0.0,PURSUER_WIN
8by8,0,l0,100,1,4.0,I-NTMCP l=0,0.0,PURSUER_WIN
8by8,0,l0,100,0,10.0,I-NTMCP l=0,0.0,EVADER_REACHED_GOAL
8by8,0,l0,100,1,5.0,I-NTMCP l=0,0.0,PURSUER_WIN
8by8,0,l0,100,1,3.0,I-NTMCP l=0,0.0,PURSUER_WIN
8by8,0,l0,100,1,2.0,I-NTMCP l=0,0.0,PURSUER_WIN
8by8,0,l0,100,1,3.0,I-NTMCP l=0,0.0,PURSUER_WIN
8by8,0,l0,100,0,10.0,I-NTMCP l=0,0.0,EVADER_REACHED_GOAL
8by8,0,l0,100,0,12.0,I-NTMCP l=0,0.0,EVADER_REACHED_GOAL
8by8,0,l0,100,0,9.0,I-NTMCP l=0,0.0,EVADER_REACHED_GOAL
8by8,0,l0,100,0,12.0,I-NTMCP l=0,0.0,EVADER_REACHED_GOAL
8by8,0,l0,100,1,4.0,I-NTMCP l=0,0.0,PURSUER_WIN
8by8,0,l0,100,0,12.0,I-NTMCP l=0,0.0,EVADER_REACHED_GOAL
8by8,0,l0,100,0,10.0,I-NTMCP l=0,0.0,EVADER_REACHED_GOAL
8by8,0,l0,100,0,15.0,I-NTMCP l=0,0.0,EVADER_REACHED_GOAL
8by8,0,l0,100,0,10.0,I-NTMCP l=0,0.0,EVADER_REACHED_GOAL
8by8,0,l0,100,1,4.0,I-NTMCP l=0,0.0,PURSUER_WIN
8by8,0,l0,100,0,9.0,I-NTMCP l=0,0.0,EVADER_REACHED_GOAL
8by8,0,l0,100,1,2.0,I-NTMCP l=0,0.0,PURSUER_WIN
8by8,0,l0,100,0,9.0,I-NTMCP l=0,0.0,EVADER_REACHED_GOAL
8by8,0,l0,100,1,4.0,I-NTMCP l=0,0.0,PURSUER_WIN
8by8,0,l0,100,1,2.0,I-NTMCP l=0,0.0,PURSUER_WIN
8by8,0,l0,100,0,12.0,I-NTMCP l=0,0.0,EVADER_REACHED_GOAL
8by8,0,l0,100,0,11.0,I-NTMCP l=0,0.0,EVADER_REACHED_GOAL
8by8,0,l0,100,0,12.0,I-NTMCP l=0,0.0,EVADER_REACHED_GOAL
8by8,0,l0,100,0,9.0,I-NTMCP l=0,0.0,EVADER_REACHED_GOAL
8by8,0,l0,100,1,2.0,I-NTMCP l=0,0.0,PURSUER_WIN
8by8,0,l0,101,1,4.0,I-NTMCP l=0,0.0,PURSUER_WIN
8by8,0,l0,101,0,9.0,I-NTMCP l=0,0.0,EVADER_REACHED_GOAL
8by8,0,l0,101,1,8.0,I-NTMCP l=0,0.0,PURSUER_WIN
8by8,0,l0,101,0,9.0,I-NTMCP l=0,0.0,EVADER_REACHED_GOAL
8by8,0,l0,101,0,9.0,I-NTMCP l=0,0.0,EVADER_REACHED_GOAL
8by8,0,l0,101,1,2.0,I-NTMCP l=0,0.0,PURSUER_WIN
8by8,0,l0,101,0,12.0,I-NTMCP l=0,0.0,EVADER_REACHED_GOAL
8by8,0,l0,101,0,13.0,I-NTMCP l=0,0.0,EVADER_REACHED_GOAL
8by8,0,l0,101,1,4.0,I-NTMCP l=0,0.0,PURSUER_WIN
8by8,0,l0,101,1,8.0,I-NTMCP l=0,0.0,PURSUER_WIN
8by8,0,l0,101,1,5.0,I-NTMCP l=0,0.0,PURSUER_WIN
8by8,0,l0,101,0,9.0,I-NTMCP l=0,0.0,EVADER_REACHED_GOAL
8by8,0,l0,101,1,5.0,I-NTMCP l=0,0.0,PURSUER_WIN
8by8,0,l0,101,0,9.0,I-NTMCP l=0,0.0,EVADER_REACHED_GOAL
8by8,0,l0,101,0,9.0,I-NTMCP l=0,0.0,EVADER_REACHED_GOAL
8by8,0,l0,101,1,3.0,I-NTMCP l=0,0.0,PURSUER_WIN
8by8,0,l0,101,0,9.0,I-NTMCP l=0,0.0,EVADER_REACHED_GOAL
8by8,0,l0,101,0,13.0,I-NTMCP l=0,0.0,EVADER_REACHED_GOAL
8by8,0,l0,101,0,9.0,I-NTMCP l=0,0.0,EVADER_REACHED_GOAL
8by8,0,l0,101,1,5.0,I-NTMCP l=0,0.0,PURSUER_WIN
8by8,0,l0,101,1,4.0,I-NTMCP l=0,0.0,PURSUER_WIN
8by8,0,l0,101,1,2.0,I-NTMCP l=0,0.0,PURSUER_WIN
8by8,0,l0,101,0,9.0,I-NTMCP l=0,0.0,EVADER_REACHED_GOAL
8by8,0,l0,101,0,14.0,I-NTMCP l=0,0.0,EVADER_REACHED_GOAL
8by8,0,l0,101,0,10.0,I-NTMCP l=0,0.0,EVADER_REACHED_GOAL
8by8,0,l0,101,0,9.0,I-NTMCP l=0,0.0,EVADER_REACHED_GOAL
8by8,0,l0,101,0,9.0,I-NTMCP l=0,0.0,EVADER_REACHED_GOAL
8by8,0,l0,101,0,10.0,I-NTMCP l=0,0.0,EVADER_REACHED_GOAL
8by8,0,l0,101,0,12.0,I-NTMCP l=0,0.0,EVADER_REACHED_GOAL
8by8,0,l0,101,0,12.0,I-NTMCP l=0,0.0,EVADER_REACHED_GOAL
8by8,0,l0,101,0,14.0,I-NTMCP l=0,0.0,EVADER_REACHED_GOAL
8by8,0,l0,101,0,10.0,I-NTMCP l=0,0.0,EVADER_REACHED_GOAL
8by8,0,l0,101,1,2.0,I-NTMCP l=0,0.0,PURSUER_WIN
8by8,0,l0,101,0,18.0,I-NTMCP l=0,0.0,EVADER_REACHED_GOAL
8by8,0,l0,101,1,4.0,I-NTMCP l=0,0.0,PURSUER_WIN
8by8,0,l0,101,1,3.0,I-NTMCP l=0,0.0,PURSUER_WIN
8by8,0,l0,101,1,2.0,I-NTMCP l=0,0.0,PURSUER_WIN
8by8,0,l0,101,1,4.0,I-NTMCP l=0,0.0,PURSUER_WIN
8by8,0,l0,101,1,2.0,I-NTMCP l=0,0.0,PURSUER_WIN
8by8,0,l0,101,1,2.0,I-NTMCP l=0,0.0,PURSUER_WIN
8by8,0,l0,101,0,12.0,I-NTMCP l=0,0.0,EVADER_REACHED_GOAL
8by8,0,l0,101,1,6.0,I-NTMCP l=0,0.0,PURSUER_WIN
8by8,0,l0,101,0,14.0,I-NTMCP l=0,0.0,EVADER_REACHED_GOAL
8by8,0,l0,101,0,9.0,I-NTMCP l=0,0.0,EVADER_REACHED_GOAL
8by8,0,l0,101,0,13.0,I-NTMCP l=0,0.0,EVADER_REACHED_GOAL
8by8,0,l0,101,0,12.0,I-NTMCP l=0,0.0,EVADER_REACHED_GOAL
8by8,0,l0,101,0,9.0,I-NTMCP l=0,0.0,EVADER_REACHED_GOAL
8by8,0,l0,101,0,10.0,I-NTMCP l=0,0.0,EVADER_REACHED_GOAL
8by8,0,l0,101,0,10.0,I-NTMCP l=0,0.0,EVADER_REACHED_GOAL
8by8,0,l0,101,0,9.0,I-NTMCP l=0,0.0,EVADER_REACHED_GOAL
8by8,0,l0,102,1,3.0,I-NTMCP l=0,0.0,PURSUER_WIN
8by8,0,l0,102,0,15.0,I-NTMCP l=0,0.0,EVADER_REACHED_GOAL
8by8,0,l0,102,0,12.0,I-NTMCP l=0,0.0,EVADER_REACHED_GOAL
8by8,0,l0,102,0,11.0,I-NTMCP l=0,0.0,EVADER_REACHED_GOAL
8by8,0,l0,102,0,12.0,I-NTMCP l=0,0.0,EVADER_REACHED_GOAL
8by8,0,l0,102,0,9.0,I-NTMCP l=0,0.0,EVADER_REACHED_GOAL
8by8,0,l0,102,0,9.0,I-NTMCP l=0,0.0,EVADER_REACHED_GOAL
8by8,0,l0,102,0,12.0,I-NTMCP l=0,0.0,EVADER_REACHED_GOAL
8by8,0,l0,102,1,5.0,I-NTMCP l=0,0.0,PURSUER_WIN
8by8,0,l0,102,1,4.0,I-NTMCP l=0,0.0,PURSUER_WIN
8by8,0,l0,102,1,2.0,I-NTMCP l=0,0.0,PURSUER_WIN
8by8,0,l0,102,1,3.0,I-NTMCP l=0,0.0,PURSUER_WIN
8by8,0,l0,102,0,9.0,I-NTMCP l=0,0.0,EVADER_REACHED_GOAL
8by8,0,l0,102,0,9.0,I-NTMCP l=0,0.0,EVADER_REACHED_GOAL
8by8,0,l0,102,1,4.0,I-NTMCP l=0,0.0,PURSUER_WIN
8by8,0,l0,102,1,4.0,I-NTMCP l=0,0.0,PURSUER_WIN
8by8,0,l0,102,0,11.0,I-NTMCP l=0,0.0,EVADER_REACHED_GOAL
8by8,0,l0,102,0,13.0,I-NTMCP l=0,0.0,EVADER_REACHED_GOAL
8by8,0,l0,102,0,11.0,I-NTMCP l=0,0.0,EVADER_REACHED_GOAL
8by8,0,l0,102,0,15.0,I-NTMCP l=0,0.0,EVADER_REACHED_GOAL
8by8,0,l0,102,1,5.0,I-NTMCP l=0,0.0,PURSUER_WIN
8by8,0,l0,102,0,9.0,I-NTMCP l=0,0.0,EVADER_REACHED_GOAL
8by8,0,l0,102,1,2.0,I-NTMCP l=0,0.0,PURSUER_WIN
8by8,0,l0,102,0,16.0,I-NTMCP l=0,0.0,EVADER_REACHED_GOAL
8by8,0,l0,102,0,15.0,I-NTMCP l=0,0.0,EVADER_REACHED_GOAL
8by8,0,l0,102,0,12.0,I-NTMCP l=0,0.0,EVADER_REACHED_GOAL
8by8,0,l0,102,1,2.0,I-NTMCP l=0,0.0,PURSUER_WIN
8by8,0,l0,102,0,9.0,I-NTMCP l=0,0.0,EVADER_REACHED_GOAL
8by8,0,l0,102,0,9.0,I-NTMCP l=0,0.0,EVADER_REACHED_GOAL
8by8,0,l0,102,0,9.0,I-NTMCP l=0,0.0,EVADER_REACHED_GOAL
8by8,0,l0,102,0,13.0,I-NTMCP l=0,0.0,EVADER_REACHED_GOAL
8by8,0,l0,102,0,9.0,I-NTMCP l=0,0.0,EVADER_REACHED_GOAL
8by8,0,l0,102,0,9.0,I-NTMCP l=0,0.0,EVADER_REACHED_GOAL
8by8,0,l0,102,1,5.0,I-NTMCP l=0,0.0,PURSUER_WIN
8by8,0,l0,102,0,16.0,I-NTMCP l=0,0.0,EVADER_REACHED_GOAL
8by8,0,l0,102,0,10.0,I-NTMCP l=0,0.0,EVADER_REACHED_GOAL
8by8,0,l0,102,1,4.0,I-NTMCP l=0,0.0,PURSUER_WIN
8by8,0,l0,102,0,12.0,I-NTMCP l=0,0.0,EVADER_REACHED_GOAL
8by8,0,l0,102,1,2.0,I-NTMCP l=0,0.0,PURSUER_WIN
8by8,0,l0,102,0,11.0,I-NTMCP l=0,0.0,EVADER_REACHED_GOAL
8by8,0,l0,102,1,2.0,I-NTMCP l=0,0.0,PURSUER_WIN
8by8,0,l0,102,0,10.0,I-NTMCP l=0,0.0,EVADER_REACHED_GOAL
8by8,0,l0,102,0,12.0,I-NTMCP l=0,0.0,EVADER_REACHED_GOAL
8by8,0,l0,102,0,9.0,I-NTMCP l=0,0.0,EVADER_REACHED_GOAL
8by8,0,l0,102,0,12.0,I-NTMCP l=0,0.0,EVADER_REACHED_GOAL
8by8,0,l0,102,1,4.0,I-NTMCP l=0,0.0,PURSUER_WIN
8by8,0,l0,102,0,9.0,I-NTMCP l=0,0.0,EVADER_REACHED_GOAL
8by8,0,l0,102,1,4.0,I-NTMCP l=0,0.0,PURSUER_WIN
8by8,0,l0,102,0,10.0,I-NTMCP l=0,0.0,EVADER_REACHED_GOAL
8by8,0,l0,102,1,6.0,I-NTMCP l=0,0.0,PURSUER_WIN
8by8,0,l0,103,1,2.0,I-NTMCP l=0,0.0,PURSUER_WIN
8by8,0,l0,103,1,4.0,I-NTMCP l=0,0.0,PURSUER_WIN
8by8,0,l0,103,0,10.0,I-NTMCP l=0,0.0,EVADER_REACHED_GOAL
8by8,0,l0,103,0,13.0,I-NTMCP l=0,0.0,EVADER_REACHED_GOAL
8by8,0,l0,103,0,13.0,I-NTMCP l=0,0.0,EVADER_REACHED_GOAL
8by8,0,l0,103,1,4.0,I-NTMCP l=0,0.0,PURSUER_WIN
8by8,0,l0,103,0,9.0,I-NTMCP l=0,0.0,EVADER_REACHED_GOAL
8by8,0,l0,103,0,10.0,I-NTMCP l=0,0.0,EVADER_REACHED_GOAL
8by8,0,l0,103,0,9.0,I-NTMCP l=0,0.0,EVADER_REACHED_GOAL
8by8,0,l0,103,0,12.0,I-NTMCP l=0,0.0,EVADER_REACHED_GOAL
8by8,0,l0,103,0,9.0,I-NTMCP l=0,0.0,EVADER_REACHED_GOAL
8by8,0,l0,103,0,9.0,I-NTMCP l=0,0.0,EVADER_REACHED_GOAL
8by8,0,l0,103,1,2.0,I-NTMCP l=0,0.0,PURSUER_WIN
8by8,0,l0,103,0,12.0,I-NTMCP l=0,0.0,EVADER_REACHED_GOAL
8by8,0,l0,103,1,4.0,I-NTMCP l=0,0.0,PURSUER_WIN
8by8,0,l0,103,0,10.0,I-NTMCP l=0,0.0,EVADER_REACHED_GOAL
8by8,0,l0,103,1,2.0,I-NTMCP l=0,0.0,PURSUER_WIN
8by8,0,l0,103,0,9.0,I-NTMCP l=0,0.0,EVADER_REACHED_GOAL
8by8,0,l0,103,1,4.0,I-NTMCP l=0,0.0,PURSUER_WIN
8by8,0,l0,103,1,2.0,I-NTMCP l=0,0.0,PURSUER_WIN
8by8,0,l0,103,1,2.0,I-NTMCP l=0,0.0,PURSUER_WIN
8by8,0,l0,103,1,2.0,I-NTMCP l=0,0.0,PURSUER_WIN
8by8,0,l0,103,0,9.0,I-NTMCP l=0,0.0,EVADER_REACHED_GOAL
8by8,0,l0,103,1,2.0,I-NTMCP l=0,0.0,PURSUER_WIN
8by8,0,l0,103,0,13.0,I-NTMCP l=0,0.0,EVADER_REACHED_GOAL
8by8,0,l0,103,0,18.0,I-NTMCP l=0,0.0,EVADER_REACHED_GOAL
8by8,0,l0,103,1,5.0,I-NTMCP l=0,0.0,PURSUER_WIN
8by8,0,l0,103,0,12.0,I-NTMCP l=0,0.0,EVADER_REACHED_GOAL
8by8,0,l0,103,0,13.0,I-NTMCP l=0,0.0,EVADER_REACHED_GOAL
8by8,0,l0,103,1,2.0,I-NTMCP l=0,0.0,PURSUER_WIN
8by8,0,l0,103,0,9.0,I-NTMCP l=0,0.0,EVADER_REACHED_GOAL
8by8,0,l0,103,0,9.0,I-NTMCP l=0,0.0,EVADER_REACHED_GOAL
8by8,0,l0,103,1,2.0,I-NTMCP l=0,0.0,PURSUER_WIN
8by8,0,l0,103,0,9.0,I-NTMCP l=0,0.0,EVADER_REACHED_GOAL
8by8,0,l0,103,1,7.0,I-NTMCP l=0,0.0,PURSUER_WIN
8by8,0,l0,103,1,2.0,I-NTMCP l=0,0.0,PURSUER_WIN
8by8,0,l0,103,0,9.0,I-NTMCP l=0,0.0,EVADER_REACHED_GOAL
8by8,0,l0,103,1,4.0,I-NTMCP l=0,0.0,PURSUER_WIN
8by8,0,l0,103,0,9.0,I-NTMCP l=0,0.0,EVADER_REACHED_GOAL
8by8,0,l0,103,0,12.0,I-NTMCP l=0,0.0,EVADER_REACHED_GOAL
8by8,0,l0,103,1,4.0,I-NTMCP l=0,0.0,PURSUER_WIN
8by8,0,l0,103,0,12.0,I-NTMCP l=0,0.0,EVADER_REACHED_GOAL
8by8,0,l0,103,1,4.0,I-NTMCP l=0,0.0,PURSUER_WIN
8by8,0,l0,103,0,9.0,I-NTMCP l=0,0.0,EVADER_REACHED_GOAL
8by8,0,l0,103,0,12.0,I-NTMCP l=0,0.0,EVADER_REACHED_GOAL
8by8,0,l0,103,1,5.0,I-NTMCP l=0,0.0,PURSUER_WIN
8by8,0,l0,103,0,9.0,I-NTMCP l=0,0.0,EVADER_REACHED_GOAL
8by8,0,l0,103,0,13.0,I-NTMCP l=0,0.0,EVADER_REACHED_GOAL
8by8,0,l0,103,1,2.0,I-NTMCP l=0,0.0,PURSUER_WIN
8by8,0,l0,103,0,10.0,I-NTMCP l=0,0.0,EVADER_REACHED_GOAL
8by8,0,l0,104,0,16.0,I-NTMCP l=0,0.0,EVADER_REACHED_GOAL
8by8,0,l0,104,0,9.0,I-NTMCP l=0,0.0,EVADER_REACHED_GOAL
8by8,0,l0,104,0,12.0,I-NTMCP l=0,0.0,EVADER_REACHED_GOAL
8by8,0,l0,104,0,10.0,I-NTMCP l=0,0.0,EVADER_REACHED_GOAL
8by8,0,l0,104,0,17.0,I-NTMCP l=0,0.0,EVADER_REACHED_GOAL
8by8,0,l0,104,0,9.0,I-NTMCP l=0,0.0,EVADER_REACHED_GOAL
8by8,0,l0,104,1,2.0,I-NTMCP l=0,0.0,PURSUER_WIN
8by8,0,l0,104,0,13.0,I-NTMCP l=0,0.0,EVADER_REACHED_GOAL
8by8,0,l0,104,0,9.0,I-NTMCP l=0,0.0,EVADER_REACHED_GOAL
8by8,0,l0,104,1,2.0,I-NTMCP l=0,0.0,PURSUER_WIN
8by8,0,l0,104,0,13.0,I-NTMCP l=0,0.0,EVADER_REACHED_GOAL
8by8,0,l0,104,1,4.0,I-NTMCP l=0,0.0,PURSUER_WIN
8by8,0,l0,104,1,4.0,I-NTMCP l=0,0.0,PURSUER_WIN
8by8,0,l0,104,1,2.0,I-NTMCP l=0,0.0,PURSUER_WIN
8by8,0,l0,104,0,9.0,I-NTMCP l=0,0.0,EVADER_REACHED_GOAL
8by8,0,l0,104,1,3.0,I-NTMCP l=0,0.0,PURSUER_WIN
8by8,0,l0,104,1,4.0,I-NTMCP l=0,0.0,PURSUER_WIN
8by8,0,l0,104,1,3.0,I-NTMCP l=0,0.0,PURSUER_WIN
8by8,0,l0,104,0,9.0,I-NTMCP l=0,0.0,EVADER_REACHED_GOAL
8by8,0,l0,104,0,12.0,I-NTMCP l=0,0.0,EVADER_REACHED_GOAL
8by8,0,l0,104,0,13.0,I-NTMCP l=0,0.0,EVADER_REACHED_GOAL
8by8,0,l0,104,0,9.0,I-NTMCP l=0,0.0,EVADER_REACHED_GOAL
8by8,0,l0,104,0,12.0,I-NTMCP l=0,0.0,EVADER_REACHED_GOAL
8by8,0,l0,104,1,3.0,I-NTMCP l=0,0.0,PURSUER_WIN
8by8,0,l0,104,0,14.0,I-NTMCP l=0,0.0,EVADER_REACHED_GOAL
8by8,0,l0,104,0,9.0,I-NTMCP l=0,0.0,EVADER_REACHED_GOAL
8by8,0,l0,104,1,8.0,I-NTMCP l=0,0.0,PURSUER_WIN
8by8,0,l0,104,1,5.0,I-NTMCP l=0,0.0,PURSUER_WIN
8by8,0,l0,104,1,2.0,I-NTMCP l=0,0.0,PURSUER_WIN
8by8,0,l0,104,0,10.0,I-NTMCP l=0,0.0,EVADER_REACHED_GOAL
8by8,0,l0,104,0,12.0,I-NTMCP l=0,0.0,EVADER_REACHED_GOAL
8by8,0,l0,104,0,12.0,I-NTMCP l=0,0.0,EVADER_REACHED_GOAL
8by8,0,l0,104,0,15.0,I-NTMCP l=0,0.0,EVADER_REACHED_GOAL
8by8,0,l0,104,1,5.0,I-NTMCP l=0,0.0,PURSUER_WIN
8by8,0,l0,104,1,2.0,I-NTMCP l=0,0.0,PURSUER_WIN
8by8,0,l0,104,0,13.0,I-NTMCP l=0,0.0,EVADER_REACHED_GOAL
8by8,0,l0,104,1,2.0,I-NTMCP l=0,0.0,PURSUER_WIN
8by8,0,l0,104,1,3.0,I-NTMCP l=0,0.0,PURSUER_WIN
8by8,0,l0,104,1,2.0,I-NTMCP l=0,0.0,PURSUER_WIN
8by8,0,l0,104,0,9.0,I-NTMCP l=0,0.0,EVADER_REACHED_GOAL
8by8,0,l0,104,1,2.0,I-NTMCP l=0,0.0,PURSUER_WIN
8by8,0,l0,104,1,2.0,I-NTMCP l=0,0.0,PURSUER_WIN
8by8,0,l0,104,0,12.0,I-NTMCP l=0,0.0,EVADER_REACHED_GOAL
8by8,0,l0,104,1,4.0,I-NTMCP l=0,0.0,PURSUER_WIN
8by8,0,l0,104,1,4.0,I-NTMCP l=0,0.0,PURSUER_WIN
8by8,0,l0,104,0,12.0,I-NTMCP l=0,0.0,EVADER_REACHED_GOAL
8by8,0,l0,104,1,2.0,I-NTMCP l=0,0.0,PURSUER_WIN
8by8,0,l0,104,1,5.0,I-NTMCP l=0,0.0,PURSUER_WIN
8by8,0,l0,104,0,10.0,I-NTMCP l=0,0.0,EVADER_REACHED_GOAL
8by8,0,l0,104,0,18.0,I-NTMCP l=0,0.0,EVADER_REACHED_GOAL
8by8,0,l0,105,1,2.0,I-NTMCP l=0,0.0,PURSUER_WIN
8by8,0,l0,105,0,10.0,I-NTMCP l=0,0.0,EVADER_REACHED_GOAL
8by8,0,l0,105,1,2.0,I-NTMCP l=0,0.0,PURSUER_WIN
8by8,0,l0,105,0,13.0,I-NTMCP l=0,0.0,EVADER_REACHED_GOAL
8by8,0,l0,105,1,4.0,I-NTMCP l=0,0.0,PURSUER_WIN
8by8,0,l0,105,0,12.0,I-NTMCP l=0,0.0,EVADER_REACHED_GOAL
8by8,0,l0,105,0,9.0,I-NTMCP l=0,0.0,EVADER_REACHED_GOAL
8by8,0,l0,105,1,2.0,I-NTMCP l=0,0.0,PURSUER_WIN
8by8,0,l0,105,0,10.0,I-NTMCP l=0,0.0,EVADER_REACHED_GOAL
8by8,0,l0,105,1,5.0,I-NTMCP l=0,0.0,PURSUER_WIN
8by8,0,l0,105,0,9.0,I-NTMCP l=0,0.0,EVADER_REACHED_GOAL
8by8,0,l0,105,0,10.0,I-NTMCP l=0,0.0,EVADER_REACHED_GOAL
8by8,0,l0,105,1,4.0,I-NTMCP l=0,0.0,PURSUER_WIN
8by8,0,l0,105,0,12.0,I-NTMCP l=0,0.0,EVADER_REACHED_GOAL
8by8,0,l0,105,0,13.0,I-NTMCP l=0,0.0,EVADER_REACHED_GOAL
8by8,0,l0,105,1,2.0,I-NTMCP l=0,0.0,PURSUER_WIN
8by8,0,l0,105,0,12.0,I-NTMCP l=0,0.0,EVADER_REACHED_GOAL
8by8,0,l0,105,1,3.0,I-NTMCP l=0,0.0,PURSUER_WIN
8by8,0,l0,105,0,12.0,I-NTMCP l=0,0.0,EVADER_REACHED_GOAL
8by8,0,l0,105,0,18.0,I-NTMCP l=0,0.0,EVADER_REACHED_GOAL
8by8,0,l0,105,0,9.0,I-NTMCP l=0,0.0,EVADER_REACHED_GOAL
8by8,0,l0,105,1,4.0,I-NTMCP l=0,0.0,PURSUER_WIN
8by8,0,l0,105,1,4.0,I-NTMCP l=0,0.0,PURSUER_WIN
8by8,0,l0,105,1,2.0,I-NTMCP l=0,0.0,PURSUER_WIN
8by8,0,l0,105,1,2.0,I-NTMCP l=0,0.0,PURSUER_WIN
8by8,0,l0,105,0,9.0,I-NTMCP l=0,0.0,EVADER_REACHED_GOAL
8by8,0,l0,105,0,9.0,I-NTMCP l=0,0.0,EVADER_REACHED_GOAL
8by8,0,l0,105,1,2.0,I-NTMCP l=0,0.0,PURSUER_WIN
8by8,0,l0,105,0,10.0,I-NTMCP l=0,0.0,EVADER_REACHED_GOAL
8by8,0,l0,105,1,2.0,I-NTMCP l=0,0.0,PURSUER_WIN
8by8,0,l0,105,0,15.0,I-NTMCP l=0,0.0,EVADER_REACHED_GOAL
8by8,0,l0,105,0,14.0,I-NTMCP l=0,0.0,EVADER_REACHED_GOAL
8by8,0,l0,105,1,2.0,I-NTMCP l=0,0.0,PURSUER_WIN
8by8,0,l0,105,1,2.0,I-NTMCP l=0,0.0,PURSUER_WIN
8by8,0,l0,105,0,12.0,I-NTMCP l=0,0.0,EVADER_REACHED_GOAL
8by8,0,l0,105,1,2.0,I-NTMCP l=0,0.0,PURSUER_WIN
8by8,0,l0,105,0,11.0,I-NTMCP l=0,0.0,EVADER_REACHED_GOAL
8by8,0,l0,105,0,9.0,I-NTMCP l=0,0.0,EVADER_REACHED_GOAL
8by8,0,l0,105,0,10.0,I-NTMCP l=0,0.0,EVADER_REACHED_GOAL
8by8,0,l0,105,1,4.0,I-NTMCP l=0,0.0,PURSUER_WIN
8by8,0,l0,105,0,9.0,I-NTMCP l=0,0.0,EVADER_REACHED_GOAL
8by8,0,l0,105,0,10.0,I-NTMCP l=0,0.0,EVADER_REACHED_GOAL
8by8,0,l0,105,1,4.0,I-NTMCP l=0,0.0,PURSUER_WIN
8by8,0,l0,105,0,10.0,I-NTMCP l=0,0.0,EVADER_REACHED_GOAL
8by8,0,l0,105,1,3.0,I-NTMCP l=0,0.0,PURSUER_WIN
8by8,0,l0,105,0,12.0,I-NTMCP l=0,0.0,EVADER_REACHED_GOAL
8by8,0,l0,105,0,10.0,I-NTMCP l=0,0.0,EVADER_REACHED_GOAL
8by8,0,l0,105,0,9.0,I-NTMCP l=0,0.0,EVADER_REACHED_GOAL
8by8,0,l0,105,0,14.0,I-NTMCP l=0,0.0,EVADER_REACHED_GOAL
8by8,0,l0,105,0,9.0,I-NTMCP l=0,0.0,EVADER_REACHED_GOAL
8by8,0,l0,106,1,5.0,I-NTMCP l=0,0.0,PURSUER_WIN
8by8,0,l0,106,1,2.0,I-NTMCP l=0,0.0,PURSUER_WIN
8by8,0,l0,106,0,9.0,I-NTMCP l=0,0.0,EVADER_REACHED_GOAL
8by8,0,l0,106,0,12.0,I-NTMCP l=0,0.0,EVADER_REACHED_GOAL
8by8,0,l0,106,0,10.0,I-NTMCP l=0,0.0,EVADER_REACHED_GOAL
8by8,0,l0,106,0,9.0,I-NTMCP l=0,0.0,EVADER_REACHED_GOAL
8by8,0,l0,106,1,4.0,I-NTMCP l=0,0.0,PURSUER_WIN
8by8,0,l0,106,1,4.0,I-NTMCP l=0,0.0,PURSUER_WIN
8by8,0,l0,106,0,9.0,I-NTMCP l=0,0.0,EVADER_REACHED_GOAL
8by8,0,l0,106,0,9.0,I-NTMCP l=0,0.0,EVADER_REACHED_GOAL
8by8,0,l0,106,0,12.0,I-NTMCP l=0,0.0,EVADER_REACHED_GOAL
8by8,0,l0,106,1,2.0,I-NTMCP l=0,0.0,PURSUER_WIN
8by8,0,l0,106,0,15.0,I-NTMCP l=0,0.0,EVADER_REACHED_GOAL
8by8,0,l0,106,0,12.0,I-NTMCP l=0,0.0,EVADER_REACHED_GOAL
8by8,0,l0,106,1,4.0,I-NTMCP l=0,0.0,PURSUER_WIN
8by8,0,l0,106,1,4.0,I-NTMCP l=0,0.0,PURSUER_WIN
8by8,0,l0,106,0,12.0,I-NTMCP l=0,0.0,EVADER_REACHED_GOAL
8by8,0,l0,106,1,2.0,I-NTMCP l=0,0.0,PURSUER_WIN
8by8,0,l0,106,0,9.0,I-NTMCP l=0,0.0,EVADER_REACHED_GOAL
8by8,0,l0,106,1,3.0,I-NTMCP l=0,0.0,PURSUER_WIN
8by8,0,l0,106,0,10.0,I-NTMCP l=0,0.0,EVADER_REACHED_GOAL
8by8,0,l0,106,0,9.0,I-NTMCP l=0,0.0,EVADER_REACHED_GOAL
8by8,0,l0,106,0,10.0,I-NTMCP l=0,0.0,EVADER_REACHED_GOAL
8by8,0,l0,106,1,4.0,I-NTMCP l=0,0.0,PURSUER_WIN
8by8,0,l0,106,0,12.0,I-NTMCP l=0,0.0,EVADER_REACHED_GOAL
8by8,0,l0,106,1,4.0,I-NTMCP l=0,0.0,PURSUER_WIN
8by8,0,l0,106,0,14.0,I-NTMCP l=0,0.0,EVADER_REACHED_GOAL
8by8,0,l0,106,1,6.0,I-NTMCP l=0,0.0,PURSUER_WIN
8by8,0,l0,106,1,4.0,I-NTMCP l=0,0.0,PURSUER_WIN
8by8,0,l0,106,1,2.0,I-NTMCP l=0,0.0,PURSUER_WIN
8by8,0,l0,106,0,9.0,I-NTMCP l=0,0.0,EVADER_REACHED_GOAL
8by8,0,l0,106,1,4.0,I-NTMCP l=0,0.0,PURSUER_WIN
8by8,0,l0,106,0,12.0,I-NTMCP l=0,0.0,EVADER_REACHED_GOAL
8by8,0,l0,106,1,2.0,I-NTMCP l=0,0.0,PURSUER_WIN
8by8,0,l0,106,0,13.0,I-NTMCP l=0,0.0,EVADER_REACHED_GOAL
8by8,0,l0,106,0,21.0,I-NTMCP l=0,0.0,EVADER_REACHED_GOAL
8by8,0,l0,106,0,9.0,I-NTMCP l=0,0.0,EVADER_REACHED_GOAL
8by8,0,l0,106,1,3.0,I-NTMCP l=0,0.0,PURSUER_WIN
8by8,0,l0,106,1,2.0,I-NTMCP l=0,0.0,PURSUER_WIN
8by8,0,l0,106,1,4.0,I-NTMCP l=0,0.0,PURSUER_WIN
8by8,0,l0,106,1,4.0,I-NTMCP l=0,0.0,PURSUER_WIN
8by8,0,l0,106,0,9.0,I-NTMCP l=0,0.0,EVADER_REACHED_GOAL
8by8,0,l0,106,1,4.0,I-NTMCP l=0,0.0,PURSUER_WIN
8by8,0,l0,106,0,12.0,I-NTMCP l=0,0.0,EVADER_REACHED_GOAL
8by8,0,l0,106,1,4.0,I-NTMCP l=0,0.0,PURSUER_WIN
8by8,0,l0,106,0,15.0,I-NTMCP l=0,0.0,EVADER_REACHED_GOAL
8by8,0,l0,106,0,10.0,I-NTMCP l=0,0.0,EVADER_REACHED_GOAL
8by8,0,l0,106,1,4.0,I-NTMCP l=0,0.0,PURSUER_WIN
8by8,0,l0,106,1,2.0,I-NTMCP l=0,0.0,PURSUER_WIN
8by8,0,l0,106,0,10.0,I-NTMCP l=0,0.0,EVADER_REACHED_GOAL
8by8,0,l0,107,0,9.0,I-NTMCP l=0,0.0,EVADER_REACHED_GOAL
8by8,0,l0,107,1,2.0,I-NTMCP l=0,0.0,PURSUER_WIN
8by8,0,l0,107,1,4.0,I-NTMCP l=0,0.0,PURSUER_WIN
8by8,0,l0,107,0,9.0,I-NTMCP l=0,0.0,EVADER_REACHED_GOAL
8by8,0,l0,107,0,9.0,I-NTMCP l=0,0.0,EVADER_REACHED_GOAL
8by8,0,l0,107,0,15.0,I-NTMCP l=0,0.0,EVADER_REACHED_GOAL
8by8,0,l0,107,0,10.0,I-NTMCP l=0,0.0,EVADER_REACHED_GOAL
8by8,0,l0,107,1,2.0,I-NTMCP l=0,0.0,PURSUER_WIN
8by8,0,l0,107,0,9.0,I-NTMCP l=0,0.0,EVADER_REACHED_GOAL
8by8,0,l0,107,0,12.0,I-NTMCP l=0,0.0,EVADER_REACHED_GOAL
8by8,0,l0,107,0,12.0,I-NTMCP l=0,0.0,EVADER_REACHED_GOAL
8by8,0,l0,107,1,4.0,I-NTMCP l=0,0.0,PURSUER_WIN
8by8,0,l0,107,0,10.0,I-NTMCP l=0,0.0,EVADER_REACHED_GOAL
8by8,0,l0,107,0,12.0,I-NTMCP l=0,0.0,EVADER_REACHED_GOAL
8by8,0,l0,107,1,4.0,I-NTMCP l=0,0.0,PURSUER_WIN
8by8,0,l0,107,0,12.0,I-NTMCP l=0,0.0,EVADER_REACHED_GOAL
8by8,0,l0,107,1,4.0,I-NTMCP l=0,0.0,PURSUER_WIN
8by8,0,l0,107,0,18.0,I-NTMCP l=0,0.0,EVADER_REACHED_GOAL
8by8,0,l0,107,0,10.0,I-NTMCP l=0,0.0,EVADER_REACHED_GOAL
8by8,0,l0,107,0,9.0,I-NTMCP l=0,0.0,EVADER_REACHED_GOAL
8by8,0,l0,107,0,13.0,I-NTMCP l=0,0.0,EVADER_REACHED_GOAL
8by8,0,l0,107,0,9.0,I-NTMCP l=0,0.0,EVADER_REACHED_GOAL
8by8,0,l0,107,1,2.0,I-NTMCP l=0,0.0,PURSUER_WIN
8by8,0,l0,107,0,9.0,I-NTMCP l=0,0.0,EVADER_REACHED_GOAL
8by8,0,l0,107,0,12.0,I-NTMCP l=0,0.0,EVADER_REACHED_GOAL
8by8,0,l0,107,1,3.0,I-NTMCP l=0,0.0,PURSUER_WIN
8by8,0,l0,107,0,9.0,I-NTMCP l=0,0.0,EVADER_REACHED_GOAL
8by8,0,l0,107,0,10.0,I-NTMCP l=0,0.0,EVADER_REACHED_GOAL
8by8,0,l0,107,1,2.0,I-NTMCP l=0,0.0,PURSUER_WIN
8by8,0,l0,107,0,9.0,I-NTMCP l=0,0.0,EVADER_REACHED_GOAL
8by8,0,l0,107,0,9.0,I-NTMCP l=0,0.0,EVADER_REACHED_GOAL
8by8,0,l0,107,0,10.0,I-NTMCP l=0,0.0,EVADER_REACHED_GOAL
8by8,0,l0,107,1,5.0,I-NTMCP l=0,0.0,PURSUER_WIN
8by8,0,l0,107,0,9.0,I-NTMCP l=0,0.0,EVADER_REACHED_GOAL
8by8,0,l0,107,0,9.0,I-NTMCP l=0,0.0,EVADER_REACHED_GOAL
8by8,0,l0,107,0,9.0,I-NTMCP l=0,0.0,EVADER_REACHED_GOAL
8by8,0,l0,107,0,9.0,I-NTMCP l=0,0.0,EVADER_REACHED_GOAL
8by8,0,l0,107,0,11.0,I-NTMCP l=0,0.0,EVADER_REACHED_GOAL
8by8,0,l0,107,1,3.0,I-NTMCP l=0,0.0,PURSUER_WIN
8by8,0,l0,107,0,9.0,I-NTMCP l=0,0.0,EVADER_REACHED_GOAL
8by8,0,l0,107,1,2.0,I-NTMCP l=0,0.0,PURSUER_WIN
8by8,0,l0,107,1,4.0,I-NTMCP l=0,0.0,PURSUER_WIN
8by8,0,l0,107,0,11.0,I-NTMCP l=0,0.0,EVADER_REACHED_GOAL
8by8,0,l0,107,1,4.0,I-NTMCP l=0,0.0,PURSUER_WIN
8by8,0,l0,107,1,2.0,I-NTMCP l=0,0.0,PURSUER_WIN
8by8,0,l0,107,1,4.0,I-NTMCP l=0,0.0,PURSUER_WIN
8by8,0,l0,107,1,3.0,I-NTMCP l=0,0.0,PURSUER_WIN
8by8,0,l0,107,0,13.0,I-NTMCP l=0,0.0,EVADER_REACHED_GOAL
8by8,0,l0,107,0,15.0,I-NTMCP l=0,0.0,EVADER_REACHED_GOAL
8by8,0,l0,107,0,10.0,I-NTMCP l=0,0.0,EVADER_REACHED_GOAL
8by8,0,l0,108,0,10.0,I-NTMCP l=0,0.0,EVADER_REACHED_GOAL
8by8,0,l0,108,1,3.0,I-NTMCP l=0,0.0,PURSUER_WIN
8by8,0,l0,108,0,10.0,I-NTMCP l=0,0.0,EVADER_REACHED_GOAL
8by8,0,l0,108,1,2.0,I-NTMCP l=0,0.0,PURSUER_WIN
8by8,0,l0,108,1,4.0,I-NTMCP l=0,0.0,PURSUER_WIN
8by8,0,l0,108,0,10.0,I-NTMCP l=0,0.0,EVADER_REACHED_GOAL
8by8,0,l0,108,1,3.0,I-NTMCP l=0,0.0,PURSUER_WIN
8by8,0,l0,108,1,2.0,I-NTMCP l=0,0.0,PURSUER_WIN
8by8,0,l0,108,0,9.0,I-NTMCP l=0,0.0,EVADER_REACHED_GOAL
8by8,0,l0,108,0,10.0,I-NTMCP l=0,0.0,EVADER_REACHED_GOAL
8by8,0,l0,108,1,6.0,I-NTMCP l=0,0.0,PURSUER_WIN
8by8,0,l0,108,0,15.0,I-NTMCP l=0,0.0,EVADER_REACHED_GOAL
8by8,0,l0,108,1,4.0,I-NTMCP l=0,0.0,PURSUER_WIN
8by8,0,l0,108,1,3.0,I-NTMCP l=0,0.0,PURSUER_WIN
8by8,0,l0,108,0,12.0,I-NTMCP l=0,0.0,EVADER_REACHED_GOAL
8by8,0,l0,108,1,2.0,I-NTMCP l=0,0.0,PURSUER_WIN
8by8,0,l0,108,0,9.0,I-NTMCP l=0,0.0,EVADER_REACHED_GOAL
8by8,0,l0,108,1,2.0,I-NTMCP l=0,0.0,PURSUER_WIN
8by8,0,l0,108,1,4.0,I-NTMCP l=0,0.0,PURSUER_WIN
8by8,0,l0,108,0,9.0,I-NTMCP l=0,0.0,EVADER_REACHED_GOAL
8by8,0,l0,108,0,9.0,I-NTMCP l=0,0.0,EVADER_REACHED_GOAL
8by8,0,l0,108,1,3.0,I-NTMCP l=0,0.0,PURSUER_WIN
8by8,0,l0,108,0,9.0,I-NTMCP l=0,0.0,EVADER_REACHED_GOAL
8by8,0,l0,108,0,11.0,I-NTMCP l=0,0.0,EVADER_REACHED_GOAL
8by8,0,l0,108,1,2.0,I-NTMCP l=0,0.0,PURSUER_WIN
8by8,0,l0,108,1,5.0,I-NTMCP l=0,0.0,PURSUER_WIN
8by8,0,l0,108,0,9.0,I-NTMCP l=0,0.0,EVADER_REACHED_GOAL
8by8,0,l0,108,0,9.0,I-NTMCP l=0,0.0,EVADER_REACHED_GOAL
8by8,0,l0,108,1,4.0,I-NTMCP l=0,0.0,PURSUER_WIN
8by8,0,l0,108,0,13.0,I-NTMCP l=0,0.0,EVADER_REACHED_GOAL
8by8,0,l0,108,1,4.0,I-NTMCP l=0,0.0,PURSUER_WIN
8by8,0,l0,108,1,2.0,I-NTMCP l=0,0.0,PURSUER_WIN
8by8,0,l0,108,0,11.0,I-NTMCP l=0,0.0,EVADER_REACHED_GOAL
8by8,0,l0,108,0,14.0,I-NTMCP l=0,0.0,EVADER_REACHED_GOAL
8by8,0,l0,108,0,12.0,I-NTMCP l=0,0.0,EVADER_REACHED_GOAL
8by8,0,l0,108,1,2.0,I-NTMCP l=0,0.0,PURSUER_WIN
8by8,0,l0,108,0,13.0,I-NTMCP l=0,0.0,EVADER_REACHED_GOAL
8by8,0,l0,108,0,13.0,I-NTMCP l=0,0.0,EVADER_REACHED_GOAL
8by8,0,l0,108,1,4.0,I-NTMCP l=0,0.0,PURSUER_WIN
8by8,0,l0,108,0,15.0,I-NTMCP l=0,0.0,EVADER_REACHED_GOAL
8by8,0,l0,108,1,2.0,I-NTMCP l=0,0.0,PURSUER_WIN
8by8,0,l0,108,0,14.0,I-NTMCP l=0,0.0,EVADER_REACHED_GOAL
8by8,0,l0,108,1,2.0,I-NTMCP l=0,0.0,PURSUER_WIN
8by8,0,l0,108,0,15.0,I-NTMCP l=0,0.0,EVADER_REACHED_GOAL
8by8,0,l0,108,1,4.0,I-NTMCP l=0,0.0,PURSUER_WIN
8by8,0,l0,108,1,5.0,I-NTMCP l=0,0.0,PURSUER_WIN
8by8,0,l0,108,0,9.0,I-NTMCP l=0,0.0,EVADER_REACHED_GOAL
8by8,0,l0,108,0,9.0,I-NTMCP l=0,0.0,EVADER_REACHED_GOAL
8by8,0,l0,108,0,9.0,I-NTMCP l=0,0.0,EVADER_REACHED_GOAL
8by8,0,l0,108,1,2.0,I-NTMCP l=0,0.0,PURSUER_WIN
8by8,0,l0,109,0,10.0,I-NTMCP l=0,0.0,EVADER_REACHED_GOAL
8by8,0,l0,109,0,12.0,I-NTMCP l=0,0.0,EVADER_REACHED_GOAL
8by8,0,l0,109,0,9.0,I-NTMCP l=0,0.0,EVADER_REACHED_GOAL
8by8,0,l0,109,0,9.0,I-NTMCP l=0,0.0,EVADER_REACHED_GOAL
8by8,0,l0,109,0,12.0,I-NTMCP l=0,0.0,EVADER_REACHED_GOAL
8by8,0,l0,109,1,6.0,I-NTMCP l=0,0.0,PURSUER_WIN
8by8,0,l0,109,0,10.0,I-NTMCP l=0,0.0,EVADER_REACHED_GOAL
8by8,0,l0,109,1,3.0,I-NTMCP l=0,0.0,PURSUER_WIN
8by8,0,l0,109,1,4.0,I-NTMCP l=0,0.0,PURSUER_WIN
8by8,0,l0,109,1,4.0,I-NTMCP l=0,0.0,PURSUER_WIN
8by8,0,l0,109,0,13.0,I-NTMCP l=0,0.0,EVADER_REACHED_GOAL
8by8,0,l0,109,0,12.0,I-NTMCP l=0,0.0,EVADER_REACHED_GOAL
8by8,0,l0,109,1,4.0,I-NTMCP l=0,0.0,PURSUER_WIN
8by8,0,l0,109,0,9.0,I-NTMCP l=0,0.0,EVADER_REACHED_GOAL
8by8,0,l0,109,0,15.0,I-NTMCP l=0,0.0,EVADER_REACHED_GOAL
8by8,0,l0,109,0,9.0,I-NTMCP l=0,0.0,EVADER_REACHED_GOAL
8by8,0,l0,109,1,2.0,I-NTMCP l=0,0.0,PURSUER_WIN
8by8,0,l0,109,0,9.0,I-NTMCP l=0,0.0,EVADER_REACHED_GOAL
8by8,0,l0,109,0,10.0,I-NTMCP l=0,0.0,EVADER_REACHED_GOAL
8by8,0,l0,109,1,4.0,I-NTMCP l=0,0.0,PURSUER_WIN
8by8,0,l0,109,0,9.0,I-NTMCP l=0,0.0,EVADER_REACHED_GOAL
8by8,0,l0,109,0,14.0,I-NTMCP l=0,0.0,EVADER_REACHED_GOAL
8by8,0,l0,109,1,5.0,I-NTMCP l=0,0.0,PURSUER_WIN
8by8,0,l0,109,0,14.0,I-NTMCP l=0,0.0,EVADER_REACHED_GOAL
8by8,0,l0,109,1,2.0,I-NTMCP l=0,0.0,PURSUER_WIN
8by8,0,l0,109,0,12.0,I-NTMCP l=0,0.0,EVADER_REACHED_GOAL
8by8,0,l0,109,0,12.0,I-NTMCP l=0,0.0,EVADER_REACHED_GOAL
8by8,0,l0,109,0,9.0,I-NTMCP l=0,0.0,EVADER_REACHED_GOAL
8by8,0,l0,109,0,12.0,I-NTMCP l=0,0.0,EVADER_REACHED_GOAL
8by8,0,l0,109,0,9.0,I-NTMCP l=0,0.0,EVADER_REACHED_GOAL
8by8,0,l0,109,1,2.0,I-NTMCP l=0,0.0,PURSUER_WIN
8by8,0,l0,109,0,9.0,I-NTMCP l=0,0.0,EVADER_REACHED_GOAL
8by8,0,l0,109,1,2.0,I-NTMCP l=0,0.0,PURSUER_WIN
8by8,0,l0,109,0,9.0,I-NTMCP l=0,0.0,EVADER_REACHED_GOAL
8by8,0,l0,109,0,11.0,I-NTMCP l=0,0.0,EVADER_REACHED_GOAL
8by8,0,l0,109,0,12.0,I-NTMCP l=0,0.0,EVADER_REACHED_GOAL
8by8,0,l0,109,0,14.0,I-NTMCP l=0,0.0,EVADER_REACHED_GOAL
8by8,0,l0,109,0,12.0,I-NTMCP l=0,0.0,EVADER_REACHED_GOAL
8by8,0,l0,109,1,2.0,I-NTMCP l=0,0.0,PURSUER_WIN
8by8,0,l0,109,0,9.0,I-NTMCP l=0,0.0,EVADER_REACHED_GOAL
8by8,0,l0,109,1,2.0,I-NTMCP l=0,0.0,PURSUER_WIN
8by8,0,l0,109,0,11.0,I-NTMCP l=0,0.0,EVADER_REACHED_GOAL
8by8,0,l0,109,0,12.0,I-NTMCP l=0,0.0,EVADER_REACHED_GOAL
8by8,0,l0,109,0,19.0,I-NTMCP l=0,0.0,EVADER_REACHED_GOAL
8by8,0,l0,109,0,9.0,I-NTMCP l=0,0.0,EVADER_REACHED_GOAL
8by8,0,l0,109,1,5.0,I-NTMCP l=0,0.0,PURSUER_WIN
8by8,0,l0,109,0,15.0,I-NTMCP l=0,0.0,EVADER_REACHED_GOAL
8by8,0,l0,109,1,4.0,I-NTMCP l=0,0.0,PURSUER_WIN
8by8,0,l0,109,0,13.0,I-NTMCP l=0,0.0,EVADER_REACHED_GOAL
8by8,0,l0,109,0,12.0,I-NTMCP l=0,0.0,EVADER_REACHED_GOAL
8by8,0,l1,100,1,4.0,I-NTMCP l=1,1.0,PURSUER_WIN
8by8,0,l1,100,0,9.0,I-NTMCP l=1,1.0,EVADER_REACHED_GOAL
8by8,0,l1,100,0,9.0,I-NTMCP l=1,1.0,EVADER_REACHED_GOAL
8by8,0,l1,100,1,2.0,I-NTMCP l=1,1.0,PURSUER_WIN
8by8,0,l1,100,0,9.0,I-NTMCP l=1,1.0,EVADER_REACHED_GOAL
8by8,0,l1,100,1,4.0,I-NTMCP l=1,1.0,PURSUER_WIN
8by8,0,l1,100,1,4.0,I-NTMCP l=1,1.0,PURSUER_WIN
8by8,0,l1,100,1,3.0,I-NTMCP l=1,1.0,PURSUER_WIN
8by8,0,l1,100,1,2.0,I-NTMCP l=1,1.0,PURSUER_WIN
8by8,0,l1,100,0,9.0,I-NTMCP l=1,1.0,EVADER_REACHED_GOAL
8by8,0,l1,100,1,5.0,I-NTMCP l=1,1.0,PURSUER_WIN
8by8,0,l1,100,1,3.0,I-NTMCP l=1,1.0,PURSUER_WIN
8by8,0,l1,100,1,4.0,I-NTMCP l=1,1.0,PURSUER_WIN
8by8,0,l1,100,0,13.0,I-NTMCP l=1,1.0,EVADER_REACHED_GOAL
8by8,0,l1,100,0,10.0,I-NTMCP l=1,1.0,EVADER_REACHED_GOAL
8by8,0,l1,100,0,13.0,I-NTMCP l=1,1.0,EVADER_REACHED_GOAL
8by8,0,l1,100,1,4.0,I-NTMCP l=1,1.0,PURSUER_WIN
8by8,0,l1,100,0,9.0,I-NTMCP l=1,1.0,EVADER_REACHED_GOAL
8by8,0,l1,100,0,9.0,I-NTMCP l=1,1.0,EVADER_REACHED_GOAL
8by8,0,l1,100,0,14.0,I-NTMCP l=1,1.0,EVADER_REACHED_GOAL
8by8,0,l1,100,1,2.0,I-NTMCP l=1,1.0,PURSUER_WIN
8by8,0,l1,100,0,9.0,I-NTMCP l=1,1.0,EVADER_REACHED_GOAL
8by8,0,l1,100,1,4.0,I-NTMCP l=1,1.0,PURSUER_WIN
8by8,0,l1,100,0,10.0,I-NTMCP l=1,1.0,EVADER_REACHED_GOAL
8by8,0,l1,100,0,14.0,I-NTMCP l=1,1.0,EVADER_REACHED_GOAL
8by8,0,l1,100,1,4.0,I-NTMCP l=1,1.0,PURSUER_WIN
8by8,0,l1,100,1,5.0,I-NTMCP l=1,1.0,PURSUER_WIN
8by8,0,l1,100,0,13.0,I-NTMCP l=1,1.0,EVADER_REACHED_GOAL
8by8,0,l1,100,0,9.0,I-NTMCP l=1,1.0,EVADER_REACHED_GOAL
8by8,0,l1,100,0,9.0,I-NTMCP l=1,1.0,EVADER_REACHED_GOAL
8by8,0,l1,100,0,12.0,I-NTMCP l=1,1.0,EVADER_REACHED_GOAL
8by8,0,l1,100,1,4.0,I-NTMCP l=1,1.0,PURSUER_WIN
8by8,0,l1,100,1,10.0,I-NTMCP l=1,1.0,PURSUER_WIN
8by8,0,l1,100,0,13.0,I-NTMCP l=1,1.0,EVADER_REACHED_GOAL
8by8,0,l1,100,0,9.0,I-NTMCP l=1,1.0,EVADER_REACHED_GOAL
8by8,0,l1,100,1,4.0,I-NTMCP l=1,1.0,PURSUER_WIN
8by8,0,l1,100,0,11.0,I-NTMCP l=1,1.0,EVADER_REACHED_GOAL
8by8,0,l1,100,0,12.0,I-NTMCP l=1,1.0,EVADER_REACHED_GOAL
8by8,0,l1,100,0,14.0,I-NTMCP l=1,1.0,EVADER_REACHED_GOAL
8by8,0,l1,100,0,12.0,I-NTMCP l=1,1.0,EVADER_REACHED_GOAL
8by8,0,l1,100,0,14.0,I-NTMCP l=1,1.0,EVADER_REACHED_GOAL
8by8,0,l1,100,0,13.0,I-NTMCP l=1,1.0,EVADER_REACHED_GOAL
8by8,0,l1,100,0,9.0,I-NTMCP l=1,1.0,EVADER_REACHED_GOAL
8by8,0,l1,100,1,3.0,I-NTMCP l=1,1.0,PURSUER_WIN
8by8,0,l1,100,0,17.0,I-NTMCP l=1,1.0,EVADER_REACHED_GOAL
8by8,0,l1,100,1,2.0,I-NTMCP l=1,1.0,PURSUER_WIN
8by8,0,l1,100,1,2.0,I-NTMCP l=1,1.0,PURSUER_WIN
8by8,0,l1,100,0,9.0,I-NTMCP l=1,1.0,EVADER_REACHED_GOAL
8by8,0,l1,100,1,4.0,I-NTMCP l=1,1.0,PURSUER_WIN
8by8,0,l1,100,0,10.0,I-NTMCP l=1,1.0,EVADER_REACHED_GOAL
8by8,0,l1,101,1,4.0,I-NTMCP l=1,1.0,PURSUER_WIN
8by8,0,l1,101,1,2.0,I-NTMCP l=1,1.0,PURSUER_WIN
8by8,0,l1,101,1,2.0,I-NTMCP l=1,1.0,PURSUER_WIN
8by8,0,l1,101,0,9.0,I-NTMCP l=1,1.0,EVADER_REACHED_GOAL
8by8,0,l1,101,1,3.0,I-NTMCP l=1,1.0,PURSUER_WIN
8by8,0,l1,101,0,11.0,I-NTMCP l=1,1.0,EVADER_REACHED_GOAL
8by8,0,l1,101,1,3.0,I-NTMCP l=1,1.0,PURSUER_WIN
8by8,0,l1,101,1,5.0,I-NTMCP l=1,1.0,PURSUER_WIN
8by8,0,l1,101,1,3.0,I-NTMCP l=1,1.0,PURSUER_WIN
8by8,0,l1,101,1,2.0,I-NTMCP l=1,1.0,PURSUER_WIN
8by8,0,l1,101,0,9.0,I-NTMCP l=1,1.0,EVADER_REACHED_GOAL
8by8,0,l1,101,0,10.0,I-NTMCP l=1,1.0,EVADER_REACHED_GOAL
8by8,0,l1,101,1,4.0,I-NTMCP l=1,1.0,PURSUER_WIN
8by8,0,l1,101,0,9.0,I-NTMCP l=1,1.0,EVADER_REACHED_GOAL
8by8,0,l1,101,1,5.0,I-NTMCP l=1,1.0,PURSUER_WIN
8by8,0,l1,101,0,9.0,I-NTMCP l=1,1.0,EVADER_REACHED_GOAL
8by8,0,l1,101,0,9.0,I-NTMCP l=1,1.0,EVADER_REACHED_GOAL
8by8,0,l1,101,0,9.0,I-NTMCP l=1,1.0,EVADER_REACHED_GOAL
8by8,0,l1,101,1,2.0,I-NTMCP l=1,1.0,PURSUER_WIN
8by8,0,l1,101,0,11.0,I-NTMCP l=1,1.0,EVADER_REACHED_GOAL
8by8,0,l1,101,0,13.0,I-NTMCP l=1,1.0,EVADER_REACHED_GOAL
8by8,0,l1,101,0,9.0,I-NTMCP l=1,1.0,EVADER_REACHED_GOAL
8by8,0,l1,101,1,4.0,I-NTMCP l=1,1.0,PURSUER_WIN
8by8,0,l1,101,0,9.0,I-NTMCP l=1,1.0,EVADER_REACHED_GOAL
8by8,0,l1,101,1,5.0,I-NTMCP l=1,1.0,PURSUER_WIN
8by8,0,l1,101,1,4.0,I-NTMCP l=1,1.0,PURSUER_WIN
8by8,0,l1,101,0,9.0,I-NTMCP l=1,1.0,EVADER_REACHED_GOAL
8by8,0,l1,101,1,2.0,I-NTMCP l=1,1.0,PURSUER_WIN
8by8,0,l1,101,1,6.0,I-NTMCP l=1,1.0,PURSUER_WIN
8by8,0,l1,101,0,9.0,I-NTMCP l=1,1.0,EVADER_REACHED_GOAL
8by8,0,l1,101,0,9.0,I-NTMCP l=1,1.0,EVADER_REACHED_GOAL
8by8,0,l1,101,1,4.0,I-NTMCP l=1,1.0,PURSUER_WIN
8by8,0,l1,101,1,3.0,I-NTMCP l=1,1.0,PURSUER_WIN
8by8,0,l1,101,0,9.0,I-NTMCP l=1,1.0,EVADER_REACHED_GOAL
8by8,0,l1,101,0,12.0,I-NTMCP l=1,1.0,EVADER_REACHED_GOAL
8by8,0,l1,101,1,4.0,I-NTMCP l=1,1.0,PURSUER_WIN
8by8,0,l1,101,1,2.0,I-NTMCP l=1,1.0,PURSUER_WIN
8by8,0,l1,101,0,10.0,I-NTMCP l=1,1.0,EVADER_REACHED_GOAL
8by8,0,l1,101,0,12.0,I-NTMCP l=1,1.0,EVADER_REACHED_GOAL
8by8,0,l1,101,0,9.0,I-NTMCP l=1,1.0,EVADER_REACHED_GOAL
8by8,0,l1,101,1,4.0,I-NTMCP l=1,1.0,PURSUER_WIN
8by8,0,l1,101,0,12.0,I-NTMCP l=1,1.0,EVADER_REACHED_GOAL
8by8,0,l1,101,1,3.0,I-NTMCP l=1,1.0,PURSUER_WIN
8by8,0,l1,101,0,13.0,I-NTMCP l=1,1.0,EVADER_REACHED_GOAL
8by8,0,l1,101,0,9.0,I-NTMCP l=1,1.0,EVADER_REACHED_GOAL
8by8,0,l1,101,0,9.0,I-NTMCP l=1,1.0,EVADER_REACHED_GOAL
8by8,0,l1,101,0,9.0,I-NTMCP l=1,1.0,EVADER_REACHED_GOAL
8by8,0,l1,101,1,4.0,I-NTMCP l=1,1.0,PURSUER_WIN
8by8,0,l1,101,0,9.0,I-NTMCP l=1,1.0,EVADER_REACHED_GOAL
8by8,0,l1,101,0,10.0,I-NTMCP l=1,1.0,EVADER_REACHED_GOAL
8by8,0,l1,102,0,16.0,I-NTMCP l=1,1.0,EVADER_REACHED_GOAL
8by8,0,l1,102,1,4.0,I-NTMCP l=1,1.0,PURSUER_WIN
8by8,0,l1,102,0,9.0,I-NTMCP l=1,1.0,EVADER_REACHED_GOAL
8by8,0,l1,102,1,2.0,I-NTMCP l=1,1.0,PURSUER_WIN
8by8,0,l1,102,1,2.0,I-NTMCP l=1,1.0,PURSUER_WIN
8by8,0,l1,102,1,3.0,I-NTMCP l=1,1.0,PURSUER_WIN
8by8,0,l1,102,1,5.0,I-NTMCP l=1,1.0,PURSUER_WIN
8by8,0,l1,102,1,4.0,I-NTMCP l=1,1.0,PURSUER_WIN
8by8,0,l1,102,1,4.0,I-NTMCP l=1,1.0,PURSUER_WIN
8by8,0,l1,102,0,9.0,I-NTMCP l=1,1.0,EVADER_REACHED_GOAL
8by8,0,l1,102,1,4.0,I-NTMCP l=1,1.0,PURSUER_WIN
8by8,0,l1,102,1,2.0,I-NTMCP l=1,1.0,PURSUER_WIN
8by8,0,l1,102,1,3.0,I-NTMCP l=1,1.0,PURSUER_WIN
8by8,0,l1,102,0,12.0,I-NTMCP l=1,1.0,EVADER_REACHED_GOAL
8by8,0,l1,102,1,4.0,I-NTMCP l=1,1.0,PURSUER_WIN
8by8,0,l1,102,1,4.0,I-NTMCP l=1,1.0,PURSUER_WIN
8by8,0,l1,102,1,4.0,I-NTMCP l=1,1.0,PURSUER_WIN
8by8,0,l1,102,0,9.0,I-NTMCP l=1,1.0,EVADER_REACHED_GOAL
8by8,0,l1,102,0,9.0,I-NTMCP l=1,1.0,EVADER_REACHED_GOAL
8by8,0,l1,102,1,4.0,I-NTMCP l=1,1.0,PURSUER_WIN
8by8,0,l1,102,1,3.0,I-NTMCP l=1,1.0,PURSUER_WIN
8by8,0,l1,102,0,9.0,I-NTMCP l=1,1.0,EVADER_REACHED_GOAL
8by8,0,l1,102,1,4.0,I-NTMCP l=1,1.0,PURSUER_WIN
8by8,0,l1,102,0,9.0,I-NTMCP l=1,1.0,EVADER_REACHED_GOAL
8by8,0,l1,102,0,9.0,I-NTMCP l=1,1.0,EVADER_REACHED_GOAL
8by8,0,l1,102,0,12.0,I-NTMCP l=1,1.0,EVADER_REACHED_GOAL
8by8,0,l1,102,0,12.0,I-NTMCP l=1,1.0,EVADER_REACHED_GOAL
8by8,0,l1,102,1,9.0,I-NTMCP l=1,1.0,PURSUER_WIN
8by8,0,l1,102,0,9.0,I-NTMCP l=1,1.0,EVADER_REACHED_GOAL
8by8,0,l1,102,0,12.0,I-NTMCP l=1,1.0,EVADER_REACHED_GOAL
8by8,0,l1,102,0,14.0,I-NTMCP l=1,1.0,EVADER_REACHED_GOAL
8by8,0,l1,102,0,12.0,I-NTMCP l=1,1.0,EVADER_REACHED_GOAL
8by8,0,l1,102,1,2.0,I-NTMCP l=1,1.0,PURSUER_WIN
8by8,0,l1,102,0,10.0,I-NTMCP l=1,1.0,EVADER_REACHED_GOAL
8by8,0,l1,102,0,10.0,I-NTMCP l=1,1.0,EVADER_REACHED_GOAL
8by8,0,l1,102,1,4.0,I-NTMCP l=1,1.0,PURSUER_WIN
8by8,0,l1,102,1,4.0,I-NTMCP l=1,1.0,PURSUER_WIN
8by8,0,l1,102,0,9.0,I-NTMCP l=1,1.0,EVADER_REACHED_GOAL
8by8,0,l1,102,0,9.0,I-NTMCP l=1,1.0,EVADER_REACHED_GOAL
8by8,0,l1,102,0,12.0,I-NTMCP l=1,1.0,EVADER_REACHED_GOAL
8by8,0,l1,102,0,14.0,I-NTMCP l=1,1.0,EVADER_REACHED_GOAL
8by8,0,l1,102,1,4.0,I-NTMCP l=1,1.0,PURSUER_WIN
8by8,0,l1,102,1,4.0,I-NTMCP l=1,1.0,PURSUER_WIN
8by8,0,l1,102,0,10.0,I-NTMCP l=1,1.0,EVADER_REACHED_GOAL
8by8,0,l1,102,1,4.0,I-NTMCP l=1,1.0,PURSUER_WIN
8by8,0,l1,102,1,4.0,I-NTMCP l=1,1.0,PURSUER_WIN
8by8,0,l1,102,1,4.0,I-NTMCP l=1,1.0,PURSUER_WIN
8by8,0,l1,102,0,12.0,I-NTMCP l=1,1.0,EVADER_REACHED_GOAL
8by8,0,l1,102,0,12.0,I-NTMCP l=1,1.0,EVADER_REACHED_GOAL
8by8,0,l1,102,0,9.0,I-NTMCP l=1,1.0,EVADER_REACHED_GOAL
8by8,0,l1,103,0,16.0,I-NTMCP l=1,1.0,EVADER_REACHED_GOAL
8by8,0,l1,103,1,4.0,I-NTMCP l=1,1.0,PURSUER_WIN
8by8,0,l1,103,1,2.0,I-NTMCP l=1,1.0,PURSUER_WIN
8by8,0,l1,103,0,10.0,I-NTMCP l=1,1.0,EVADER_REACHED_GOAL
8by8,0,l1,103,0,9.0,I-NTMCP l=1,1.0,EVADER_REACHED_GOAL
8by8,0,l1,103,1,3.0,I-NTMCP l=1,1.0,PURSUER_WIN
8by8,0,l1,103,0,13.0,I-NTMCP l=1,1.0,EVADER_REACHED_GOAL
8by8,0,l1,103,1,4.0,I-NTMCP l=1,1.0,PURSUER_WIN
8by8,0,l1,103,0,11.0,I-NTMCP l=1,1.0,EVADER_REACHED_GOAL
8by8,0,l1,103,0,10.0,I-NTMCP l=1,1.0,EVADER_REACHED_GOAL
8by8,0,l1,103,0,10.0,I-NTMCP l=1,1.0,EVADER_REACHED_GOAL
8by8,0,l1,103,0,10.0,I-NTMCP l=1,1.0,EVADER_REACHED_GOAL
8by8,0,l1,103,0,9.0,I-NTMCP l=1,1.0,EVADER_REACHED_GOAL
8by8,0,l1,103,0,9.0,I-NTMCP l=1,1.0,EVADER_REACHED_GOAL
8by8,0,l1,103,0,12.0,I-NTMCP l=1,1.0,EVADER_REACHED_GOAL
8by8,0,l1,103,1,3.0,I-NTMCP l=1,1.0,PURSUER_WIN
8by8,0,l1,103,0,16.0,I-NTMCP l=1,1.0,EVADER_REACHED_GOAL
8by8,0,l1,103,0,9.0,I-NTMCP l=1,1.0,EVADER_REACHED_GOAL
8by8,0,l1,103,0,10.0,I-NTMCP l=1,1.0,EVADER_REACHED_GOAL
8by8,0,l1,103,0,9.0,I-NTMCP l=1,1.0,EVADER_REACHED_GOAL
8by8,0,l1,103,1,3.0,I-NTMCP l=1,1.0,PURSUER_WIN
8by8,0,l1,103,1,4.0,I-NTMCP l=1,1.0,PURSUER_WIN
8by8,0,l1,103,0,18.0,I-NTMCP l=1,1.0,EVADER_REACHED_GOAL
8by8,0,l1,103,0,10.0,I-NTMCP l=1,1.0,EVADER_REACHED_GOAL
8by8,0,l1,103,1,5.0,I-NTMCP l=1,1.0,PURSUER_WIN
8by8,0,l1,103,0,11.0,I-NTMCP l=1,1.0,EVADER_REACHED_GOAL
8by8,0,l1,103,0,9.0,I-NTMCP l=1,1.0,EVADER_REACHED_GOAL
8by8,0,l1,103,1,4.0,I-NTMCP l=1,1.0,PURSUER_WIN
8by8,0,l1,103,0,12.0,I-NTMCP l=1,1.0,EVADER_REACHED_GOAL
8by8,0,l1,103,0,10.0,I-NTMCP l=1,1.0,EVADER_REACHED_GOAL
8by8,0,l1,103,1,2.0,I-NTMCP l=1,1.0,PURSUER_WIN
8by8,0,l1,103,0,9.0,I-NTMCP l=1,1.0,EVADER_REACHED_GOAL
8by8,0,l1,103,0,9.0,I-NTMCP l=1,1.0,EVADER_REACHED_GOAL
8by8,0,l1,103,1,2.0,I-NTMCP l=1,1.0,PURSUER_WIN
8by8,0,l1,103,1,11.0,I-NTMCP l=1,1.0,PURSUER_WIN
8by8,0,l1,103,1,4.0,I-NTMCP l=1,1.0,PURSUER_WIN
8by8,0,l1,103,0,12.0,I-NTMCP l=1,1.0,EVADER_REACHED_GOAL
8by8,0,l1,103,0,9.0,I-NTMCP l=1,1.0,EVADER_REACHED_GOAL
8by8,0,l1,103,0,9.0,I-NTMCP l=1,1.0,EVADER_REACHED_GOAL
8by8,0,l1,103,0,9.0,I-NTMCP l=1,1.0,EVADER_REACHED_GOAL
8by8,0,l1,103,0,9.0,I-NTMCP l=1,1.0,EVADER_REACHED_GOAL
8by8,0,l1,103,0,9.0,I-NTMCP l=1,1.0,EVADER_REACHED_GOAL
8by8,0,l1,103,0,11.0,I-NTMCP l=1,1.0,EVADER_REACHED_GOAL
8by8,0,l1,103,1,4.0,I-NTMCP l=1,1.0,PURSUER_WIN
8by8,0,l1,103,0,9.0,I-NTMCP l=1,1.0,EVADER_REACHED_GOAL
8by8,0,l1,103,0,9.0,I-NTMCP l=1,1.0,EVADER_REACHED_GOAL
8by8,0,l1,103,0,11.0,I-NTMCP l=1,1.0,EVADER_REACHED_GOAL
8by8,0,l1,103,0,9.0,I-NTMCP l=1,1.0,EVADER_REACHED_GOAL
8by8,0,l1,103,1,5.0,I-NTMCP l=1,1.0,PURSUER_WIN
8by8,0,l1,103,1,2.0,I-NTMCP l=1,1.0,PURSUER_WIN
8by8,0,l1,104,0,14.0,I-NTMCP l=1,1.0,EVADER_REACHED_GOAL
8by8,0,l1,104,0,9.0,I-NTMCP l=1,1.0,EVADER_REACHED_GOAL
8by8,0,l1,104,0,10.0,I-NTMCP l=1,1.0,EVADER_REACHED_GOAL
8by8,0,l1,104,1,5.0,I-NTMCP l=1,1.0,PURSUER_WIN
8by8,0,l1,104,0,12.0,I-NTMCP l=1,1.0,EVADER_REACHED_GOAL
8by8,0,l1,104,1,4.0,I-NTMCP l=1,1.0,PURSUER_WIN
8by8,0,l1,104,0,9.0,I-NTMCP l=1,1.0,EVADER_REACHED_GOAL
8by8,0,l1,104,0,10.0,I-NTMCP l=1,1.0,EVADER_REACHED_GOAL
8by8,0,l1,104,0,11.0,I-NTMCP l=1,1.0,EVADER_REACHED_GOAL
8by8,0,l1,104,0,16.0,I-NTMCP l=1,1.0,EVADER_REACHED_GOAL
8by8,0,l1,104,1,4.0,I-NTMCP l=1,1.0,PURSUER_WIN
8by8,0,l1,104,1,4.0,I-NTMCP l=1,1.0,PURSUER_WIN
8by8,0,l1,104,0,10.0,I-NTMCP l=1,1.0,EVADER_REACHED_GOAL
8by8,0,l1,104,0,10.0,I-NTMCP l=1,1.0,EVADER_REACHED_GOAL
8by8,0,l1,104,1,3.0,I-NTMCP l=1,1.0,PURSUER_WIN
8by8,0,l1,104,0,9.0,I-NTMCP l=1,1.0,EVADER_REACHED_GOAL
8by8,0,l1,104,0,9.0,I-NTMCP l=1,1.0,EVADER_REACHED_GOAL
8by8,0,l1,104,1,2.0,I-NTMCP l=1,1.0,PURSUER_WIN
8by8,0,l1,104,0,10.0,I-NTMCP l=1,1.0,EVADER_REACHED_GOAL
8by8,0,l1,104,1,2.0,I-NTMCP l=1,1.0,PURSUER_WIN
8by8,0,l1,104,0,11.0,I-NTMCP l=1,1.0,EVADER_REACHED_GOAL
8by8,0,l1,104,1,2.0,I-NTMCP l=1,1.0,PURSUER_WIN
8by8,0,l1,104,0,12.0,I-NTMCP l=1,1.0,EVADER_REACHED_GOAL
8by8,0,l1,104,1,5.0,I-NTMCP l=1,1.0,PURSUER_WIN
8by8,0,l1,104,1,2.0,I-NTMCP l=1,1.0,PURSUER_WIN
8by8,0,l1,104,1,4.0,I-NTMCP l=1,1.0,PURSUER_WIN
8by8,0,l1,104,1,4.0,I-NTMCP l=1,1.0,PURSUER_WIN
8by8,0,l1,104,0,9.0,I-NTMCP l=1,1.0,EVADER_REACHED_GOAL
8by8,0,l1,104,0,12.0,I-NTMCP l=1,1.0,EVADER_REACHED_GOAL
8by8,0,l1,104,0,12.0,I-NTMCP l=1,1.0,EVADER_REACHED_GOAL
8by8,0,l1,104,1,4.0,I-NTMCP l=1,1.0,PURSUER_WIN
8by8,0,l1,104,0,9.0,I-NTMCP l=1,1.0,EVADER_REACHED_GOAL
8by8,0,l1,104,0,10.0,I-NTMCP l=1,1.0,EVADER_REACHED_GOAL
8by8,0,l1,104,1,2.0,I-NTMCP l=1,1.0,PURSUER_WIN
8by8,0,l1,104,0,12.0,I-NTMCP l=1,1.0,EVADER_REACHED_GOAL
8by8,0,l1,104,1,2.0,I-NTMCP l=1,1.0,PURSUER_WIN
8by8,0,l1,104,0,13.0,I-NTMCP l=1,1.0,EVADER_REACHED_GOAL
8by8,0,l1,104,0,13.0,I-NTMCP l=1,1.0,EVADER_REACHED_GOAL
8by8,0,l1,104,1,2.0,I-NTMCP l=1,1.0,PURSUER_WIN
8by8,0,l1,104,0,12.0,I-NTMCP l=1,1.0,EVADER_REACHED_GOAL
8by8,0,l1,104,0,13.0,I-NTMCP l=1,1.0,EVADER_REACHED_GOAL
8by8,0,l1,104,0,9.0,I-NTMCP l=1,1.0,EVADER_REACHED_GOAL
8by8,0,l1,104,0,9.0,I-NTMCP l=1,1.0,EVADER_REACHED_GOAL
8by8,0,l1,104,0,9.0,I-NTMCP l=1,1.0,EVADER_REACHED_GOAL
8by8,0,l1,104,0,12.0,I-NTMCP l=1,1.0,EVADER_REACHED_GOAL
8by8,0,l1,104,0,18.0,I-NTMCP l=1,1.0,EVADER_REACHED_GOAL
8by8,0,l1,104,1,4.0,I-NTMCP l=1,1.0,PURSUER_WIN
8by8,0,l1,104,1,4.0,I-NTMCP l=1,1.0,PURSUER_WIN
8by8,0,l1,104,0,12.0,I-NTMCP l=1,1.0,EVADER_REACHED_GOAL
8by8,0,l1,104,0,12.0,I-NTMCP l=1,1.0,EVADER_REACHED_GOAL
8by8,0,l1,105,1,2.0,I-NTMCP l=1,1.0,PURSUER_WIN
8by8,0,l1,105,1,4.0,I-NTMCP l=1,1.0,PURSUER_WIN
8by8,0,l1,105,1,3.0,I-NTMCP l=1,1.0,PURSUER_WIN
8by8,0,l1,105,0,9.0,I-NTMCP l=1,1.0,EVADER_REACHED_GOAL
8by8,0,l1,105,0,14.0,I-NTMCP l=1,1.0,EVADER_REACHED_GOAL
8by8,0,l1,105,0,11.0,I-NTMCP l=1,1.0,EVADER_REACHED_GOAL
8by8,0,l1,105,1,4.0,I-NTMCP l=1,1.0,PURSUER_WIN
8by8,0,l1,105,1,5.0,I-NTMCP l=1,1.0,PURSUER_WIN
8by8,0,l1,105,1,4.0,I-NTMCP l=1,1.0,PURSUER_WIN
8by8,0,l1,105,0,11.0,I-NTMCP l=1,1.0,EVADER_REACHED_GOAL
8by8,0,l1,105,1,4.0,I-NTMCP l=1,1.0,PURSUER_WIN
8by8,0,l1,105,1,2.0,I-NTMCP l=1,1.0,PURSUER_WIN
8by8,0,l1,105,0,12.0,I-NTMCP l=1,1.0,EVADER_REACHED_GOAL
8by8,0,l1,105,0,12.0,I-NTMCP l=1,1.0,EVADER_REACHED_GOAL
8by8,0,l1,105,0,10.0,I-NTMCP l=1,1.0,EVADER_REACHED_GOAL
8by8,0,l1,105,1,2.0,I-NTMCP l=1,1.0,PURSUER_WIN
8by8,0,l1,105,1,2.0,I-NTMCP l=1,1.0,PURSUER_WIN
8by8,0,l1,105,1,5.0,I-NTMCP l=1,1.0,PURSUER_WIN
8by8,0,l1,105,1,4.0,I-NTMCP l=1,1.0,PURSUER_WIN
8by8,0,l1,105,0,12.0,I-NTMCP l=1,1.0,EVADER_REACHED_GOAL
8by8,0,l1,105,1,4.0,I-NTMCP l=1,1.0,PURSUER_WIN
8by8,0,l1,105,1,2.0,I-NTMCP l=1,1.0,PURSUER_WIN
8by8,0,l1,105,0,9.0,I-NTMCP l=1,1.0,EVADER_REACHED_GOAL
8by8,0,l1,105,0,14.0,I-NTMCP l=1,1.0,EVADER_REACHED_GOAL
8by8,0,l1,105,1,2.0,I-NTMCP l=1,1.0,PURSUER_WIN
8by8,0,l1,105,0,13.0,I-NTMCP l=1,1.0,EVADER_REACHED_GOAL
8by8,0,l1,105,0,9.0,I-NTMCP l=1,1.0,EVADER_REACHED_GOAL
8by8,0,l1,105,0,13.0,I-NTMCP l=1,1.0,EVADER_REACHED_GOAL
8by8,0,l1,105,0,9.0,I-NTMCP l=1,1.0,EVADER_REACHED_GOAL
8by8,0,l1,105,0,10.0,I-NTMCP l=1,1.0,EVADER_REACHED_GOAL
8by8,0,l1,105,0,15.0,I-NTMCP l=1,1.0,EVADER_REACHED_GOAL
8by8,0,l1,105,0,12.0,I-NTMCP l=1,1.0,EVADER_REACHED_GOAL
8by8,0,l1,105,0,11.0,I-NTMCP l=1,1.0,EVADER_REACHED_GOAL
8by8,0,l1,105,0,11.0,I-NTMCP l=1,1.0,EVADER_REACHED_GOAL
8by8,0,l1,105,1,2.0,I-NTMCP l=1,1.0,PURSUER_WIN
8by8,0,l1,105,1,5.0,I-NTMCP l=1,1.0,PURSUER_WIN
8by8,0,l1,105,0,9.0,I-NTMCP l=1,1.0,EVADER_REACHED_GOAL
8by8,0,l1,105,1,2.0,I-NTMCP l=1,1.0,PURSUER_WIN
8by8,0,l1,105,1,2.0,I-NTMCP l=1,1.0,PURSUER_WIN
8by8,0,l1,105,1,2.0,I-NTMCP l=1,1.0,PURSUER_WIN
8by8,0,l1,105,1,5.0,I-NTMCP l=1,1.0,PURSUER_WIN
8by8,0,l1,105,0,9.0,I-NTMCP l=1,1.0,EVADER_REACHED_GOAL
8by8,0,l1,105,0,9.0,I-NTMCP l=1,1.0,EVADER_REACHED_GOAL
8by8,0,l1,105,1,4.0,I-NTMCP l=1,1.0,PURSUER_WIN
8by8,0,l1,105,1,2.0,I-NTMCP l=1,1.0,PURSUER_WIN
8by8,0,l1,105,0,9.0,I-NTMCP l=1,1.0,EVADER_REACHED_GOAL
8by8,0,l1,105,0,9.0,I-NTMCP l=1,1.0,EVADER_REACHED_GOAL
8by8,0,l1,105,0,16.0,I-NTMCP l=1,1.0,EVADER_REACHED_GOAL
8by8,0,l1,105,1,5.0,I-NTMCP l=1,1.0,PURSUER_WIN
8by8,0,l1,105,1,4.0,I-NTMCP l=1,1.0,PURSUER_WIN
8by8,0,l1,106,0,9.0,I-NTMCP l=1,1.0,EVADER_REACHED_GOAL
8by8,0,l1,106,0,10.0,I-NTMCP l=1,1.0,EVADER_REACHED_GOAL
8by8,0,l1,106,0,10.0,I-NTMCP l=1,1.0,EVADER_REACHED_GOAL
8by8,0,l1,106,0,9.0,I-NTMCP l=1,1.0,EVADER_REACHED_GOAL
8by8,0,l1,106,1,2.0,I-NTMCP l=1,1.0,PURSUER_WIN
8by8,0,l1,106,0,9.0,I-NTMCP l=1,1.0,EVADER_REACHED_GOAL
8by8,0,l1,106,0,9.0,I-NTMCP l=1,1.0,EVADER_REACHED_GOAL
8by8,0,l1,106,1,4.0,I-NTMCP l=1,1.0,PURSUER_WIN
8by8,0,l1,106,0,14.0,I-NTMCP l=1,1.0,EVADER_REACHED_GOAL
8by8,0,l1,106,1,16.0,I-NTMCP l=1,1.0,PURSUER_WIN
8by8,0,l1,106,0,14.0,I-NTMCP l=1,1.0,EVADER_REACHED_GOAL
8by8,0,l1,106,0,12.0,I-NTMCP l=1,1.0,EVADER_REACHED_GOAL
8by8,0,l1,106,1,4.0,I-NTMCP l=1,1.0,PURSUER_WIN
8by8,0,l1,106,1,2.0,I-NTMCP l=1,1.0,PURSUER_WIN
8by8,0,l1,106,0,9.0,I-NTMCP l=1,1.0,EVADER_REACHED_GOAL
8by8,0,l1,106,0,12.0,I-NTMCP l=1,1.0,EVADER_REACHED_GOAL
8by8,0,l1,106,0,9.0,I-NTMCP l=1,1.0,EVADER_REACHED_GOAL
8by8,0,l1,106,0,9.0,I-NTMCP l=1,1.0,EVADER_REACHED_GOAL
8by8,0,l1,106,1,5.0,I-NTMCP l=1,1.0,PURSUER_WIN
8by8,0,l1,106,0,13.0,I-NTMCP l=1,1.0,EVADER_REACHED_GOAL
8by8,0,l1,106,0,10.0,I-NTMCP l=1,1.0,EVADER_REACHED_GOAL
8by8,0,l1,106,1,4.0,I-NTMCP l=1,1.0,PURSUER_WIN
8by8,0,l1,106,1,4.0,I-NTMCP l=1,1.0,PURSUER_WIN
8by8,0,l1,106,0,11.0,I-NTMCP l=1,1.0,EVADER_REACHED_GOAL
8by8,0,l1,106,0,12.0,I-NTMCP l=1,1.0,EVADER_REACHED_GOAL
8by8,0,l1,106,0,9.0,I-NTMCP l=1,1.0,EVADER_REACHED_GOAL
8by8,0,l1,106,0,10.0,I-NTMCP l=1,1.0,EVADER_REACHED_GOAL
8by8,0,l1,106,1,5.0,I-NTMCP l=1,1.0,PURSUER_WIN
8by8,0,l1,106,0,9.0,I-NTMCP l=1,1.0,EVADER_REACHED_GOAL
8by8,0,l1,106,1,4.0,I-NTMCP l=1,1.0,PURSUER_WIN
8by8,0,l1,106,0,9.0,I-NTMCP l=1,1.0,EVADER_REACHED_GOAL
8by8,0,l1,106,0,12.0,I-NTMCP l=1,1.0,EVADER_REACHED_GOAL
8by8,0,l1,106,1,2.0,I-NTMCP l=1,1.0,PURSUER_WIN
8by8,0,l1,106,0,10.0,I-NTMCP l=1,1.0,EVADER_REACHED_GOAL
8by8,0,l1,106,0,9.0,I-NTMCP l=1,1.0,EVADER_REACHED_GOAL
8by8,0,l1,106,0,9.0,I-NTMCP l=1,1.0,EVADER_REACHED_GOAL
8by8,0,l1,106,0,15.0,I-NTMCP l=1,1.0,EVADER_REACHED_GOAL
8by8,0,l1,106,1,2.0,I-NTMCP l=1,1.0,PURSUER_WIN
8by8,0,l1,106,0,12.0,I-NTMCP l=1,1.0,EVADER_REACHED_GOAL
8by8,0,l1,106,0,10.0,I-NTMCP l=1,1.0,EVADER_REACHED_GOAL
8by8,0,l1,106,1,4.0,I-NTMCP l=1,1.0,PURSUER_WIN
8by8,0,l1,106,1,2.0,I-NTMCP l=1,1.0,PURSUER_WIN
8by8,0,l1,106,1,5.0,I-NTMCP l=1,1.0,PURSUER_WIN
8by8,0,l1,106,1,5.0,I-NTMCP l=1,1.0,PURSUER_WIN
8by8,0,l1,106,1,5.0,I-NTMCP l=1,1.0,PURSUER_WIN
8by8,0,l1,106,0,10.0,I-NTMCP l=1,1.0,EVADER_REACHED_GOAL
8by8,0,l1,106,1,2.0,I-NTMCP l=1,1.0,PURSUER_WIN
8by8,0,l1,106,1,2.0,I-NTMCP l=1,1.0,PURSUER_WIN
8by8,0,l1,106,1,4.0,I-NTMCP l=1,1.0,PURSUER_WIN
8by8,0,l1,106,0,16.0,I-NTMCP l=1,1.0,EVADER_REACHED_GOAL
8by8,0,l1,107,0,11.0,I-NTMCP l=1,1.0,EVADER_REACHED_GOAL
8by8,0,l1,107,1,2.0,I-NTMCP l=1,1.0,PURSUER_WIN
8by8,0,l1,107,1,4.0,I-NTMCP l=1,1.0,PURSUER_WIN
8by8,0,l1,107,1,2.0,I-NTMCP l=1,1.0,PURSUER_WIN
8by8,0,l1,107,1,3.0,I-NTMCP l=1,1.0,PURSUER_WIN
8by8,0,l1,107,1,2.0,I-NTMCP l=1,1.0,PURSUER_WIN
8by8,0,l1,107,1,9.0,I-NTMCP l=1,1.0,PURSUER_WIN
8by8,0,l1,107,0,12.0,I-NTMCP l=1,1.0,EVADER_REACHED_GOAL
8by8,0,l1,107,1,2.0,I-NTMCP l=1,1.0,PURSUER_WIN
8by8,0,l1,107,0,9.0,I-NTMCP l=1,1.0,EVADER_REACHED_GOAL
8by8,0,l1,107,1,4.0,I-NTMCP l=1,1.0,PURSUER_WIN
8by8,0,l1,107,1,2.0,I-NTMCP l=1,1.0,PURSUER_WIN
8by8,0,l1,107,0,11.0,I-NTMCP l=1,1.0,EVADER_REACHED_GOAL
8by8,0,l1,107,0,9.0,I-NTMCP l=1,1.0,EVADER_REACHED_GOAL
8by8,0,l1,107,1,4.0,I-NTMCP l=1,1.0,PURSUER_WIN
8by8,0,l1,107,1,2.0,I-NTMCP l=1,1.0,PURSUER_WIN
8by8,0,l1,107,0,9.0,I-NTMCP l=1,1.0,EVADER_REACHED_GOAL
8by8,0,l1,107,1,4.0,I-NTMCP l=1,1.0,PURSUER_WIN
8by8,0,l1,107,0,9.0,I-NTMCP l=1,1.0,EVADER_REACHED_GOAL
8by8,0,l1,107,0,10.0,I-NTMCP l=1,1.0,EVADER_REACHED_GOAL
8by8,0,l1,107,0,12.0,I-NTMCP l=1,1.0,EVADER_REACHED_GOAL
8by8,0,l1,107,1,4.0,I-NTMCP l=1,1.0,PURSUER_WIN
8by8,0,l1,107,0,9.0,I-NTMCP l=1,1.0,EVADER_REACHED_GOAL
8by8,0,l1,107,0,10.0,I-NTMCP l=1,1.0,EVADER_REACHED_GOAL
8by8,0,l1,107,1,4.0,I-NTMCP l=1,1.0,PURSUER_WIN
8by8,0,l1,107,0,9.0,I-NTMCP l=1,1.0,EVADER_REACHED_GOAL
8by8,0,l1,107,1,3.0,I-NTMCP l=1,1.0,PURSUER_WIN
8by8,0,l1,107,0,10.0,I-NTMCP l=1,1.0,EVADER_REACHED_GOAL
8by8,0,l1,107,0,10.0,I-NTMCP l=1,1.0,EVADER_REACHED_GOAL
8by8,0,l1,107,0,12.0,I-NTMCP l=1,1.0,EVADER_REACHED_GOAL
8by8,0,l1,107,1,4.0,I-NTMCP l=1,1.0,PURSUER_WIN
8by8,0,l1,107,1,2.0,I-NTMCP l=1,1.0,PURSUER_WIN
8by8,0,l1,107,0,10.0,I-NTMCP l=1,1.0,EVADER_REACHED_GOAL
8by8,0,l1,107,0,9.0,I-NTMCP l=1,1.0,EVADER_REACHED_GOAL
8by8,0,l1,107,0,10.0,I-NTMCP l=1,1.0,EVADER_REACHED_GOAL
8by8,0,l1,107,0,10.0,I-NTMCP l=1,1.0,EVADER_REACHED_GOAL
8by8,0,l1,107,0,10.0,I-NTMCP l=1,1.0,EVADER_REACHED_GOAL
8by8,0,l1,107,1,5.0,I-NTMCP l=1,1.0,PURSUER_WIN
8by8,0,l1,107,0,9.0,I-NTMCP l=1,1.0,EVADER_REACHED_GOAL
8by8,0,l1,107,0,12.0,I-NTMCP l=1,1.0,EVADER_REACHED_GOAL
8by8,0,l1,107,0,9.0,I-NTMCP l=1,1.0,EVADER_REACHED_GOAL
8by8,0,l1,107,0,9.0,I-NTMCP l=1,1.0,EVADER_REACHED_GOAL
8by8,0,l1,107,0,10.0,I-NTMCP l=1,1.0,EVADER_REACHED_GOAL
8by8,0,l1,107,0,9.0,I-NTMCP l=1,1.0,EVADER_REACHED_GOAL
8by8,0,l1,107,1,4.0,I-NTMCP l=1,1.0,PURSUER_WIN
8by8,0,l1,107,1,2.0,I-NTMCP l=1,1.0,PURSUER_WIN
8by8,0,l1,107,1,4.0,I-NTMCP l=1,1.0,PURSUER_WIN
8by8,0,l1,107,0,12.0,I-NTMCP l=1,1.0,EVADER_REACHED_GOAL
8by8,0,l1,107,0,12.0,I-NTMCP l=1,1.0,EVADER_REACHED_GOAL
8by8,0,l1,107,0,15.0,I-NTMCP l=1,1.0,EVADER_REACHED_GOAL
8by8,0,l1,108,1,6.0,I-NTMCP l=1,1.0,PURSUER_WIN
8by8,0,l1,108,0,10.0,I-NTMCP l=1,1.0,EVADER_REACHED_GOAL
8by8,0,l1,108,1,5.0,I-NTMCP l=1,1.0,PURSUER_WIN
8by8,0,l1,108,1,7.0,I-NTMCP l=1,1.0,PURSUER_WIN
8by8,0,l1,108,1,3.0,I-NTMCP l=1,1.0,PURSUER_WIN
8by8,0,l1,108,0,9.0,I-NTMCP l=1,1.0,EVADER_REACHED_GOAL
8by8,0,l1,108,1,2.0,I-NTMCP l=1,1.0,PURSUER_WIN
8by8,0,l1,108,0,12.0,I-NTMCP l=1,1.0,EVADER_REACHED_GOAL
8by8,0,l1,108,1,4.0,I-NTMCP l=1,1.0,PURSUER_WIN
8by8,0,l1,108,1,2.0,I-NTMCP l=1,1.0,PURSUER_WIN
8by8,0,l1,108,0,12.0,I-NTMCP l=1,1.0,EVADER_REACHED_GOAL
8by8,0,l1,108,0,9.0,I-NTMCP l=1,1.0,EVADER_REACHED_GOAL
8by8,0,l1,108,0,9.0,I-NTMCP l=1,1.0,EVADER_REACHED_GOAL
8by8,0,l1,108,0,10.0,I-NTMCP l=1,1.0,EVADER_REACHED_GOAL
8by8,0,l1,108,1,4.0,I-NTMCP l=1,1.0,PURSUER_WIN
8by8,0,l1,108,0,16.0,I-NTMCP l=1,1.0,EVADER_REACHED_GOAL
8by8,0,l1,108,0,9.0,I-NTMCP l=1,1.0,EVADER_REACHED_GOAL
8by8,0,l1,108,0,9.0,I-NTMCP l=1,1.0,EVADER_REACHED_GOAL
8by8,0,l1,108,0,12.0,I-NTMCP l=1,1.0,EVADER_REACHED_GOAL
8by8,0,l1,108,1,3.0,I-NTMCP l=1,1.0,PURSUER_WIN
8by8,0,l1,108,1,2.0,I-NTMCP l=1,1.0,PURSUER_WIN
8by8,0,l1,108,1,4.0,I-NTMCP l=1,1.0,PURSUER_WIN
8by8,0,l1,108,1,3.0,I-NTMCP l=1,1.0,PURSUER_WIN
8by8,0,l1,108,1,3.0,I-NTMCP l=1,1.0,PURSUER_WIN
8by8,0,l1,108,0,13.0,I-NTMCP l=1,1.0,EVADER_REACHED_GOAL
8by8,0,l1,108,1,2.0,I-NTMCP l=1,1.0,PURSUER_WIN
8by8,0,l1,108,1,4.0,I-NTMCP l=1,1.0,PURSUER_WIN
8by8,0,l1,108,0,14.0,I-NTMCP l=1,1.0,EVADER_REACHED_GOAL
8by8,0,l1,108,1,5.0,I-NTMCP l=1,1.0,PURSUER_WIN
8by8,0,l1,108,0,12.0,I-NTMCP l=1,1.0,EVADER_REACHED_GOAL
8by8,0,l1,108,0,12.0,I-NTMCP l=1,1.0,EVADER_REACHED_GOAL
8by8,0,l1,108,1,2.0,I-NTMCP l=1,1.0,PURSUER_WIN
8by8,0,l1,108,0,9.0,I-NTMCP l=1,1.0,EVADER_REACHED_GOAL
8by8,0,l1,108,0,9.0,I-NTMCP l=1,1.0,EVADER_REACHED_GOAL
8by8,0,l1,108,1,2.0,I-NTMCP l=1,1.0,PURSUER_WIN
8by8,0,l1,108,0,9.0,I-NTMCP l=1,1.0,EVADER_REACHED_GOAL
8by8,0,l1,108,1,2.0,I-NTMCP l=1,1.0,PURSUER_WIN
8by8,0,l1,108,1,5.0,I-NTMCP l=1,1.0,PURSUER_WIN
8by8,0,l1,108,0,9.0,I-NTMCP l=1,1.0,EVADER_REACHED_GOAL
8by8,0,l1,108,0,12.0,I-NTMCP l=1,1.0,EVADER_REACHED_GOAL
8by8,0,l1,108,1,3.0,I-NTMCP l=1,1.0,PURSUER_WIN
8by8,0,l1,108,0,12.0,I-NTMCP l=1,1.0,EVADER_REACHED_GOAL
8by8,0,l1,108,0,9.0,I-NTMCP l=1,1.0,EVADER_REACHED_GOAL
8by8,0,l1,108,0,12.0,I-NTMCP l=1,1.0,EVADER_REACHED_GOAL
8by8,0,l1,108,0,12.0,I-NTMCP l=1,1.0,EVADER_REACHED_GOAL
8by8,0,l1,108,1,4.0,I-NTMCP l=1,1.0,PURSUER_WIN
8by8,0,l1,108,1,2.0,I-NTMCP l=1,1.0,PURSUER_WIN
8by8,0,l1,108,0,9.0,I-NTMCP l=1,1.0,EVADER_REACHED_GOAL
8by8,0,l1,108,0,9.0,I-NTMCP l=1,1.0,EVADER_REACHED_GOAL
8by8,0,l1,108,0,9.0,I-NTMCP l=1,1.0,EVADER_REACHED_GOAL
8by8,0,l1,109,0,9.0,I-NTMCP l=1,1.0,EVADER_REACHED_GOAL
8by8,0,l1,109,0,9.0,I-NTMCP l=1,1.0,EVADER_REACHED_GOAL
8by8,0,l1,109,1,6.0,I-NTMCP l=1,1.0,PURSUER_WIN
8by8,0,l1,109,0,9.0,I-NTMCP l=1,1.0,EVADER_REACHED_GOAL
8by8,0,l1,109,0,13.0,I-NTMCP l=1,1.0,EVADER_REACHED_GOAL
8by8,0,l1,109,0,12.0,I-NTMCP l=1,1.0,EVADER_REACHED_GOAL
8by8,0,l1,109,1,4.0,I-NTMCP l=1,1.0,PURSUER_WIN
8by8,0,l1,109,0,9.0,I-NTMCP l=1,1.0,EVADER_REACHED_GOAL
8by8,0,l1,109,0,9.0,I-NTMCP l=1,1.0,EVADER_REACHED_GOAL
8by8,0,l1,109,0,11.0,I-NTMCP l=1,1.0,EVADER_REACHED_GOAL
8by8,0,l1,109,1,2.0,I-NTMCP l=1,1.0,PURSUER_WIN
8by8,0,l1,109,0,10.0,I-NTMCP l=1,1.0,EVADER_REACHED_GOAL
8by8,0,l1,109,1,5.0,I-NTMCP l=1,1.0,PURSUER_WIN
8by8,0,l1,109,1,6.0,I-NTMCP l=1,1.0,PURSUER_WIN
8by8,0,l1,109,1,2.0,I-NTMCP l=1,1.0,PURSUER_WIN
8by8,0,l1,109,0,13.0,I-NTMCP l=1,1.0,EVADER_REACHED_GOAL
8by8,0,l1,109,0,18.0,I-NTMCP l=1,1.0,EVADER_REACHED_GOAL
8by8,0,l1,109,0,19.0,I-NTMCP l=1,1.0,EVADER_REACHED_GOAL
8by8,0,l1,109,1,2.0,I-NTMCP l=1,1.0,PURSUER_WIN
8by8,0,l1,109,0,12.0,I-NTMCP l=1,1.0,EVADER_REACHED_GOAL
8by8,0,l1,109,0,13.0,I-NTMCP l=1,1.0,EVADER_REACHED_GOAL
8by8,0,l1,109,1,4.0,I-NTMCP l=1,1.0,PURSUER_WIN
8by8,0,l1,109,1,6.0,I-NTMCP l=1,1.0,PURSUER_WIN
8by8,0,l1,109,1,2.0,I-NTMCP l=1,1.0,PURSUER_WIN
8by8,0,l1,109,1,4.0,I-NTMCP l=1,1.0,PURSUER_WIN
8by8,0,l1,109,0,15.0,I-NTMCP l=1,1.0,EVADER_REACHED_GOAL
8by8,0,l1,109,0,11.0,I-NTMCP l=1,1.0,EVADER_REACHED_GOAL
8by8,0,l1,109,1,3.0,I-NTMCP l=1,1.0,PURSUER_WIN
8by8,0,l1,109,1,2.0,I-NTMCP l=1,1.0,PURSUER_WIN
8by8,0,l1,109,1,5.0,I-NTMCP l=1,1.0,PURSUER_WIN
8by8,0,l1,109,1,2.0,I-NTMCP l=1,1.0,PURSUER_WIN
8by8,0,l1,109,0,9.0,I-NTMCP l=1,1.0,EVADER_REACHED_GOAL
8by8,0,l1,109,1,2.0,I-NTMCP l=1,1.0,PURSUER_WIN
8by8,0,l1,109,0,10.0,I-NTMCP l=1,1.0,EVADER_REACHED_GOAL
8by8,0,l1,109,0,10.0,I-NTMCP l=1,1.0,EVADER_REACHED_GOAL
8by8,0,l1,109,0,10.0,I-NTMCP l=1,1.0,EVADER_REACHED_GOAL
8by8,0,l1,109,0,13.0,I-NTMCP l=1,1.0,EVADER_REACHED_GOAL
8by8,0,l1,109,1,4.0,I-NTMCP l=1,1.0,PURSUER_WIN
8by8,0,l1,109,0,10.0,I-NTMCP l=1,1.0,EVADER_REACHED_GOAL
8by8,0,l1,109,1,5.0,I-NTMCP l=1,1.0,PURSUER_WIN
8by8,0,l1,109,0,12.0,I-NTMCP l=1,1.0,EVADER_REACHED_GOAL
8by8,0,l1,109,0,12.0,I-NTMCP l=1,1.0,EVADER_REACHED_GOAL
8by8,0,l1,109,0,12.0,I-NTMCP l=1,1.0,EVADER_REACHED_GOAL
8by8,0,l1,109,1,4.0,I-NTMCP l=1,1.0,PURSUER_WIN
8by8,0,l1,109,1,4.0,I-NTMCP l=1,1.0,PURSUER_WIN
8by8,0,l1,109,0,9.0,I-NTMCP l=1,1.0,EVADER_REACHED_GOAL
8by8,0,l1,109,0,12.0,I-NTMCP l=1,1.0,EVADER_REACHED_GOAL
8by8,0,l1,109,0,9.0,I-NTMCP l=1,1.0,EVADER_REACHED_GOAL
8by8,0,l1,109,0,12.0,I-NTMCP l=1,1.0,EVADER_REACHED_GOAL
8by8,0,l1,109,1,3.0,I-NTMCP l=1,1.0,PURSUER_WIN
8by8,0,mixed,100,0,16.0,shortest path,,EVADER_REACHED_GOAL
8by8,0,mixed,100,0,9.0,I-NTMCP l=1,1.0,EVADER_REACHED_GOAL
8by8,0,mixed,100,1,3.0,I-NTMCP l=1,1.0,PURSUER_WIN
8by8,0,mixed,100,1,4.0,shortest path,,PURSUER_WIN
8by8,0,mixed,100,1,2.0,I-NTMCP l=1,1.0,PURSUER_WIN
8by8,0,mixed,100,1,5.0,I-NTMCP l=0,0.0,PURSUER_WIN
8by8,0,mixed,100,1,5.0,I-NTMCP l=1,1.0,PURSUER_WIN
8by8,0,mixed,100,1,10.0,random,,PURSUER_WIN
8by8,0,mixed,100,1,7.0,random,,PURSUER_WIN
8by8,0,mixed,100,1,15.0,random,,PURSUER_WIN
8by8,0,mixed,100,0,10.0,I-NTMCP l=1,1.0,EVADER_REACHED_GOAL
8by8,0,mixed,100,1,2.0,I-NTMCP l=0,0.0,PURSUER_WIN
8by8,0,mixed,100,1,5.0,random,,PURSUER_WIN
8by8,0,mixed,100,1,14.0,shortest path,,PURSUER_WIN
8by8,0,mixed,100,1,2.0,I-NTMCP l=0,0.0,PURSUER_WIN
8by8,0,mixed,100,1,4.0,shortest path,,PURSUER_WIN
8by8,0,mixed,100,0,9.0,I-NTMCP l=0,0.0,EVADER_REACHED_GOAL
8by8,0,mixed,100,1,4.0,shortest path,,PURSUER_WIN
8by8,0,mixed,100,1,5.0,shortest path,,PURSUER_WIN
8by8,0,mixed,100,1,6.0,shortest path,,PURSUER_WIN
8by8,0,mixed,100,0,9.0,shortest path,,EVADER_REACHED_GOAL
8by8,0,mixed,100,0,14.0,I-NTMCP l=0,0.0,EVADER_REACHED_GOAL
8by8,0,mixed,100,0,9.0,I-NTMCP l=0,0.0,EVADER_REACHED_GOAL
8by8,0,mixed,100,0,9.0,I-NTMCP l=1,1.0,EVADER_REACHED_GOAL
8by8,0,mixed,100,1,20.0,shortest path,,PURSUER_WIN
8by8,0,mixed,100,0,12.0,I-NTMCP l=1,1.0,EVADER_REACHED_GOAL
8by8,0,mixed,100,1,3.0,I-NTMCP l=1,1.0,PURSUER_WIN
8by8,0,mixed,100,0,14.0,I-NTMCP l=0,0.0,EVADER_REACHED_GOAL
8by8,0,mixed,100,0,9.0,I-NTMCP l=1,1.0,EVADER_REACHED_GOAL
8by8,0,mixed,100,0,12.0,shortest path,,EVADER_REACHED_GOAL
8by8,0,mixed,100,1,7.0,random,,PURSUER_WIN
8by8,0,mixed,100,1,2.0,shortest path,,PURSUER_WIN
8by8,0,mixed,100,1,7.0,random,,PURSUER_WIN
8by8,0,mixed,100,0,15.0,I-NTMCP l=1,1.0,EVADER_REACHED_GOAL
8by8,0,mixed,100,0,12.0,shortest path,,EVADER_REACHED_GOAL
8by8,0,mixed,100,1,4.0,shortest path,,PURSUER_WIN
8by8,0,mixed,100,1,2.0,shortest path,,PURSUER_WIN
8by8,0,mixed,100,0,9.0,shortest path,,EVADER_REACHED_GOAL
8by8,0,mixed,100,1,9.0,random,,PURSUER_WIN
8by8,0,mixed,100,1,2.0,shortest path,,PURSUER_WIN
8by8,0,mixed,100,0,14.0,I-NTMCP l=1,1.0,EVADER_REACHED_GOAL
8by8,0,mixed,100,0,10.0,I-NTMCP l=1,1.0,EVADER_REACHED_GOAL
8by8,0,mixed,100,1,2.0,shortest path,,PURSUER_WIN
8by8,0,mixed,100,1,17.0,random,,PURSUER_WIN
8by8,0,mixed,100,1,3.0,shortest path,,PURSUER_WIN
8by8,0,mixed,100,0,9.0,I-NTMCP l=0,0.0,EVADER_REACHED_GOAL
8by8,0,mixed,100,0,14.0,I-NTMCP l=0,0.0,EVADER_REACHED_GOAL
8by8,0,mixed,100,1,2.0,I-NTMCP l=0,0.0,PURSUER_WIN
8by8,0,mixed,100,1,5.0,I-NTMCP l=0,0.0,PURSUER_WIN
8by8,0,mixed,100,0,9.0,I-NTMCP l=1,1.0,EVADER_REACHED_GOAL
8by8,0,mixed,101,1,4.0,shortest path,,PURSUER_WIN
8by8,0,mixed,101,1,4.0,I-NTMCP l=0,0.0,PURSUER_WIN
8by8,0,mixed,101,0,11.0,I-NTMCP l=1,1.0,EVADER_REACHED_GOAL
8by8,0,mixed,101,1,5.0,random,,PURSUER_WIN
8by8,0,mixed,101,1,25.0,shortest path,,PURSUER_WIN
8by8,0,mixed,101,1,16.0,shortest path,,PURSUER_WIN
8by8,0,mixed,101,1,4.0,I-NTMCP l=0,0.0,PURSUER_WIN
8by8,0,mixed,101,1,2.0,I-NTMCP l=1,1.0,PURSUER_WIN
8by8,0,mixed,101,1,4.0,shortest path,,PURSUER_WIN
8by8,0,mixed,101,0,9.0,I-NTMCP l=0,0.0,EVADER_REACHED_GOAL
8by8,0,mixed,101,0,9.0,I-NTMCP l=1,1.0,EVADER_REACHED_GOAL
8by8,0,mixed,101,1,10.0,random,,PURSUER_WIN
8by8,0,mixed,101,1,4.0,I-NTMCP l=0,0.0,PURSUER_WIN
8by8,0,mixed,101,1,4.0,shortest path,,PURSUER_WIN
8by8,0,mixed,101,1,6.0,shortest path,,PURSUER_WIN
8by8,0,mixed,101,1,8.0,random,,PURSUER_WIN
8by8,0,mixed,101,0,11.0,I-NTMCP l=1,1.0,EVADER_REACHED_GOAL
8by8,0,mixed,101,1,4.0,I-NTMCP l=0,0.0,PURSUER_WIN
8by8,0,mixed,101,1,9.0,shortest path,,PURSUER_WIN
8by8,0,mixed,101,1,2.0,I-NTMCP l=1,1.0,PURSUER_WIN
8by8,0,mixed,101,1,4.0,I-NTMCP l=0,0.0,PURSUER_WIN
8by8,0,mixed,101,0,31.0,shortest path,,EVADER_REACHED_GOAL
8by8,0,mixed,101,0,12.0,I-NTMCP l=1,1.0,EVADER_REACHED_GOAL
8by8,0,mixed,101,1,5.0,I-NTMCP l=1,1.0,PURSUER_WIN
8by8,0,mixed,101,0,22.0,shortest path,,EVADER_REACHED_GOAL
8by8,0,mixed,101,1,8.0,random,,PURSUER_WIN
8by8,0,mixed,101,0,12.0,I-NTMCP l=1,1.0,EVADER_REACHED_GOAL
8by8,0,mixed,101,0,10.0,I-NTMCP l=1,1.0,EVADER_REACHED_GOAL
8by8,0,mixed,101,0,9.0,I-NTMCP l=0,0.0,EVADER_REACHED_GOAL
8by8,0,mixed,101,0,19.0,shortest path,,EVADER_REACHED_GOAL
8by8,0,mixed,101,1,11.0,random,,PURSUER_WIN
8by8,0,mixed,101,0,11.0,I-NTMCP l=0,0.0,EVADER_REACHED_GOAL
8by8,0,mixed,101,1,2.0,I-NTMCP l=0,0.0,PURSUER_WIN
8by8,0,mixed,101,0,12.0,I-NTMCP l=1,1.0,EVADER_REACHED_GOAL
8by8,0,mixed,101,0,9.0,I-NTMCP l=1,1.0,EVADER_REACHED_GOAL
8by8,0,mixed,101,0,40.0,shortest path,,OTHER_LOSS_OR_TIMEOUT
8by8,0,mixed,101,1,3.0,I-NTMCP l=1,1.0,PURSUER_WIN
8by8,0,mixed,101,1,4.0,random,,PURSUER_WIN
8by8,0,mixed,101,1,2.0,I-NTMCP l=1,1.0,PURSUER_WIN
8by8,0,mixed,101,1,4.0,I-NTMCP l=1,1.0,PURSUER_WIN
8by8,0,mixed,101,1,5.0,random,,PURSUER_WIN
8by8,0,mixed,101,1,4.0,I-NTMCP l=1,1.0,PURSUER_WIN
8by8,0,mixed,101,1,6.0,shortest path,,PURSUER_WIN
8by8,0,mixed,101,1,8.0,random,,PURSUER_WIN
8by8,0,mixed,101,1,2.0,I-NTMCP l=0,0.0,PURSUER_WIN
8by8,0,mixed,101,1,6.0,random,,PURSUER_WIN
8by8,0,mixed,101,0,13.0,I-NTMCP l=0,0.0,EVADER_REACHED_GOAL
8by8,0,mixed,101,0,9.0,I-NTMCP l=0,0.0,EVADER_REACHED_GOAL
8by8,0,mixed,101,1,11.0,random,,PURSUER_WIN
8by8,0,mixed,101,1,5.0,I-NTMCP l=0,0.0,PURSUER_WIN
8by8,0,mixed,102,0,15.0,shortest path,,EVADER_REACHED_GOAL
8by8,0,mixed,102,0,9.0,I-NTMCP l=0,0.0,EVADER_REACHED_GOAL
8by8,0,mixed,102,1,5.0,shortest path,,PURSUER_WIN
8by8,0,mixed,102,1,4.0,shortest path,,PURSUER_WIN
8by8,0,mixed,102,0,9.0,I-NTMCP l=1,1.0,EVADER_REACHED_GOAL
8by8,0,mixed,102,0,11.0,I-NTMCP l=0,0.0,EVADER_REACHED_GOAL
8by8,0,mixed,102,0,9.0,I-NTMCP l=1,1.0,EVADER_REACHED_GOAL
8by8,0,mixed,102,1,7.0,random,,PURSUER_WIN
8by8,0,mixed,102,1,26.0,shortest path,,PURSUER_WIN
8by8,0,mixed,102,0,9.0,I-NTMCP l=1,1.0,EVADER_REACHED_GOAL
8by8,0,mixed,102,1,5.0,I-NTMCP l=1,1.0,PURSUER_WIN
8by8,0,mixed,102,1,6.0,shortest path,,PURSUER_WIN
8by8,0,mixed,102,0,23.0,shortest path,,EVADER_REACHED_GOAL
8by8,0,mixed,102,1,9.0,random,,PURSUER_WIN
8by8,0,mixed,102,1,5.0,random,,PURSUER_WIN
8by8,0,mixed,102,1,2.0,shortest path,,PURSUER_WIN
8by8,0,mixed,102,1,2.0,I-NTMCP l=1,1.0,PURSUER_WIN
8by8,0,mixed,102,1,4.0,shortest path,,PURSUER_WIN
8by8,0,mixed,102,0,40.0,shortest path,,EVADER_REACHED_GOAL
8by8,0,mixed,102,0,10.0,I-NTMCP l=1,1.0,EVADER_REACHED_GOAL
8by8,0,mixed,102,0,13.0,I-NTMCP l=1,1.0,EVADER_REACHED_GOAL
8by8,0,mixed,102,1,4.0,I-NTMCP l=1,1.0,PURSUER_WIN
8by8,0,mixed,102,1,3.0,random,,PURSUER_WIN
8by8,0,mixed,102,0,16.0,shortest path,,EVADER_REACHED_GOAL
8by8,0,mixed,102,1,19.0,random,,PURSUER_WIN
8by8,0,mixed,102,0,9.0,I-NTMCP l=0,0.0,EVADER_REACHED_GOAL
8by8,0,mixed,102,1,3.0,I-NTMCP l=1,1.0,PURSUER_WIN
8by8,0,mixed,102,1,2.0,shortest path,,PURSUER_WIN
8by8,0,mixed,102,0,12.0,I-NTMCP l=1,1.0,EVADER_REACHED_GOAL
8by8,0,mixed,102,1,4.0,I-NTMCP l=1,1.0,PURSUER_WIN
8by8,0,mixed,102,0,13.0,I-NTMCP l=1,1.0,EVADER_REACHED_GOAL
8by8,0,mixed,102,1,5.0,shortest path,,PURSUER_WIN
8by8,0,mixed,102,1,2.0,shortest path,,PURSUER_WIN
8by8,0,mixed,102,0,15.0,I-NTMCP l=0,0.0,EVADER_REACHED_GOAL
8by8,0,mixed,102,0,11.0,shortest path,,EVADER_REACHED_GOAL
8by8,0,mixed,102,1,7.0,random,,PURSUER_WIN
8by8,0,mixed,102,1,6.0,shortest path,,PURSUER_WIN
8by8,0,mixed,102,0,15.0,I-NTMCP l=0,0.0,EVADER_REACHED_GOAL
8by8,0,mixed,102,1,4.0,I-NTMCP l=1,1.0,PURSUER_WIN
8by8,0,mixed,102,0,24.0,shortest path,,EVADER_REACHED_GOAL
8by8,0,mixed,102,0,12.0,I-NTMCP l=1,1.0,EVADER_REACHED_GOAL
8by8,0,mixed,102,0,9.0,I-NTMCP l=0,0.0,EVADER_REACHED_GOAL
8by8,0,mixed,102,1,2.0,I-NTMCP l=0,0.0,PURSUER_WIN
8by8,0,mixed,102,1,3.0,I-NTMCP l=1,1.0,PURSUER_WIN
8by8,0,mixed,102,1,4.0,I-NTMCP l=1,1.0,PURSUER_WIN
8by8,0,mixed,102,1,7.0,shortest path,,PURSUER_WIN
8by8,0,mixed,102,1,2.0,I-NTMCP l=1,1.0,PURSUER_WIN
8by8,0,mixed,102,1,2.0,shortest path,,PURSUER_WIN
8by8,0,mixed,102,1,18.0,shortest path,,PURSUER_WIN
8by8,0,mixed,102,1,5.0,shortest path,,PURSUER_WIN
8by8,0,mixed,103,0,16.0,I-NTMCP l=1,1.0,EVADER_REACHED_GOAL
8by8,0,mixed,103,0,21.0,shortest path,,EVADER_REACHED_GOAL
8by8,0,mixed,103,1,11.0,random,,PURSUER_WIN
8by8,0,mixed,103,1,4.0,random,,PURSUER_WIN
8by8,0,mixed,103,0,12.0,I-NTMCP l=1,1.0,EVADER_REACHED_GOAL
8by8,0,mixed,103,0,9.0,I-NTMCP l=1,1.0,EVADER_REACHED_GOAL
8by8,0,mixed,103,1,2.0,I-NTMCP l=0,0.0,PURSUER_WIN
8by8,0,mixed,103,1,2.0,random,,PURSUER_WIN
8by8,0,mixed,103,1,4.0,I-NTMCP l=1,1.0,PURSUER_WIN
8by8,0,mixed,103,1,6.0,random,,PURSUER_WIN
8by8,0,mixed,103,0,18.0,shortest path,,EVADER_REACHED_GOAL
8by8,0,mixed,103,1,2.0,shortest path,,PURSUER_WIN
8by8,0,mixed,103,1,39.0,random,,PURSUER_WIN
8by8,0,mixed,103,1,9.0,random,,PURSUER_WIN
8by8,0,mixed,103,1,6.0,shortest path,,PURSUER_WIN
8by8,0,mixed,103,1,9.0,random,,PURSUER_WIN
8by8,0,mixed,103,0,11.0,shortest path,,EVADER_REACHED_GOAL
8by8,0,mixed,103,0,14.0,I-NTMCP l=0,0.0,EVADER_REACHED_GOAL
8by8,0,mixed,103,1,10.0,shortest path,,PURSUER_WIN
8by8,0,mixed,103,0,13.0,I-NTMCP l=1,1.0,EVADER_REACHED_GOAL
8by8,0,mixed,103,1,2.0,I-NTMCP l=1,1.0,PURSUER_WIN
8by8,0,mixed,103,1,5.0,shortest path,,PURSUER_WIN
8by8,0,mixed,103,0,9.0,shortest path,,EVADER_REACHED_GOAL
8by8,0,mixed,103,1,6.0,random,,PURSUER_WIN
8by8,0,mixed,103,0,12.0,I-NTMCP l=0,0.0,EVADER_REACHED_GOAL
8by8,0,mixed,103,1,3.0,shortest path,,PURSUER_WIN
8by8,0,mixed,103,0,17.0,shortest path,,EVADER_REACHED_GOAL
8by8,0,mixed,103,0,12.0,I-NTMCP l=1,1.0,EVADER_REACHED_GOAL
8by8,0,mixed,103,1,4.0,I-NTMCP l=0,0.0,PURSUER_WIN
8by8,0,mixed,103,0,12.0,I-NTMCP l=0,0.0,EVADER_REACHED_GOAL
8by8,0,mixed,103,1,5.0,shortest path,,PURSUER_WIN
8by8,0,mixed,103,1,4.0,I-NTMCP l=1,1.0,PURSUER_WIN
8by8,0,mixed,103,1,5.0,shortest path,,PURSUER_WIN
8by8,0,mixed,103,0,12.0,I-NTMCP l=0,0.0,EVADER_REACHED_GOAL
8by8,0,mixed,103,1,8.0,random,,PURSUER_WIN
8by8,0,mixed,103,0,9.0,I-NTMCP l=1,1.0,EVADER_REACHED_GOAL
8by8,0,mixed,103,1,4.0,shortest path,,PURSUER_WIN
8by8,0,mixed,103,1,6.0,shortest path,,PURSUER_WIN
8by8,0,mixed,103,0,10.0,I-NTMCP l=1,1.0,EVADER_REACHED_GOAL
8by8,0,mixed,103,1,2.0,I-NTMCP l=0,0.0,PURSUER_WIN
8by8,0,mixed,103,1,4.0,random,,PURSUER_WIN
8by8,0,mixed,103,1,5.0,I-NTMCP l=1,1.0,PURSUER_WIN
8by8,0,mixed,103,0,11.0,I-NTMCP l=0,0.0,EVADER_REACHED_GOAL
8by8,0,mixed,103,1,6.0,random,,PURSUER_WIN
8by8,0,mixed,103,1,7.0,random,,PURSUER_WIN
8by8,0,mixed,103,1,4.0,I-NTMCP l=0,0.0,PURSUER_WIN
8by8,0,mixed,103,1,2.0,I-NTMCP l=1,1.0,PURSUER_WIN
8by8,0,mixed,103,1,6.0,random,,PURSUER_WIN
8by8,0,mixed,103,1,17.0,random,,PURSUER_WIN
8by8,0,mixed,103,0,9.0,I-NTMCP l=1,1.0,EVADER_REACHED_GOAL
8by8,0,mixed,104,1,7.0,random,,PURSUER_WIN
8by8,0,mixed,104,0,9.0,shortest path,,EVADER_REACHED_GOAL
8by8,0,mixed,104,1,3.0,shortest path,,PURSUER_WIN
8by8,0,mixed,104,0,14.0,I-NTMCP l=1,1.0,EVADER_REACHED_GOAL
8by8,0,mixed,104,0,13.0,I-NTMCP l=0,0.0,EVADER_REACHED_GOAL
8by8,0,mixed,104,1,6.0,random,,PURSUER_WIN
8by8,0,mixed,104,0,17.0,shortest path,,EVADER_REACHED_GOAL
8by8,0,mixed,104,1,5.0,random,,PURSUER_WIN
8by8,0,mixed,104,1,4.0,shortest path,,PURSUER_WIN
8by8,0,mixed,104,1,18.0,random,,PURSUER_WIN
8by8,0,mixed,104,0,9.0,shortest path,,EVADER_REACHED_GOAL
8by8,0,mixed,104,1,5.0,random,,PURSUER_WIN
8by8,0,mixed,104,1,7.0,random,,PURSUER_WIN
8by8,0,mixed,104,0,13.0,I-NTMCP l=0,0.0,EVADER_REACHED_GOAL
8by8,0,mixed,104,1,2.0,I-NTMCP l=0,0.0,PURSUER_WIN
8by8,0,mixed,104,1,5.0,random,,PURSUER_WIN
8by8,0,mixed,104,1,4.0,shortest path,,PURSUER_WIN
8by8,0,mixed,104,1,2.0,I-NTMCP l=0,0.0,PURSUER_WIN
8by8,0,mixed,104,0,12.0,I-NTMCP l=1,1.0,EVADER_REACHED_GOAL
8by8,0,mixed,104,1,5.0,I-NTMCP l=0,0.0,PURSUER_WIN
8by8,0,mixed,104,1,18.0,shortest path,,PURSUER_WIN
8by8,0,mixed,104,1,3.0,I-NTMCP l=0,0.0,PURSUER_WIN
8by8,0,mixed,104,0,9.0,I-NTMCP l=1,1.0,EVADER_REACHED_GOAL
8by8,0,mixed,104,1,6.0,random,,PURSUER_WIN
8by8,0,mixed,104,0,9.0,I-NTMCP l=1,1.0,EVADER_REACHED_GOAL
8by8,0,mixed,104,0,18.0,I-NTMCP l=1,1.0,EVADER_REACHED_GOAL
8by8,0,mixed,104,0,13.0,shortest path,,EVADER_REACHED_GOAL
8by8,0,mixed,104,0,11.0,I-NTMCP l=0,0.0,EVADER_REACHED_GOAL
8by8,0,mixed,104,1,4.0,shortest path,,PURSUER_WIN
8by8,0,mixed,104,1,6.0,random,,PURSUER_WIN
8by8,0,mixed,104,1,4.0,random,,PURSUER_WIN
8by8,0,mixed,104,1,19.0,random,,PURSUER_WIN
8by8,0,mixed,104,1,6.0,random,,PURSUER_WIN
8by8,0,mixed,104,1,5.0,shortest path,,PURSUER_WIN
8by8,0,mixed,104,1,5.0,I-NTMCP l=0,0.0,PURSUER_WIN
8by8,0,mixed,104,1,2.0,I-NTMCP l=1,1.0,PURSUER_WIN
8by8,0,mixed,104,0,9.0,I-NTMCP l=0,0.0,EVADER_REACHED_GOAL
8by8,0,mixed,104,1,7.0,random,,PURSUER_WIN
8by8,0,mixed,104,1,5.0,I-NTMCP l=0,0.0,PURSUER_WIN
8by8,0,mixed,104,1,7.0,shortest path,,PURSUER_WIN
8by8,0,mixed,104,1,5.0,random,,PURSUER_WIN
8by8,0,mixed,104,1,7.0,random,,PURSUER_WIN
8by8,0,mixed,104,0,9.0,I-NTMCP l=1,1.0,EVADER_REACHED_GOAL
8by8,0,mixed,104,1,4.0,I-NTMCP l=1,1.0,PURSUER_WIN
8by8,0,mixed,104,0,13.0,shortest path,,EVADER_REACHED_GOAL
8by8,0,mixed,104,0,13.0,shortest path,,EVADER_REACHED_GOAL
8by8,0,mixed,104,1,3.0,shortest path,,PURSUER_WIN
8by8,0,mixed,104,0,9.0,shortest path,,EVADER_REACHED_GOAL
8by8,0,mixed,104,0,9.0,shortest path,,EVADER_REACHED_GOAL
8by8,0,mixed,104,1,6.0,random,,PURSUER_WIN
8by8,0,mixed,105,1,2.0,I-NTMCP l=0,0.0,PURSUER_WIN
8by8,0,mixed,105,0,40.0,random,,OTHER_LOSS_OR_TIMEOUT
8by8,0,mixed,105,1,14.0,random,,PURSUER_WIN
8by8,0,mixed,105,1,2.0,I-NTMCP l=0,0.0,PURSUER_WIN
8by8,0,mixed,105,0,11.0,I-NTMCP l=0,0.0,EVADER_REACHED_GOAL
8by8,0,mixed,105,0,16.0,I-NTMCP l=0,0.0,EVADER_REACHED_GOAL
8by8,0,mixed,105,0,14.0,shortest path,,EVADER_REACHED_GOAL
8by8,0,mixed,105,0,15.0,I-NTMCP l=0,0.0,EVADER_REACHED_GOAL
8by8,0,mixed,105,0,10.0,shortest path,,EVADER_REACHED_GOAL
8by8,0,mixed,105,1,2.0,shortest path,,PURSUER_WIN
8by8,0,mixed,105,1,5.0,random,,PURSUER_WIN
8by8,0,mixed,105,0,10.0,I-NTMCP l=1,1.0,EVADER_REACHED_GOAL
8by8,0,mixed,105,1,3.0,I-NTMCP l=0,0.0,PURSUER_WIN
8by8,0,mixed,105,1,12.0,shortest path,,PURSUER_WIN
8by8,0,mixed,105,0,9.0,I-NTMCP l=1,1.0,EVADER_REACHED_GOAL
8by8,0,mixed,105,1,3.0,I-NTMCP l=1,1.0,PURSUER_WIN
8by8,0,mixed,105,1,4.0,I-NTMCP l=1,1.0,PURSUER_WIN
8by8,0,mixed,105,0,10.0,I-NTMCP l=1,1.0,EVADER_REACHED_GOAL
8by8,0,mixed,105,1,5.0,shortest path,,PURSUER_WIN
8by8,0,mixed,105,0,12.0,shortest path,,EVADER_REACHED_GOAL
8by8,0,mixed,105,1,4.0,I-NTMCP l=0,0.0,PURSUER_WIN
8by8,0,mixed,105,1,2.0,I-NTMCP l=0,0.0,PURSUER_WIN
8by8,0,mixed,105,1,5.0,random,,PURSUER_WIN
8by8,0,mixed,105,0,12.0,I-NTMCP l=0,0.0,EVADER_REACHED_GOAL
8by8,0,mixed,105,1,2.0,random,,PURSUER_WIN
8by8,0,mixed,105,1,4.0,I-NTMCP l=0,0.0,PURSUER_WIN
8by8,0,mixed,105,0,22.0,shortest path,,EVADER_REACHED_GOAL
8by8,0,mixed,105,0,9.0,I-NTMCP l=1,1.0,EVADER_REACHED_GOAL
8by8,0,mixed,105,0,9.0,I-NTMCP l=1,1.0,EVADER_REACHED_GOAL
8by8,0,mixed,105,0,9.0,I-NTMCP l=1,1.0,EVADER_REACHED_GOAL
8by8,0,mixed,105,1,3.0,I-NTMCP l=0,0.0,PURSUER_WIN
8by8,0,mixed,105,1,8.0,random,,PURSUER_WIN
8by8,0,mixed,105,0,9.0,I-NTMCP l=1,1.0,EVADER_REACHED_GOAL
8by8,0,mixed,105,0,10.0,I-NTMCP l=0,0.0,EVADER_REACHED_GOAL
8by8,0,mixed,105,1,2.0,I-NTMCP l=0,0.0,PURSUER_WIN
8by8,0,mixed,105,1,4.0,I-NTMCP l=0,0.0,PURSUER_WIN
8by8,0,mixed,105,1,2.0,shortest path,,PURSUER_WIN
8by8,0,mixed,105,1,5.0,random,,PURSUER_WIN
8by8,0,mixed,105,0,16.0,I-NTMCP l=1,1.0,EVADER_REACHED_GOAL
8by8,0,mixed,105,0,9.0,I-NTMCP l=1,1.0,EVADER_REACHED_GOAL
8by8,0,mixed,105,0,9.0,I-NTMCP l=0,0.0,EVADER_REACHED_GOAL
8by8,0,mixed,105,1,4.0,random,,PURSUER_WIN
8by8,0,mixed,105,0,21.0,shortest path,,EVADER_REACHED_GOAL
8by8,0,mixed,105,1,4.0,shortest path,,PURSUER_WIN
8by8,0,mixed,105,1,8.0,random,,PURSUER_WIN
8by8,0,mixed,105,1,5.0,shortest path,,PURSUER_WIN
8by8,0,mixed,105,0,9.0,I-NTMCP l=0,0.0,EVADER_REACHED_GOAL
8by8,0,mixed,105,0,13.0,I-NTMCP l=1,1.0,EVADER_REACHED_GOAL
8by8,0,mixed,105,1,2.0,I-NTMCP l=1,1.0,PURSUER_WIN
8by8,0,mixed,105,1,9.0,shortest path,,PURSUER_WIN
8by8,0,mixed,106,0,9.0,I-NTMCP l=1,1.0,EVADER_REACHED_GOAL
8by8,0,mixed,106,1,12.0,random,,PURSUER_WIN
8by8,0,mixed,106,0,11.0,I-NTMCP l=1,1.0,EVADER_REACHED_GOAL
8by8,0,mixed,106,1,15.0,random,,PURSUER_WIN
8by8,0,mixed,106,0,16.0,I-NTMCP l=0,0.0,EVADER_REACHED_GOAL
8by8,0,mixed,106,1,2.0,random,,PURSUER_WIN
8by8,0,mixed,106,0,38.0,shortest path,,EVADER_REACHED_GOAL
8by8,0,mixed,106,0,11.0,I-NTMCP l=1,1.0,EVADER_REACHED_GOAL
8by8,0,mixed,106,0,10.0,I-NTMCP l=0,0.0,EVADER_REACHED_GOAL
8by8,0,mixed,106,1,7.0,I-NTMCP l=1,1.0,PURSUER_WIN
8by8,0,mixed,106,0,9.0,I-NTMCP l=1,1.0,EVADER_REACHED_GOAL
8by8,0,mixed,106,0,9.0,I-NTMCP l=0,0.0,EVADER_REACHED_GOAL
8by8,0,mixed,106,1,6.0,shortest path,,PURSUER_WIN
8by8,0,mixed,106,1,4.0,I-NTMCP l=1,1.0,PURSUER_WIN
8by8,0,mixed,106,0,17.0,I-NTMCP l=0,0.0,EVADER_REACHED_GOAL
8by8,0,mixed,106,0,12.0,I-NTMCP l=1,1.0,EVADER_REACHED_GOAL
8by8,0,mixed,106,1,9.0,shortest path,,PURSUER_WIN
8by8,0,mixed,106,1,3.0,shortest path,,PURSUER_WIN
8by8,0,mixed,106,0,12.0,I-NTMCP l=0,0.0,EVADER_REACHED_GOAL
8by8,0,mixed,106,0,13.0,I-NTMCP l=0,0.0,EVADER_REACHED_GOAL
8by8,0,mixed,106,0,9.0,I-NTMCP l=1,1.0,EVADER_REACHED_GOAL
8by8,0,mixed,106,1,2.0,I-NTMCP l=0,0.0,PURSUER_WIN
8by8,0,mixed,106,1,10.0,random,,PURSUER_WIN
8by8,0,mixed,106,1,4.0,I-NTMCP l=0,0.0,PURSUER_WIN
8by8,0,mixed,106,0,9.0,I-NTMCP l=0,0.0,EVADER_REACHED_GOAL
8by8,0,mixed,106,1,4.0,I-NTMCP l=0,0.0,PURSUER_WIN
8by8,0,mixed,106,0,12.0,shortest path,,EVADER_REACHED_GOAL
8by8,0,mixed,106,1,6.0,shortest path,,PURSUER_WIN
8by8,0,mixed,106,1,2.0,I-NTMCP l=1,1.0,PURSUER_WIN
8by8,0,mixed,106,1,5.0,random,,PURSUER_WIN
8by8,0,mixed,106,1,7.0,random,,PURSUER_WIN
8by8,0,mixed,106,1,8.0,random,,PURSUER_WIN
8by8,0,mixed,106,1,6.0,I-NTMCP l=0,0.0,PURSUER_WIN
8by8,0,mixed,106,1,4.0,random,,PURSUER_WIN
8by8,0,mixed,106,1,4.0,shortest path,,PURSUER_WIN
8by8,0,mixed,106,1,4.0,I-NTMCP l=0,0.0,PURSUER_WIN
8by8,0,mixed,106,1,2.0,I-NTMCP l=1,1.0,PURSUER_WIN
8by8,0,mixed,106,1,2.0,I-NTMCP l=0,0.0,PURSUER_WIN
8by8,0,mixed,106,1,4.0,I-NTMCP l=0,0.0,PURSUER_WIN
8by8,0,mixed,106,1,5.0,I-NTMCP l=1,1.0,PURSUER_WIN
8by8,0,mixed,106,1,4.0,I-NTMCP l=1,1.0,PURSUER_WIN
8by8,0,mixed,106,0,12.0,I-NTMCP l=1,1.0,EVADER_REACHED_GOAL
8by8,0,mixed,106,1,6.0,shortest path,,PURSUER_WIN
8by8,0,mixed,106,0,9.0,shortest path,,EVADER_REACHED_GOAL
8by8,0,mixed,106,1,4.0,shortest path,,PURSUER_WIN
8by8,0,mixed,106,1,4.0,I-NTMCP l=1,1.0,PURSUER_WIN
8by8,0,mixed,106,1,2.0,shortest path,,PURSUER_WIN
8by8,0,mixed,106,1,10.0,shortest path,,PURSUER_WIN
8by8,0,mixed,106,1,4.0,shortest path,,PURSUER_WIN
8by8,0,mixed,106,0,13.0,shortest path,,EVADER_REACHED_GOAL
8by8,0,mixed,107,1,4.0,shortest path,,PURSUER_WIN
8by8,0,mixed,107,0,9.0,I-NTMCP l=1,1.0,EVADER_REACHED_GOAL
8by8,0,mixed,107,0,12.0,I-NTMCP l=1,1.0,EVADER_REACHED_GOAL
8by8,0,mixed,107,0,9.0,I-NTMCP l=0,0.0,EVADER_REACHED_GOAL
8by8,0,mixed,107,0,14.0,shortest path,,EVADER_REACHED_GOAL
8by8,0,mixed,107,0,13.0,I-NTMCP l=1,1.0,EVADER_REACHED_GOAL
8by8,0,mixed,107,1,17.0,random,,PURSUER_WIN
8by8,0,mixed,107,1,2.0,I-NTMCP l=0,0.0,PURSUER_WIN
8by8,0,mixed,107,0,12.0,I-NTMCP l=0,0.0,EVADER_REACHED_GOAL
8by8,0,mixed,107,1,2.0,random,,PURSUER_WIN
8by8,0,mixed,107,0,12.0,I-NTMCP l=0,0.0,EVADER_REACHED_GOAL
8by8,0,mixed,107,1,2.0,I-NTMCP l=0,0.0,PURSUER_WIN
8by8,0,mixed,107,1,5.0,shortest path,,PURSUER_WIN
8by8,0,mixed,107,0,21.0,shortest path,,EVADER_REACHED_GOAL
8by8,0,mixed,107,1,3.0,shortest path,,PURSUER_WIN
8by8,0,mixed,107,1,23.0,shortest path,,PURSUER_WIN
8by8,0,mixed,107,1,5.0,shortest path,,PURSUER_WIN
8by8,0,mixed,107,1,2.0,shortest path,,PURSUER_WIN
8by8,0,mixed,107,1,5.0,I-NTMCP l=0,0.0,PURSUER_WIN
8by8,0,mixed,107,1,14.0,random,,PURSUER_WIN
8by8,0,mixed,107,1,4.0,random,,PURSUER_WIN
8by8,0,mixed,107,1,4.0,shortest path,,PURSUER_WIN
8by8,0,mixed,107,1,13.0,random,,PURSUER_WIN
8by8,0,mixed,107,0,9.0,I-NTMCP l=1,1.0,EVADER_REACHED_GOAL
8by8,0,mixed,107,1,2.0,shortest path,,PURSUER_WIN
8by8,0,mixed,107,0,9.0,shortest path,,EVADER_REACHED_GOAL
8by8,0,mixed,107,0,9.0,I-NTMCP l=1,1.0,EVADER_REACHED_GOAL
8by8,0,mixed,107,0,12.0,I-NTMCP l=0,0.0,EVADER_REACHED_GOAL
8by8,0,mixed,107,1,3.0,random,,PURSUER_WIN
8by8,0,mixed,107,1,7.0,shortest path,,PURSUER_WIN
8by8,0,mixed,107,1,5.0,I-NTMCP l=0,0.0,PURSUER_WIN
8by8,0,mixed,107,1,2.0,I-NTMCP l=1,1.0,PURSUER_WIN
8by8,0,mixed,107,0,12.0,I-NTMCP l=1,1.0,EVADER_REACHED_GOAL
8by8,0,mixed,107,1,5.0,shortest path,,PURSUER_WIN
8by8,0,mixed,107,1,7.0,random,,PURSUER_WIN
8by8,0,mixed,107,1,5.0,I-NTMCP l=0,0.0,PURSUER_WIN
8by8,0,mixed,107,0,9.0,I-NTMCP l=1,1.0,EVADER_REACHED_GOAL
8by8,0,mixed,107,0,9.0,I-NTMCP l=0,0.0,EVADER_REACHED_GOAL
8by8,0,mixed,107,1,5.0,I-NTMCP l=0,0.0,PURSUER_WIN
8by8,0,mixed,107,1,6.0,random,,PURSUER_WIN
8by8,0,mixed,107,1,2.0,I-NTMCP l=1,1.0,PURSUER_WIN
8by8,0,mixed,107,0,11.0,I-NTMCP l=0,0.0,EVADER_REACHED_GOAL
8by8,0,mixed,107,1,12.0,shortest path,,PURSUER_WIN
8by8,0,mixed,107,0,12.0,shortest path,,EVADER_REACHED_GOAL
8by8,0,mixed,107,1,27.0,shortest path,,PURSUER_WIN
8by8,0,mixed,107,1,8.0,random,,PURSUER_WIN
8by8,0,mixed,107,0,9.0,I-NTMCP l=1,1.0,EVADER_REACHED_GOAL
8by8,0,mixed,107,1,4.0,shortest path,,PURSUER_WIN
8by8,0,mixed,107,1,19.0,shortest path,,PURSUER_WIN
8by8,0,mixed,107,0,9.0,I-NTMCP l=0,0.0,EVADER_REACHED_GOAL
8by8,0,mixed,108,1,9.0,shortest path,,PURSUER_WIN
8by8,0,mixed,108,1,5.0,random,,PURSUER_WIN
8by8,0,mixed,108,1,2.0,I-NTMCP l=1,1.0,PURSUER_WIN
8by8,0,mixed,108,1,14.0,I-NTMCP l=0,0.0,PURSUER_WIN
8by8,0,mixed,108,0,9.0,I-NTMCP l=1,1.0,EVADER_REACHED_GOAL
8by8,0,mixed,108,1,4.0,shortest path,,PURSUER_WIN
8by8,0,mixed,108,1,10.0,random,,PURSUER_WIN
8by8,0,mixed,108,1,4.0,I-NTMCP l=0,0.0,PURSUER_WIN
8by8,0,mixed,108,0,10.0,shortest path,,EVADER_REACHED_GOAL
8by8,0,mixed,108,0,12.0,shortest path,,EVADER_REACHED_GOAL
8by8,0,mixed,108,1,16.0,shortest path,,PURSUER_WIN
8by8,0,mixed,108,1,4.0,I-NTMCP l=0,0.0,PURSUER_WIN
8by8,0,mixed,108,0,22.0,shortest path,,EVADER_REACHED_GOAL
8by8,0,mixed,108,1,2.0,random,,PURSUER_WIN
8by8,0,mixed,108,1,3.0,shortest path,,PURSUER_WIN
8by8,0,mixed,108,1,6.0,random,,PURSUER_WIN
8by8,0,mixed,108,1,4.0,I-NTMCP l=1,1.0,PURSUER_WIN
8by8,0,mixed,108,1,7.0,random,,PURSUER_WIN
8by8,0,mixed,108,1,3.0,I-NTMCP l=0,0.0,PURSUER_WIN
8by8,0,mixed,108,1,4.0,I-NTMCP l=1,1.0,PURSUER_WIN
8by8,0,mixed,108,1,4.0,shortest path,,PURSUER_WIN
8by8,0,mixed,108,1,8.0,random,,PURSUER_WIN
8by8,0,mixed,108,1,4.0,I-NTMCP l=1,1.0,PURSUER_WIN
8by8,0,mixed,108,1,6.0,random,,PURSUER_WIN
8by8,0,mixed,108,0,10.0,I-NTMCP l=0,0.0,EVADER_REACHED_GOAL
8by8,0,mixed,108,0,9.0,I-NTMCP l=0,0.0,EVADER_REACHED_GOAL
8by8,0,mixed,108,1,4.0,shortest path,,PURSUER_WIN
8by8,0,mixed,108,0,40.0,shortest path,,OTHER_LOSS_OR_TIMEOUT
8by8,0,mixed,108,1,3.0,I-NTMCP l=1,1.0,PURSUER_WIN
8by8,0,mixed,108,0,14.0,shortest path,,EVADER_REACHED_GOAL
8by8,0,mixed,108,1,12.0,random,,PURSUER_WIN
8by8,0,mixed,108,1,7.0,random,,PURSUER_WIN
8by8,0,mixed,108,1,4.0,I-NTMCP l=1,1.0,PURSUER_WIN
8by8,0,mixed,108,1,4.0,random,,PURSUER_WIN
8by8,0,mixed,108,0,10.0,I-NTMCP l=1,1.0,EVADER_REACHED_GOAL
8by8,0,mixed,108,1,4.0,shortest path,,PURSUER_WIN
8by8,0,mixed,108,0,9.0,I-NTMCP l=0,0.0,EVADER_REACHED_GOAL
8by8,0,mixed,108,0,13.0,shortest path,,EVADER_REACHED_GOAL
8by8,0,mixed,108,1,4.0,I-NTMCP l=1,1.0,PURSUER_WIN
8by8,0,mixed,108,1,6.0,random,,PURSUER_WIN
8by8,0,mixed,108,0,9.0,I-NTMCP l=0,0.0,EVADER_REACHED_GOAL
8by8,0,mixed,108,0,9.0,shortest path,,EVADER_REACHED_GOAL
8by8,0,mixed,108,1,4.0,shortest path,,PURSUER_WIN
8by8,0,mixed,108,0,12.0,I-NTMCP l=0,0.0,EVADER_REACHED_GOAL
8by8,0,mixed,108,1,2.0,shortest path,,PURSUER_WIN
8by8,0,mixed,108,1,6.0,random,,PURSUER_WIN
8by8,0,mixed,108,1,4.0,shortest path,,PURSUER_WIN
8by8,0,mixed,108,1,7.0,I-NTMCP l=1,1.0,PURSUER_WIN
8by8,0,mixed,108,0,12.0,I-NTMCP l=1,1.0,EVADER_REACHED_GOAL
8by8,0,mixed,108,0,9.0,shortest path,,EVADER_REACHED_GOAL
8by8,0,mixed,109,0,10.0,I-NTMCP l=0,0.0,EVADER_REACHED_GOAL
8by8,0,mixed,109,1,29.0,shortest path,,PURSUER_WIN
8by8,0,mixed,109,1,4.0,I-NTMCP l=1,1.0,PURSUER_WIN
8by8,0,mixed,109,0,14.0,I-NTMCP l=1,1.0,EVADER_REACHED_GOAL
8by8,0,mixed,109,1,6.0,random,,PURSUER_WIN
8by8,0,mixed,109,1,9.0,random,,PURSUER_WIN
8by8,0,mixed,109,1,5.0,shortest path,,PURSUER_WIN
8by8,0,mixed,109,0,10.0,I-NTMCP l=1,1.0,EVADER_REACHED_GOAL
8by8,0,mixed,109,1,2.0,I-NTMCP l=0,0.0,PURSUER_WIN
8by8,0,mixed,109,1,10.0,random,,PURSUER_WIN
8by8,0,mixed,109,1,12.0,shortest path,,PURSUER_WIN
8by8,0,mixed,109,1,5.0,I-NTMCP l=1,1.0,PURSUER_WIN
8by8,0,mixed,109,1,3.0,I-NTMCP l=0,0.0,PURSUER_WIN
8by8,0,mixed,109,1,4.0,I-NTMCP l=1,1.0,PURSUER_WIN
8by8,0,mixed,109,1,8.0,shortest path,,PURSUER_WIN
8by8,0,mixed,109,0,10.0,I-NTMCP l=0,0.0,EVADER_REACHED_GOAL
8by8,0,mixed,109,0,13.0,I-NTMCP l=0,0.0,EVADER_REACHED_GOAL
8by8,0,mixed,109,1,5.0,random,,PURSUER_WIN
8by8,0,mixed,109,1,5.0,shortest path,,PURSUER_WIN
8by8,0,mixed,109,1,6.0,random,,PURSUER_WIN
8by8,0,mixed,109,1,4.0,I-NTMCP l=0,0.0,PURSUER_WIN
8by8,0,mixed,109,1,2.0,shortest path,,PURSUER_WIN
8by8,0,mixed,109,1,5.0,shortest path,,PURSUER_WIN
8by8,0,mixed,109,1,7.0,shortest path,,PURSUER_WIN
8by8,0,mixed,109,1,5.0,I-NTMCP l=1,1.0,PURSUER_WIN
8by8,0,mixed,109,0,14.0,I-NTMCP l=1,1.0,EVADER_REACHED_GOAL
8by8,0,mixed,109,1,13.0,shortest path,,PURSUER_WIN
8by8,0,mixed,109,0,13.0,I-NTMCP l=1,1.0,EVADER_REACHED_GOAL
8by8,0,mixed,109,0,9.0,I-NTMCP l=0,0.0,EVADER_REACHED_GOAL
8by8,0,mixed,109,1,6.0,shortest path,,PURSUER_WIN
8by8,0,mixed,109,0,17.0,shortest path,,EVADER_REACHED_GOAL
8by8,0,mixed,109,1,3.0,random,,PURSUER_WIN
8by8,0,mixed,109,1,15.0,random,,PURSUER_WIN
8by8,0,mixed,109,1,5.0,I-NTMCP l=1,1.0,PURSUER_WIN
8by8,0,mixed,109,1,2.0,I-NTMCP l=1,1.0,PURSUER_WIN
8by8,0,mixed,109,0,12.0,I-NTMCP l=1,1.0,EVADER_REACHED_GOAL
8by8,0,mixed,109,1,6.0,random,,PURSUER_WIN
8by8,0,mixed,109,0,10.0,I-NTMCP l=0,0.0,EVADER_REACHED_GOAL
8by8,0,mixed,109,1,6.0,shortest path,,PURSUER_WIN
8by8,0,mixed,109,1,2.0,I-NTMCP l=1,1.0,PURSUER_WIN
8by8,0,mixed,109,1,3.0,random,,PURSUER_WIN
8by8,0,mixed,109,1,3.0,random,,PURSUER_WIN
8by8,0,mixed,109,1,4.0,I-NTMCP l=0,0.0,PURSUER_WIN
8by8,0,mixed,109,0,9.0,I-NTMCP l=1,1.0,EVADER_REACHED_GOAL
8by8,0,mixed,109,1,4.0,I-NTMCP l=0,0.0,PURSUER_WIN
8by8,0,mixed,109,0,10.0,I-NTMCP l=1,1.0,EVADER_REACHED_GOAL
8by8,0,mixed,109,1,4.0,random,,PURSUER_WIN
8by8,0,mixed,109,1,9.0,random,,PURSUER_WIN
8by8,0,mixed,109,0,12.0,I-NTMCP l=1,1.0,EVADER_REACHED_GOAL
8by8,0,mixed,109,1,10.0,random,,PURSUER_WIN
8by8,1,l0,100,1,5.0,I-NTMCP l=0,0.0,PURSUER_WIN
8by8,1,l0,100,0,9.0,I-NTMCP l=0,0.0,EVADER_REACHED_GOAL
8by8,1,l0,100,0,16.0,I-NTMCP l=0,0.0,EVADER_REACHED_GOAL
8by8,1,l0,100,1,4.0,I-NTMCP l=0,0.0,PURSUER_WIN
8by8,1,l0,100,0,9.0,I-NTMCP l=0,0.0,EVADER_REACHED_GOAL
8by8,1,l0,100,1,2.0,I-NTMCP l=0,0.0,PURSUER_WIN
8by8,1,l0,100,0,9.0,I-NTMCP l=0,0.0,EVADER_REACHED_GOAL
8by8,1,l0,100,0,17.0,I-NTMCP l=0,0.0,EVADER_REACHED_GOAL
8by8,1,l0,100,0,9.0,I-NTMCP l=0,0.0,EVADER_REACHED_GOAL
8by8,1,l0,100,1,4.0,I-NTMCP l=0,0.0,PURSUER_WIN
8by8,1,l0,100,1,4.0,I-NTMCP l=0,0.0,PURSUER_WIN
8by8,1,l0,100,0,9.0,I-NTMCP l=0,0.0,EVADER_REACHED_GOAL
8by8,1,l0,100,0,15.0,I-NTMCP l=0,0.0,EVADER_REACHED_GOAL
8by8,1,l0,100,0,14.0,I-NTMCP l=0,0.0,EVADER_REACHED_GOAL
8by8,1,l0,100,0,13.0,I-NTMCP l=0,0.0,EVADER_REACHED_GOAL
8by8,1,l0,100,0,9.0,I-NTMCP l=0,0.0,EVADER_REACHED_GOAL
8by8,1,l0,100,0,13.0,I-NTMCP l=0,0.0,EVADER_REACHED_GOAL
8by8,1,l0,100,1,4.0,I-NTMCP l=0,0.0,PURSUER_WIN
8by8,1,l0,100,1,7.0,I-NTMCP l=0,0.0,PURSUER_WIN
8by8,1,l0,100,0,9.0,I-NTMCP l=0,0.0,EVADER_REACHED_GOAL
8by8,1,l0,100,0,9.0,I-NTMCP l=0,0.0,EVADER_REACHED_GOAL
8by8,1,l0,100,0,10.0,I-NTMCP l=0,0.0,EVADER_REACHED_GOAL
8by8,1,l0,100,0,12.0,I-NTMCP l=0,0.0,EVADER_REACHED_GOAL
8by8,1,l0,100,0,10.0,I-NTMCP l=0,0.0,EVADER_REACHED_GOAL
8by8,1,l0,100,0,12.0,I-NTMCP l=0,0.0,EVADER_REACHED_GOAL
8by8,1,l0,100,0,9.0,I-NTMCP l=0,0.0,EVADER_REACHED_GOAL
8by8,1,l0,100,0,12.0,I-NTMCP l=0,0.0,EVADER_REACHED_GOAL
8by8,1,l0,100,1,8.0,I-NTMCP l=0,0.0,PURSUER_WIN
8by8,1,l0,100,1,3.0,I-NTMCP l=0,0.0,PURSUER_WIN
8by8,1,l0,100,1,4.0,I-NTMCP l=0,0.0,PURSUER_WIN
8by8,1,l0,100,1,5.0,I-NTMCP l=0,0.0,PURSUER_WIN
8by8,1,l0,100,1,2.0,I-NTMCP l=0,0.0,PURSUER_WIN
8by8,1,l0,100,1,3.0,I-NTMCP l=0,0.0,PURSUER_WIN
8by8,1,l0,100,0,12.0,I-NTMCP l=0,0.0,EVADER_REACHED_GOAL
8by8,1,l0,100,0,17.0,I-NTMCP l=0,0.0,EVADER_REACHED_GOAL
8by8,1,l0,100,1,4.0,I-NTMCP l=0,0.0,PURSUER_WIN
8by8,1,l0,100,1,5.0,I-NTMCP l=0,0.0,PURSUER_WIN
8by8,1,l0,100,1,4.0,I-NTMCP l=0,0.0,PURSUER_WIN
8by8,1,l0,100,0,9.0,I-NTMCP l=0,0.0,EVADER_REACHED_GOAL
8by8,1,l0,100,0,11.0,I-NTMCP l=0,0.0,EVADER_REACHED_GOAL
8by8,1,l0,100,1,2.0,I-NTMCP l=0,0.0,PURSUER_WIN
8by8,1,l0,100,0,11.0,I-NTMCP l=0,0.0,EVADER_REACHED_GOAL
8by8,1,l0,100,1,2.0,I-NTMCP l=0,0.0,PURSUER_WIN
8by8,1,l0,100,0,15.0,I-NTMCP l=0,0.0,EVADER_REACHED_GOAL
8by8,1,l0,100,1,2.0,I-NTMCP l=0,0.0,PURSUER_WIN
8by8,1,l0,100,1,4.0,I-NTMCP l=0,0.0,PURSUER_WIN
8by8,1,l0,100,0,11.0,I-NTMCP l=0,0.0,EVADER_REACHED_GOAL
8by8,1,l0,100,1,7.0,I-NTMCP l=0,0.0,PURSUER_WIN
8by8,1,l0,100,1,2.0,I-NTMCP l=0,0.0,PURSUER_WIN
8by8,1,l0,100,1,3.0,I-NTMCP l=0,0.0,PURSUER_WIN
8by8,1,l0,101,1,5.0,I-NTMCP l=0,0.0,PURSUER_WIN
8by8,1,l0,101,1,5.0,I-NTMCP l=0,0.0,PURSUER_WIN
8by8,1,l0,101,1,5.0,I-NTMCP l=0,0.0,PURSUER_WIN
8by8,1,l0,101,0,16.0,I-NTMCP l=0,0.0,EVADER_REACHED_GOAL
8by8,1,l0,101,0,12.0,I-NTMCP l=0,0.0,EVADER_REACHED_GOAL
8by8,1,l0,101,0,9.0,I-NTMCP l=0,0.0,EVADER_REACHED_GOAL
8by8,1,l0,101,1,4.0,I-NTMCP l=0,0.0,PURSUER_WIN
8by8,1,l0,101,1,2.0,I-NTMCP l=0,0.0,PURSUER_WIN
8by8,1,l0,101,1,3.0,I-NTMCP l=0,0.0,PURSUER_WIN
8by8,1,l0,101,0,12.0,I-NTMCP l=0,0.0,EVADER_REACHED_GOAL
8by8,1,l0,101,0,9.0,I-NTMCP l=0,0.0,EVADER_REACHED_GOAL
8by8,1,l0,101,0,10.0,I-NTMCP l=0,0.0,EVADER_REACHED_GOAL
8by8,1,l0,101,1,2.0,I-NTMCP l=0,0.0,PURSUER_WIN
8by8,1,l0,101,0,11.0,I-NTMCP l=0,0.0,EVADER_REACHED_GOAL
8by8,1,l0,101,0,11.0,I-NTMCP l=0,0.0,EVADER_REACHED_GOAL
8by8,1,l0,101,1,4.0,I-NTMCP l=0,0.0,PURSUER_WIN
8by8,1,l0,101,1,10.0,I-NTMCP l=0,0.0,PURSUER_WIN
8by8,1,l0,101,0,12.0,I-NTMCP l=0,0.0,EVADER_REACHED_GOAL
8by8,1,l0,101,1,4.0,I-NTMCP l=0,0.0,PURSUER_WIN
8by8,1,l0,101,0,9.0,I-NTMCP l=0,0.0,EVADER_REACHED_GOAL
8by8,1,l0,101,0,11.0,I-NTMCP l=0,0.0,EVADER_REACHED_GOAL
8by8,1,l0,101,1,2.0,I-NTMCP l=0,0.0,PURSUER_WIN
8by8,1,l0,101,0,22.0,I-NTMCP l=0,0.0,EVADER_REACHED_GOAL
8by8,1,l0,101,1,4.0,I-NTMCP l=0,0.0,PURSUER_WIN
8by8,1,l0,101,1,4.0,I-NTMCP l=0,0.0,PURSUER_WIN
8by8,1,l0,101,1,4.0,I-NTMCP l=0,0.0,PURSUER_WIN
8by8,1,l0,101,0,9.0,I-NTMCP l=0,0.0,EVADER_REACHED_GOAL
8by8,1,l0,101,0,10.0,I-NTMCP l=0,0.0,EVADER_REACHED_GOAL
8by8,1,l0,101,1,3.0,I-NTMCP l=0,0.0,PURSUER_WIN
8by8,1,l0,101,0,10.0,I-NTMCP l=0,0.0,EVADER_REACHED_GOAL
8by8,1,l0,101,0,17.0,I-NTMCP l=0,0.0,EVADER_REACHED_GOAL
8by8,1,l0,101,0,9.0,I-NTMCP l=0,0.0,EVADER_REACHED_GOAL
8by8,1,l0,101,0,12.0,I-NTMCP l=0,0.0,EVADER_REACHED_GOAL
8by8,1,l0,101,0,9.0,I-NTMCP l=0,0.0,EVADER_REACHED_GOAL
8by8,1,l0,101,0,9.0,I-NTMCP l=0,0.0,EVADER_REACHED_GOAL
8by8,1,l0,101,0,10.0,I-NTMCP l=0,0.0,EVADER_REACHED_GOAL
8by8,1,l0,101,0,9.0,I-NTMCP l=0,0.0,EVADER_REACHED_GOAL
8by8,1,l0,101,0,10.0,I-NTMCP l=0,0.0,EVADER_REACHED_GOAL
8by8,1,l0,101,1,5.0,I-NTMCP l=0,0.0,PURSUER_WIN
8by8,1,l0,101,1,2.0,I-NTMCP l=0,0.0,PURSUER_WIN
8by8,1,l0,101,1,2.0,I-NTMCP l=0,0.0,PURSUER_WIN
8by8,1,l0,101,1,2.0,I-NTMCP l=0,0.0,PURSUER_WIN
8by8,1,l0,101,0,9.0,I-NTMCP l=0,0.0,EVADER_REACHED_GOAL
8by8,1,l0,101,0,14.0,I-NTMCP l=0,0.0,EVADER_REACHED_GOAL
8by8,1,l0,101,1,4.0,I-NTMCP l=0,0.0,PURSUER_WIN
8by8,1,l0,101,1,2.0,I-NTMCP l=0,0.0,PURSUER_WIN
8by8,1,l0,101,1,6.0,I-NTMCP l=0,0.0,PURSUER_WIN
8by8,1,l0,101,0,10.0,I-NTMCP l=0,0.0,EVADER_REACHED_GOAL
8by8,1,l0,101,0,9.0,I-NTMCP l=0,0.0,EVADER_REACHED_GOAL
8by8,1,l0,101,0,10.0,I-NTMCP l=0,0.0,EVADER_REACHED_GOAL
8by8,1,l0,102,1,4.0,I-NTMCP l=0,0.0,PURSUER_WIN
8by8,1,l0,102,0,10.0,I-NTMCP l=0,0.0,EVADER_REACHED_GOAL
8by8,1,l0,102,1,2.0,I-NTMCP l=0,0.0,PURSUER_WIN
8by8,1,l0,102,1,4.0,I-NTMCP l=0,0.0,PURSUER_WIN
8by8,1,l0,102,1,2.0,I-NTMCP l=0,0.0,PURSUER_WIN
8by8,1,l0,102,1,2.0,I-NTMCP l=0,0.0,PURSUER_WIN
8by8,1,l0,102,0,9.0,I-NTMCP l=0,0.0,EVADER_REACHED_GOAL
8by8,1,l0,102,0,14.0,I-NTMCP l=0,0.0,EVADER_REACHED_GOAL
8by8,1,l0,102,0,10.0,I-NTMCP l=0,0.0,EVADER_REACHED_GOAL
8by8,1,l0,102,1,10.0,I-NTMCP l=0,0.0,PURSUER_WIN
8by8,1,l0,102,0,9.0,I-NTMCP l=0,0.0,EVADER_REACHED_GOAL
8by8,1,l0,102,1,3.0,I-NTMCP l=0,0.0,PURSUER_WIN
8by8,1,l0,102,0,10.0,I-NTMCP l=0,0.0,EVADER_REACHED_GOAL
8by8,1,l0,102,1,4.0,I-NTMCP l=0,0.0,PURSUER_WIN
8by8,1,l0,102,0,13.0,I-NTMCP l=0,0.0,EVADER_REACHED_GOAL
8by8,1,l0,102,0,17.0,I-NTMCP l=0,0.0,EVADER_REACHED_GOAL
8by8,1,l0,102,1,4.0,I-NTMCP l=0,0.0,PURSUER_WIN
8by8,1,l0,102,1,5.0,I-NTMCP l=0,0.0,PURSUER_WIN
8by8,1,l0,102,0,12.0,I-NTMCP l=0,0.0,EVADER_REACHED_GOAL
8by8,1,l0,102,1,4.0,I-NTMCP l=0,0.0,PURSUER_WIN
8by8,1,l0,102,0,9.0,I-NTMCP l=0,0.0,EVADER_REACHED_GOAL
8by8,1,l0,102,0,9.0,I-NTMCP l=0,0.0,EVADER_REACHED_GOAL
8by8,1,l0,102,1,4.0,I-NTMCP l=0,0.0,PURSUER_WIN
8by8,1,l0,102,1,2.0,I-NTMCP l=0,0.0,PURSUER_WIN
8by8,1,l0,102,0,10.0,I-NTMCP l=0,0.0,EVADER_REACHED_GOAL
8by8,1,l0,102,1,4.0,I-NTMCP l=0,0.0,PURSUER_WIN
8by8,1,l0,102,1,6.0,I-NTMCP l=0,0.0,PURSUER_WIN
8by8,1,l0,102,1,10.0,I-NTMCP l=0,0.0,PURSUER_WIN
8by8,1,l0,102,1,6.0,I-NTMCP l=0,0.0,PURSUER_WIN
8by8,1,l0,102,0,9.0,I-NTMCP l=0,0.0,EVADER_REACHED_GOAL
8by8,1,l0,102,1,2.0,I-NTMCP l=0,0.0,PURSUER_WIN
8by8,1,l0,102,0,12.0,I-NTMCP l=0,0.0,EVADER_REACHED_GOAL
8by8,1,l0,102,0,15.0,I-NTMCP l=0,0.0,EVADER_REACHED_GOAL
8by8,1,l0,102,1,4.0,I-NTMCP l=0,0.0,PURSUER_WIN
8by8,1,l0,102,1,4.0,I-NTMCP l=0,0.0,PURSUER_WIN
8by8,1,l0,102,0,10.0,I-NTMCP l=0,0.0,EVADER_REACHED_GOAL
8by8,1,l0,102,0,9.0,I-NTMCP l=0,0.0,EVADER_REACHED_GOAL
8by8,1,l0,102,1,2.0,I-NTMCP l=0,0.0,PURSUER_WIN
8by8,1,l0,102,1,3.0,I-NTMCP l=0,0.0,PURSUER_WIN
8by8,1,l0,102,0,9.0,I-NTMCP l=0,0.0,EVADER_REACHED_GOAL
8by8,1,l0,102,0,9.0,I-NTMCP l=0,0.0,EVADER_REACHED_GOAL
8by8,1,l0,102,1,9.0,I-NTMCP l=0,0.0,PURSUER_WIN
8by8,1,l0,102,0,12.0,I-NTMCP l=0,0.0,EVADER_REACHED_GOAL
8by8,1,l0,102,0,9.0,I-NTMCP l=0,0.0,EVADER_REACHED_GOAL
8by8,1,l0,102,0,13.0,I-NTMCP l=0,0.0,EVADER_REACHED_GOAL
8by8,1,l0,102,0,10.0,I-NTMCP l=0,0.0,EVADER_REACHED_GOAL
8by8,1,l0,102,1,5.0,I-NTMCP l=0,0.0,PURSUER_WIN
8by8,1,l0,102,1,2.0,I-NTMCP l=0,0.0,PURSUER_WIN
8by8,1,l0,102,1,2.0,I-NTMCP l=0,0.0,PURSUER_WIN
8by8,1,l0,102,0,9.0,I-NTMCP l=0,0.0,EVADER_REACHED_GOAL
8by8,1,l0,103,1,3.0,I-NTMCP l=0,0.0,PURSUER_WIN
8by8,1,l0,103,0,12.0,I-NTMCP l=0,0.0,EVADER_REACHED_GOAL
8by8,1,l0,103,0,13.0,I-NTMCP l=0,0.0,EVADER_REACHED_GOAL
8by8,1,l0,103,0,12.0,I-NTMCP l=0,0.0,EVADER_REACHED_GOAL
8by8,1,l0,103,0,10.0,I-NTMCP l=0,0.0,EVADER_REACHED_GOAL
8by8,1,l0,103,0,9.0,I-NTMCP l=0,0.0,EVADER_REACHED_GOAL
8by8,1,l0,103,0,10.0,I-NTMCP l=0,0.0,EVADER_REACHED_GOAL
8by8,1,l0,103,1,2.0,I-NTMCP l=0,0.0,PURSUER_WIN
8by8,1,l0,103,1,5.0,I-NTMCP l=0,0.0,PURSUER_WIN
8by8,1,l0,103,0,14.0,I-NTMCP l=0,0.0,EVADER_REACHED_GOAL
8by8,1,l0,103,0,17.0,I-NTMCP l=0,0.0,EVADER_REACHED_GOAL
8by8,1,l0,103,0,10.0,I-NTMCP l=0,0.0,EVADER_REACHED_GOAL
8by8,1,l0,103,1,7.0,I-NTMCP l=0,0.0,PURSUER_WIN
8by8,1,l0,103,0,10.0,I-NTMCP l=0,0.0,EVADER_REACHED_GOAL
8by8,1,l0,103,0,14.0,I-NTMCP l=0,0.0,EVADER_REACHED_GOAL
8by8,1,l0,103,0,12.0,I-NTMCP l=0,0.0,EVADER_REACHED_GOAL
8by8,1,l0,103,0,9.0,I-NTMCP l=0,0.0,EVADER_REACHED_GOAL
8by8,1,l0,103,0,15.0,I-NTMCP l=0,0.0,EVADER_REACHED_GOAL
8by8,1,l0,103,1,5.0,I-NTMCP l=0,0.0,PURSUER_WIN
8by8,1,l0,103,0,13.0,I-NTMCP l=0,0.0,EVADER_REACHED_GOAL
8by8,1,l0,103,0,9.0,I-NTMCP l=0,0.0,EVADER_REACHED_GOAL
8by8,1,l0,103,1,4.0,I-NTMCP l=0,0.0,PURSUER_WIN
8by8,1,l0,103,0,9.0,I-NTMCP l=0,0.0,EVADER_REACHED_GOAL
8by8,1,l0,103,0,9.0,I-NTMCP l=0,0.0,EVADER_REACHED_GOAL
8by8,1,l0,103,1,3.0,I-NTMCP l=0,0.0,PURSUER_WIN
8by8,1,l0,103,1,2.0,I-NTMCP l=0,0.0,PURSUER_WIN
8by8,1,l0,103,0,13.0,I-NTMCP l=0,0.0,EVADER_REACHED_GOAL
8by8,1,l0,103,0,9.0,I-NTMCP l=0,0.0,EVADER_REACHED_GOAL
8by8,1,l0,103,1,4.0,I-NTMCP l=0,0.0,PURSUER_WIN
8by8,1,l0,103,1,4.0,I-NTMCP l=0,0.0,PURSUER_WIN
8by8,1,l0,103,1,4.0,I-NTMCP l=0,0.0,PURSUER_WIN
8by8,1,l0,103,0,13.0,I-NTMCP l=0,0.0,EVADER_REACHED_GOAL
8by8,1,l0,103,0,11.0,I-NTMCP l=0,0.0,EVADER_REACHED_GOAL
8by8,1,l0,103,0,9.0,I-NTMCP l=0,0.0,EVADER_REACHED_GOAL
8by8,1,l0,103,1,7.0,I-NTMCP l=0,0.0,PURSUER_WIN
8by8,1,l0,103,0,16.0,I-NTMCP l=0,0.0,EVADER_REACHED_GOAL
8by8,1,l0,103,1,5.0,I-NTMCP l=0,0.0,PURSUER_WIN
8by8,1,l0,103,1,4.0,I-NTMCP l=0,0.0,PURSUER_WIN
8by8,1,l0,103,0,9.0,I-NTMCP l=0,0.0,EVADER_REACHED_GOAL
8by8,1,l0,103,0,9.0,I-NTMCP l=0,0.0,EVADER_REACHED_GOAL
8by8,1,l0,103,1,7.0,I-NTMCP l=0,0.0,PURSUER_WIN
8by8,1,l0,103,1,4.0,I-NTMCP l=0,0.0,PURSUER_WIN
8by8,1,l0,103,0,12.0,I-NTMCP l=0,0.0,EVADER_REACHED_GOAL
8by8,1,l0,103,1,2.0,I-NTMCP l=0,0.0,PURSUER_WIN
8by8,1,l0,103,0,9.0,I-NTMCP l=0,0.0,EVADER_REACHED_GOAL
8by8,1,l0,103,1,2.0,I-NTMCP l=0,0.0,PURSUER_WIN
8by8,1,l0,103,1,2.0,I-NTMCP l=0,0.0,PURSUER_WIN
8by8,1,l0,103,0,9.0,I-NTMCP l=0,0.0,EVADER_REACHED_GOAL
8by8,1,l0,103,1,4.0,I-NTMCP l=0,0.0,PURSUER_WIN
8by8,1,l0,103,1,2.0,I-NTMCP l=0,0.0,PURSUER_WIN
8by8,1,l0,104,0,13.0,I-NTMCP l=0,0.0,EVADER_REACHED_GOAL
8by8,1,l0,104,0,9.0,I-NTMCP l=0,0.0,EVADER_REACHED_GOAL
8by8,1,l0,104,1,2.0,I-NTMCP l=0,0.0,PURSUER_WIN
8by8,1,l0,104,0,12.0,I-NTMCP l=0,0.0,EVADER_REACHED_GOAL
8by8,1,l0,104,0,9.0,I-NTMCP l=0,0.0,EVADER_REACHED_GOAL
8by8,1,l0,104,1,2.0,I-NTMCP l=0,0.0,PURSUER_WIN
8by8,1,l0,104,1,4.0,I-NTMCP l=0,0.0,PURSUER_WIN
8by8,1,l0,104,0,10.0,I-NTMCP l=0,0.0,EVADER_REACHED_GOAL
8by8,1,l0,104,1,2.0,I-NTMCP l=0,0.0,PURSUER_WIN
8by8,1,l0,104,0,9.0,I-NTMCP l=0,0.0,EVADER_REACHED_GOAL
8by8,1,l0,104,0,12.0,I-NTMCP l=0,0.0,EVADER_REACHED_GOAL
8by8,1,l0,104,0,15.0,I-NTMCP l=0,0.0,EVADER_REACHED_GOAL
8by8,1,l0,104,1,12.0,I-NTMCP l=0,0.0,PURSUER_WIN
8by8,1,l0,104,1,2.0,I-NTMCP l=0,0.0,PURSUER_WIN
8by8,1,l0,104,0,14.0,I-NTMCP l=0,0.0,EVADER_REACHED_GOAL
8by8,1,l0,104,1,3.0,I-NTMCP l=0,0.0,PURSUER_WIN
8by8,1,l0,104,0,17.0,I-NTMCP l=0,0.0,EVADER_REACHED_GOAL
8by8,1,l0,104,1,4.0,I-NTMCP l=0,0.0,PURSUER_WIN
8by8,1,l0,104,1,4.0,I-NTMCP l=0,0.0,PURSUER_WIN
8by8,1,l0,104,0,9.0,I-NTMCP l=0,0.0,EVADER_REACHED_GOAL
8by8,1,l0,104,0,12.0,I-NTMCP l=0,0.0,EVADER_REACHED_GOAL
8by8,1,l0,104,1,4.0,I-NTMCP l=0,0.0,PURSUER_WIN
8by8,1,l0,104,0,9.0,I-NTMCP l=0,0.0,EVADER_REACHED_GOAL
8by8,1,l0,104,0,10.0,I-NTMCP l=0,0.0,EVADER_REACHED_GOAL
8by8,1,l0,104,1,2.0,I-NTMCP l=0,0.0,PURSUER_WIN
8by8,1,l0,104,1,5.0,I-NTMCP l=0,0.0,PURSUER_WIN
8by8,1,l0,104,1,3.0,I-NTMCP l=0,0.0,PURSUER_WIN
8by8,1,l0,104,1,4.0,I-NTMCP l=0,0.0,PURSUER_WIN
8by8,1,l0,104,0,9.0,I-NTMCP l=0,0.0,EVADER_REACHED_GOAL
8by8,1,l0,104,0,12.0,I-NTMCP l=0,0.0,EVADER_REACHED_GOAL
8by8,1,l0,104,0,9.0,I-NTMCP l=0,0.0,EVADER_REACHED_GOAL
8by8,1,l0,104,1,2.0,I-NTMCP l=0,0.0,PURSUER_WIN
8by8,1,l0,104,1,4.0,I-NTMCP l=0,0.0,PURSUER_WIN
8by8,1,l0,104,1,4.0,I-NTMCP l=0,0.0,PURSUER_WIN
8by8,1,l0,104,1,4.0,I-NTMCP l=0,0.0,PURSUER_WIN
8by8,1,l0,104,1,3.0,I-NTMCP l=0,0.0,PURSUER_WIN
8by8,1,l0,104,1,5.0,I-NTMCP l=0,0.0,PURSUER_WIN
8by8,1,l0,104,1,2.0,I-NTMCP l=0,0.0,PURSUER_WIN
8by8,1,l0,104,1,2.0,I-NTMCP l=0,0.0,PURSUER_WIN
8by8,1,l0,104,0,9.0,I-NTMCP l=0,0.0,EVADER_REACHED_GOAL
8by8,1,l0,104,1,4.0,I-NTMCP l=0,0.0,PURSUER_WIN
8by8,1,l0,104,0,13.0,I-NTMCP l=0,0.0,EVADER_REACHED_GOAL
8by8,1,l0,104,1,3.0,I-NTMCP l=0,0.0,PURSUER_WIN
8by8,1,l0,104,0,9.0,I-NTMCP l=0,0.0,EVADER_REACHED_GOAL
8by8,1,l0,104,0,9.0,I-NTMCP l=0,0.0,EVADER_REACHED_GOAL
8by8,1,l0,104,1,10.0,I-NTMCP l=0,0.0,PURSUER_WIN
8by8,1,l0,104,1,5.0,I-NTMCP l=0,0.0,PURSUER_WIN
8by8,1,l0,104,1,5.0,I-NTMCP l=0,0.0,PURSUER_WIN
8by8,1,l0,104,0,9.0,I-NTMCP l=0,0.0,EVADER_REACHED_GOAL
8by8,1,l0,104,1,4.0,I-NTMCP l=0,0.0,PURSUER_WIN
8by8,1,l0,105,1,2.0,I-NTMCP l=0,0.0,PURSUER_WIN
8by8,1,l0,105,1,2.0,I-NTMCP l=0,0.0,PURSUER_WIN
8by8,1,l0,105,0,12.0,I-NTMCP l=0,0.0,EVADER_REACHED_GOAL
8by8,1,l0,105,0,10.0,I-NTMCP l=0,0.0,EVADER_REACHED_GOAL
8by8,1,l0,105,0,9.0,I-NTMCP l=0,0.0,EVADER_REACHED_GOAL
8by8,1,l0,105,0,12.0,I-NTMCP l=0,0.0,EVADER_REACHED_GOAL
8by8,1,l0,105,0,10.0,I-NTMCP l=0,0.0,EVADER_REACHED_GOAL
8by8,1,l0,105,0,9.0,I-NTMCP l=0,0.0,EVADER_REACHED_GOAL
8by8,1,l0,105,1,5.0,I-NTMCP l=0,0.0,PURSUER_WIN
8by8,1,l0,105,0,9.0,I-NTMCP l=0,0.0,EVADER_REACHED_GOAL
8by8,1,l0,105,1,2.0,I-NTMCP l=0,0.0,PURSUER_WIN
8by8,1,l0,105,1,4.0,I-NTMCP l=0,0.0,PURSUER_WIN
8by8,1,l0,105,0,15.0,I-NTMCP l=0,0.0,EVADER_REACHED_GOAL
8by8,1,l0,105,1,4.0,I-NTMCP l=0,0.0,PURSUER_WIN
8by8,1,l0,105,1,3.0,I-NTMCP l=0,0.0,PURSUER_WIN
8by8,1,l0,105,1,5.0,I-NTMCP l=0,0.0,PURSUER_WIN
8by8,1,l0,105,0,14.0,I-NTMCP l=0,0.0,EVADER_REACHED_GOAL
8by8,1,l0,105,0,10.0,I-NTMCP l=0,0.0,EVADER_REACHED_GOAL
8by8,1,l0,105,1,5.0,I-NTMCP l=0,0.0,PURSUER_WIN
8by8,1,l0,105,0,13.0,I-NTMCP l=0,0.0,EVADER_REACHED_GOAL
8by8,1,l0,105,1,2.0,I-NTMCP l=0,0.0,PURSUER_WIN
8by8,1,l0,105,1,8.0,I-NTMCP l=0,0.0,PURSUER_WIN
8by8,1,l0,105,0,20.0,I-NTMCP l=0,0.0,EVADER_REACHED_GOAL
8by8,1,l0,105,1,4.0,I-NTMCP l=0,0.0,PURSUER_WIN
8by8,1,l0,105,0,10.0,I-NTMCP l=0,0.0,EVADER_REACHED_GOAL
8by8,1,l0,105,1,4.0,I-NTMCP l=0,0.0,PURSUER_WIN
8by8,1,l0,105,0,9.0,I-NTMCP l=0,0.0,EVADER_REACHED_GOAL
8by8,1,l0,105,1,6.0,I-NTMCP l=0,0.0,PURSUER_WIN
8by8,1,l0,105,0,10.0,I-NTMCP l=0,0.0,EVADER_REACHED_GOAL
8by8,1,l0,105,1,6.0,I-NTMCP l=0,0.0,PURSUER_WIN
8by8,1,l0,105,1,4.0,I-NTMCP l=0,0.0,PURSUER_WIN
8by8,1,l0,105,1,4.0,I-NTMCP l=0,0.0,PURSUER_WIN
8by8,1,l0,105,0,9.0,I-NTMCP l=0,0.0,EVADER_REACHED_GOAL
8by8,1,l0,105,0,12.0,I-NTMCP l=0,0.0,EVADER_REACHED_GOAL
8by8,1,l0,105,1,5.0,I-NTMCP l=0,0.0,PURSUER_WIN
8by8,1,l0,105,1,5.0,I-NTMCP l=0,0.0,PURSUER_WIN
8by8,1,l0,105,0,12.0,I-NTMCP l=0,0.0,EVADER_REACHED_GOAL
8by8,1,l0,105,0,9.0,I-NTMCP l=0,0.0,EVADER_REACHED_GOAL
8by8,1,l0,105,0,9.0,I-NTMCP l=0,0.0,EVADER_REACHED_GOAL
8by8,1,l0,105,1,2.0,I-NTMCP l=0,0.0,PURSUER_WIN
8by8,1,l0,105,0,9.0,I-NTMCP l=0,0.0,EVADER_REACHED_GOAL
8by8,1,l0,105,1,5.0,I-NTMCP l=0,0.0,PURSUER_WIN
8by8,1,l0,105,1,3.0,I-NTMCP l=0,0.0,PURSUER_WIN
8by8,1,l0,105,0,10.0,I-NTMCP l=0,0.0,EVADER_REACHED_GOAL
8by8,1,l0,105,1,11.0,I-NTMCP l=0,0.0,PURSUER_WIN
8by8,1,l0,105,0,10.0,I-NTMCP l=0,0.0,EVADER_REACHED_GOAL
8by8,1,l0,105,1,9.0,I-NTMCP l=0,0.0,PURSUER_WIN
8by8,1,l0,105,0,10.0,I-NTMCP l=0,0.0,EVADER_REACHED_GOAL
8by8,1,l0,105,1,2.0,I-NTMCP l=0,0.0,PURSUER_WIN
8by8,1,l0,105,0,9.0,I-NTMCP l=0,0.0,EVADER_REACHED_GOAL
8by8,1,l0,106,1,4.0,I-NTMCP l=0,0.0,PURSUER_WIN
8by8,1,l0,106,1,4.0,I-NTMCP l=0,0.0,PURSUER_WIN
8by8,1,l0,106,0,13.0,I-NTMCP l=0,0.0,EVADER_REACHED_GOAL
8by8,1,l0,106,1,4.0,I-NTMCP l=0,0.0,PURSUER_WIN
8by8,1,l0,106,1,2.0,I-NTMCP l=0,0.0,PURSUER_WIN
8by8,1,l0,106,1,5.0,I-NTMCP l=0,0.0,PURSUER_WIN
8by8,1,l0,106,1,2.0,I-NTMCP l=0,0.0,PURSUER_WIN
8by8,1,l0,106,0,10.0,I-NTMCP l=0,0.0,EVADER_REACHED_GOAL
8by8,1,l0,106,0,16.0,I-NTMCP l=0,0.0,EVADER_REACHED_GOAL
8by8,1,l0,106,0,11.0,I-NTMCP l=0,0.0,EVADER_REACHED_GOAL
8by8,1,l0,106,1,4.0,I-NTMCP l=0,0.0,PURSUER_WIN
8by8,1,l0,106,0,9.0,I-NTMCP l=0,0.0,EVADER_REACHED_GOAL
8by8,1,l0,106,1,2.0,I-NTMCP l=0,0.0,PURSUER_WIN
8by8,1,l0,106,1,2.0,I-NTMCP l=0,0.0,PURSUER_WIN
8by8,1,l0,106,0,9.0,I-NTMCP l=0,0.0,EVADER_REACHED_GOAL
8by8,1,l0,106,0,12.0,I-NTMCP l=0,0.0,EVADER_REACHED_GOAL
8by8,1,l0,106,1,4.0,I-NTMCP l=0,0.0,PURSUER_WIN
8by8,1,l0,106,0,9.0,I-NTMCP l=0,0.0,EVADER_REACHED_GOAL
8by8,1,l0,106,0,12.0,I-NTMCP l=0,0.0,EVADER_REACHED_GOAL
8by8,1,l0,106,0,13.0,I-NTMCP l=0,0.0,EVADER_REACHED_GOAL
8by8,1,l0,106,1,4.0,I-NTMCP l=0,0.0,PURSUER_WIN
8by8,1,l0,106,1,2.0,I-NTMCP l=0,0.0,PURSUER_WIN
8by8,1,l0,106,1,2.0,I-NTMCP l=0,0.0,PURSUER_WIN
8by8,1,l0,106,1,9.0,I-NTMCP l=0,0.0,PURSUER_WIN
8by8,1,l0,106,1,9.0,I-NTMCP l=0,0.0,PURSUER_WIN
8by8,1,l0,106,1,2.0,I-NTMCP l=0,0.0,PURSUER_WIN
8by8,1,l0,106,0,9.0,I-NTMCP l=0,0.0,EVADER_REACHED_GOAL
8by8,1,l0,106,1,2.0,I-NTMCP l=0,0.0,PURSUER_WIN
8by8,1,l0,106,0,16.0,I-NTMCP l=0,0.0,EVADER_REACHED_GOAL
8by8,1,l0,106,0,9.0,I-NTMCP l=0,0.0,EVADER_REACHED_GOAL
8by8,1,l0,106,0,9.0,I-NTMCP l=0,0.0,EVADER_REACHED_GOAL
8by8,1,l0,106,0,14.0,I-NTMCP l=0,0.0,EVADER_REACHED_GOAL
8by8,1,l0,106,1,4.0,I-NTMCP l=0,0.0,PURSUER_WIN
8by8,1,l0,106,1,5.0,I-NTMCP l=0,0.0,PURSUER_WIN
8by8,1,l0,106,1,7.0,I-NTMCP l=0,0.0,PURSUER_WIN
8by8,1,l0,106,0,12.0,I-NTMCP l=0,0.0,EVADER_REACHED_GOAL
8by8,1,l0,106,1,4.0,I-NTMCP l=0,0.0,PURSUER_WIN
8by8,1,l0,106,1,2.0,I-NTMCP l=0,0.0,PURSUER_WIN
8by8,1,l0,106,0,9.0,I-NTMCP l=0,0.0,EVADER_REACHED_GOAL
8by8,1,l0,106,0,10.0,I-NTMCP l=0,0.0,EVADER_REACHED_GOAL
8by8,1,l0,106,0,9.0,I-NTMCP l=0,0.0,EVADER_REACHED_GOAL
8by8,1,l0,106,0,9.0,I-NTMCP l=0,0.0,EVADER_REACHED_GOAL
8by8,1,l0,106,0,9.0,I-NTMCP l=0,0.0,EVADER_REACHED_GOAL
8by8,1,l0,106,0,9.0,I-NTMCP l=0,0.0,EVADER_REACHED_GOAL
8by8,1,l0,106,1,4.0,I-NTMCP l=0,0.0,PURSUER_WIN
8by8,1,l0,106,1,4.0,I-NTMCP l=0,0.0,PURSUER_WIN
8by8,1,l0,106,1,2.0,I-NTMCP l=0,0.0,PURSUER_WIN
8by8,1,l0,106,1,2.0,I-NTMCP l=0,0.0,PURSUER_WIN
8by8,1,l0,106,0,10.0,I-NTMCP l=0,0.0,EVADER_REACHED_GOAL
8by8,1,l0,106,1,4.0,I-NTMCP l=0,0.0,PURSUER_WIN
8by8,1,l0,107,0,9.0,I-NTMCP l=0,0.0,EVADER_REACHED_GOAL
8by8,1,l0,107,1,2.0,I-NTMCP l=0,0.0,PURSUER_WIN
8by8,1,l0,107,0,9.0,I-NTMCP l=0,0.0,EVADER_REACHED_GOAL
8by8,1,l0,107,0,9.0,I-NTMCP l=0,0.0,EVADER_REACHED_GOAL
8by8,1,l0,107,1,5.0,I-NTMCP l=0,0.0,PURSUER_WIN
8by8,1,l0,107,1,2.0,I-NTMCP l=0,0.0,PURSUER_WIN
8by8,1,l0,107,0,10.0,I-NTMCP l=0,0.0,EVADER_REACHED_GOAL
8by8,1,l0,107,1,3.0,I-NTMCP l=0,0.0,PURSUER_WIN
8by8,1,l0,107,0,10.0,I-NTMCP l=0,0.0,EVADER_REACHED_GOAL
8by8,1,l0,107,1,6.0,I-NTMCP l=0,0.0,PURSUER_WIN
8by8,1,l0,107,0,9.0,I-NTMCP l=0,0.0,EVADER_REACHED_GOAL
8by8,1,l0,107,1,2.0,I-NTMCP l=0,0.0,PURSUER_WIN
8by8,1,l0,107,0,13.0,I-NTMCP l=0,0.0,EVADER_REACHED_GOAL
8by8,1,l0,107,0,13.0,I-NTMCP l=0,0.0,EVADER_REACHED_GOAL
8by8,1,l0,107,1,4.0,I-NTMCP l=0,0.0,PURSUER_WIN
8by8,1,l0,107,1,7.0,I-NTMCP l=0,0.0,PURSUER_WIN
8by8,1,l0,107,1,5.0,I-NTMCP l=0,0.0,PURSUER_WIN
8by8,1,l0,107,0,11.0,I-NTMCP l=0,0.0,EVADER_REACHED_GOAL
8by8,1,l0,107,1,2.0,I-NTMCP l=0,0.0,PURSUER_WIN
8by8,1,l0,107,0,9.0,I-NTMCP l=0,0.0,EVADER_REACHED_GOAL
8by8,1,l0,107,0,12.0,I-NTMCP l=0,0.0,EVADER_REACHED_GOAL
8by8,1,l0,107,0,11.0,I-NTMCP l=0,0.0,EVADER_REACHED_GOAL
8by8,1,l0,107,0,12.0,I-NTMCP l=0,0.0,EVADER_REACHED_GOAL
8by8,1,l0,107,0,12.0,I-NTMCP l=0,0.0,EVADER_REACHED_GOAL
8by8,1,l0,107,1,5.0,I-NTMCP l=0,0.0,PURSUER_WIN
8by8,1,l0,107,0,15.0,I-NTMCP l=0,0.0,EVADER_REACHED_GOAL
8by8,1,l0,107,0,10.0,I-NTMCP l=0,0.0,EVADER_REACHED_GOAL
8by8,1,l0,107,0,9.0,I-NTMCP l=0,0.0,EVADER_REACHED_GOAL
8by8,1,l0,107,0,9.0,I-NTMCP l=0,0.0,EVADER_REACHED_GOAL
8by8,1,l0,107,1,4.0,I-NTMCP l=0,0.0,PURSUER_WIN
8by8,1,l0,107,0,9.0,I-NTMCP l=0,0.0,EVADER_REACHED_GOAL
8by8,1,l0,107,1,2.0,I-NTMCP l=0,0.0,PURSUER_WIN
8by8,1,l0,107,1,4.0,I-NTMCP l=0,0.0,PURSUER_WIN
8by8,1,l0,107,1,4.0,I-NTMCP l=0,0.0,PURSUER_WIN
8by8,1,l0,107,0,9.0,I-NTMCP l=0,0.0,EVADER_REACHED_GOAL
8by8,1,l0,107,0,9.0,I-NTMCP l=0,0.0,EVADER_REACHED_GOAL
8by8,1,l0,107,1,11.0,I-NTMCP l=0,0.0,PURSUER_WIN
8by8,1,l0,107,1,2.0,I-NTMCP l=0,0.0,PURSUER_WIN
8by8,1,l0,107,0,9.0,I-NTMCP l=0,0.0,EVADER_REACHED_GOAL
8by8,1,l0,107,0,9.0,I-NTMCP l=0,0.0,EVADER_REACHED_GOAL
8by8,1,l0,107,1,2.0,I-NTMCP l=0,0.0,PURSUER_WIN
8by8,1,l0,107,0,12.0,I-NTMCP l=0,0.0,EVADER_REACHED_GOAL
8by8,1,l0,107,1,5.0,I-NTMCP l=0,0.0,PURSUER_WIN
8by8,1,l0,107,1,2.0,I-NTMCP l=0,0.0,PURSUER_WIN
8by8,1,l0,107,0,15.0,I-NTMCP l=0,0.0,EVADER_REACHED_GOAL
8by8,1,l0,107,0,9.0,I-NTMCP l=0,0.0,EVADER_REACHED_GOAL
8by8,1,l0,107,1,4.0,I-NTMCP l=0,0.0,PURSUER_WIN
8by8,1,l0,107,0,15.0,I-NTMCP l=0,0.0,EVADER_REACHED_GOAL
8by8,1,l0,107,1,5.0,I-NTMCP l=0,0.0,PURSUER_WIN
8by8,1,l0,107,1,4.0,I-NTMCP l=0,0.0,PURSUER_WIN
8by8,1,l0,108,0,10.0,I-NTMCP l=0,0.0,EVADER_REACHED_GOAL
8by8,1,l0,108,0,12.0,I-NTMCP l=0,0.0,EVADER_REACHED_GOAL
8by8,1,l0,108,0,9.0,I-NTMCP l=0,0.0,EVADER_REACHED_GOAL
8by8,1,l0,108,0,10.0,I-NTMCP l=0,0.0,EVADER_REACHED_GOAL
8by8,1,l0,108,0,9.0,I-NTMCP l=0,0.0,EVADER_REACHED_GOAL
8by8,1,l0,108,1,4.0,I-NTMCP l=0,0.0,PURSUER_WIN
8by8,1,l0,108,1,2.0,I-NTMCP l=0,0.0,PURSUER_WIN
8by8,1,l0,108,0,9.0,I-NTMCP l=0,0.0,EVADER_REACHED_GOAL
8by8,1,l0,108,1,4.0,I-NTMCP l=0,0.0,PURSUER_WIN
8by8,1,l0,108,0,9.0,I-NTMCP l=0,0.0,EVADER_REACHED_GOAL
8by8,1,l0,108,0,12.0,I-NTMCP l=0,0.0,EVADER_REACHED_GOAL
8by8,1,l0,108,0,9.0,I-NTMCP l=0,0.0,EVADER_REACHED_GOAL
8by8,1,l0,108,0,9.0,I-NTMCP l=0,0.0,EVADER_REACHED_GOAL
8by8,1,l0,108,1,6.0,I-NTMCP l=0,0.0,PURSUER_WIN
8by8,1,l0,108,1,4.0,I-NTMCP l=0,0.0,PURSUER_WIN
8by8,1,l0,108,0,10.0,I-NTMCP l=0,0.0,EVADER_REACHED_GOAL
8by8,1,l0,108,0,15.0,I-NTMCP l=0,0.0,EVADER_REACHED_GOAL
8by8,1,l0,108,1,3.0,I-NTMCP l=0,0.0,PURSUER_WIN
8by8,1,l0,108,0,15.0,I-NTMCP l=0,0.0,EVADER_REACHED_GOAL
8by8,1,l0,108,1,2.0,I-NTMCP l=0,0.0,PURSUER_WIN
8by8,1,l0,108,0,10.0,I-NTMCP l=0,0.0,EVADER_REACHED_GOAL
8by8,1,l0,108,0,9.0,I-NTMCP l=0,0.0,EVADER_REACHED_GOAL
8by8,1,l0,108,0,14.0,I-NTMCP l=0,0.0,EVADER_REACHED_GOAL
8by8,1,l0,108,1,4.0,I-NTMCP l=0,0.0,PURSUER_WIN
8by8,1,l0,108,0,9.0,I-NTMCP l=0,0.0,EVADER_REACHED_GOAL
8by8,1,l0,108,0,11.0,I-NTMCP l=0,0.0,EVADER_REACHED_GOAL
8by8,1,l0,108,1,9.0,I-NTMCP l=0,0.0,PURSUER_WIN
8by8,1,l0,108,0,12.0,I-NTMCP l=0,0.0,EVADER_REACHED_GOAL
8by8,1,l0,108,0,12.0,I-NTMCP l=0,0.0,EVADER_REACHED_GOAL
8by8,1,l0,108,1,8.0,I-NTMCP l=0,0.0,PURSUER_WIN
8by8,1,l0,108,0,12.0,I-NTMCP l=0,0.0,EVADER_REACHED_GOAL
8by8,1,l0,108,1,2.0,I-NTMCP l=0,0.0,PURSUER_WIN
8by8,1,l0,108,1,6.0,I-NTMCP l=0,0.0,PURSUER_WIN
8by8,1,l0,108,1,4.0,I-NTMCP l=0,0.0,PURSUER_WIN
8by8,1,l0,108,0,12.0,I-NTMCP l=0,0.0,EVADER_REACHED_GOAL
8by8,1,l0,108,0,9.0,I-NTMCP l=0,0.0,EVADER_REACHED_GOAL
8by8,1,l0,108,0,14.0,I-NTMCP l=0,0.0,EVADER_REACHED_GOAL
8by8,1,l0,108,1,5.0,I-NTMCP l=0,0.0,PURSUER_WIN
8by8,1,l0,108,0,9.0,I-NTMCP l=0,0.0,EVADER_REACHED_GOAL
8by8,1,l0,108,1,5.0,I-NTMCP l=0,0.0,PURSUER_WIN
8by8,1,l0,108,1,5.0,I-NTMCP l=0,0.0,PURSUER_WIN
8by8,1,l0,108,0,16.0,I-NTMCP l=0,0.0,EVADER_REACHED_GOAL
8by8,1,l0,108,1,4.0,I-NTMCP l=0,0.0,PURSUER_WIN
8by8,1,l0,108,1,3.0,I-NTMCP l=0,0.0,PURSUER_WIN
8by8,1,l0,108,1,4.0,I-NTMCP l=0,0.0,PURSUER_WIN
8by8,1,l0,108,0,15.0,I-NTMCP l=0,0.0,EVADER_REACHED_GOAL
8by8,1,l0,108,0,9.0,I-NTMCP l=0,0.0,EVADER_REACHED_GOAL
8by8,1,l0,108,1,5.0,I-NTMCP l=0,0.0,PURSUER_WIN
8by8,1,l0,108,1,4.0,I-NTMCP l=0,0.0,PURSUER_WIN
8by8,1,l0,108,1,2.0,I-NTMCP l=0,0.0,PURSUER_WIN
8by8,1,l0,109,0,9.0,I-NTMCP l=0,0.0,EVADER_REACHED_GOAL
8by8,1,l0,109,0,9.0,I-NTMCP l=0,0.0,EVADER_REACHED_GOAL
8by8,1,l0,109,1,4.0,I-NTMCP l=0,0.0,PURSUER_WIN
8by8,1,l0,109,0,9.0,I-NTMCP l=0,0.0,EVADER_REACHED_GOAL
8by8,1,l0,109,1,4.0,I-NTMCP l=0,0.0,PURSUER_WIN
8by8,1,l0,109,0,12.0,I-NTMCP l=0,0.0,EVADER_REACHED_GOAL
8by8,1,l0,109,0,16.0,I-NTMCP l=0,0.0,EVADER_REACHED_GOAL
8by8,1,l0,109,1,5.0,I-NTMCP l=0,0.0,PURSUER_WIN
8by8,1,l0,109,0,10.0,I-NTMCP l=0,0.0,EVADER_REACHED_GOAL
8by8,1,l0,109,1,3.0,I-NTMCP l=0,0.0,PURSUER_WIN
8by8,1,l0,109,1,4.0,I-NTMCP l=0,0.0,PURSUER_WIN
8by8,1,l0,109,0,16.0,I-NTMCP l=0,0.0,EVADER_REACHED_GOAL
8by8,1,l0,109,1,4.0,I-NTMCP l=0,0.0,PURSUER_WIN
8by8,1,l0,109,0,9.0,I-NTMCP l=0,0.0,EVADER_REACHED_GOAL
8by8,1,l0,109,0,9.0,I-NTMCP l=0,0.0,EVADER_REACHED_GOAL
8by8,1,l0,109,1,4.0,I-NTMCP l=0,0.0,PURSUER_WIN
8by8,1,l0,109,0,9.0,I-NTMCP l=0,0.0,EVADER_REACHED_GOAL
8by8,1,l0,109,1,4.0,I-NTMCP l=0,0.0,PURSUER_WIN
8by8,1,l0,109,0,9.0,I-NTMCP l=0,0.0,EVADER_REACHED_GOAL
8by8,1,l0,109,1,2.0,I-NTMCP l=0,0.0,PURSUER_WIN
8by8,1,l0,109,1,7.0,I-NTMCP l=0,0.0,PURSUER_WIN
8by8,1,l0,109,0,10.0,I-NTMCP l=0,0.0,EVADER_REACHED_GOAL
8by8,1,l0,109,0,12.0,I-NTMCP l=0,0.0,EVADER_REACHED_GOAL
8by8,1,l0,109,0,10.0,I-NTMCP l=0,0.0,EVADER_REACHED_GOAL
8by8,1,l0,109,1,3.0,I-NTMCP l=0,0.0,PURSUER_WIN
8by8,1,l0,109,1,2.0,I-NTMCP l=0,0.0,PURSUER_WIN
8by8,1,l0,109,1,4.0,I-NTMCP l=0,0.0,PURSUER_WIN
8by8,1,l0,109,1,3.0,I-NTMCP l=0,0.0,PURSUER_WIN
8by8,1,l0,109,1,7.0,I-NTMCP l=0,0.0,PURSUER_WIN
8by8,1,l0,109,1,4.0,I-NTMCP l=0,0.0,PURSUER_WIN
8by8,1,l0,109,0,13.0,I-NTMCP l=0,0.0,EVADER_REACHED_GOAL
8by8,1,l0,109,1,5.0,I-NTMCP l=0,0.0,PURSUER_WIN
8by8,1,l0,109,0,9.0,I-NTMCP l=0,0.0,EVADER_REACHED_GOAL
8by8,1,l0,109,0,14.0,I-NTMCP l=0,0.0,EVADER_REACHED_GOAL
8by8,1,l0,109,0,9.0,I-NTMCP l=0,0.0,EVADER_REACHED_GOAL
8by8,1,l0,109,1,5.0,I-NTMCP l=0,0.0,PURSUER_WIN
8by8,1,l0,109,1,4.0,I-NTMCP l=0,0.0,PURSUER_WIN
8by8,1,l0,109,0,9.0,I-NTMCP l=0,0.0,EVADER_REACHED_GOAL
8by8,1,l0,109,0,9.0,I-NTMCP l=0,0.0,EVADER_REACHED_GOAL
8by8,1,l0,109,0,9.0,I-NTMCP l=0,0.0,EVADER_REACHED_GOAL
8by8,1,l0,109,0,11.0,I-NTMCP l=0,0.0,EVADER_REACHED_GOAL
8by8,1,l0,109,0,9.0,I-NTMCP l=0,0.0,EVADER_REACHED_GOAL
8by8,1,l0,109,0,13.0,I-NTMCP l=0,0.0,EVADER_REACHED_GOAL
8by8,1,l0,109,1,4.0,I-NTMCP l=0,0.0,PURSUER_WIN
8by8,1,l0,109,1,4.0,I-NTMCP l=0,0.0,PURSUER_WIN
8by8,1,l0,109,0,17.0,I-NTMCP l=0,0.0,EVADER_REACHED_GOAL
8by8,1,l0,109,1,6.0,I-NTMCP l=0,0.0,PURSUER_WIN
8by8,1,l0,109,0,10.0,I-NTMCP l=0,0.0,EVADER_REACHED_GOAL
8by8,1,l0,109,1,5.0,I-NTMCP l=0,0.0,PURSUER_WIN
8by8,1,l0,109,0,10.0,I-NTMCP l=0,0.0,EVADER_REACHED_GOAL
8by8,1,l1,100,1,4.0,I-NTMCP l=1,1.0,PURSUER_WIN
8by8,1,l1,100,0,10.0,I-NTMCP l=1,1.0,EVADER_REACHED_GOAL
8by8,1,l1,100,0,14.0,I-NTMCP l=1,1.0,EVADER_REACHED_GOAL
8by8,1,l1,100,0,12.0,I-NTMCP l=1,1.0,EVADER_REACHED_GOAL
8by8,1,l1,100,1,5.0,I-NTMCP l=1,1.0,PURSUER_WIN
8by8,1,l1,100,0,12.0,I-NTMCP l=1,1.0,EVADER_REACHED_GOAL
8by8,1,l1,100,0,9.0,I-NTMCP l=1,1.0,EVADER_REACHED_GOAL
8by8,1,l1,100,1,2.0,I-NTMCP l=1,1.0,PURSUER_WIN
8by8,1,l1,100,0,13.0,I-NTMCP l=1,1.0,EVADER_REACHED_GOAL
8by8,1,l1,100,1,5.0,I-NTMCP l=1,1.0,PURSUER_WIN
8by8,1,l1,100,0,9.0,I-NTMCP l=1,1.0,EVADER_REACHED_GOAL
8by8,1,l1,100,0,12.0,I-NTMCP l=1,1.0,EVADER_REACHED_GOAL
8by8,1,l1,100,1,2.0,I-NTMCP l=1,1.0,PURSUER_WIN
8by8,1,l1,100,1,4.0,I-NTMCP l=1,1.0,PURSUER_WIN
8by8,1,l1,100,0,9.0,I-NTMCP l=1,1.0,EVADER_REACHED_GOAL
8by8,1,l1,100,0,9.0,I-NTMCP l=1,1.0,EVADER_REACHED_GOAL
8by8,1,l1,100,0,10.0,I-NTMCP l=1,1.0,EVADER_REACHED_GOAL
8by8,1,l1,100,0,10.0,I-NTMCP l=1,1.0,EVADER_REACHED_GOAL
8by8,1,l1,100,0,9.0,I-NTMCP l=1,1.0,EVADER_REACHED_GOAL
8by8,1,l1,100,1,2.0,I-NTMCP l=1,1.0,PURSUER_WIN
8by8,1,l1,100,0,10.0,I-NTMCP l=1,1.0,EVADER_REACHED_GOAL
8by8,1,l1,100,0,12.0,I-NTMCP l=1,1.0,EVADER_REACHED_GOAL
8by8,1,l1,100,1,2.0,I-NTMCP l=1,1.0,PURSUER_WIN
8by8,1,l1,100,1,4.0,I-NTMCP l=1,1.0,PURSUER_WIN
8by8,1,l1,100,0,9.0,I-NTMCP l=1,1.0,EVADER_REACHED_GOAL
8by8,1,l1,100,0,9.0,I-NTMCP l=1,1.0,EVADER_REACHED_GOAL
8by8,1,l1,100,0,12.0,I-NTMCP l=1,1.0,EVADER_REACHED_GOAL
8by8,1,l1,100,0,9.0,I-NTMCP l=1,1.0,EVADER_REACHED_GOAL
8by8,1,l1,100,0,18.0,I-NTMCP l=1,1.0,EVADER_REACHED_GOAL
8by8,1,l1,100,1,4.0,I-NTMCP l=1,1.0,PURSUER_WIN
8by8,1,l1,100,1,5.0,I-NTMCP l=1,1.0,PURSUER_WIN
8by8,1,l1,100,0,14.0,I-NTMCP l=1,1.0,EVADER_REACHED_GOAL
8by8,1,l1,100,0,13.0,I-NTMCP l=1,1.0,EVADER_REACHED_GOAL
8by8,1,l1,100,1,4.0,I-NTMCP l=1,1.0,PURSUER_WIN
8by8,1,l1,100,0,21.0,I-NTMCP l=1,1.0,EVADER_REACHED_GOAL
8by8,1,l1,100,0,12.0,I-NTMCP l=1,1.0,EVADER_REACHED_GOAL
8by8,1,l1,100,0,15.0,I-NTMCP l=1,1.0,EVADER_REACHED_GOAL
8by8,1,l1,100,1,10.0,I-NTMCP l=1,1.0,PURSUER_WIN
8by8,1,l1,100,1,4.0,I-NTMCP l=1,1.0,PURSUER_WIN
8by8,1,l1,100,1,5.0,I-NTMCP l=1,1.0,PURSUER_WIN
8by8,1,l1,100,1,5.0,I-NTMCP l=1,1.0,PURSUER_WIN
8by8,1,l1,100,0,9.0,I-NTMCP l=1,1.0,EVADER_REACHED_GOAL
8by8,1,l1,100,0,9.0,I-NTMCP l=1,1.0,EVADER_REACHED_GOAL
8by8,1,l1,100,0,11.0,I-NTMCP l=1,1.0,EVADER_REACHED_GOAL
8by8,1,l1,100,0,9.0,I-NTMCP l=1,1.0,EVADER_REACHED_GOAL
8by8,1,l1,100,0,10.0,I-NTMCP l=1,1.0,EVADER_REACHED_GOAL
8by8,1,l1,100,0,9.0,I-NTMCP l=1,1.0,EVADER_REACHED_GOAL
8by8,1,l1,100,0,12.0,I-NTMCP l=1,1.0,EVADER_REACHED_GOAL
8by8,1,l1,100,1,4.0,I-NTMCP l=1,1.0,PURSUER_WIN
8by8,1,l1,100,1,2.0,I-NTMCP l=1,1.0,PURSUER_WIN
8by8,1,l1,101,0,17.0,I-NTMCP l=1,1.0,EVADER_REACHED_GOAL
8by8,1,l1,101,1,4.0,I-NTMCP l=1,1.0,PURSUER_WIN
8by8,1,l1,101,1,4.0,I-NTMCP l=1,1.0,PURSUER_WIN
8by8,1,l1,101,0,9.0,I-NTMCP l=1,1.0,EVADER_REACHED_GOAL
8by8,1,l1,101,0,9.0,I-NTMCP l=1,1.0,EVADER_REACHED_GOAL
8by8,1,l1,101,1,5.0,I-NTMCP l=1,1.0,PURSUER_WIN
8by8,1,l1,101,1,4.0,I-NTMCP l=1,1.0,PURSUER_WIN
8by8,1,l1,101,1,4.0,I-NTMCP l=1,1.0,PURSUER_WIN
8by8,1,l1,101,1,5.0,I-NTMCP l=1,1.0,PURSUER_WIN
8by8,1,l1,101,0,9.0,I-NTMCP l=1,1.0,EVADER_REACHED_GOAL
8by8,1,l1,101,1,4.0,I-NTMCP l=1,1.0,PURSUER_WIN
8by8,1,l1,101,0,9.0,I-NTMCP l=1,1.0,EVADER_REACHED_GOAL
8by8,1,l1,101,0,14.0,I-NTMCP l=1,1.0,EVADER_REACHED_GOAL
8by8,1,l1,101,1,4.0,I-NTMCP l=1,1.0,PURSUER_WIN
8by8,1,l1,101,1,2.0,I-NTMCP l=1,1.0,PURSUER_WIN
8by8,1,l1,101,1,2.0,I-NTMCP l=1,1.0,PURSUER_WIN
8by8,1,l1,101,1,12.0,I-NTMCP l=1,1.0,PURSUER_WIN
8by8,1,l1,101,1,3.0,I-NTMCP l=1,1.0,PURSUER_WIN
8by8,1,l1,101,0,9.0,I-NTMCP l=1,1.0,EVADER_REACHED_GOAL
8by8,1,l1,101,1,4.0,I-NTMCP l=1,1.0,PURSUER_WIN
8by8,1,l1,101,1,10.0,I-NTMCP l=1,1.0,PURSUER_WIN
8by8,1,l1,101,0,9.0,I-NTMCP l=1,1.0,EVADER_REACHED_GOAL
8by8,1,l1,101,0,9.0,I-NTMCP l=1,1.0,EVADER_REACHED_GOAL
8by8,1,l1,101,1,12.0,I-NTMCP l=1,1.0,PURSUER_WIN
8by8,1,l1,101,1,4.0,I-NTMCP l=1,1.0,PURSUER_WIN
8by8,1,l1,101,1,5.0,I-NTMCP l=1,1.0,PURSUER_WIN
8by8,1,l1,101,1,4.0,I-NTMCP l=1,1.0,PURSUER_WIN
8by8,1,l1,101,0,9.0,I-NTMCP l=1,1.0,EVADER_REACHED_GOAL
8by8,1,l1,101,1,5.0,I-NTMCP l=1,1.0,PURSUER_WIN
8by8,1,l1,101,1,2.0,I-NTMCP l=1,1.0,PURSUER_WIN
8by8,1,l1,101,0,14.0,I-NTMCP l=1,1.0,EVADER_REACHED_GOAL
8by8,1,l1,101,1,6.0,I-NTMCP l=1,1.0,PURSUER_WIN
8by8,1,l1,101,1,3.0,I-NTMCP l=1,1.0,PURSUER_WIN
8by8,1,l1,101,0,9.0,I-NTMCP l=1,1.0,EVADER_REACHED_GOAL
8by8,1,l1,101,0,10.0,I-NTMCP l=1,1.0,EVADER_REACHED_GOAL
8by8,1,l1,101,1,4.0,I-NTMCP l=1,1.0,PURSUER_WIN
8by8,1,l1,101,0,9.0,I-NTMCP l=1,1.0,EVADER_REACHED_GOAL
8by8,1,l1,101,0,16.0,I-NTMCP l=1,1.0,EVADER_REACHED_GOAL
8by8,1,l1,101,1,4.0,I-NTMCP l=1,1.0,PURSUER_WIN
8by8,1,l1,101,1,2.0,I-NTMCP l=1,1.0,PURSUER_WIN
8by8,1,l1,101,0,12.0,I-NTMCP l=1,1.0,EVADER_REACHED_GOAL
8by8,1,l1,101,1,4.0,I-NTMCP l=1,1.0,PURSUER_WIN
8by8,1,l1,101,0,10.0,I-NTMCP l=1,1.0,EVADER_REACHED_GOAL
8by8,1,l1,101,0,12.0,I-NTMCP l=1,1.0,EVADER_REACHED_GOAL
8by8,1,l1,101,1,6.0,I-NTMCP l=1,1.0,PURSUER_WIN
8by8,1,l1,101,1,6.0,I-NTMCP l=1,1.0,PURSUER_WIN
8by8,1,l1,101,1,5.0,I-NTMCP l=1,1.0,PURSUER_WIN
8by8,1,l1,101,1,4.0,I-NTMCP l=1,1.0,PURSUER_WIN
8by8,1,l1,101,1,5.0,I-NTMCP l=1,1.0,PURSUER_WIN
8by8,1,l1,101,0,14.0,I-NTMCP l=1,1.0,EVADER_REACHED_GOAL
8by8,1,l1,102,1,4.0,I-NTMCP l=1,1.0,PURSUER_WIN
8by8,1,l1,102,1,5.0,I-NTMCP l=1,1.0,PURSUER_WIN
8by8,1,l1,102,1,4.0,I-NTMCP l=1,1.0,PURSUER_WIN
8by8,1,l1,102,1,2.0,I-NTMCP l=1,1.0,PURSUER_WIN
8by8,1,l1,102,0,14.0,I-NTMCP l=1,1.0,EVADER_REACHED_GOAL
8by8,1,l1,102,0,10.0,I-NTMCP l=1,1.0,EVADER_REACHED_GOAL
8by8,1,l1,102,0,10.0,I-NTMCP l=1,1.0,EVADER_REACHED_GOAL
8by8,1,l1,102,1,9.0,I-NTMCP l=1,1.0,PURSUER_WIN
8by8,1,l1,102,1,2.0,I-NTMCP l=1,1.0,PURSUER_WIN
8by8,1,l1,102,1,8.0,I-NTMCP l=1,1.0,PURSUER_WIN
8by8,1,l1,102,0,9.0,I-NTMCP l=1,1.0,EVADER_REACHED_GOAL
8by8,1,l1,102,1,4.0,I-NTMCP l=1,1.0,PURSUER_WIN
8by8,1,l1,102,1,4.0,I-NTMCP l=1,1.0,PURSUER_WIN
8by8,1,l1,102,1,4.0,I-NTMCP l=1,1.0,PURSUER_WIN
8by8,1,l1,102,1,3.0,I-NTMCP l=1,1.0,PURSUER_WIN
8by8,1,l1,102,1,4.0,I-NTMCP l=1,1.0,PURSUER_WIN
8by8,1,l1,102,1,7.0,I-NTMCP l=1,1.0,PURSUER_WIN
8by8,1,l1,102,1,5.0,I-NTMCP l=1,1.0,PURSUER_WIN
8by8,1,l1,102,1,4.0,I-NTMCP l=1,1.0,PURSUER_WIN
8by8,1,l1,102,0,13.0,I-NTMCP l=1,1.0,EVADER_REACHED_GOAL
8by8,1,l1,102,1,2.0,I-NTMCP l=1,1.0,PURSUER_WIN
8by8,1,l1,102,0,9.0,I-NTMCP l=1,1.0,EVADER_REACHED_GOAL
8by8,1,l1,102,0,12.0,I-NTMCP l=1,1.0,EVADER_REACHED_GOAL
8by8,1,l1,102,1,6.0,I-NTMCP l=1,1.0,PURSUER_WIN
8by8,1,l1,102,0,12.0,I-NTMCP l=1,1.0,EVADER_REACHED_GOAL
8by8,1,l1,102,0,15.0,I-NTMCP l=1,1.0,EVADER_REACHED_GOAL
8by8,1,l1,102,0,15.0,I-NTMCP l=1,1.0,EVADER_REACHED_GOAL
8by8,1,l1,102,1,11.0,I-NTMCP l=1,1.0,PURSUER_WIN
8by8,1,l1,102,0,9.0,I-NTMCP l=1,1.0,EVADER_REACHED_GOAL
8by8,1,l1,102,0,11.0,I-NTMCP l=1,1.0,EVADER_REACHED_GOAL
8by8,1,l1,102,0,9.0,I-NTMCP l=1,1.0,EVADER_REACHED_GOAL
8by8,1,l1,102,0,13.0,I-NTMCP l=1,1.0,EVADER_REACHED_GOAL
8by8,1,l1,102,1,4.0,I-NTMCP l=1,1.0,PURSUER_WIN
8by8,1,l1,102,0,13.0,I-NTMCP l=1,1.0,EVADER_REACHED_GOAL
8by8,1,l1,102,0,9.0,I-NTMCP l=1,1.0,EVADER_REACHED_GOAL
8by8,1,l1,102,0,10.0,I-NTMCP l=1,1.0,EVADER_REACHED_GOAL
8by8,1,l1,102,1,5.0,I-NTMCP l=1,1.0,PURSUER_WIN
8by8,1,l1,102,0,9.0,I-NTMCP l=1,1.0,EVADER_REACHED_GOAL
8by8,1,l1,102,0,9.0,I-NTMCP l=1,1.0,EVADER_REACHED_GOAL
8by8,1,l1,102,0,11.0,I-NTMCP l=1,1.0,EVADER_REACHED_GOAL
8by8,1,l1,102,0,10.0,I-NTMCP l=1,1.0,EVADER_REACHED_GOAL
8by8,1,l1,102,1,4.0,I-NTMCP l=1,1.0,PURSUER_WIN
8by8,1,l1,102,1,3.0,I-NTMCP l=1,1.0,PURSUER_WIN
8by8,1,l1,102,0,9.0,I-NTMCP l=1,1.0,EVADER_REACHED_GOAL
8by8,1,l1,102,1,5.0,I-NTMCP l=1,1.0,PURSUER_WIN
8by8,1,l1,102,0,10.0,I-NTMCP l=1,1.0,EVADER_REACHED_GOAL
8by8,1,l1,102,0,11.0,I-NTMCP l=1,1.0,EVADER_REACHED_GOAL
8by8,1,l1,102,1,4.0,I-NTMCP l=1,1.0,PURSUER_WIN
8by8,1,l1,102,0,12.0,I-NTMCP l=1,1.0,EVADER_REACHED_GOAL
8by8,1,l1,102,1,2.0,I-NTMCP l=1,1.0,PURSUER_WIN
8by8,1,l1,103,1,3.0,I-NTMCP l=1,1.0,PURSUER_WIN
8by8,1,l1,103,0,12.0,I-NTMCP l=1,1.0,EVADER_REACHED_GOAL
8by8,1,l1,103,0,10.0,I-NTMCP l=1,1.0,EVADER_REACHED_GOAL
8by8,1,l1,103,0,9.0,I-NTMCP l=1,1.0,EVADER_REACHED_GOAL
8by8,1,l1,103,1,3.0,I-NTMCP l=1,1.0,PURSUER_WIN
8by8,1,l1,103,0,15.0,I-NTMCP l=1,1.0,EVADER_REACHED_GOAL
8by8,1,l1,103,1,4.0,I-NTMCP l=1,1.0,PURSUER_WIN
8by8,1,l1,103,1,2.0,I-NTMCP l=1,1.0,PURSUER_WIN
8by8,1,l1,103,0,9.0,I-NTMCP l=1,1.0,EVADER_REACHED_GOAL
8by8,1,l1,103,1,5.0,I-NTMCP l=1,1.0,PURSUER_WIN
8by8,1,l1,103,0,9.0,I-NTMCP l=1,1.0,EVADER_REACHED_GOAL
8by8,1,l1,103,0,18.0,I-NTMCP l=1,1.0,EVADER_REACHED_GOAL
8by8,1,l1,103,1,4.0,I-NTMCP l=1,1.0,PURSUER_WIN
8by8,1,l1,103,1,4.0,I-NTMCP l=1,1.0,PURSUER_WIN
8by8,1,l1,103,0,9.0,I-NTMCP l=1,1.0,EVADER_REACHED_GOAL
8by8,1,l1,103,0,9.0,I-NTMCP l=1,1.0,EVADER_REACHED_GOAL
8by8,1,l1,103,0,12.0,I-NTMCP l=1,1.0,EVADER_REACHED_GOAL
8by8,1,l1,103,1,5.0,I-NTMCP l=1,1.0,PURSUER_WIN
8by8,1,l1,103,0,20.0,I-NTMCP l=1,1.0,EVADER_REACHED_GOAL
8by8,1,l1,103,0,13.0,I-NTMCP l=1,1.0,EVADER_REACHED_GOAL
8by8,1,l1,103,1,10.0,I-NTMCP l=1,1.0,PURSUER_WIN
8by8,1,l1,103,0,13.0,I-NTMCP l=1,1.0,EVADER_REACHED_GOAL
8by8,1,l1,103,1,5.0,I-NTMCP l=1,1.0,PURSUER_WIN
8by8,1,l1,103,0,10.0,I-NTMCP l=1,1.0,EVADER_REACHED_GOAL
8by8,1,l1,103,0,9.0,I-NTMCP l=1,1.0,EVADER_REACHED_GOAL
8by8,1,l1,103,0,9.0,I-NTMCP l=1,1.0,EVADER_REACHED_GOAL
8by8,1,l1,103,1,6.0,I-NTMCP l=1,1.0,PURSUER_WIN
8by8,1,l1,103,0,9.0,I-NTMCP l=1,1.0,EVADER_REACHED_GOAL
8by8,1,l1,103,1,6.0,I-NTMCP l=1,1.0,PURSUER_WIN
8by8,1,l1,103,0,12.0,I-NTMCP l=1,1.0,EVADER_REACHED_GOAL
8by8,1,l1,103,1,6.0,I-NTMCP l=1,1.0,PURSUER_WIN
8by8,1,l1,103,0,15.0,I-NTMCP l=1,1.0,EVADER_REACHED_GOAL
8by8,1,l1,103,0,12.0,I-NTMCP l=1,1.0,EVADER_REACHED_GOAL
8by8,1,l1,103,0,9.0,I-NTMCP l=1,1.0,EVADER_REACHED_GOAL
8by8,1,l1,103,1,4.0,I-NTMCP l=1,1.0,PURSUER_WIN
8by8,1,l1,103,0,9.0,I-NTMCP l=1,1.0,EVADER_REACHED_GOAL
8by8,1,l1,103,0,16.0,I-NTMCP l=1,1.0,EVADER_REACHED_GOAL
8by8,1,l1,103,0,17.0,I-NTMCP l=1,1.0,EVADER_REACHED_GOAL
8by8,1,l1,103,1,2.0,I-NTMCP l=1,1.0,PURSUER_WIN
8by8,1,l1,103,1,4.0,I-NTMCP l=1,1.0,PURSUER_WIN
8by8,1,l1,103,0,9.0,I-NTMCP l=1,1.0,EVADER_REACHED_GOAL
8by8,1,l1,103,0,12.0,I-NTMCP l=1,1.0,EVADER_REACHED_GOAL
8by8,1,l1,103,1,3.0,I-NTMCP l=1,1.0,PURSUER_WIN
8by8,1,l1,103,1,5.0,I-NTMCP l=1,1.0,PURSUER_WIN
8by8,1,l1,103,0,9.0,I-NTMCP l=1,1.0,EVADER_REACHED_GOAL
8by8,1,l1,103,0,9.0,I-NTMCP l=1,1.0,EVADER_REACHED_GOAL
8by8,1,l1,103,1,2.0,I-NTMCP l=1,1.0,PURSUER_WIN
8by8,1,l1,103,0,13.0,I-NTMCP l=1,1.0,EVADER_REACHED_GOAL
8by8,1,l1,103,1,2.0,I-NTMCP l=1,1.0,PURSUER_WIN
8by8,1,l1,103,0,9.0,I-NTMCP l=1,1.0,EVADER_REACHED_GOAL
8by8,1,l1,104,0,14.0,I-NTMCP l=1,1.0,EVADER_REACHED_GOAL
8by8,1,l1,104,0,15.0,I-NTMCP l=1,1.0,EVADER_REACHED_GOAL
8by8,1,l1,104,0,12.0,I-NTMCP l=1,1.0,EVADER_REACHED_GOAL
8by8,1,l1,104,0,9.0,I-NTMCP l=1,1.0,EVADER_REACHED_GOAL
8by8,1,l1,104,0,10.0,I-NTMCP l=1,1.0,EVADER_REACHED_GOAL
8by8,1,l1,104,0,12.0,I-NTMCP l=1,1.0,EVADER_REACHED_GOAL
8by8,1,l1,104,1,5.0,I-NTMCP l=1,1.0,PURSUER_WIN
8by8,1,l1,104,0,9.0,I-NTMCP l=1,1.0,EVADER_REACHED_GOAL
8by8,1,l1,104,1,5.0,I-NTMCP l=1,1.0,PURSUER_WIN
8by8,1,l1,104,0,16.0,I-NTMCP l=1,1.0,EVADER_REACHED_GOAL
8by8,1,l1,104,1,10.0,I-NTMCP l=1,1.0,PURSUER_WIN
8by8,1,l1,104,0,9.0,I-NTMCP l=1,1.0,EVADER_REACHED_GOAL
8by8,1,l1,104,0,9.0,I-NTMCP l=1,1.0,EVADER_REACHED_GOAL
8by8,1,l1,104,0,9.0,I-NTMCP l=1,1.0,EVADER_REACHED_GOAL
8by8,1,l1,104,0,14.0,I-NTMCP l=1,1.0,EVADER_REACHED_GOAL
8by8,1,l1,104,0,12.0,I-NTMCP l=1,1.0,EVADER_REACHED_GOAL
8by8,1,l1,104,1,4.0,I-NTMCP l=1,1.0,PURSUER_WIN
8by8,1,l1,104,1,2.0,I-NTMCP l=1,1.0,PURSUER_WIN
8by8,1,l1,104,1,4.0,I-NTMCP l=1,1.0,PURSUER_WIN
8by8,1,l1,104,0,15.0,I-NTMCP l=1,1.0,EVADER_REACHED_GOAL
8by8,1,l1,104,1,4.0,I-NTMCP l=1,1.0,PURSUER_WIN
8by8,1,l1,104,0,9.0,I-NTMCP l=1,1.0,EVADER_REACHED_GOAL
8by8,1,l1,104,1,2.0,I-NTMCP l=1,1.0,PURSUER_WIN
8by8,1,l1,104,1,2.0,I-NTMCP l=1,1.0,PURSUER_WIN
8by8,1,l1,104,0,9.0,I-NTMCP l=1,1.0,EVADER_REACHED_GOAL
8by8,1,l1,104,0,13.0,I-NTMCP l=1,1.0,EVADER_REACHED_GOAL
8by8,1,l1,104,1,4.0,I-NTMCP l=1,1.0,PURSUER_WIN
8by8,1,l1,104,1,2.0,I-NTMCP l=1,1.0,PURSUER_WIN
8by8,1,l1,104,0,9.0,I-NTMCP l=1,1.0,EVADER_REACHED_GOAL
8by8,1,l1,104,1,4.0,I-NTMCP l=1,1.0,PURSUER_WIN
8by8,1,l1,104,0,9.0,I-NTMCP l=1,1.0,EVADER_REACHED_GOAL
8by8,1,l1,104,0,10.0,I-NTMCP l=1,1.0,EVADER_REACHED_GOAL
8by8,1,l1,104,0,12.0,I-NTMCP l=1,1.0,EVADER_REACHED_GOAL
8by8,1,l1,104,0,11.0,I-NTMCP l=1,1.0,EVADER_REACHED_GOAL
8by8,1,l1,104,1,3.0,I-NTMCP l=1,1.0,PURSUER_WIN
8by8,1,l1,104,0,10.0,I-NTMCP l=1,1.0,EVADER_REACHED_GOAL
8by8,1,l1,104,0,12.0,I-NTMCP l=1,1.0,EVADER_REACHED_GOAL
8by8,1,l1,104,0,9.0,I-NTMCP l=1,1.0,EVADER_REACHED_GOAL
8by8,1,l1,104,1,4.0,I-NTMCP l=1,1.0,PURSUER_WIN
8by8,1,l1,104,1,2.0,I-NTMCP l=1,1.0,PURSUER_WIN
8by8,1,l1,104,0,10.0,I-NTMCP l=1,1.0,EVADER_REACHED_GOAL
8by8,1,l1,104,0,10.0,I-NTMCP l=1,1.0,EVADER_REACHED_GOAL
8by8,1,l1,104,0,13.0,I-NTMCP l=1,1.0,EVADER_REACHED_GOAL
8by8,1,l1,104,1,2.0,I-NTMCP l=1,1.0,PURSUER_WIN
8by8,1,l1,104,0,10.0,I-NTMCP l=1,1.0,EVADER_REACHED_GOAL
8by8,1,l1,104,1,8.0,I-NTMCP l=1,1.0,PURSUER_WIN
8by8,1,l1,104,0,9.0,I-NTMCP l=1,1.0,EVADER_REACHED_GOAL
8by8,1,l1,104,0,10.0,I-NTMCP l=1,1.0,EVADER_REACHED_GOAL
8by8,1,l1,104,1,4.0,I-NTMCP l=1,1.0,PURSUER_WIN
8by8,1,l1,104,0,16.0,I-NTMCP l=1,1.0,EVADER_REACHED_GOAL
8by8,1,l1,105,1,2.0,I-NTMCP l=1,1.0,PURSUER_WIN
8by8,1,l1,105,0,15.0,I-NTMCP l=1,1.0,EVADER_REACHED_GOAL
8by8,1,l1,105,1,2.0,I-NTMCP l=1,1.0,PURSUER_WIN
8by8,1,l1,105,1,2.0,I-NTMCP l=1,1.0,PURSUER_WIN
8by8,1,l1,105,0,9.0,I-NTMCP l=1,1.0,EVADER_REACHED_GOAL
8by8,1,l1,105,1,6.0,I-NTMCP l=1,1.0,PURSUER_WIN
8by8,1,l1,105,0,11.0,I-NTMCP l=1,1.0,EVADER_REACHED_GOAL
8by8,1,l1,105,1,3.0,I-NTMCP l=1,1.0,PURSUER_WIN
8by8,1,l1,105,1,4.0,I-NTMCP l=1,1.0,PURSUER_WIN
8by8,1,l1,105,0,10.0,I-NTMCP l=1,1.0,EVADER_REACHED_GOAL
8by8,1,l1,105,0,9.0,I-NTMCP l=1,1.0,EVADER_REACHED_GOAL
8by8,1,l1,105,0,9.0,I-NTMCP l=1,1.0,EVADER_REACHED_GOAL
8by8,1,l1,105,1,2.0,I-NTMCP l=1,1.0,PURSUER_WIN
8by8,1,l1,105,0,9.0,I-NTMCP l=1,1.0,EVADER_REACHED_GOAL
8by8,1,l1,105,1,4.0,I-NTMCP l=1,1.0,PURSUER_WIN
8by8,1,l1,105,0,14.0,I-NTMCP l=1,1.0,EVADER_REACHED_GOAL
8by8,1,l1,105,0,9.0,I-NTMCP l=1,1.0,EVADER_REACHED_GOAL
8by8,1,l1,105,0,10.0,I-NTMCP l=1,1.0,EVADER_REACHED_GOAL
8by8,1,l1,105,0,9.0,I-NTMCP l=1,1.0,EVADER_REACHED_GOAL
8by8,1,l1,105,0,10.0,I-NTMCP l=1,1.0,EVADER_REACHED_GOAL
8by8,1,l1,105,0,9.0,I-NTMCP l=1,1.0,EVADER_REACHED_GOAL
8by8,1,l1,105,1,3.0,I-NTMCP l=1,1.0,PURSUER_WIN
8by8,1,l1,105,1,4.0,I-NTMCP l=1,1.0,PURSUER_WIN
8by8,1,l1,105,1,8.0,I-NTMCP l=1,1.0,PURSUER_WIN
8by8,1,l1,105,1,2.0,I-NTMCP l=1,1.0,PURSUER_WIN
8by8,1,l1,105,0,9.0,I-NTMCP l=1,1.0,EVADER_REACHED_GOAL
8by8,1,l1,105,1,3.0,I-NTMCP l=1,1.0,PURSUER_WIN
8by8,1,l1,105,1,5.0,I-NTMCP l=1,1.0,PURSUER_WIN
8by8,1,l1,105,0,12.0,I-NTMCP l=1,1.0,EVADER_REACHED_GOAL
8by8,1,l1,105,0,9.0,I-NTMCP l=1,1.0,EVADER_REACHED_GOAL
8by8,1,l1,105,0,11.0,I-NTMCP l=1,1.0,EVADER_REACHED_GOAL
8by8,1,l1,105,0,11.0,I-NTMCP l=1,1.0,EVADER_REACHED_GOAL
8by8,1,l1,105,0,11.0,I-NTMCP l=1,1.0,EVADER_REACHED_GOAL
8by8,1,l1,105,1,4.0,I-NTMCP l=1,1.0,PURSUER_WIN
8by8,1,l1,105,0,14.0,I-NTMCP l=1,1.0,EVADER_REACHED_GOAL
8by8,1,l1,105,0,9.0,I-NTMCP l=1,1.0,EVADER_REACHED_GOAL
8by8,1,l1,105,1,5.0,I-NTMCP l=1,1.0,PURSUER_WIN
8by8,1,l1,105,0,12.0,I-NTMCP l=1,1.0,EVADER_REACHED_GOAL
8by8,1,l1,105,1,4.0,I-NTMCP l=1,1.0,PURSUER_WIN
8by8,1,l1,105,0,10.0,I-NTMCP l=1,1.0,EVADER_REACHED_GOAL
8by8,1,l1,105,1,2.0,I-NTMCP l=1,1.0,PURSUER_WIN
8by8,1,l1,105,0,15.0,I-NTMCP l=1,1.0,EVADER_REACHED_GOAL
8by8,1,l1,105,1,5.0,I-NTMCP l=1,1.0,PURSUER_WIN
8by8,1,l1,105,0,16.0,I-NTMCP l=1,1.0,EVADER_REACHED_GOAL
8by8,1,l1,105,1,5.0,I-NTMCP l=1,1.0,PURSUER_WIN
8by8,1,l1,105,1,5.0,I-NTMCP l=1,1.0,PURSUER_WIN
8by8,1,l1,105,0,13.0,I-NTMCP l=1,1.0,EVADER_REACHED_GOAL
8by8,1,l1,105,1,5.0,I-NTMCP l=1,1.0,PURSUER_WIN
8by8,1,l1,105,0,9.0,I-NTMCP l=1,1.0,EVADER_REACHED_GOAL
8by8,1,l1,105,1,4.0,I-NTMCP l=1,1.0,PURSUER_WIN
8by8,1,l1,106,1,4.0,I-NTMCP l=1,1.0,PURSUER_WIN
8by8,1,l1,106,1,5.0,I-NTMCP l=1,1.0,PURSUER_WIN
8by8,1,l1,106,0,13.0,I-NTMCP l=1,1.0,EVADER_REACHED_GOAL
8by8,1,l1,106,0,15.0,I-NTMCP l=1,1.0,EVADER_REACHED_GOAL
8by8,1,l1,106,1,4.0,I-NTMCP l=1,1.0,PURSUER_WIN
8by8,1,l1,106,1,2.0,I-NTMCP l=1,1.0,PURSUER_WIN
8by8,1,l1,106,0,13.0,I-NTMCP l=1,1.0,EVADER_REACHED_GOAL
8by8,1,l1,106,0,11.0,I-NTMCP l=1,1.0,EVADER_REACHED_GOAL
8by8,1,l1,106,0,9.0,I-NTMCP l=1,1.0,EVADER_REACHED_GOAL
8by8,1,l1,106,0,9.0,I-NTMCP l=1,1.0,EVADER_REACHED_GOAL
8by8,1,l1,106,0,21.0,I-NTMCP l=1,1.0,EVADER_REACHED_GOAL
8by8,1,l1,106,1,4.0,I-NTMCP l=1,1.0,PURSUER_WIN
8by8,1,l1,106,1,4.0,I-NTMCP l=1,1.0,PURSUER_WIN
8by8,1,l1,106,0,9.0,I-NTMCP l=1,1.0,EVADER_REACHED_GOAL
8by8,1,l1,106,0,9.0,I-NTMCP l=1,1.0,EVADER_REACHED_GOAL
8by8,1,l1,106,0,9.0,I-NTMCP l=1,1.0,EVADER_REACHED_GOAL
8by8,1,l1,106,1,5.0,I-NTMCP l=1,1.0,PURSUER_WIN
8by8,1,l1,106,0,13.0,I-NTMCP l=1,1.0,EVADER_REACHED_GOAL
8by8,1,l1,106,0,14.0,I-NTMCP l=1,1.0,EVADER_REACHED_GOAL
8by8,1,l1,106,1,11.0,I-NTMCP l=1,1.0,PURSUER_WIN
8by8,1,l1,106,0,9.0,I-NTMCP l=1,1.0,EVADER_REACHED_GOAL
8by8,1,l1,106,1,7.0,I-NTMCP l=1,1.0,PURSUER_WIN
8by8,1,l1,106,1,4.0,I-NTMCP l=1,1.0,PURSUER_WIN
8by8,1,l1,106,1,2.0,I-NTMCP l=1,1.0,PURSUER_WIN
8by8,1,l1,106,1,8.0,I-NTMCP l=1,1.0,PURSUER_WIN
8by8,1,l1,106,1,3.0,I-NTMCP l=1,1.0,PURSUER_WIN
8by8,1,l1,106,1,2.0,I-NTMCP l=1,1.0,PURSUER_WIN
8by8,1,l1,106,1,4.0,I-NTMCP l=1,1.0,PURSUER_WIN
8by8,1,l1,106,1,5.0,I-NTMCP l=1,1.0,PURSUER_WIN
8by8,1,l1,106,1,6.0,I-NTMCP l=1,1.0,PURSUER_WIN
8by8,1,l1,106,1,7.0,I-NTMCP l=1,1.0,PURSUER_WIN
8by8,1,l1,106,1,2.0,I-NTMCP l=1,1.0,PURSUER_WIN
8by8,1,l1,106,0,14.0,I-NTMCP l=1,1.0,EVADER_REACHED_GOAL
8by8,1,l1,106,1,4.0,I-NTMCP l=1,1.0,PURSUER_WIN
8by8,1,l1,106,0,12.0,I-NTMCP l=1,1.0,EVADER_REACHED_GOAL
8by8,1,l1,106,0,32.0,I-NTMCP l=1,1.0,EVADER_REACHED_GOAL
8by8,1,l1,106,1,4.0,I-NTMCP l=1,1.0,PURSUER_WIN
8by8,1,l1,106,0,11.0,I-NTMCP l=1,1.0,EVADER_REACHED_GOAL
8by8,1,l1,106,1,6.0,I-NTMCP l=1,1.0,PURSUER_WIN
8by8,1,l1,106,1,5.0,I-NTMCP l=1,1.0,PURSUER_WIN
8by8,1,l1,106,0,12.0,I-NTMCP l=1,1.0,EVADER_REACHED_GOAL
8by8,1,l1,106,1,2.0,I-NTMCP l=1,1.0,PURSUER_WIN
8by8,1,l1,106,0,9.0,I-NTMCP l=1,1.0,EVADER_REACHED_GOAL
8by8,1,l1,106,0,10.0,I-NTMCP l=1,1.0,EVADER_REACHED_GOAL
8by8,1,l1,106,1,7.0,I-NTMCP l=1,1.0,PURSUER_WIN
8by8,1,l1,106,0,12.0,I-NTMCP l=1,1.0,EVADER_REACHED_GOAL
8by8,1,l1,106,0,12.0,I-NTMCP l=1,1.0,EVADER_REACHED_GOAL
8by8,1,l1,106,0,12.0,I-NTMCP l=1,1.0,EVADER_REACHED_GOAL
8by8,1,l1,106,0,9.0,I-NTMCP l=1,1.0,EVADER_REACHED_GOAL
8by8,1,l1,106,0,10.0,I-NTMCP l=1,1.0,EVADER_REACHED_GOAL
8by8,1,l1,107,0,10.0,I-NTMCP l=1,1.0,EVADER_REACHED_GOAL
8by8,1,l1,107,0,12.0,I-NTMCP l=1,1.0,EVADER_REACHED_GOAL
8by8,1,l1,107,1,6.0,I-NTMCP l=1,1.0,PURSUER_WIN
8by8,1,l1,107,1,3.0,I-NTMCP l=1,1.0,PURSUER_WIN
8by8,1,l1,107,0,9.0,I-NTMCP l=1,1.0,EVADER_REACHED_GOAL
8by8,1,l1,107,1,5.0,I-NTMCP l=1,1.0,PURSUER_WIN
8by8,1,l1,107,0,10.0,I-NTMCP l=1,1.0,EVADER_REACHED_GOAL
8by8,1,l1,107,0,9.0,I-NTMCP l=1,1.0,EVADER_REACHED_GOAL
8by8,1,l1,107,0,14.0,I-NTMCP l=1,1.0,EVADER_REACHED_GOAL
8by8,1,l1,107,0,9.0,I-NTMCP l=1,1.0,EVADER_REACHED_GOAL
8by8,1,l1,107,1,4.0,I-NTMCP l=1,1.0,PURSUER_WIN
8by8,1,l1,107,0,11.0,I-NTMCP l=1,1.0,EVADER_REACHED_GOAL
8by8,1,l1,107,1,3.0,I-NTMCP l=1,1.0,PURSUER_WIN
8by8,1,l1,107,0,12.0,I-NTMCP l=1,1.0,EVADER_REACHED_GOAL
8by8,1,l1,107,1,2.0,I-NTMCP l=1,1.0,PURSUER_WIN
8by8,1,l1,107,0,9.0,I-NTMCP l=1,1.0,EVADER_REACHED_GOAL
8by8,1,l1,107,0,9.0,I-NTMCP l=1,1.0,EVADER_REACHED_GOAL
8by8,1,l1,107,1,2.0,I-NTMCP l=1,1.0,PURSUER_WIN
8by8,1,l1,107,0,9.0,I-NTMCP l=1,1.0,EVADER_REACHED_GOAL
8by8,1,l1,107,0,9.0,I-NTMCP l=1,1.0,EVADER_REACHED_GOAL
8by8,1,l1,107,0,9.0,I-NTMCP l=1,1.0,EVADER_REACHED_GOAL
8by8,1,l1,107,0,9.0,I-NTMCP l=1,1.0,EVADER_REACHED_GOAL
8by8,1,l1,107,1,3.0,I-NTMCP l=1,1.0,PURSUER_WIN
8by8,1,l1,107,1,5.0,I-NTMCP l=1,1.0,PURSUER_WIN
8by8,1,l1,107,0,11.0,I-NTMCP l=1,1.0,EVADER_REACHED_GOAL
8by8,1,l1,107,0,13.0,I-NTMCP l=1,1.0,EVADER_REACHED_GOAL
8by8,1,l1,107,1,3.0,I-NTMCP l=1,1.0,PURSUER_WIN
8by8,1,l1,107,1,4.0,I-NTMCP l=1,1.0,PURSUER_WIN
8by8,1,l1,107,0,12.0,I-NTMCP l=1,1.0,EVADER_REACHED_GOAL
8by8,1,l1,107,1,10.0,I-NTMCP l=1,1.0,PURSUER_WIN
8by8,1,l1,107,1,4.0,I-NTMCP l=1,1.0,PURSUER_WIN
8by8,1,l1,107,1,4.0,I-NTMCP l=1,1.0,PURSUER_WIN
8by8,1,l1,107,0,12.0,I-NTMCP l=1,1.0,EVADER_REACHED_GOAL
8by8,1,l1,107,0,9.0,I-NTMCP l=1,1.0,EVADER_REACHED_GOAL
8by8,1,l1,107,1,5.0,I-NTMCP l=1,1.0,PURSUER_WIN
8by8,1,l1,107,0,15.0,I-NTMCP l=1,1.0,EVADER_REACHED_GOAL
8by8,1,l1,107,0,10.0,I-NTMCP l=1,1.0,EVADER_REACHED_GOAL
8by8,1,l1,107,0,13.0,I-NTMCP l=1,1.0,EVADER_REACHED_GOAL
8by8,1,l1,107,1,5.0,I-NTMCP l=1,1.0,PURSUER_WIN
8by8,1,l1,107,1,2.0,I-NTMCP l=1,1.0,PURSUER_WIN
8by8,1,l1,107,1,4.0,I-NTMCP l=1,1.0,PURSUER_WIN
8by8,1,l1,107,1,3.0,I-NTMCP l=1,1.0,PURSUER_WIN
8by8,1,l1,107,0,12.0,I-NTMCP l=1,1.0,EVADER_REACHED_GOAL
8by8,1,l1,107,1,5.0,I-NTMCP l=1,1.0,PURSUER_WIN
8by8,1,l1,107,0,12.0,I-NTMCP l=1,1.0,EVADER_REACHED_GOAL
8by8,1,l1,107,0,12.0,I-NTMCP l=1,1.0,EVADER_REACHED_GOAL
8by8,1,l1,107,1,2.0,I-NTMCP l=1,1.0,PURSUER_WIN
8by8,1,l1,107,1,5.0,I-NTMCP l=1,1.0,PURSUER_WIN
8by8,1,l1,107,1,5.0,I-NTMCP l=1,1.0,PURSUER_WIN
8by8,1,l1,107,0,13.0,I-NTMCP l=1,1.0,EVADER_REACHED_GOAL
8by8,1,l1,108,0,10.0,I-NTMCP l=1,1.0,EVADER_REACHED_GOAL
8by8,1,l1,108,1,4.0,I-NTMCP l=1,1.0,PURSUER_WIN
8by8,1,l1,108,1,5.0,I-NTMCP l=1,1.0,PURSUER_WIN
8by8,1,l1,108,1,4.0,I-NTMCP l=1,1.0,PURSUER_WIN
8by8,1,l1,108,1,4.0,I-NTMCP l=1,1.0,PURSUER_WIN
8by8,1,l1,108,1,4.0,I-NTMCP l=1,1.0,PURSUER_WIN
8by8,1,l1,108,0,12.0,I-NTMCP l=1,1.0,EVADER_REACHED_GOAL
8by8,1,l1,108,0,10.0,I-NTMCP l=1,1.0,EVADER_REACHED_GOAL
8by8,1,l1,108,0,12.0,I-NTMCP l=1,1.0,EVADER_REACHED_GOAL
8by8,1,l1,108,1,2.0,I-NTMCP l=1,1.0,PURSUER_WIN
8by8,1,l1,108,0,9.0,I-NTMCP l=1,1.0,EVADER_REACHED_GOAL
8by8,1,l1,108,1,6.0,I-NTMCP l=1,1.0,PURSUER_WIN
8by8,1,l1,108,1,2.0,I-NTMCP l=1,1.0,PURSUER_WIN
8by8,1,l1,108,0,14.0,I-NTMCP l=1,1.0,EVADER_REACHED_GOAL
8by8,1,l1,108,1,7.0,I-NTMCP l=1,1.0,PURSUER_WIN
8by8,1,l1,108,1,6.0,I-NTMCP l=1,1.0,PURSUER_WIN
8by8,1,l1,108,1,11.0,I-NTMCP l=1,1.0,PURSUER_WIN
8by8,1,l1,108,1,2.0,I-NTMCP l=1,1.0,PURSUER_WIN
8by8,1,l1,108,1,9.0,I-NTMCP l=1,1.0,PURSUER_WIN
8by8,1,l1,108,1,5.0,I-NTMCP l=1,1.0,PURSUER_WIN
8by8,1,l1,108,1,4.0,I-NTMCP l=1,1.0,PURSUER_WIN
8by8,1,l1,108,0,13.0,I-NTMCP l=1,1.0,EVADER_REACHED_GOAL
8by8,1,l1,108,0,10.0,I-NTMCP l=1,1.0,EVADER_REACHED_GOAL
8by8,1,l1,108,1,5.0,I-NTMCP l=1,1.0,PURSUER_WIN
8by8,1,l1,108,0,10.0,I-NTMCP l=1,1.0,EVADER_REACHED_GOAL
8by8,1,l1,108,1,2.0,I-NTMCP l=1,1.0,PURSUER_WIN
8by8,1,l1,108,0,9.0,I-NTMCP l=1,1.0,EVADER_REACHED_GOAL
8by8,1,l1,108,1,4.0,I-NTMCP l=1,1.0,PURSUER_WIN
8by8,1,l1,108,0,9.0,I-NTMCP l=1,1.0,EVADER_REACHED_GOAL
8by8,1,l1,108,1,6.0,I-NTMCP l=1,1.0,PURSUER_WIN
8by8,1,l1,108,1,5.0,I-NTMCP l=1,1.0,PURSUER_WIN
8by8,1,l1,108,0,12.0,I-NTMCP l=1,1.0,EVADER_REACHED_GOAL
8by8,1,l1,108,0,11.0,I-NTMCP l=1,1.0,EVADER_REACHED_GOAL
8by8,1,l1,108,0,17.0,I-NTMCP l=1,1.0,EVADER_REACHED_GOAL
8by8,1,l1,108,0,13.0,I-NTMCP l=1,1.0,EVADER_REACHED_GOAL
8by8,1,l1,108,0,12.0,I-NTMCP l=1,1.0,EVADER_REACHED_GOAL
8by8,1,l1,108,0,12.0,I-NTMCP l=1,1.0,EVADER_REACHED_GOAL
8by8,1,l1,108,0,9.0,I-NTMCP l=1,1.0,EVADER_REACHED_GOAL
8by8,1,l1,108,0,10.0,I-NTMCP l=1,1.0,EVADER_REACHED_GOAL
8by8,1,l1,108,0,9.0,I-NTMCP l=1,1.0,EVADER_REACHED_GOAL
8by8,1,l1,108,0,9.0,I-NTMCP l=1,1.0,EVADER_REACHED_GOAL
8by8,1,l1,108,0,12.0,I-NTMCP l=1,1.0,EVADER_REACHED_GOAL
8by8,1,l1,108,0,12.0,I-NTMCP l=1,1.0,EVADER_REACHED_GOAL
8by8,1,l1,108,1,4.0,I-NTMCP l=1,1.0,PURSUER_WIN
8by8,1,l1,108,1,9.0,I-NTMCP l=1,1.0,PURSUER_WIN
8by8,1,l1,108,1,4.0,I-NTMCP l=1,1.0,PURSUER_WIN
8by8,1,l1,108,0,9.0,I-NTMCP l=1,1.0,EVADER_REACHED_GOAL
8by8,1,l1,108,1,6.0,I-NTMCP l=1,1.0,PURSUER_WIN
8by8,1,l1,108,0,9.0,I-NTMCP l=1,1.0,EVADER_REACHED_GOAL
8by8,1,l1,108,0,10.0,I-NTMCP l=1,1.0,EVADER_REACHED_GOAL
8by8,1,l1,109,0,10.0,I-NTMCP l=1,1.0,EVADER_REACHED_GOAL
8by8,1,l1,109,1,2.0,I-NTMCP l=1,1.0,PURSUER_WIN
8by8,1,l1,109,1,2.0,I-NTMCP l=1,1.0,PURSUER_WIN
8by8,1,l1,109,1,9.0,I-NTMCP l=1,1.0,PURSUER_WIN
8by8,1,l1,109,1,5.0,I-NTMCP l=1,1.0,PURSUER_WIN
8by8,1,l1,109,1,2.0,I-NTMCP l=1,1.0,PURSUER_WIN
8by8,1,l1,109,0,13.0,I-NTMCP l=1,1.0,EVADER_REACHED_GOAL
8by8,1,l1,109,0,10.0,I-NTMCP l=1,1.0,EVADER_REACHED_GOAL
8by8,1,l1,109,0,9.0,I-NTMCP l=1,1.0,EVADER_REACHED_GOAL
8by8,1,l1,109,1,8.0,I-NTMCP l=1,1.0,PURSUER_WIN
8by8,1,l1,109,1,11.0,I-NTMCP l=1,1.0,PURSUER_WIN
8by8,1,l1,109,1,4.0,I-NTMCP l=1,1.0,PURSUER_WIN
8by8,1,l1,109,0,9.0,I-NTMCP l=1,1.0,EVADER_REACHED_GOAL
8by8,1,l1,109,1,5.0,I-NTMCP l=1,1.0,PURSUER_WIN
8by8,1,l1,109,0,10.0,I-NTMCP l=1,1.0,EVADER_REACHED_GOAL
8by8,1,l1,109,0,12.0,I-NTMCP l=1,1.0,EVADER_REACHED_GOAL
8by8,1,l1,109,1,5.0,I-NTMCP l=1,1.0,PURSUER_WIN
8by8,1,l1,109,1,2.0,I-NTMCP l=1,1.0,PURSUER_WIN
8by8,1,l1,109,0,9.0,I-NTMCP l=1,1.0,EVADER_REACHED_GOAL
8by8,1,l1,109,1,9.0,I-NTMCP l=1,1.0,PURSUER_WIN
8by8,1,l1,109,1,5.0,I-NTMCP l=1,1.0,PURSUER_WIN
8by8,1,l1,109,1,5.0,I-NTMCP l=1,1.0,PURSUER_WIN
8by8,1,l1,109,1,4.0,I-NTMCP l=1,1.0,PURSUER_WIN
8by8,1,l1,109,1,2.0,I-NTMCP l=1,1.0,PURSUER_WIN
8by8,1,l1,109,0,9.0,I-NTMCP l=1,1.0,EVADER_REACHED_GOAL
8by8,1,l1,109,0,10.0,I-NTMCP l=1,1.0,EVADER_REACHED_GOAL
8by8,1,l1,109,1,4.0,I-NTMCP l=1,1.0,PURSUER_WIN
8by8,1,l1,109,1,5.0,I-NTMCP l=1,1.0,PURSUER_WIN
8by8,1,l1,109,0,10.0,I-NTMCP l=1,1.0,EVADER_REACHED_GOAL
8by8,1,l1,109,0,12.0,I-NTMCP l=1,1.0,EVADER_REACHED_GOAL
8by8,1,l1,109,0,9.0,I-NTMCP l=1,1.0,EVADER_REACHED_GOAL
8by8,1,l1,109,1,2.0,I-NTMCP l=1,1.0,PURSUER_WIN
8by8,1,l1,109,0,11.0,I-NTMCP l=1,1.0,EVADER_REACHED_GOAL
8by8,1,l1,109,1,4.0,I-NTMCP l=1,1.0,PURSUER_WIN
8by8,1,l1,109,0,9.0,I-NTMCP l=1,1.0,EVADER_REACHED_GOAL
8by8,1,l1,109,0,10.0,I-NTMCP l=1,1.0,EVADER_REACHED_GOAL
8by8,1,l1,109,0,13.0,I-NTMCP l=1,1.0,EVADER_REACHED_GOAL
8by8,1,l1,109,1,4.0,I-NTMCP l=1,1.0,PURSUER_WIN
8by8,1,l1,109,1,5.0,I-NTMCP l=1,1.0,PURSUER_WIN
8by8,1,l1,109,0,13.0,I-NTMCP l=1,1.0,EVADER_REACHED_GOAL
8by8,1,l1,109,1,2.0,I-NTMCP l=1,1.0,PURSUER_WIN
8by8,1,l1,109,0,10.0,I-NTMCP l=1,1.0,EVADER_REACHED_GOAL
8by8,1,l1,109,1,5.0,I-NTMCP l=1,1.0,PURSUER_WIN
8by8,1,l1,109,0,17.0,I-NTMCP l=1,1.0,EVADER_REACHED_GOAL
8by8,1,l1,109,1,5.0,I-NTMCP l=1,1.0,PURSUER_WIN
8by8,1,l1,109,0,10.0,I-NTMCP l=1,1.0,EVADER_REACHED_GOAL
8by8,1,l1,109,1,5.0,I-NTMCP l=1,1.0,PURSUER_WIN
8by8,1,l1,109,0,10.0,I-NTMCP l=1,1.0,EVADER_REACHED_GOAL
8by8,1,l1,109,0,12.0,I-NTMCP l=1,1.0,EVADER_REACHED_GOAL
8by8,1,l1,109,1,4.0,I-NTMCP l=1,1.0,PURSUER_WIN
8by8,1,mixed,100,0,12.0,shortest path,,EVADER_REACHED_GOAL
8by8,1,mixed,100,1,3.0,I-NTMCP l=1,1.0,PURSUER_WIN
8by8,1,mixed,100,1,2.0,I-NTMCP l=1,1.0,PURSUER_WIN
8by8,1,mixed,100,1,20.0,shortest path,,PURSUER_WIN
8by8,1,mixed,100,1,2.0,I-NTMCP l=1,1.0,PURSUER_WIN
8by8,1,mixed,100,1,4.0,I-NTMCP l=0,0.0,PURSUER_WIN
8by8,1,mixed,100,1,4.0,I-NTMCP l=1,1.0,PURSUER_WIN
8by8,1,mixed,100,0,40.0,random,,OTHER_LOSS_OR_TIMEOUT
8by8,1,mixed,100,1,32.0,random,,PURSUER_WIN
8by8,1,mixed,100,1,7.0,random,,PURSUER_WIN
8by8,1,mixed,100,0,12.0,I-NTMCP l=1,1.0,EVADER_REACHED_GOAL
8by8,1,mixed,100,1,3.0,I-NTMCP l=0,0.0,PURSUER_WIN
8by8,1,mixed,100,1,6.0,random,,PURSUER_WIN
8by8,1,mixed,100,1,7.0,shortest path,,PURSUER_WIN
8by8,1,mixed,100,1,2.0,I-NTMCP l=0,0.0,PURSUER_WIN
8by8,1,mixed,100,0,9.0,shortest path,,EVADER_REACHED_GOAL
8by8,1,mixed,100,0,9.0,I-NTMCP l=0,0.0,EVADER_REACHED_GOAL
8by8,1,mixed,100,1,2.0,shortest path,,PURSUER_WIN
8by8,1,mixed,100,0,16.0,shortest path,,EVADER_REACHED_GOAL
8by8,1,mixed,100,0,12.0,shortest path,,EVADER_REACHED_GOAL
8by8,1,mixed,100,0,17.0,shortest path,,EVADER_REACHED_GOAL
8by8,1,mixed,100,0,9.0,I-NTMCP l=0,0.0,EVADER_REACHED_GOAL
8by8,1,mixed,100,0,11.0,I-NTMCP l=0,0.0,EVADER_REACHED_GOAL
8by8,1,mixed,100,0,9.0,I-NTMCP l=1,1.0,EVADER_REACHED_GOAL
8by8,1,mixed,100,1,5.0,shortest path,,PURSUER_WIN
8by8,1,mixed,100,1,5.0,I-NTMCP l=1,1.0,PURSUER_WIN
8by8,1,mixed,100,1,2.0,I-NTMCP l=1,1.0,PURSUER_WIN
8by8,1,mixed,100,1,4.0,I-NTMCP l=0,0.0,PURSUER_WIN
8by8,1,mixed,100,0,9.0,I-NTMCP l=1,1.0,EVADER_REACHED_GOAL
8by8,1,mixed,100,1,17.0,shortest path,,PURSUER_WIN
8by8,1,mixed,100,1,4.0,random,,PURSUER_WIN
8by8,1,mixed,100,0,11.0,shortest path,,EVADER_REACHED_GOAL
8by8,1,mixed,100,0,40.0,random,,OTHER_LOSS_OR_TIMEOUT
8by8,1,mixed,100,0,9.0,I-NTMCP l=1,1.0,EVADER_REACHED_GOAL
8by8,1,mixed,100,1,4.0,shortest path,,PURSUER_WIN
8by8,1,mixed,100,1,2.0,shortest path,,PURSUER_WIN
8by8,1,mixed,100,1,4.0,shortest path,,PURSUER_WIN
8by8,1,mixed,100,1,16.0,shortest path,,PURSUER_WIN
8by8,1,mixed,100,1,6.0,random,,PURSUER_WIN
8by8,1,mixed,100,1,2.0,shortest path,,PURSUER_WIN
8by8,1,mixed,100,0,14.0,I-NTMCP l=1,1.0,EVADER_REACHED_GOAL
8by8,1,mixed,100,0,14.0,I-NTMCP l=1,1.0,EVADER_REACHED_GOAL
8by8,1,mixed,100,1,4.0,shortest path,,PURSUER_WIN
8by8,1,mixed,100,1,15.0,random,,PURSUER_WIN
8by8,1,mixed,100,0,13.0,shortest path,,EVADER_REACHED_GOAL
8by8,1,mixed,100,1,4.0,I-NTMCP l=0,0.0,PURSUER_WIN
8by8,1,mixed,100,1,5.0,I-NTMCP l=0,0.0,PURSUER_WIN
8by8,1,mixed,100,1,4.0,I-NTMCP l=0,0.0,PURSUER_WIN
8by8,1,mixed,100,0,13.0,I-NTMCP l=0,0.0,EVADER_REACHED_GOAL
8by8,1,mixed,100,0,14.0,I-NTMCP l=1,1.0,EVADER_REACHED_GOAL
8by8,1,mixed,101,1,5.0,shortest path,,PURSUER_WIN
8by8,1,mixed,101,0,12.0,I-NTMCP l=0,0.0,EVADER_REACHED_GOAL
8by8,1,mixed,101,0,10.0,I-NTMCP l=1,1.0,EVADER_REACHED_GOAL
8by8,1,mixed,101,0,40.0,random,,OTHER_LOSS_OR_TIMEOUT
8by8,1,mixed,101,1,4.0,shortest path,,PURSUER_WIN
8by8,1,mixed,101,0,19.0,shortest path,,EVADER_REACHED_GOAL
8by8,1,mixed,101,1,4.0,I-NTMCP l=0,0.0,PURSUER_WIN
8by8,1,mixed,101,1,3.0,I-NTMCP l=1,1.0,PURSUER_WIN
8by8,1,mixed,101,1,4.0,shortest path,,PURSUER_WIN
8by8,1,mixed,101,0,9.0,I-NTMCP l=0,0.0,EVADER_REACHED_GOAL
8by8,1,mixed,101,0,9.0,I-NTMCP l=1,1.0,EVADER_REACHED_GOAL
8by8,1,mixed,101,1,21.0,random,,PURSUER_WIN
8by8,1,mixed,101,1,5.0,I-NTMCP l=0,0.0,PURSUER_WIN
8by8,1,mixed,101,0,9.0,shortest path,,EVADER_REACHED_GOAL
8by8,1,mixed,101,1,4.0,shortest path,,PURSUER_WIN
8by8,1,mixed,101,1,36.0,random,,PURSUER_WIN
8by8,1,mixed,101,0,16.0,I-NTMCP l=1,1.0,EVADER_REACHED_GOAL
8by8,1,mixed,101,0,9.0,I-NTMCP l=0,0.0,EVADER_REACHED_GOAL
8by8,1,mixed,101,1,4.0,shortest path,,PURSUER_WIN
8by8,1,mixed,101,0,9.0,I-NTMCP l=1,1.0,EVADER_REACHED_GOAL
8by8,1,mixed,101,1,4.0,I-NTMCP l=0,0.0,PURSUER_WIN
8by8,1,mixed,101,0,9.0,shortest path,,EVADER_REACHED_GOAL
8by8,1,mixed,101,0,10.0,I-NTMCP l=1,1.0,EVADER_REACHED_GOAL
8by8,1,mixed,101,0,9.0,I-NTMCP l=1,1.0,EVADER_REACHED_GOAL
8by8,1,mixed,101,1,2.0,shortest path,,PURSUER_WIN
8by8,1,mixed,101,1,13.0,random,,PURSUER_WIN
8by8,1,mixed,101,0,9.0,I-NTMCP l=1,1.0,EVADER_REACHED_GOAL
8by8,1,mixed,101,1,2.0,I-NTMCP l=1,1.0,PURSUER_WIN
8by8,1,mixed,101,1,4.0,I-NTMCP l=0,0.0,PURSUER_WIN
8by8,1,mixed,101,1,8.0,shortest path,,PURSUER_WIN
8by8,1,mixed,101,1,9.0,random,,PURSUER_WIN
8by8,1,mixed,101,1,4.0,I-NTMCP l=0,0.0,PURSUER_WIN
8by8,1,mixed,101,1,5.0,I-NTMCP l=0,0.0,PURSUER_WIN
8by8,1,mixed,101,1,4.0,I-NTMCP l=1,1.0,PURSUER_WIN
8by8,1,mixed,101,0,9.0,I-NTMCP l=1,1.0,EVADER_REACHED_GOAL
8by8,1,mixed,101,1,6.0,shortest path,,PURSUER_WIN
8by8,1,mixed,101,1,4.0,I-NTMCP l=1,1.0,PURSUER_WIN
8by8,1,mixed,101,1,8.0,random,,PURSUER_WIN
8by8,1,mixed,101,1,4.0,I-NTMCP l=1,1.0,PURSUER_WIN
8by8,1,mixed,101,0,12.0,I-NTMCP l=1,1.0,EVADER_REACHED_GOAL
8by8,1,mixed,101,1,20.0,random,,PURSUER_WIN
8by8,1,mixed,101,1,5.0,I-NTMCP l=1,1.0,PURSUER_WIN
8by8,1,mixed,101,1,11.0,shortest path,,PURSUER_WIN
8by8,1,mixed,101,1,5.0,random,,PURSUER_WIN
8by8,1,mixed,101,1,8.0,I-NTMCP l=0,0.0,PURSUER_WIN
8by8,1,mixed,101,1,15.0,random,,PURSUER_WIN
8by8,1,mixed,101,1,2.0,I-NTMCP l=0,0.0,PURSUER_WIN
8by8,1,mixed,101,0,10.0,I-NTMCP l=0,0.0,EVADER_REACHED_GOAL
8by8,1,mixed,101,0,40.0,random,,OTHER_LOSS_OR_TIMEOUT
8by8,1,mixed,101,1,7.0,I-NTMCP l=0,0.0,PURSUER_WIN
8by8,1,mixed,102,0,13.0,shortest path,,EVADER_REACHED_GOAL
8by8,1,mixed,102,1,4.0,I-NTMCP l=0,0.0,PURSUER_WIN
8by8,1,mixed,102,1,12.0,shortest path,,PURSUER_WIN
8by8,1,mixed,102,1,4.0,shortest path,,PURSUER_WIN
8by8,1,mixed,102,1,5.0,I-NTMCP l=1,1.0,PURSUER_WIN
8by8,1,mixed,102,0,9.0,I-NTMCP l=0,0.0,EVADER_REACHED_GOAL
8by8,1,mixed,102,1,5.0,I-NTMCP l=1,1.0,PURSUER_WIN
8by8,1,mixed,102,1,7.0,random,,PURSUER_WIN
8by8,1,mixed,102,0,9.0,shortest path,,EVADER_REACHED_GOAL
8by8,1,mixed,102,1,4.0,I-NTMCP l=1,1.0,PURSUER_WIN
8by8,1,mixed,102,0,11.0,I-NTMCP l=1,1.0,EVADER_REACHED_GOAL
8by8,1,mixed,102,1,4.0,shortest path,,PURSUER_WIN
8by8,1,mixed,102,1,11.0,shortest path,,PURSUER_WIN
8by8,1,mixed,102,1,10.0,random,,PURSUER_WIN
8by8,1,mixed,102,0,40.0,random,,OTHER_LOSS_OR_TIMEOUT
8by8,1,mixed,102,1,2.0,shortest path,,PURSUER_WIN
8by8,1,mixed,102,0,9.0,I-NTMCP l=1,1.0,EVADER_REACHED_GOAL
8by8,1,mixed,102,1,2.0,shortest path,,PURSUER_WIN
8by8,1,mixed,102,1,28.0,shortest path,,PURSUER_WIN
8by8,1,mixed,102,0,13.0,I-NTMCP l=1,1.0,EVADER_REACHED_GOAL
8by8,1,mixed,102,1,2.0,I-NTMCP l=1,1.0,PURSUER_WIN
8by8,1,mixed,102,0,12.0,I-NTMCP l=1,1.0,EVADER_REACHED_GOAL
8by8,1,mixed,102,1,2.0,random,,PURSUER_WIN
8by8,1,mixed,102,0,9.0,shortest path,,EVADER_REACHED_GOAL
8by8,1,mixed,102,1,14.0,random,,PURSUER_WIN
8by8,1,mixed,102,1,4.0,I-NTMCP l=0,0.0,PURSUER_WIN
8by8,1,mixed,102,0,12.0,I-NTMCP l=1,1.0,EVADER_REACHED_GOAL
8by8,1,mixed,102,0,11.0,shortest path,,EVADER_REACHED_GOAL
8by8,1,mixed,102,1,4.0,I-NTMCP l=1,1.0,PURSUER_WIN
8by8,1,mixed,102,1,3.0,I-NTMCP l=1,1.0,PURSUER_WIN
8by8,1,mixed,102,1,5.0,I-NTMCP l=1,1.0,PURSUER_WIN
8by8,1,mixed,102,1,3.0,shortest path,,PURSUER_WIN
8by8,1,mixed,102,0,9.0,shortest path,,EVADER_REACHED_GOAL
8by8,1,mixed,102,0,12.0,I-NTMCP l=0,0.0,EVADER_REACHED_GOAL
8by8,1,mixed,102,1,2.0,shortest path,,PURSUER_WIN
8by8,1,mixed,102,1,25.0,random,,PURSUER_WIN
8by8,1,mixed,102,1,10.0,shortest path,,PURSUER_WIN
8by8,1,mixed,102,0,9.0,I-NTMCP l=0,0.0,EVADER_REACHED_GOAL
8by8,1,mixed,102,1,2.0,I-NTMCP l=1,1.0,PURSUER_WIN
8by8,1,mixed,102,0,34.0,shortest path,,EVADER_REACHED_GOAL
8by8,1,mixed,102,1,2.0,I-NTMCP l=1,1.0,PURSUER_WIN
8by8,1,mixed,102,1,4.0,I-NTMCP l=0,0.0,PURSUER_WIN
8by8,1,mixed,102,1,2.0,I-NTMCP l=0,0.0,PURSUER_WIN
8by8,1,mixed,102,1,4.0,I-NTMCP l=1,1.0,PURSUER_WIN
8by8,1,mixed,102,0,12.0,I-NTMCP l=1,1.0,EVADER_REACHED_GOAL
8by8,1,mixed,102,0,9.0,shortest path,,EVADER_REACHED_GOAL
8by8,1,mixed,102,1,4.0,I-NTMCP l=1,1.0,PURSUER_WIN
8by8,1,mixed,102,0,9.0,shortest path,,EVADER_REACHED_GOAL
8by8,1,mixed,102,1,8.0,shortest path,,PURSUER_WIN
8by8,1,mixed,102,0,13.0,shortest path,,EVADER_REACHED_GOAL
8by8,1,mixed,103,1,3.0,I-NTMCP l=1,1.0,PURSUER_WIN
8by8,1,mixed,103,0,12.0,shortest path,,EVADER_REACHED_GOAL
8by8,1,mixed,103,1,12.0,random,,PURSUER_WIN
8by8,1,mixed,103,1,23.0,random,,PURSUER_WIN
8by8,1,mixed,103,1,9.0,I-NTMCP l=1,1.0,PURSUER_WIN
8by8,1,mixed,103,0,13.0,I-NTMCP l=1,1.0,EVADER_REACHED_GOAL
8by8,1,mixed,103,0,10.0,I-NTMCP l=0,0.0,EVADER_REACHED_GOAL
8by8,1,mixed,103,1,6.0,random,,PURSUER_WIN
8by8,1,mixed,103,1,5.0,I-NTMCP l=1,1.0,PURSUER_WIN
8by8,1,mixed,103,1,19.0,random,,PURSUER_WIN
8by8,1,mixed,103,0,20.0,shortest path,,EVADER_REACHED_GOAL
8by8,1,mixed,103,1,4.0,shortest path,,PURSUER_WIN
8by8,1,mixed,103,1,8.0,random,,PURSUER_WIN
8by8,1,mixed,103,1,8.0,random,,PURSUER_WIN
8by8,1,mixed,103,0,13.0,shortest path,,EVADER_REACHED_GOAL
8by8,1,mixed,103,0,18.0,random,,EVADER_REACHED_GOAL
8by8,1,mixed,103,1,15.0,shortest path,,PURSUER_WIN
8by8,1,mixed,103,0,11.0,I-NTMCP l=0,0.0,EVADER_REACHED_GOAL
8by8,1,mixed,103,1,4.0,shortest path,,PURSUER_WIN
8by8,1,mixed,103,1,5.0,I-NTMCP l=1,1.0,PURSUER_WIN
8by8,1,mixed,103,0,12.0,I-NTMCP l=1,1.0,EVADER_REACHED_GOAL
8by8,1,mixed,103,1,4.0,shortest path,,PURSUER_WIN
8by8,1,mixed,103,1,4.0,shortest path,,PURSUER_WIN
8by8,1,mixed,103,1,6.0,random,,PURSUER_WIN
8by8,1,mixed,103,1,5.0,I-NTMCP l=0,0.0,PURSUER_WIN
8by8,1,mixed,103,0,9.0,shortest path,,EVADER_REACHED_GOAL
8by8,1,mixed,103,1,4.0,shortest path,,PURSUER_WIN
8by8,1,mixed,103,1,4.0,I-NTMCP l=1,1.0,PURSUER_WIN
8by8,1,mixed,103,0,12.0,I-NTMCP l=0,0.0,EVADER_REACHED_GOAL
8by8,1,mixed,103,1,4.0,I-NTMCP l=0,0.0,PURSUER_WIN
8by8,1,mixed,103,1,11.0,shortest path,,PURSUER_WIN
8by8,1,mixed,103,0,9.0,I-NTMCP l=1,1.0,EVADER_REACHED_GOAL
8by8,1,mixed,103,1,5.0,shortest path,,PURSUER_WIN
8by8,1,mixed,103,0,10.0,I-NTMCP l=0,0.0,EVADER_REACHED_GOAL
8by8,1,mixed,103,1,9.0,random,,PURSUER_WIN
8by8,1,mixed,103,1,2.0,I-NTMCP l=1,1.0,PURSUER_WIN
8by8,1,mixed,103,1,3.0,shortest path,,PURSUER_WIN
8by8,1,mixed,103,1,15.0,shortest path,,PURSUER_WIN
8by8,1,mixed,103,0,9.0,I-NTMCP l=1,1.0,EVADER_REACHED_GOAL
8by8,1,mixed,103,0,9.0,I-NTMCP l=0,0.0,EVADER_REACHED_GOAL
8by8,1,mixed,103,1,6.0,random,,PURSUER_WIN
8by8,1,mixed,103,0,12.0,I-NTMCP l=1,1.0,EVADER_REACHED_GOAL
8by8,1,mixed,103,1,4.0,I-NTMCP l=0,0.0,PURSUER_WIN
8by8,1,mixed,103,0,40.0,random,,OTHER_LOSS_OR_TIMEOUT
8by8,1,mixed,103,1,20.0,random,,PURSUER_WIN
8by8,1,mixed,103,1,4.0,I-NTMCP l=0,0.0,PURSUER_WIN
8by8,1,mixed,103,0,11.0,I-NTMCP l=1,1.0,EVADER_REACHED_GOAL
8by8,1,mixed,103,1,34.0,random,,PURSUER_WIN
8by8,1,mixed,103,1,22.0,random,,PURSUER_WIN
8by8,1,mixed,103,1,4.0,I-NTMCP l=1,1.0,PURSUER_WIN
8by8,1,mixed,104,1,6.0,random,,PURSUER_WIN
8by8,1,mixed,104,1,19.0,shortest path,,PURSUER_WIN
8by8,1,mixed,104,0,23.0,shortest path,,EVADER_REACHED_GOAL
8by8,1,mixed,104,0,12.0,I-NTMCP l=1,1.0,EVADER_REACHED_GOAL
8by8,1,mixed,104,1,3.0,I-NTMCP l=0,0.0,PURSUER_WIN
8by8,1,mixed,104,1,3.0,random,,PURSUER_WIN
8by8,1,mixed,104,1,2.0,shortest path,,PURSUER_WIN
8by8,1,mixed,104,1,5.0,random,,PURSUER_WIN
8by8,1,mixed,104,1,13.0,shortest path,,PURSUER_WIN
8by8,1,mixed,104,0,40.0,random,,OTHER_LOSS_OR_TIMEOUT
8by8,1,mixed,104,0,9.0,shortest path,,EVADER_REACHED_GOAL
8by8,1,mixed,104,1,14.0,random,,PURSUER_WIN
8by8,1,mixed,104,1,10.0,random,,PURSUER_WIN
8by8,1,mixed,104,1,2.0,I-NTMCP l=0,0.0,PURSUER_WIN
8by8,1,mixed,104,0,13.0,I-NTMCP l=0,0.0,EVADER_REACHED_GOAL
8by8,1,mixed,104,0,40.0,random,,OTHER_LOSS_OR_TIMEOUT
8by8,1,mixed,104,1,5.0,shortest path,,PURSUER_WIN
8by8,1,mixed,104,1,4.0,I-NTMCP l=0,0.0,PURSUER_WIN
8by8,1,mixed,104,1,4.0,I-NTMCP l=1,1.0,PURSUER_WIN
8by8,1,mixed,104,1,2.0,I-NTMCP l=0,0.0,PURSUER_WIN
8by8,1,mixed,104,1,5.0,shortest path,,PURSUER_WIN
8by8,1,mixed,104,0,15.0,I-NTMCP l=0,0.0,EVADER_REACHED_GOAL
8by8,1,mixed,104,1,3.0,I-NTMCP l=1,1.0,PURSUER_WIN
8by8,1,mixed,104,1,36.0,random,,PURSUER_WIN
8by8,1,mixed,104,0,9.0,I-NTMCP l=1,1.0,EVADER_REACHED_GOAL
8by8,1,mixed,104,0,12.0,I-NTMCP l=1,1.0,EVADER_REACHED_GOAL
8by8,1,mixed,104,1,4.0,shortest path,,PURSUER_WIN
8by8,1,mixed,104,1,2.0,I-NTMCP l=0,0.0,PURSUER_WIN
8by8,1,mixed,104,1,2.0,shortest path,,PURSUER_WIN
8by8,1,mixed,104,0,40.0,random,,OTHER_LOSS_OR_TIMEOUT
8by8,1,mixed,104,1,2.0,random,,PURSUER_WIN
8by8,1,mixed,104,1,31.0,random,,PURSUER_WIN
8by8,1,mixed,104,0,40.0,random,,OTHER_LOSS_OR_TIMEOUT
8by8,1,mixed,104,0,9.0,shortest path,,EVADER_REACHED_GOAL
8by8,1,mixed,104,0,13.0,I-NTMCP l=0,0.0,EVADER_REACHED_GOAL
8by8,1,mixed,104,0,12.0,I-NTMCP l=1,1.0,EVADER_REACHED_GOAL
8by8,1,mixed,104,0,10.0,I-NTMCP l=0,0.0,EVADER_REACHED_GOAL
8by8,1,mixed,104,1,23.0,random,,PURSUER_WIN
8by8,1,mixed,104,0,9.0,I-NTMCP l=0,0.0,EVADER_REACHED_GOAL
8by8,1,mixed,104,1,4.0,shortest path,,PURSUER_WIN
8by8,1,mixed,104,0,40.0,random,,OTHER_LOSS_OR_TIMEOUT
8by8,1,mixed,104,1,7.0,random,,PURSUER_WIN
8by8,1,mixed,104,1,4.0,I-NTMCP l=1,1.0,PURSUER_WIN
8by8,1,mixed,104,0,13.0,I-NTMCP l=1,1.0,EVADER_REACHED_GOAL
8by8,1,mixed,104,0,9.0,shortest path,,EVADER_REACHED_GOAL
8by8,1,mixed,104,1,14.0,shortest path,,PURSUER_WIN
8by8,1,mixed,104,1,4.0,shortest path,,PURSUER_WIN
8by8,1,mixed,104,1,19.0,shortest path,,PURSUER_WIN
8by8,1,mixed,104,0,14.0,shortest path,,EVADER_REACHED_GOAL
8by8,1,mixed,104,1,18.0,random,,PURSUER_WIN
8by8,1,mixed,105,1,2.0,I-NTMCP l=0,0.0,PURSUER_WIN
8by8,1,mixed,105,1,6.0,random,,PURSUER_WIN
8by8,1,mixed,105,1,15.0,random,,PURSUER_WIN
8by8,1,mixed,105,1,7.0,I-NTMCP l=0,0.0,PURSUER_WIN
8by8,1,mixed,105,1,4.0,I-NTMCP l=0,0.0,PURSUER_WIN
8by8,1,mixed,105,0,10.0,I-NTMCP l=0,0.0,EVADER_REACHED_GOAL
8by8,1,mixed,105,1,7.0,shortest path,,PURSUER_WIN
8by8,1,mixed,105,0,9.0,I-NTMCP l=0,0.0,EVADER_REACHED_GOAL
8by8,1,mixed,105,1,4.0,shortest path,,PURSUER_WIN
8by8,1,mixed,105,1,4.0,shortest path,,PURSUER_WIN
8by8,1,mixed,105,1,13.0,random,,PURSUER_WIN
8by8,1,mixed,105,0,9.0,I-NTMCP l=1,1.0,EVADER_REACHED_GOAL
8by8,1,mixed,105,1,5.0,I-NTMCP l=0,0.0,PURSUER_WIN
8by8,1,mixed,105,0,14.0,shortest path,,EVADER_REACHED_GOAL
8by8,1,mixed,105,1,2.0,I-NTMCP l=1,1.0,PURSUER_WIN
8by8,1,mixed,105,0,9.0,I-NTMCP l=1,1.0,EVADER_REACHED_GOAL
8by8,1,mixed,105,1,4.0,I-NTMCP l=1,1.0,PURSUER_WIN
8by8,1,mixed,105,1,4.0,I-NTMCP l=1,1.0,PURSUER_WIN
8by8,1,mixed,105,1,7.0,shortest path,,PURSUER_WIN
8by8,1,mixed,105,0,9.0,shortest path,,EVADER_REACHED_GOAL
8by8,1,mixed,105,0,13.0,I-NTMCP l=0,0.0,EVADER_REACHED_GOAL
8by8,1,mixed,105,0,9.0,I-NTMCP l=0,0.0,EVADER_REACHED_GOAL
8by8,1,mixed,105,1,32.0,random,,PURSUER_WIN
8by8,1,mixed,105,1,4.0,I-NTMCP l=0,0.0,PURSUER_WIN
8by8,1,mixed,105,1,17.0,random,,PURSUER_WIN
8by8,1,mixed,105,1,4.0,I-NTMCP l=0,0.0,PURSUER_WIN
8by8,1,mixed,105,1,29.0,shortest path,,PURSUER_WIN
8by8,1,mixed,105,0,12.0,I-NTMCP l=1,1.0,EVADER_REACHED_GOAL
8by8,1,mixed,105,1,7.0,I-NTMCP l=1,1.0,PURSUER_WIN
8by8,1,mixed,105,0,10.0,I-NTMCP l=1,1.0,EVADER_REACHED_GOAL
8by8,1,mixed,105,0,9.0,I-NTMCP l=0,0.0,EVADER_REACHED_GOAL
8by8,1,mixed,105,1,20.0,random,,PURSUER_WIN
8by8,1,mixed,105,0,12.0,I-NTMCP l=1,1.0,EVADER_REACHED_GOAL
8by8,1,mixed,105,1,5.0,I-NTMCP l=0,0.0,PURSUER_WIN
8by8,1,mixed,105,0,12.0,I-NTMCP l=0,0.0,EVADER_REACHED_GOAL
8by8,1,mixed,105,0,9.0,I-NTMCP l=0,0.0,EVADER_REACHED_GOAL
8by8,1,mixed,105,1,4.0,shortest path,,PURSUER_WIN
8by8,1,mixed,105,1,8.0,random,,PURSUER_WIN
8by8,1,mixed,105,1,4.0,I-NTMCP l=1,1.0,PURSUER_WIN
8by8,1,mixed,105,0,9.0,I-NTMCP l=1,1.0,EVADER_REACHED_GOAL
8by8,1,mixed,105,0,9.0,I-NTMCP l=0,0.0,EVADER_REACHED_GOAL
8by8,1,mixed,105,1,9.0,random,,PURSUER_WIN
8by8,1,mixed,105,1,2.0,shortest path,,PURSUER_WIN
8by8,1,mixed,105,1,24.0,shortest path,,PURSUER_WIN
8by8,1,mixed,105,1,5.0,random,,PURSUER_WIN
8by8,1,mixed,105,1,6.0,shortest path,,PURSUER_WIN
8by8,1,mixed,105,1,4.0,I-NTMCP l=0,0.0,PURSUER_WIN
8by8,1,mixed,105,0,9.0,I-NTMCP l=1,1.0,EVADER_REACHED_GOAL
8by8,1,mixed,105,0,9.0,I-NTMCP l=1,1.0,EVADER_REACHED_GOAL
8by8,1,mixed,105,0,9.0,shortest path,,EVADER_REACHED_GOAL
8by8,1,mixed,106,1,4.0,I-NTMCP l=1,1.0,PURSUER_WIN
8by8,1,mixed,106,1,9.0,random,,PURSUER_WIN
8by8,1,mixed,106,0,12.0,I-NTMCP l=1,1.0,EVADER_REACHED_GOAL
8by8,1,mixed,106,0,40.0,random,,OTHER_LOSS_OR_TIMEOUT
8by8,1,mixed,106,0,10.0,I-NTMCP l=0,0.0,EVADER_REACHED_GOAL
8by8,1,mixed,106,1,9.0,random,,PURSUER_WIN
8by8,1,mixed,106,1,5.0,shortest path,,PURSUER_WIN
8by8,1,mixed,106,0,11.0,I-NTMCP l=1,1.0,EVADER_REACHED_GOAL
8by8,1,mixed,106,1,2.0,I-NTMCP l=0,0.0,PURSUER_WIN
8by8,1,mixed,106,0,12.0,I-NTMCP l=1,1.0,EVADER_REACHED_GOAL
8by8,1,mixed,106,0,9.0,I-NTMCP l=1,1.0,EVADER_REACHED_GOAL
8by8,1,mixed,106,0,10.0,I-NTMCP l=0,0.0,EVADER_REACHED_GOAL
8by8,1,mixed,106,1,5.0,shortest path,,PURSUER_WIN
8by8,1,mixed,106,0,10.0,I-NTMCP l=1,1.0,EVADER_REACHED_GOAL
8by8,1,mixed,106,0,9.0,I-NTMCP l=0,0.0,EVADER_REACHED_GOAL
8by8,1,mixed,106,0,10.0,I-NTMCP l=1,1.0,EVADER_REACHED_GOAL
8by8,1,mixed,106,1,4.0,shortest path,,PURSUER_WIN
8by8,1,mixed,106,1,2.0,shortest path,,PURSUER_WIN
8by8,1,mixed,106,0,10.0,I-NTMCP l=0,0.0,EVADER_REACHED_GOAL
8by8,1,mixed,106,1,2.0,I-NTMCP l=0,0.0,PURSUER_WIN
8by8,1,mixed,106,1,2.0,I-NTMCP l=1,1.0,PURSUER_WIN
8by8,1,mixed,106,0,17.0,I-NTMCP l=0,0.0,EVADER_REACHED_GOAL
8by8,1,mixed,106,0,40.0,random,,OTHER_LOSS_OR_TIMEOUT
8by8,1,mixed,106,1,4.0,I-NTMCP l=0,0.0,PURSUER_WIN
8by8,1,mixed,106,1,4.0,I-NTMCP l=0,0.0,PURSUER_WIN
8by8,1,mixed,106,1,2.0,I-NTMCP l=0,0.0,PURSUER_WIN
8by8,1,mixed,106,0,9.0,shortest path,,EVADER_REACHED_GOAL
8by8,1,mixed,106,1,2.0,shortest path,,PURSUER_WIN
8by8,1,mixed,106,0,15.0,I-NTMCP l=1,1.0,EVADER_REACHED_GOAL
8by8,1,mixed,106,1,27.0,random,,PURSUER_WIN
8by8,1,mixed,106,0,40.0,random,,OTHER_LOSS_OR_TIMEOUT
8by8,1,mixed,106,1,2.0,random,,PURSUER_WIN
8by8,1,mixed,106,0,10.0,I-NTMCP l=0,0.0,EVADER_REACHED_GOAL
8by8,1,mixed,106,1,10.0,random,,PURSUER_WIN
8by8,1,mixed,106,0,17.0,shortest path,,EVADER_REACHED_GOAL
8by8,1,mixed,106,1,4.0,I-NTMCP l=0,0.0,PURSUER_WIN
8by8,1,mixed,106,1,4.0,I-NTMCP l=1,1.0,PURSUER_WIN
8by8,1,mixed,106,1,4.0,I-NTMCP l=0,0.0,PURSUER_WIN
8by8,1,mixed,106,0,12.0,I-NTMCP l=0,0.0,EVADER_REACHED_GOAL
8by8,1,mixed,106,0,9.0,I-NTMCP l=1,1.0,EVADER_REACHED_GOAL
8by8,1,mixed,106,0,9.0,I-NTMCP l=1,1.0,EVADER_REACHED_GOAL
8by8,1,mixed,106,0,10.0,I-NTMCP l=1,1.0,EVADER_REACHED_GOAL
8by8,1,mixed,106,1,4.0,shortest path,,PURSUER_WIN
8by8,1,mixed,106,1,12.0,shortest path,,PURSUER_WIN
8by8,1,mixed,106,1,7.0,shortest path,,PURSUER_WIN
8by8,1,mixed,106,0,10.0,I-NTMCP l=1,1.0,EVADER_REACHED_GOAL
8by8,1,mixed,106,1,2.0,shortest path,,PURSUER_WIN
8by8,1,mixed,106,0,15.0,shortest path,,EVADER_REACHED_GOAL
8by8,1,mixed,106,1,9.0,shortest path,,PURSUER_WIN
8by8,1,mixed,106,0,19.0,shortest path,,EVADER_REACHED_GOAL
8by8,1,mixed,107,0,9.0,shortest path,,EVADER_REACHED_GOAL
8by8,1,mixed,107,1,4.0,I-NTMCP l=1,1.0,PURSUER_WIN
8by8,1,mixed,107,1,5.0,I-NTMCP l=1,1.0,PURSUER_WIN
8by8,1,mixed,107,0,13.0,I-NTMCP l=0,0.0,EVADER_REACHED_GOAL
8by8,1,mixed,107,0,14.0,shortest path,,EVADER_REACHED_GOAL
8by8,1,mixed,107,1,4.0,I-NTMCP l=1,1.0,PURSUER_WIN
8by8,1,mixed,107,0,40.0,random,,OTHER_LOSS_OR_TIMEOUT
8by8,1,mixed,107,0,10.0,I-NTMCP l=0,0.0,EVADER_REACHED_GOAL
8by8,1,mixed,107,1,7.0,I-NTMCP l=0,0.0,PURSUER_WIN
8by8,1,mixed,107,0,40.0,random,,OTHER_LOSS_OR_TIMEOUT
8by8,1,mixed,107,1,4.0,I-NTMCP l=0,0.0,PURSUER_WIN
8by8,1,mixed,107,0,9.0,I-NTMCP l=0,0.0,EVADER_REACHED_GOAL
8by8,1,mixed,107,1,7.0,shortest path,,PURSUER_WIN
8by8,1,mixed,107,1,3.0,shortest path,,PURSUER_WIN
8by8,1,mixed,107,1,6.0,shortest path,,PURSUER_WIN
8by8,1,mixed,107,1,5.0,shortest path,,PURSUER_WIN
8by8,1,mixed,107,1,39.0,shortest path,,PURSUER_WIN
8by8,1,mixed,107,0,10.0,shortest path,,EVADER_REACHED_GOAL
8by8,1,mixed,107,0,11.0,I-NTMCP l=0,0.0,EVADER_REACHED_GOAL
8by8,1,mixed,107,1,10.0,random,,PURSUER_WIN
8by8,1,mixed,107,0,40.0,random,,OTHER_LOSS_OR_TIMEOUT
8by8,1,mixed,107,1,11.0,shortest path,,PURSUER_WIN
8by8,1,mixed,107,1,10.0,random,,PURSUER_WIN
8by8,1,mixed,107,1,2.0,I-NTMCP l=1,1.0,PURSUER_WIN
8by8,1,mixed,107,1,7.0,shortest path,,PURSUER_WIN
8by8,1,mixed,107,1,2.0,shortest path,,PURSUER_WIN
8by8,1,mixed,107,0,12.0,I-NTMCP l=1,1.0,EVADER_REACHED_GOAL
8by8,1,mixed,107,1,2.0,I-NTMCP l=0,0.0,PURSUER_WIN
8by8,1,mixed,107,1,31.0,random,,PURSUER_WIN
8by8,1,mixed,107,1,5.0,shortest path,,PURSUER_WIN
8by8,1,mixed,107,0,9.0,I-NTMCP l=0,0.0,EVADER_REACHED_GOAL
8by8,1,mixed,107,0,14.0,I-NTMCP l=1,1.0,EVADER_REACHED_GOAL
8by8,1,mixed,107,0,10.0,I-NTMCP l=1,1.0,EVADER_REACHED_GOAL
8by8,1,mixed,107,1,2.0,shortest path,,PURSUER_WIN
8by8,1,mixed,107,1,7.0,random,,PURSUER_WIN
8by8,1,mixed,107,1,4.0,I-NTMCP l=0,0.0,PURSUER_WIN
8by8,1,mixed,107,0,12.0,I-NTMCP l=1,1.0,EVADER_REACHED_GOAL
8by8,1,mixed,107,1,6.0,I-NTMCP l=0,0.0,PURSUER_WIN
8by8,1,mixed,107,0,14.0,I-NTMCP l=0,0.0,EVADER_REACHED_GOAL
8by8,1,mixed,107,1,7.0,random,,PURSUER_WIN
8by8,1,mixed,107,0,12.0,I-NTMCP l=1,1.0,EVADER_REACHED_GOAL
8by8,1,mixed,107,0,9.0,I-NTMCP l=0,0.0,EVADER_REACHED_GOAL
8by8,1,mixed,107,0,10.0,shortest path,,EVADER_REACHED_GOAL
8by8,1,mixed,107,1,4.0,shortest path,,PURSUER_WIN
8by8,1,mixed,107,0,9.0,shortest path,,EVADER_REACHED_GOAL
8by8,1,mixed,107,1,2.0,random,,PURSUER_WIN
8by8,1,mixed,107,0,12.0,I-NTMCP l=1,1.0,EVADER_REACHED_GOAL
8by8,1,mixed,107,0,10.0,shortest path,,EVADER_REACHED_GOAL
8by8,1,mixed,107,0,28.0,shortest path,,EVADER_REACHED_GOAL
8by8,1,mixed,107,1,2.0,I-NTMCP l=0,0.0,PURSUER_WIN
8by8,1,mixed,108,1,12.0,shortest path,,PURSUER_WIN
8by8,1,mixed,108,1,4.0,random,,PURSUER_WIN
8by8,1,mixed,108,1,2.0,I-NTMCP l=1,1.0,PURSUER_WIN
8by8,1,mixed,108,0,9.0,I-NTMCP l=0,0.0,EVADER_REACHED_GOAL
8by8,1,mixed,108,1,11.0,I-NTMCP l=1,1.0,PURSUER_WIN
8by8,1,mixed,108,1,5.0,shortest path,,PURSUER_WIN
8by8,1,mixed,108,1,8.0,random,,PURSUER_WIN
8by8,1,mixed,108,0,9.0,I-NTMCP l=0,0.0,EVADER_REACHED_GOAL
8by8,1,mixed,108,1,4.0,shortest path,,PURSUER_WIN
8by8,1,mixed,108,1,2.0,shortest path,,PURSUER_WIN
8by8,1,mixed,108,1,20.0,shortest path,,PURSUER_WIN
8by8,1,mixed,108,1,5.0,I-NTMCP l=0,0.0,PURSUER_WIN
8by8,1,mixed,108,0,9.0,shortest path,,EVADER_REACHED_GOAL
8by8,1,mixed,108,1,24.0,random,,PURSUER_WIN
8by8,1,mixed,108,1,4.0,shortest path,,PURSUER_WIN
8by8,1,mixed,108,1,12.0,random,,PURSUER_WIN
8by8,1,mixed,108,1,4.0,I-NTMCP l=1,1.0,PURSUER_WIN
8by8,1,mixed,108,0,40.0,random,,OTHER_LOSS_OR_TIMEOUT
8by8,1,mixed,108,1,4.0,I-NTMCP l=0,0.0,PURSUER_WIN
8by8,1,mixed,108,1,9.0,I-NTMCP l=1,1.0,PURSUER_WIN
8by8,1,mixed,108,1,2.0,shortest path,,PURSUER_WIN
8by8,1,mixed,108,1,6.0,random,,PURSUER_WIN
8by8,1,mixed,108,1,9.0,I-NTMCP l=1,1.0,PURSUER_WIN
8by8,1,mixed,108,1,12.0,random,,PURSUER_WIN
8by8,1,mixed,108,1,4.0,I-NTMCP l=0,0.0,PURSUER_WIN
8by8,1,mixed,108,0,9.0,I-NTMCP l=0,0.0,EVADER_REACHED_GOAL
8by8,1,mixed,108,1,6.0,shortest path,,PURSUER_WIN
8by8,1,mixed,108,1,4.0,shortest path,,PURSUER_WIN
8by8,1,mixed,108,0,13.0,I-NTMCP l=1,1.0,EVADER_REACHED_GOAL
8by8,1,mixed,108,1,7.0,shortest path,,PURSUER_WIN
8by8,1,mixed,108,1,8.0,random,,PURSUER_WIN
8by8,1,mixed,108,1,3.0,random,,PURSUER_WIN
8by8,1,mixed,108,0,9.0,I-NTMCP l=1,1.0,EVADER_REACHED_GOAL
8by8,1,mixed,108,1,8.0,random,,PURSUER_WIN
8by8,1,mixed,108,0,13.0,I-NTMCP l=1,1.0,EVADER_REACHED_GOAL
8by8,1,mixed,108,1,4.0,shortest path,,PURSUER_WIN
8by8,1,mixed,108,0,9.0,I-NTMCP l=0,0.0,EVADER_REACHED_GOAL
8by8,1,mixed,108,1,2.0,shortest path,,PURSUER_WIN
8by8,1,mixed,108,1,2.0,I-NTMCP l=1,1.0,PURSUER_WIN
8by8,1,mixed,108,1,5.0,random,,PURSUER_WIN
8by8,1,mixed,108,1,2.0,I-NTMCP l=0,0.0,PURSUER_WIN
8by8,1,mixed,108,1,3.0,shortest path,,PURSUER_WIN
8by8,1,mixed,108,1,2.0,shortest path,,PURSUER_WIN
8by8,1,mixed,108,1,4.0,I-NTMCP l=0,0.0,PURSUER_WIN
8by8,1,mixed,108,0,9.0,shortest path,,EVADER_REACHED_GOAL
8by8,1,mixed,108,1,3.0,random,,PURSUER_WIN
8by8,1,mixed,108,1,14.0,shortest path,,PURSUER_WIN
8by8,1,mixed,108,1,4.0,I-NTMCP l=1,1.0,PURSUER_WIN
8by8,1,mixed,108,1,3.0,I-NTMCP l=1,1.0,PURSUER_WIN
8by8,1,mixed,108,1,4.0,shortest path,,PURSUER_WIN
8by8,1,mixed,109,0,9.0,I-NTMCP l=0,0.0,EVADER_REACHED_GOAL
8by8,1,mixed,109,1,4.0,shortest path,,PURSUER_WIN
8by8,1,mixed,109,1,2.0,I-NTMCP l=1,1.0,PURSUER_WIN
8by8,1,mixed,109,1,3.0,I-NTMCP l=1,1.0,PURSUER_WIN
8by8,1,mixed,109,0,40.0,random,,OTHER_LOSS_OR_TIMEOUT
8by8,1,mixed,109,0,40.0,random,,OTHER_LOSS_OR_TIMEOUT
8by8,1,mixed,109,1,7.0,shortest path,,PURSUER_WIN
8by8,1,mixed,109,0,15.0,I-NTMCP l=1,1.0,EVADER_REACHED_GOAL
8by8,1,mixed,109,1,4.0,I-NTMCP l=0,0.0,PURSUER_WIN
8by8,1,mixed,109,1,16.0,random,,PURSUER_WIN
8by8,1,mixed,109,1,2.0,shortest path,,PURSUER_WIN
8by8,1,mixed,109,1,4.0,I-NTMCP l=1,1.0,PURSUER_WIN
8by8,1,mixed,109,0,9.0,I-NTMCP l=0,0.0,EVADER_REACHED_GOAL
8by8,1,mixed,109,1,4.0,I-NTMCP l=1,1.0,PURSUER_WIN
8by8,1,mixed,109,1,2.0,shortest path,,PURSUER_WIN
8by8,1,mixed,109,1,4.0,I-NTMCP l=0,0.0,PURSUER_WIN
8by8,1,mixed,109,0,10.0,I-NTMCP l=0,0.0,EVADER_REACHED_GOAL
8by8,1,mixed,109,1,36.0,random,,PURSUER_WIN
8by8,1,mixed,109,1,11.0,shortest path,,PURSUER_WIN
8by8,1,mixed,109,1,6.0,random,,PURSUER_WIN
8by8,1,mixed,109,1,5.0,I-NTMCP l=0,0.0,PURSUER_WIN
8by8,1,mixed,109,1,4.0,shortest path,,PURSUER_WIN
8by8,1,mixed,109,1,4.0,shortest path,,PURSUER_WIN
8by8,1,mixed,109,1,2.0,shortest path,,PURSUER_WIN
8by8,1,mixed,109,0,12.0,I-NTMCP l=1,1.0,EVADER_REACHED_GOAL
8by8,1,mixed,109,0,9.0,I-NTMCP l=1,1.0,EVADER_REACHED_GOAL
8by8,1,mixed,109,0,13.0,shortest path,,EVADER_REACHED_GOAL
8by8,1,mixed,109,1,4.0,I-NTMCP l=1,1.0,PURSUER_WIN
8by8,1,mixed,109,0,13.0,I-NTMCP l=0,0.0,EVADER_REACHED_GOAL
8by8,1,mixed,109,1,4.0,shortest path,,PURSUER_WIN
8by8,1,mixed,109,0,13.0,shortest path,,EVADER_REACHED_GOAL
8by8,1,mixed,109,1,19.0,random,,PURSUER_WIN
8by8,1,mixed,109,1,16.0,random,,PURSUER_WIN
8by8,1,mixed,109,1,4.0,I-NTMCP l=1,1.0,PURSUER_WIN
8by8,1,mixed,109,1,4.0,I-NTMCP l=1,1.0,PURSUER_WIN
8by8,1,mixed,109,0,13.0,I-NTMCP l=1,1.0,EVADER_REACHED_GOAL
8by8,1,mixed,109,1,11.0,random,,PURSUER_WIN
8by8,1,mixed,109,0,9.0,I-NTMCP l=0,0.0,EVADER_REACHED_GOAL
8by8,1,mixed,109,1,10.0,shortest path,,PURSUER_WIN
8by8,1,mixed,109,1,12.0,I-NTMCP l=1,1.0,PURSUER_WIN
8by8,1,mixed,109,1,12.0,random,,PURSUER_WIN
8by8,1,mixed,109,0,40.0,random,,OTHER_LOSS_OR_TIMEOUT
8by8,1,mixed,109,1,6.0,I-NTMCP l=0,0.0,PURSUER_WIN
8by8,1,mixed,109,0,12.0,I-NTMCP l=1,1.0,EVADER_REACHED_GOAL
8by8,1,mixed,109,0,13.0,I-NTMCP l=0,0.0,EVADER_REACHED_GOAL
8by8,1,mixed,109,0,9.0,I-NTMCP l=1,1.0,EVADER_REACHED_GOAL
8by8,1,mixed,109,1,9.0,random,,PURSUER_WIN
8by8,1,mixed,109,1,4.0,random,,PURSUER_WIN
8by8,1,mixed,109,1,2.0,I-NTMCP l=1,1.0,PURSUER_WIN
8by8,1,mixed,109,1,13.0,random,,PURSUER_WIN
8by8,2,l0,100,1,10.0,I-NTMCP l=0,0.0,PURSUER_WIN
8by8,2,l0,100,0,12.0,I-NTMCP l=0,0.0,EVADER_REACHED_GOAL
8by8,2,l0,100,0,9.0,I-NTMCP l=0,0.0,EVADER_REACHED_GOAL
8by8,2,l0,100,1,4.0,I-NTMCP l=0,0.0,PURSUER_WIN
8by8,2,l0,100,1,4.0,I-NTMCP l=0,0.0,PURSUER_WIN
8by8,2,l0,100,1,3.0,I-NTMCP l=0,0.0,PURSUER_WIN
8by8,2,l0,100,1,6.0,I-NTMCP l=0,0.0,PURSUER_WIN
8by8,2,l0,100,1,2.0,I-NTMCP l=0,0.0,PURSUER_WIN
8by8,2,l0,100,0,12.0,I-NTMCP l=0,0.0,EVADER_REACHED_GOAL
8by8,2,l0,100,0,15.0,I-NTMCP l=0,0.0,EVADER_REACHED_GOAL
8by8,2,l0,100,0,12.0,I-NTMCP l=0,0.0,EVADER_REACHED_GOAL
8by8,2,l0,100,1,4.0,I-NTMCP l=0,0.0,PURSUER_WIN
8by8,2,l0,100,1,10.0,I-NTMCP l=0,0.0,PURSUER_WIN
8by8,2,l0,100,1,2.0,I-NTMCP l=0,0.0,PURSUER_WIN
8by8,2,l0,100,0,9.0,I-NTMCP l=0,0.0,EVADER_REACHED_GOAL
8by8,2,l0,100,0,9.0,I-NTMCP l=0,0.0,EVADER_REACHED_GOAL
8by8,2,l0,100,0,9.0,I-NTMCP l=0,0.0,EVADER_REACHED_GOAL
8by8,2,l0,100,0,9.0,I-NTMCP l=0,0.0,EVADER_REACHED_GOAL
8by8,2,l0,100,0,9.0,I-NTMCP l=0,0.0,EVADER_REACHED_GOAL
8by8,2,l0,100,1,2.0,I-NTMCP l=0,0.0,PURSUER_WIN
8by8,2,l0,100,0,9.0,I-NTMCP l=0,0.0,EVADER_REACHED_GOAL
8by8,2,l0,100,1,4.0,I-NTMCP l=0,0.0,PURSUER_WIN
8by8,2,l0,100,1,2.0,I-NTMCP l=0,0.0,PURSUER_WIN
8by8,2,l0,100,0,9.0,I-NTMCP l=0,0.0,EVADER_REACHED_GOAL
8by8,2,l0,100,0,14.0,I-NTMCP l=0,0.0,EVADER_REACHED_GOAL
8by8,2,l0,100,1,6.0,I-NTMCP l=0,0.0,PURSUER_WIN
8by8,2,l0,100,0,12.0,I-NTMCP l=0,0.0,EVADER_REACHED_GOAL
8by8,2,l0,100,1,4.0,I-NTMCP l=0,0.0,PURSUER_WIN
8by8,2,l0,100,1,3.0,I-NTMCP l=0,0.0,PURSUER_WIN
8by8,2,l0,100,0,9.0,I-NTMCP l=0,0.0,EVADER_REACHED_GOAL
8by8,2,l0,100,1,4.0,I-NTMCP l=0,0.0,PURSUER_WIN
8by8,2,l0,100,1,4.0,I-NTMCP l=0,0.0,PURSUER_WIN
8by8,2,l0,100,0,10.0,I-NTMCP l=0,0.0,EVADER_REACHED_GOAL
8by8,2,l0,100,0,12.0,I-NTMCP l=0,0.0,EVADER_REACHED_GOAL
8by8,2,l0,100,1,13.0,I-NTMCP l=0,0.0,PURSUER_WIN
8by8,2,l0,100,0,9.0,I-NTMCP l=0,0.0,EVADER_REACHED_GOAL
8by8,2,l0,100,1,4.0,I-NTMCP l=0,0.0,PURSUER_WIN
8by8,2,l0,100,0,14.0,I-NTMCP l=0,0.0,EVADER_REACHED_GOAL
8by8,2,l0,100,1,4.0,I-NTMCP l=0,0.0,PURSUER_WIN
8by8,2,l0,100,0,10.0,I-NTMCP l=0,0.0,EVADER_REACHED_GOAL
8by8,2,l0,100,1,5.0,I-NTMCP l=0,0.0,PURSUER_WIN
8by8,2,l0,100,1,5.0,I-NTMCP l=0,0.0,PURSUER_WIN
8by8,2,l0,100,0,13.0,I-NTMCP l=0,0.0,EVADER_REACHED_GOAL
8by8,2,l0,100,0,11.0,I-NTMCP l=0,0.0,EVADER_REACHED_GOAL
8by8,2,l0,100,1,2.0,I-NTMCP l=0,0.0,PURSUER_WIN
8by8,2,l0,100,0,10.0,I-NTMCP l=0,0.0,EVADER_REACHED_GOAL
8by8,2,l0,100,1,4.0,I-NTMCP l=0,0.0,PURSUER_WIN
8by8,2,l0,100,1,2.0,I-NTMCP l=0,0.0,PURSUER_WIN
8by8,2,l0,100,0,12.0,I-NTMCP l=0,0.0,EVADER_REACHED_GOAL
8by8,2,l0,100,0,12.0,I-NTMCP l=0,0.0,EVADER_REACHED_GOAL
8by8,2,l0,101,1,5.0,I-NTMCP l=0,0.0,PURSUER_WIN
8by8,2,l0,101,1,10.0,I-NTMCP l=0,0.0,PURSUER_WIN
8by8,2,l0,101,1,4.0,I-NTMCP l=0,0.0,PURSUER_WIN
8by8,2,l0,101,0,10.0,I-NTMCP l=0,0.0,EVADER_REACHED_GOAL
8by8,2,l0,101,0,10.0,I-NTMCP l=0,0.0,EVADER_REACHED_GOAL
8by8,2,l0,101,0,15.0,I-NTMCP l=0,0.0,EVADER_REACHED_GOAL
8by8,2,l0,101,0,12.0,I-NTMCP l=0,0.0,EVADER_REACHED_GOAL
8by8,2,l0,101,1,3.0,I-NTMCP l=0,0.0,PURSUER_WIN
8by8,2,l0,101,1,12.0,I-NTMCP l=0,0.0,PURSUER_WIN
8by8,2,l0,101,0,12.0,I-NTMCP l=0,0.0,EVADER_REACHED_GOAL
8by8,2,l0,101,1,2.0,I-NTMCP l=0,0.0,PURSUER_WIN
8by8,2,l0,101,1,6.0,I-NTMCP l=0,0.0,PURSUER_WIN
8by8,2,l0,101,1,4.0,I-NTMCP l=0,0.0,PURSUER_WIN
8by8,2,l0,101,0,10.0,I-NTMCP l=0,0.0,EVADER_REACHED_GOAL
8by8,2,l0,101,1,5.0,I-NTMCP l=0,0.0,PURSUER_WIN
8by8,2,l0,101,0,9.0,I-NTMCP l=0,0.0,EVADER_REACHED_GOAL
8by8,2,l0,101,0,13.0,I-NTMCP l=0,0.0,EVADER_REACHED_GOAL
8by8,2,l0,101,0,9.0,I-NTMCP l=0,0.0,EVADER_REACHED_GOAL
8by8,2,l0,101,0,10.0,I-NTMCP l=0,0.0,EVADER_REACHED_GOAL
8by8,2,l0,101,1,3.0,I-NTMCP l=0,0.0,PURSUER_WIN
8by8,2,l0,101,0,9.0,I-NTMCP l=0,0.0,EVADER_REACHED_GOAL
8by8,2,l0,101,1,5.0,I-NTMCP l=0,0.0,PURSUER_WIN
8by8,2,l0,101,0,9.0,I-NTMCP l=0,0.0,EVADER_REACHED_GOAL
8by8,2,l0,101,0,12.0,I-NTMCP l=0,0.0,EVADER_REACHED_GOAL
8by8,2,l0,101,0,13.0,I-NTMCP l=0,0.0,EVADER_REACHED_GOAL
8by8,2,l0,101,0,9.0,I-NTMCP l=0,0.0,EVADER_REACHED_GOAL
8by8,2,l0,101,1,2.0,I-NTMCP l=0,0.0,PURSUER_WIN
8by8,2,l0,101,0,9.0,I-NTMCP l=0,0.0,EVADER_REACHED_GOAL
8by8,2,l0,101,0,9.0,I-NTMCP l=0,0.0,EVADER_REACHED_GOAL
8by8,2,l0,101,1,2.0,I-NTMCP l=0,0.0,PURSUER_WIN
8by8,2,l0,101,1,4.0,I-NTMCP l=0,0.0,PURSUER_WIN
8by8,2,l0,101,0,13.0,I-NTMCP l=0,0.0,EVADER_REACHED_GOAL
8by8,2,l0,101,0,10.0,I-NTMCP l=0,0.0,EVADER_REACHED_GOAL
8by8,2,l0,101,0,12.0,I-NTMCP l=0,0.0,EVADER_REACHED_GOAL
8by8,2,l0,101,0,9.0,I-NTMCP l=0,0.0,EVADER_REACHED_GOAL
8by8,2,l0,101,1,5.0,I-NTMCP l=0,0.0,PURSUER_WIN
8by8,2,l0,101,1,5.0,I-NTMCP l=0,0.0,PURSUER_WIN
8by8,2,l0,101,1,2.0,I-NTMCP l=0,0.0,PURSUER_WIN
8by8,2,l0,101,1,4.0,I-NTMCP l=0,0.0,PURSUER_WIN
8by8,2,l0,101,0,9.0,I-NTMCP l=0,0.0,EVADER_REACHED_GOAL
8by8,2,l0,101,0,9.0,I-NTMCP l=0,0.0,EVADER_REACHED_GOAL
8by8,2,l0,101,1,4.0,I-NTMCP l=0,0.0,PURSUER_WIN
8by8,2,l0,101,0,9.0,I-NTMCP l=0,0.0,EVADER_REACHED_GOAL
8by8,2,l0,101,1,2.0,I-NTMCP l=0,0.0,PURSUER_WIN
8by8,2,l0,101,1,4.0,I-NTMCP l=0,0.0,PURSUER_WIN
8by8,2,l0,101,1,4.0,I-NTMCP l=0,0.0,PURSUER_WIN
8by8,2,l0,101,0,9.0,I-NTMCP l=0,0.0,EVADER_REACHED_GOAL
8by8,2,l0,101,0,9.0,I-NTMCP l=0,0.0,EVADER_REACHED_GOAL
8by8,2,l0,101,0,13.0,I-NTMCP l=0,0.0,EVADER_REACHED_GOAL
8by8,2,l0,101,1,2.0,I-NTMCP l=0,0.0,PURSUER_WIN
8by8,2,l0,102,0,15.0,I-NTMCP l=0,0.0,EVADER_REACHED_GOAL
8by8,2,l0,102,0,10.0,I-NTMCP l=0,0.0,EVADER_REACHED_GOAL
8by8,2,l0,102,0,10.0,I-NTMCP l=0,0.0,EVADER_REACHED_GOAL
8by8,2,l0,102,0,9.0,I-NTMCP l=0,0.0,EVADER_REACHED_GOAL
8by8,2,l0,102,0,14.0,I-NTMCP l=0,0.0,EVADER_REACHED_GOAL
8by8,2,l0,102,0,13.0,I-NTMCP l=0,0.0,EVADER_REACHED_GOAL
8by8,2,l0,102,0,9.0,I-NTMCP l=0,0.0,EVADER_REACHED_GOAL
8by8,2,l0,102,1,2.0,I-NTMCP l=0,0.0,PURSUER_WIN
8by8,2,l0,102,1,5.0,I-NTMCP l=0,0.0,PURSUER_WIN
8by8,2,l0,102,0,9.0,I-NTMCP l=0,0.0,EVADER_REACHED_GOAL
8by8,2,l0,102,0,14.0,I-NTMCP l=0,0.0,EVADER_REACHED_GOAL
8by8,2,l0,102,0,9.0,I-NTMCP l=0,0.0,EVADER_REACHED_GOAL
8by8,2,l0,102,1,4.0,I-NTMCP l=0,0.0,PURSUER_WIN
8by8,2,l0,102,0,13.0,I-NTMCP l=0,0.0,EVADER_REACHED_GOAL
8by8,2,l0,102,0,12.0,I-NTMCP l=0,0.0,EVADER_REACHED_GOAL
8by8,2,l0,102,0,12.0,I-NTMCP l=0,0.0,EVADER_REACHED_GOAL
8by8,2,l0,102,1,5.0,I-NTMCP l=0,0.0,PURSUER_WIN
8by8,2,l0,102,1,4.0,I-NTMCP l=0,0.0,PURSUER_WIN
8by8,2,l0,102,1,5.0,I-NTMCP l=0,0.0,PURSUER_WIN
8by8,2,l0,102,0,12.0,I-NTMCP l=0,0.0,EVADER_REACHED_GOAL
8by8,2,l0,102,1,4.0,I-NTMCP l=0,0.0,PURSUER_WIN
8by8,2,l0,102,1,2.0,I-NTMCP l=0,0.0,PURSUER_WIN
8by8,2,l0,102,0,12.0,I-NTMCP l=0,0.0,EVADER_REACHED_GOAL
8by8,2,l0,102,1,5.0,I-NTMCP l=0,0.0,PURSUER_WIN
8by8,2,l0,102,1,4.0,I-NTMCP l=0,0.0,PURSUER_WIN
8by8,2,l0,102,0,9.0,I-NTMCP l=0,0.0,EVADER_REACHED_GOAL
8by8,2,l0,102,0,12.0,I-NTMCP l=0,0.0,EVADER_REACHED_GOAL
8by8,2,l0,102,1,2.0,I-NTMCP l=0,0.0,PURSUER_WIN
8by8,2,l0,102,0,9.0,I-NTMCP l=0,0.0,EVADER_REACHED_GOAL
8by8,2,l0,102,0,12.0,I-NTMCP l=0,0.0,EVADER_REACHED_GOAL
8by8,2,l0,102,0,13.0,I-NTMCP l=0,0.0,EVADER_REACHED_GOAL
8by8,2,l0,102,0,12.0,I-NTMCP l=0,0.0,EVADER_REACHED_GOAL
8by8,2,l0,102,1,5.0,I-NTMCP l=0,0.0,PURSUER_WIN
8by8,2,l0,102,0,13.0,I-NTMCP l=0,0.0,EVADER_REACHED_GOAL
8by8,2,l0,102,0,9.0,I-NTMCP l=0,0.0,EVADER_REACHED_GOAL
8by8,2,l0,102,1,4.0,I-NTMCP l=0,0.0,PURSUER_WIN
8by8,2,l0,102,1,6.0,I-NTMCP l=0,0.0,PURSUER_WIN
8by8,2,l0,102,0,9.0,I-NTMCP l=0,0.0,EVADER_REACHED_GOAL
8by8,2,l0,102,1,5.0,I-NTMCP l=0,0.0,PURSUER_WIN
8by8,2,l0,102,1,2.0,I-NTMCP l=0,0.0,PURSUER_WIN
8by8,2,l0,102,0,9.0,I-NTMCP l=0,0.0,EVADER_REACHED_GOAL
8by8,2,l0,102,1,5.0,I-NTMCP l=0,0.0,PURSUER_WIN
8by8,2,l0,102,0,13.0,I-NTMCP l=0,0.0,EVADER_REACHED_GOAL
8by8,2,l0,102,0,14.0,I-NTMCP l=0,0.0,EVADER_REACHED_GOAL
8by8,2,l0,102,1,7.0,I-NTMCP l=0,0.0,PURSUER_WIN
8by8,2,l0,102,1,4.0,I-NTMCP l=0,0.0,PURSUER_WIN
8by8,2,l0,102,1,4.0,I-NTMCP l=0,0.0,PURSUER_WIN
8by8,2,l0,102,1,3.0,I-NTMCP l=0,0.0,PURSUER_WIN
8by8,2,l0,102,0,10.0,I-NTMCP l=0,0.0,EVADER_REACHED_GOAL
8by8,2,l0,102,1,2.0,I-NTMCP l=0,0.0,PURSUER_WIN
8by8,2,l0,103,0,11.0,I-NTMCP l=0,0.0,EVADER_REACHED_GOAL
8by8,2,l0,103,1,3.0,I-NTMCP l=0,0.0,PURSUER_WIN
8by8,2,l0,103,1,2.0,I-NTMCP l=0,0.0,PURSUER_WIN
8by8,2,l0,103,0,15.0,I-NTMCP l=0,0.0,EVADER_REACHED_GOAL
8by8,2,l0,103,1,4.0,I-NTMCP l=0,0.0,PURSUER_WIN
8by8,2,l0,103,0,9.0,I-NTMCP l=0,0.0,EVADER_REACHED_GOAL
8by8,2,l0,103,1,9.0,I-NTMCP l=0,0.0,PURSUER_WIN
8by8,2,l0,103,1,4.0,I-NTMCP l=0,0.0,PURSUER_WIN
8by8,2,l0,103,0,14.0,I-NTMCP l=0,0.0,EVADER_REACHED_GOAL
8by8,2,l0,103,1,6.0,I-NTMCP l=0,0.0,PURSUER_WIN
8by8,2,l0,103,0,9.0,I-NTMCP l=0,0.0,EVADER_REACHED_GOAL
8by8,2,l0,103,1,4.0,I-NTMCP l=0,0.0,PURSUER_WIN
8by8,2,l0,103,1,5.0,I-NTMCP l=0,0.0,PURSUER_WIN
8by8,2,l0,103,1,4.0,I-NTMCP l=0,0.0,PURSUER_WIN
8by8,2,l0,103,0,9.0,I-NTMCP l=0,0.0,EVADER_REACHED_GOAL
8by8,2,l0,103,0,13.0,I-NTMCP l=0,0.0,EVADER_REACHED_GOAL
8by8,2,l0,103,0,9.0,I-NTMCP l=0,0.0,EVADER_REACHED_GOAL
8by8,2,l0,103,1,5.0,I-NTMCP l=0,0.0,PURSUER_WIN
8by8,2,l0,103,1,9.0,I-NTMCP l=0,0.0,PURSUER_WIN
8by8,2,l0,103,1,4.0,I-NTMCP l=0,0.0,PURSUER_WIN
8by8,2,l0,103,1,4.0,I-NTMCP l=0,0.0,PURSUER_WIN
8by8,2,l0,103,0,10.0,I-NTMCP l=0,0.0,EVADER_REACHED_GOAL
8by8,2,l0,103,1,4.0,I-NTMCP l=0,0.0,PURSUER_WIN
8by8,2,l0,103,0,10.0,I-NTMCP l=0,0.0,EVADER_REACHED_GOAL
8by8,2,l0,103,1,3.0,I-NTMCP l=0,0.0,PURSUER_WIN
8by8,2,l0,103,1,2.0,I-NTMCP l=0,0.0,PURSUER_WIN
8by8,2,l0,103,0,10.0,I-NTMCP l=0,0.0,EVADER_REACHED_GOAL
8by8,2,l0,103,0,9.0,I-NTMCP l=0,0.0,EVADER_REACHED_GOAL
8by8,2,l0,103,1,3.0,I-NTMCP l=0,0.0,PURSUER_WIN
8by8,2,l0,103,1,2.0,I-NTMCP l=0,0.0,PURSUER_WIN
8by8,2,l0,103,0,13.0,I-NTMCP l=0,0.0,EVADER_REACHED_GOAL
8by8,2,l0,103,1,2.0,I-NTMCP l=0,0.0,PURSUER_WIN
8by8,2,l0,103,0,14.0,I-NTMCP l=0,0.0,EVADER_REACHED_GOAL
8by8,2,l0,103,1,5.0,I-NTMCP l=0,0.0,PURSUER_WIN
8by8,2,l0,103,1,7.0,I-NTMCP l=0,0.0,PURSUER_WIN
8by8,2,l0,103,0,10.0,I-NTMCP l=0,0.0,EVADER_REACHED_GOAL
8by8,2,l0,103,0,14.0,I-NTMCP l=0,0.0,EVADER_REACHED_GOAL
8by8,2,l0,103,0,9.0,I-NTMCP l=0,0.0,EVADER_REACHED_GOAL
8by8,2,l0,103,1,2.0,I-NTMCP l=0,0.0,PURSUER_WIN
8by8,2,l0,103,1,2.0,I-NTMCP l=0,0.0,PURSUER_WIN
8by8,2,l0,103,1,7.0,I-NTMCP l=0,0.0,PURSUER_WIN
8by8,2,l0,103,0,9.0,I-NTMCP l=0,0.0,EVADER_REACHED_GOAL
8by8,2,l0,103,0,9.0,I-NTMCP l=0,0.0,EVADER_REACHED_GOAL
8by8,2,l0,103,0,15.0,I-NTMCP l=0,0.0,EVADER_REACHED_GOAL
8by8,2,l0,103,1,4.0,I-NTMCP l=0,0.0,PURSUER_WIN
8by8,2,l0,103,0,12.0,I-NTMCP l=0,0.0,EVADER_REACHED_GOAL
8by8,2,l0,103,1,4.0,I-NTMCP l=0,0.0,PURSUER_WIN
8by8,2,l0,103,0,9.0,I-NTMCP l=0,0.0,EVADER_REACHED_GOAL
8by8,2,l0,103,1,4.0,I-NTMCP l=0,0.0,PURSUER_WIN
8by8,2,l0,103,0,9.0,I-NTMCP l=0,0.0,EVADER_REACHED_GOAL
8by8,2,l0,104,0,15.0,I-NTMCP l=0,0.0,EVADER_REACHED_GOAL
8by8,2,l0,104,1,4.0,I-NTMCP l=0,0.0,PURSUER_WIN
8by8,2,l0,104,0,12.0,I-NTMCP l=0,0.0,EVADER_REACHED_GOAL
8by8,2,l0,104,1,2.0,I-NTMCP l=0,0.0,PURSUER_WIN
8by8,2,l0,104,1,8.0,I-NTMCP l=0,0.0,PURSUER_WIN
8by8,2,l0,104,0,9.0,I-NTMCP l=0,0.0,EVADER_REACHED_GOAL
8by8,2,l0,104,1,2.0,I-NTMCP l=0,0.0,PURSUER_WIN
8by8,2,l0,104,0,10.0,I-NTMCP l=0,0.0,EVADER_REACHED_GOAL
8by8,2,l0,104,1,4.0,I-NTMCP l=0,0.0,PURSUER_WIN
8by8,2,l0,104,1,3.0,I-NTMCP l=0,0.0,PURSUER_WIN
8by8,2,l0,104,1,6.0,I-NTMCP l=0,0.0,PURSUER_WIN
8by8,2,l0,104,1,4.0,I-NTMCP l=0,0.0,PURSUER_WIN
8by8,2,l0,104,0,9.0,I-NTMCP l=0,0.0,EVADER_REACHED_GOAL
8by8,2,l0,104,1,5.0,I-NTMCP l=0,0.0,PURSUER_WIN
8by8,2,l0,104,0,9.0,I-NTMCP l=0,0.0,EVADER_REACHED_GOAL
8by8,2,l0,104,0,10.0,I-NTMCP l=0,0.0,EVADER_REACHED_GOAL
8by8,2,l0,104,0,14.0,I-NTMCP l=0,0.0,EVADER_REACHED_GOAL
8by8,2,l0,104,0,12.0,I-NTMCP l=0,0.0,EVADER_REACHED_GOAL
8by8,2,l0,104,1,4.0,I-NTMCP l=0,0.0,PURSUER_WIN
8by8,2,l0,104,1,4.0,I-NTMCP l=0,0.0,PURSUER_WIN
8by8,2,l0,104,0,9.0,I-NTMCP l=0,0.0,EVADER_REACHED_GOAL
8by8,2,l0,104,1,2.0,I-NTMCP l=0,0.0,PURSUER_WIN
8by8,2,l0,104,1,4.0,I-NTMCP l=0,0.0,PURSUER_WIN
8by8,2,l0,104,1,8.0,I-NTMCP l=0,0.0,PURSUER_WIN
8by8,2,l0,104,1,2.0,I-NTMCP l=0,0.0,PURSUER_WIN
8by8,2,l0,104,0,9.0,I-NTMCP l=0,0.0,EVADER_REACHED_GOAL
8by8,2,l0,104,1,4.0,I-NTMCP l=0,0.0,PURSUER_WIN
8by8,2,l0,104,0,12.0,I-NTMCP l=0,0.0,EVADER_REACHED_GOAL
8by8,2,l0,104,1,4.0,I-NTMCP l=0,0.0,PURSUER_WIN
8by8,2,l0,104,0,15.0,I-NTMCP l=0,0.0,EVADER_REACHED_GOAL
8by8,2,l0,104,1,7.0,I-NTMCP l=0,0.0,PURSUER_WIN
8by8,2,l0,104,0,9.0,I-NTMCP l=0,0.0,EVADER_REACHED_GOAL
8by8,2,l0,104,1,4.0,I-NTMCP l=0,0.0,PURSUER_WIN
8by8,2,l0,104,1,6.0,I-NTMCP l=0,0.0,PURSUER_WIN
8by8,2,l0,104,1,4.0,I-NTMCP l=0,0.0,PURSUER_WIN
8by8,2,l0,104,1,4.0,I-NTMCP l=0,0.0,PURSUER_WIN
8by8,2,l0,104,0,9.0,I-NTMCP l=0,0.0,EVADER_REACHED_GOAL
8by8,2,l0,104,0,11.0,I-NTMCP l=0,0.0,EVADER_REACHED_GOAL
8by8,2,l0,104,0,11.0,I-NTMCP l=0,0.0,EVADER_REACHED_GOAL
8by8,2,l0,104,0,15.0,I-NTMCP l=0,0.0,EVADER_REACHED_GOAL
8by8,2,l0,104,0,11.0,I-NTMCP l=0,0.0,EVADER_REACHED_GOAL
8by8,2,l0,104,0,13.0,I-NTMCP l=0,0.0,EVADER_REACHED_GOAL
8by8,2,l0,104,1,3.0,I-NTMCP l=0,0.0,PURSUER_WIN
8by8,2,l0,104,1,5.0,I-NTMCP l=0,0.0,PURSUER_WIN
8by8,2,l0,104,0,10.0,I-NTMCP l=0,0.0,EVADER_REACHED_GOAL
8by8,2,l0,104,1,4.0,I-NTMCP l=0,0.0,PURSUER_WIN
8by8,2,l0,104,1,5.0,I-NTMCP l=0,0.0,PURSUER_WIN
8by8,2,l0,104,0,9.0,I-NTMCP l=0,0.0,EVADER_REACHED_GOAL
8by8,2,l0,104,1,8.0,I-NTMCP l=0,0.0,PURSUER_WIN
8by8,2,l0,104,1,5.0,I-NTMCP l=0,0.0,PURSUER_WIN
8by8,2,l0,105,1,2.0,I-NTMCP l=0,0.0,PURSUER_WIN
8by8,2,l0,105,1,4.0,I-NTMCP l=0,0.0,PURSUER_WIN
8by8,2,l0,105,0,9.0,I-NTMCP l=0,0.0,EVADER_REACHED_GOAL
8by8,2,l0,105,1,7.0,I-NTMCP l=0,0.0,PURSUER_WIN
8by8,2,l0,105,0,15.0,I-NTMCP l=0,0.0,EVADER_REACHED_GOAL
8by8,2,l0,105,1,4.0,I-NTMCP l=0,0.0,PURSUER_WIN
8by8,2,l0,105,0,10.0,I-NTMCP l=0,0.0,EVADER_REACHED_GOAL
8by8,2,l0,105,1,5.0,I-NTMCP l=0,0.0,PURSUER_WIN
8by8,2,l0,105,1,3.0,I-NTMCP l=0,0.0,PURSUER_WIN
8by8,2,l0,105,1,5.0,I-NTMCP l=0,0.0,PURSUER_WIN
8by8,2,l0,105,1,4.0,I-NTMCP l=0,0.0,PURSUER_WIN
8by8,2,l0,105,1,3.0,I-NTMCP l=0,0.0,PURSUER_WIN
8by8,2,l0,105,0,9.0,I-NTMCP l=0,0.0,EVADER_REACHED_GOAL
8by8,2,l0,105,1,2.0,I-NTMCP l=0,0.0,PURSUER_WIN
8by8,2,l0,105,0,9.0,I-NTMCP l=0,0.0,EVADER_REACHED_GOAL
8by8,2,l0,105,0,9.0,I-NTMCP l=0,0.0,EVADER_REACHED_GOAL
8by8,2,l0,105,0,9.0,I-NTMCP l=0,0.0,EVADER_REACHED_GOAL
8by8,2,l0,105,1,4.0,I-NTMCP l=0,0.0,PURSUER_WIN
8by8,2,l0,105,1,2.0,I-NTMCP l=0,0.0,PURSUER_WIN
8by8,2,l0,105,1,2.0,I-NTMCP l=0,0.0,PURSUER_WIN
8by8,2,l0,105,0,9.0,I-NTMCP l=0,0.0,EVADER_REACHED_GOAL
8by8,2,l0,105,0,9.0,I-NTMCP l=0,0.0,EVADER_REACHED_GOAL
8by8,2,l0,105,0,9.0,I-NTMCP l=0,0.0,EVADER_REACHED_GOAL
8by8,2,l0,105,0,9.0,I-NTMCP l=0,0.0,EVADER_REACHED_GOAL
8by8,2,l0,105,0,9.0,I-NTMCP l=0,0.0,EVADER_REACHED_GOAL
8by8,2,l0,105,0,9.0,I-NTMCP l=0,0.0,EVADER_REACHED_GOAL
8by8,2,l0,105,1,17.0,I-NTMCP l=0,0.0,PURSUER_WIN
8by8,2,l0,105,0,9.0,I-NTMCP l=0,0.0,EVADER_REACHED_GOAL
8by8,2,l0,105,0,9.0,I-NTMCP l=0,0.0,EVADER_REACHED_GOAL
8by8,2,l0,105,1,2.0,I-NTMCP l=0,0.0,PURSUER_WIN
8by8,2,l0,105,1,4.0,I-NTMCP l=0,0.0,PURSUER_WIN
8by8,2,l0,105,0,11.0,I-NTMCP l=0,0.0,EVADER_REACHED_GOAL
8by8,2,l0,105,0,10.0,I-NTMCP l=0,0.0,EVADER_REACHED_GOAL
8by8,2,l0,105,1,4.0,I-NTMCP l=0,0.0,PURSUER_WIN
8by8,2,l0,105,0,9.0,I-NTMCP l=0,0.0,EVADER_REACHED_GOAL
8by8,2,l0,105,0,12.0,I-NTMCP l=0,0.0,EVADER_REACHED_GOAL
8by8,2,l0,105,0,12.0,I-NTMCP l=0,0.0,EVADER_REACHED_GOAL
8by8,2,l0,105,0,9.0,I-NTMCP l=0,0.0,EVADER_REACHED_GOAL
8by8,2,l0,105,0,9.0,I-NTMCP l=0,0.0,EVADER_REACHED_GOAL
8by8,2,l0,105,0,9.0,I-NTMCP l=0,0.0,EVADER_REACHED_GOAL
8by8,2,l0,105,0,10.0,I-NTMCP l=0,0.0,EVADER_REACHED_GOAL
8by8,2,l0,105,0,19.0,I-NTMCP l=0,0.0,EVADER_REACHED_GOAL
8by8,2,l0,105,1,4.0,I-NTMCP l=0,0.0,PURSUER_WIN
8by8,2,l0,105,1,3.0,I-NTMCP l=0,0.0,PURSUER_WIN
8by8,2,l0,105,1,4.0,I-NTMCP l=0,0.0,PURSUER_WIN
8by8,2,l0,105,0,9.0,I-NTMCP l=0,0.0,EVADER_REACHED_GOAL
8by8,2,l0,105,0,10.0,I-NTMCP l=0,0.0,EVADER_REACHED_GOAL
8by8,2,l0,105,1,2.0,I-NTMCP l=0,0.0,PURSUER_WIN
8by8,2,l0,105,1,2.0,I-NTMCP l=0,0.0,PURSUER_WIN
8by8,2,l0,105,0,9.0,I-NTMCP l=0,0.0,EVADER_REACHED_GOAL
8by8,2,l0,106,1,4.0,I-NTMCP l=0,0.0,PURSUER_WIN
8by8,2,l0,106,1,5.0,I-NTMCP l=0,0.0,PURSUER_WIN
8by8,2,l0,106,0,13.0,I-NTMCP l=0,0.0,EVADER_REACHED_GOAL
8by8,2,l0,106,0,20.0,I-NTMCP l=0,0.0,EVADER_REACHED_GOAL
8by8,2,l0,106,1,4.0,I-NTMCP l=0,0.0,PURSUER_WIN
8by8,2,l0,106,0,11.0,I-NTMCP l=0,0.0,EVADER_REACHED_GOAL
8by8,2,l0,106,0,12.0,I-NTMCP l=0,0.0,EVADER_REACHED_GOAL
8by8,2,l0,106,0,9.0,I-NTMCP l=0,0.0,EVADER_REACHED_GOAL
8by8,2,l0,106,1,4.0,I-NTMCP l=0,0.0,PURSUER_WIN
8by8,2,l0,106,0,10.0,I-NTMCP l=0,0.0,EVADER_REACHED_GOAL
8by8,2,l0,106,1,3.0,I-NTMCP l=0,0.0,PURSUER_WIN
8by8,2,l0,106,1,2.0,I-NTMCP l=0,0.0,PURSUER_WIN
8by8,2,l0,106,1,5.0,I-NTMCP l=0,0.0,PURSUER_WIN
8by8,2,l0,106,0,10.0,I-NTMCP l=0,0.0,EVADER_REACHED_GOAL
8by8,2,l0,106,0,12.0,I-NTMCP l=0,0.0,EVADER_REACHED_GOAL
8by8,2,l0,106,1,3.0,I-NTMCP l=0,0.0,PURSUER_WIN
8by8,2,l0,106,0,12.0,I-NTMCP l=0,0.0,EVADER_REACHED_GOAL
8by8,2,l0,106,1,2.0,I-NTMCP l=0,0.0,PURSUER_WIN
8by8,2,l0,106,1,7.0,I-NTMCP l=0,0.0,PURSUER_WIN
8by8,2,l0,106,1,2.0,I-NTMCP l=0,0.0,PURSUER_WIN
8by8,2,l0,106,1,4.0,I-NTMCP l=0,0.0,PURSUER_WIN
8by8,2,l0,106,1,4.0,I-NTMCP l=0,0.0,PURSUER_WIN
8by8,2,l0,106,1,2.0,I-NTMCP l=0,0.0,PURSUER_WIN
8by8,2,l0,106,1,5.0,I-NTMCP l=0,0.0,PURSUER_WIN
8by8,2,l0,106,1,2.0,I-NTMCP l=0,0.0,PURSUER_WIN
8by8,2,l0,106,0,17.0,I-NTMCP l=0,0.0,EVADER_REACHED_GOAL
8by8,2,l0,106,1,2.0,I-NTMCP l=0,0.0,PURSUER_WIN
8by8,2,l0,106,1,4.0,I-NTMCP l=0,0.0,PURSUER_WIN
8by8,2,l0,106,0,10.0,I-NTMCP l=0,0.0,EVADER_REACHED_GOAL
8by8,2,l0,106,1,4.0,I-NTMCP l=0,0.0,PURSUER_WIN
8by8,2,l0,106,0,12.0,I-NTMCP l=0,0.0,EVADER_REACHED_GOAL
8by8,2,l0,106,0,13.0,I-NTMCP l=0,0.0,EVADER_REACHED_GOAL
8by8,2,l0,106,0,12.0,I-NTMCP l=0,0.0,EVADER_REACHED_GOAL
8by8,2,l0,106,1,4.0,I-NTMCP l=0,0.0,PURSUER_WIN
8by8,2,l0,106,1,2.0,I-NTMCP l=0,0.0,PURSUER_WIN
8by8,2,l0,106,0,9.0,I-NTMCP l=0,0.0,EVADER_REACHED_GOAL
8by8,2,l0,106,0,9.0,I-NTMCP l=0,0.0,EVADER_REACHED_GOAL
8by8,2,l0,106,1,2.0,I-NTMCP l=0,0.0,PURSUER_WIN
8by8,2,l0,106,1,5.0,I-NTMCP l=0,0.0,PURSUER_WIN
8by8,2,l0,106,0,12.0,I-NTMCP l=0,0.0,EVADER_REACHED_GOAL
8by8,2,l0,106,0,10.0,I-NTMCP l=0,0.0,EVADER_REACHED_GOAL
8by8,2,l0,106,1,2.0,I-NTMCP l=0,0.0,PURSUER_WIN
8by8,2,l0,106,0,12.0,I-NTMCP l=0,0.0,EVADER_REACHED_GOAL
8by8,2,l0,106,1,2.0,I-NTMCP l=0,0.0,PURSUER_WIN
8by8,2,l0,106,0,15.0,I-NTMCP l=0,0.0,EVADER_REACHED_GOAL
8by8,2,l0,106,1,4.0,I-NTMCP l=0,0.0,PURSUER_WIN
8by8,2,l0,106,0,10.0,I-NTMCP l=0,0.0,EVADER_REACHED_GOAL
8by8,2,l0,106,0,10.0,I-NTMCP l=0,0.0,EVADER_REACHED_GOAL
8by8,2,l0,106,1,5.0,I-NTMCP l=0,0.0,PURSUER_WIN
8by8,2,l0,106,0,9.0,I-NTMCP l=0,0.0,EVADER_REACHED_GOAL
8by8,2,l0,107,0,12.0,I-NTMCP l=0,0.0,EVADER_REACHED_GOAL
8by8,2,l0,107,0,12.0,I-NTMCP l=0,0.0,EVADER_REACHED_GOAL
8by8,2,l0,107,0,9.0,I-NTMCP l=0,0.0,EVADER_REACHED_GOAL
8by8,2,l0,107,0,9.0,I-NTMCP l=0,0.0,EVADER_REACHED_GOAL
8by8,2,l0,107,1,4.0,I-NTMCP l=0,0.0,PURSUER_WIN
8by8,2,l0,107,0,13.0,I-NTMCP l=0,0.0,EVADER_REACHED_GOAL
8by8,2,l0,107,1,9.0,I-NTMCP l=0,0.0,PURSUER_WIN
8by8,2,l0,107,1,4.0,I-NTMCP l=0,0.0,PURSUER_WIN
8by8,2,l0,107,1,5.0,I-NTMCP l=0,0.0,PURSUER_WIN
8by8,2,l0,107,1,2.0,I-NTMCP l=0,0.0,PURSUER_WIN
8by8,2,l0,107,1,2.0,I-NTMCP l=0,0.0,PURSUER_WIN
8by8,2,l0,107,1,4.0,I-NTMCP l=0,0.0,PURSUER_WIN
8by8,2,l0,107,0,15.0,I-NTMCP l=0,0.0,EVADER_REACHED_GOAL
8by8,2,l0,107,0,11.0,I-NTMCP l=0,0.0,EVADER_REACHED_GOAL
8by8,2,l0,107,0,10.0,I-NTMCP l=0,0.0,EVADER_REACHED_GOAL
8by8,2,l0,107,1,3.0,I-NTMCP l=0,0.0,PURSUER_WIN
8by8,2,l0,107,1,2.0,I-NTMCP l=0,0.0,PURSUER_WIN
8by8,2,l0,107,1,5.0,I-NTMCP l=0,0.0,PURSUER_WIN
8by8,2,l0,107,0,9.0,I-NTMCP l=0,0.0,EVADER_REACHED_GOAL
8by8,2,l0,107,1,5.0,I-NTMCP l=0,0.0,PURSUER_WIN
8by8,2,l0,107,0,11.0,I-NTMCP l=0,0.0,EVADER_REACHED_GOAL
8by8,2,l0,107,1,4.0,I-NTMCP l=0,0.0,PURSUER_WIN
8by8,2,l0,107,0,12.0,I-NTMCP l=0,0.0,EVADER_REACHED_GOAL
8by8,2,l0,107,1,2.0,I-NTMCP l=0,0.0,PURSUER_WIN
8by8,2,l0,107,0,10.0,I-NTMCP l=0,0.0,EVADER_REACHED_GOAL
8by8,2,l0,107,0,24.0,I-NTMCP l=0,0.0,EVADER_REACHED_GOAL
8by8,2,l0,107,1,5.0,I-NTMCP l=0,0.0,PURSUER_WIN
8by8,2,l0,107,0,9.0,I-NTMCP l=0,0.0,EVADER_REACHED_GOAL
8by8,2,l0,107,0,14.0,I-NTMCP l=0,0.0,EVADER_REACHED_GOAL
8by8,2,l0,107,1,8.0,I-NTMCP l=0,0.0,PURSUER_WIN
8by8,2,l0,107,1,2.0,I-NTMCP l=0,0.0,PURSUER_WIN
8by8,2,l0,107,1,2.0,I-NTMCP l=0,0.0,PURSUER_WIN
8by8,2,l0,107,1,5.0,I-NTMCP l=0,0.0,PURSUER_WIN
8by8,2,l0,107,0,9.0,I-NTMCP l=0,0.0,EVADER_REACHED_GOAL
8by8,2,l0,107,0,13.0,I-NTMCP l=0,0.0,EVADER_REACHED_GOAL
8by8,2,l0,107,1,5.0,I-NTMCP l=0,0.0,PURSUER_WIN
8by8,2,l0,107,0,13.0,I-NTMCP l=0,0.0,EVADER_REACHED_GOAL
8by8,2,l0,107,0,11.0,I-NTMCP l=0,0.0,EVADER_REACHED_GOAL
8by8,2,l0,107,1,4.0,I-NTMCP l=0,0.0,PURSUER_WIN
8by8,2,l0,107,0,9.0,I-NTMCP l=0,0.0,EVADER_REACHED_GOAL
8by8,2,l0,107,1,3.0,I-NTMCP l=0,0.0,PURSUER_WIN
8by8,2,l0,107,1,2.0,I-NTMCP l=0,0.0,PURSUER_WIN
8by8,2,l0,107,1,10.0,I-NTMCP l=0,0.0,PURSUER_WIN
8by8,2,l0,107,0,13.0,I-NTMCP l=0,0.0,EVADER_REACHED_GOAL
8by8,2,l0,107,1,4.0,I-NTMCP l=0,0.0,PURSUER_WIN
8by8,2,l0,107,1,2.0,I-NTMCP l=0,0.0,PURSUER_WIN
8by8,2,l0,107,0,13.0,I-NTMCP l=0,0.0,EVADER_REACHED_GOAL
8by8,2,l0,107,1,5.0,I-NTMCP l=0,0.0,PURSUER_WIN
8by8,2,l0,107,1,4.0,I-NTMCP l=0,0.0,PURSUER_WIN
8by8,2,l0,107,1,4.0,I-NTMCP l=0,0.0,PURSUER_WIN
8by8,2,l0,108,0,10.0,I-NTMCP l=0,0.0,EVADER_REACHED_GOAL
8by8,2,l0,108,1,9.0,I-NTMCP l=0,0.0,PURSUER_WIN
8by8,2,l0,108,0,12.0,I-NTMCP l=0,0.0,EVADER_REACHED_GOAL
8by8,2,l0,108,1,7.0,I-NTMCP l=0,0.0,PURSUER_WIN
8by8,2,l0,108,0,10.0,I-NTMCP l=0,0.0,EVADER_REACHED_GOAL
8by8,2,l0,108,1,4.0,I-NTMCP l=0,0.0,PURSUER_WIN
8by8,2,l0,108,1,4.0,I-NTMCP l=0,0.0,PURSUER_WIN
8by8,2,l0,108,1,5.0,I-NTMCP l=0,0.0,PURSUER_WIN
8by8,2,l0,108,1,7.0,I-NTMCP l=0,0.0,PURSUER_WIN
8by8,2,l0,108,1,10.0,I-NTMCP l=0,0.0,PURSUER_WIN
8by8,2,l0,108,1,3.0,I-NTMCP l=0,0.0,PURSUER_WIN
8by8,2,l0,108,1,5.0,I-NTMCP l=0,0.0,PURSUER_WIN
8by8,2,l0,108,0,9.0,I-NTMCP l=0,0.0,EVADER_REACHED_GOAL
8by8,2,l0,108,0,10.0,I-NTMCP l=0,0.0,EVADER_REACHED_GOAL
8by8,2,l0,108,0,14.0,I-NTMCP l=0,0.0,EVADER_REACHED_GOAL
8by8,2,l0,108,1,4.0,I-NTMCP l=0,0.0,PURSUER_WIN
8by8,2,l0,108,1,5.0,I-NTMCP l=0,0.0,PURSUER_WIN
8by8,2,l0,108,1,5.0,I-NTMCP l=0,0.0,PURSUER_WIN
8by8,2,l0,108,1,5.0,I-NTMCP l=0,0.0,PURSUER_WIN
8by8,2,l0,108,0,9.0,I-NTMCP l=0,0.0,EVADER_REACHED_GOAL
8by8,2,l0,108,1,6.0,I-NTMCP l=0,0.0,PURSUER_WIN
8by8,2,l0,108,0,12.0,I-NTMCP l=0,0.0,EVADER_REACHED_GOAL
8by8,2,l0,108,0,9.0,I-NTMCP l=0,0.0,EVADER_REACHED_GOAL
8by8,2,l0,108,1,7.0,I-NTMCP l=0,0.0,PURSUER_WIN
8by8,2,l0,108,0,13.0,I-NTMCP l=0,0.0,EVADER_REACHED_GOAL
8by8,2,l0,108,1,4.0,I-NTMCP l=0,0.0,PURSUER_WIN
8by8,2,l0,108,0,12.0,I-NTMCP l=0,0.0,EVADER_REACHED_GOAL
8by8,2,l0,108,1,4.0,I-NTMCP l=0,0.0,PURSUER_WIN
8by8,2,l0,108,0,9.0,I-NTMCP l=0,0.0,EVADER_REACHED_GOAL
8by8,2,l0,108,1,5.0,I-NTMCP l=0,0.0,PURSUER_WIN
8by8,2,l0,108,1,4.0,I-NTMCP l=0,0.0,PURSUER_WIN
8by8,2,l0,108,1,8.0,I-NTMCP l=0,0.0,PURSUER_WIN
8by8,2,l0,108,0,9.0,I-NTMCP l=0,0.0,EVADER_REACHED_GOAL
8by8,2,l0,108,1,2.0,I-NTMCP l=0,0.0,PURSUER_WIN
8by8,2,l0,108,0,12.0,I-NTMCP l=0,0.0,EVADER_REACHED_GOAL
8by8,2,l0,108,0,14.0,I-NTMCP l=0,0.0,EVADER_REACHED_GOAL
8by8,2,l0,108,1,5.0,I-NTMCP l=0,0.0,PURSUER_WIN
8by8,2,l0,108,0,9.0,I-NTMCP l=0,0.0,EVADER_REACHED_GOAL
8by8,2,l0,108,0,13.0,I-NTMCP l=0,0.0,EVADER_REACHED_GOAL
8by8,2,l0,108,1,2.0,I-NTMCP l=0,0.0,PURSUER_WIN
8by8,2,l0,108,1,6.0,I-NTMCP l=0,0.0,PURSUER_WIN
8by8,2,l0,108,1,2.0,I-NTMCP l=0,0.0,PURSUER_WIN
8by8,2,l0,108,0,14.0,I-NTMCP l=0,0.0,EVADER_REACHED_GOAL
8by8,2,l0,108,1,2.0,I-NTMCP l=0,0.0,PURSUER_WIN
8by8,2,l0,108,0,14.0,I-NTMCP l=0,0.0,EVADER_REACHED_GOAL
8by8,2,l0,108,1,2.0,I-NTMCP l=0,0.0,PURSUER_WIN
8by8,2,l0,108,1,5.0,I-NTMCP l=0,0.0,PURSUER_WIN
8by8,2,l0,108,1,6.0,I-NTMCP l=0,0.0,PURSUER_WIN
8by8,2,l0,108,1,4.0,I-NTMCP l=0,0.0,PURSUER_WIN
8by8,2,l0,108,1,2.0,I-NTMCP l=0,0.0,PURSUER_WIN
8by8,2,l0,109,0,9.0,I-NTMCP l=0,0.0,EVADER_REACHED_GOAL
8by8,2,l0,109,0,12.0,I-NTMCP l=0,0.0,EVADER_REACHED_GOAL
8by8,2,l0,109,0,9.0,I-NTMCP l=0,0.0,EVADER_REACHED_GOAL
8by8,2,l0,109,1,4.0,I-NTMCP l=0,0.0,PURSUER_WIN
8by8,2,l0,109,0,11.0,I-NTMCP l=0,0.0,EVADER_REACHED_GOAL
8by8,2,l0,109,0,9.0,I-NTMCP l=0,0.0,EVADER_REACHED_GOAL
8by8,2,l0,109,1,2.0,I-NTMCP l=0,0.0,PURSUER_WIN
8by8,2,l0,109,1,4.0,I-NTMCP l=0,0.0,PURSUER_WIN
8by8,2,l0,109,0,12.0,I-NTMCP l=0,0.0,EVADER_REACHED_GOAL
8by8,2,l0,109,0,9.0,I-NTMCP l=0,0.0,EVADER_REACHED_GOAL
8by8,2,l0,109,0,9.0,I-NTMCP l=0,0.0,EVADER_REACHED_GOAL
8by8,2,l0,109,0,10.0,I-NTMCP l=0,0.0,EVADER_REACHED_GOAL
8by8,2,l0,109,0,13.0,I-NTMCP l=0,0.0,EVADER_REACHED_GOAL
8by8,2,l0,109,0,10.0,I-NTMCP l=0,0.0,EVADER_REACHED_GOAL
8by8,2,l0,109,1,4.0,I-NTMCP l=0,0.0,PURSUER_WIN
8by8,2,l0,109,1,8.0,I-NTMCP l=0,0.0,PURSUER_WIN
8by8,2,l0,109,0,9.0,I-NTMCP l=0,0.0,EVADER_REACHED_GOAL
8by8,2,l0,109,1,4.0,I-NTMCP l=0,0.0,PURSUER_WIN
8by8,2,l0,109,0,12.0,I-NTMCP l=0,0.0,EVADER_REACHED_GOAL
8by8,2,l0,109,0,14.0,I-NTMCP l=0,0.0,EVADER_REACHED_GOAL
8by8,2,l0,109,0,12.0,I-NTMCP l=0,0.0,EVADER_REACHED_GOAL
8by8,2,l0,109,1,3.0,I-NTMCP l=0,0.0,PURSUER_WIN
8by8,2,l0,109,0,10.0,I-NTMCP l=0,0.0,EVADER_REACHED_GOAL
8by8,2,l0,109,0,9.0,I-NTMCP l=0,0.0,EVADER_REACHED_GOAL
8by8,2,l0,109,0,10.0,I-NTMCP l=0,0.0,EVADER_REACHED_GOAL
8by8,2,l0,109,0,12.0,I-NTMCP l=0,0.0,EVADER_REACHED_GOAL
8by8,2,l0,109,1,2.0,I-NTMCP l=0,0.0,PURSUER_WIN
8by8,2,l0,109,1,5.0,I-NTMCP l=0,0.0,PURSUER_WIN
8by8,2,l0,109,0,12.0,I-NTMCP l=0,0.0,EVADER_REACHED_GOAL
8by8,2,l0,109,0,9.0,I-NTMCP l=0,0.0,EVADER_REACHED_GOAL
8by8,2,l0,109,0,12.0,I-NTMCP l=0,0.0,EVADER_REACHED_GOAL
8by8,2,l0,109,1,5.0,I-NTMCP l=0,0.0,PURSUER_WIN
8by8,2,l0,109,1,4.0,I-NTMCP l=0,0.0,PURSUER_WIN
8by8,2,l0,109,0,13.0,I-NTMCP l=0,0.0,EVADER_REACHED_GOAL
8by8,2,l0,109,1,4.0,I-NTMCP l=0,0.0,PURSUER_WIN
8by8,2,l0,109,1,5.0,I-NTMCP l=0,0.0,PURSUER_WIN
8by8,2,l0,109,1,4.0,I-NTMCP l=0,0.0,PURSUER_WIN
8by8,2,l0,109,1,2.0,I-NTMCP l=0,0.0,PURSUER_WIN
8by8,2,l0,109,1,2.0,I-NTMCP l=0,0.0,PURSUER_WIN
8by8,2,l0,109,0,15.0,I-NTMCP l=0,0.0,EVADER_REACHED_GOAL
8by8,2,l0,109,0,14.0,I-NTMCP l=0,0.0,EVADER_REACHED_GOAL
8by8,2,l0,109,0,12.0,I-NTMCP l=0,0.0,EVADER_REACHED_GOAL
8by8,2,l0,109,1,4.0,I-NTMCP l=0,0.0,PURSUER_WIN
8by8,2,l0,109,1,2.0,I-NTMCP l=0,0.0,PURSUER_WIN
8by8,2,l0,109,1,5.0,I-NTMCP l=0,0.0,PURSUER_WIN
8by8,2,l0,109,1,2.0,I-NTMCP l=0,0.0,PURSUER_WIN
8by8,2,l0,109,1,4.0,I-NTMCP l=0,0.0,PURSUER_WIN
8by8,2,l0,109,0,10.0,I-NTMCP l=0,0.0,EVADER_REACHED_GOAL
8by8,2,l0,109,1,5.0,I-NTMCP l=0,0.0,PURSUER_WIN
8by8,2,l0,109,0,9.0,I-NTMCP l=0,0.0,EVADER_REACHED_GOAL
8by8,2,l1,100,1,4.0,I-NTMCP l=1,1.0,PURSUER_WIN
8by8,2,l1,100,0,15.0,I-NTMCP l=1,1.0,EVADER_REACHED_GOAL
8by8,2,l1,100,0,12.0,I-NTMCP l=1,1.0,EVADER_REACHED_GOAL
8by8,2,l1,100,1,4.0,I-NTMCP l=1,1.0,PURSUER_WIN
8by8,2,l1,100,0,11.0,I-NTMCP l=1,1.0,EVADER_REACHED_GOAL
8by8,2,l1,100,0,9.0,I-NTMCP l=1,1.0,EVADER_REACHED_GOAL
8by8,2,l1,100,1,7.0,I-NTMCP l=1,1.0,PURSUER_WIN
8by8,2,l1,100,1,4.0,I-NTMCP l=1,1.0,PURSUER_WIN
8by8,2,l1,100,0,10.0,I-NTMCP l=1,1.0,EVADER_REACHED_GOAL
8by8,2,l1,100,1,4.0,I-NTMCP l=1,1.0,PURSUER_WIN
8by8,2,l1,100,0,14.0,I-NTMCP l=1,1.0,EVADER_REACHED_GOAL
8by8,2,l1,100,1,3.0,I-NTMCP l=1,1.0,PURSUER_WIN
8by8,2,l1,100,1,4.0,I-NTMCP l=1,1.0,PURSUER_WIN
8by8,2,l1,100,0,14.0,I-NTMCP l=1,1.0,EVADER_REACHED_GOAL
8by8,2,l1,100,1,3.0,I-NTMCP l=1,1.0,PURSUER_WIN
8by8,2,l1,100,1,4.0,I-NTMCP l=1,1.0,PURSUER_WIN
8by8,2,l1,100,0,9.0,I-NTMCP l=1,1.0,EVADER_REACHED_GOAL
8by8,2,l1,100,1,2.0,I-NTMCP l=1,1.0,PURSUER_WIN
8by8,2,l1,100,1,2.0,I-NTMCP l=1,1.0,PURSUER_WIN
8by8,2,l1,100,1,4.0,I-NTMCP l=1,1.0,PURSUER_WIN
8by8,2,l1,100,0,15.0,I-NTMCP l=1,1.0,EVADER_REACHED_GOAL
8by8,2,l1,100,0,9.0,I-NTMCP l=1,1.0,EVADER_REACHED_GOAL
8by8,2,l1,100,0,9.0,I-NTMCP l=1,1.0,EVADER_REACHED_GOAL
8by8,2,l1,100,1,5.0,I-NTMCP l=1,1.0,PURSUER_WIN
8by8,2,l1,100,0,12.0,I-NTMCP l=1,1.0,EVADER_REACHED_GOAL
8by8,2,l1,100,0,14.0,I-NTMCP l=1,1.0,EVADER_REACHED_GOAL
8by8,2,l1,100,0,12.0,I-NTMCP l=1,1.0,EVADER_REACHED_GOAL
8by8,2,l1,100,0,12.0,I-NTMCP l=1,1.0,EVADER_REACHED_GOAL
8by8,2,l1,100,1,4.0,I-NTMCP l=1,1.0,PURSUER_WIN
8by8,2,l1,100,1,2.0,I-NTMCP l=1,1.0,PURSUER_WIN
8by8,2,l1,100,1,4.0,I-NTMCP l=1,1.0,PURSUER_WIN
8by8,2,l1,100,1,3.0,I-NTMCP l=1,1.0,PURSUER_WIN
8by8,2,l1,100,0,9.0,I-NTMCP l=1,1.0,EVADER_REACHED_GOAL
8by8,2,l1,100,1,5.0,I-NTMCP l=1,1.0,PURSUER_WIN
8by8,2,l1,100,1,4.0,I-NTMCP l=1,1.0,PURSUER_WIN
8by8,2,l1,100,0,9.0,I-NTMCP l=1,1.0,EVADER_REACHED_GOAL
8by8,2,l1,100,0,15.0,I-NTMCP l=1,1.0,EVADER_REACHED_GOAL
8by8,2,l1,100,0,15.0,I-NTMCP l=1,1.0,EVADER_REACHED_GOAL
8by8,2,l1,100,0,11.0,I-NTMCP l=1,1.0,EVADER_REACHED_GOAL
8by8,2,l1,100,0,9.0,I-NTMCP l=1,1.0,EVADER_REACHED_GOAL
8by8,2,l1,100,1,2.0,I-NTMCP l=1,1.0,PURSUER_WIN
8by8,2,l1,100,1,3.0,I-NTMCP l=1,1.0,PURSUER_WIN
8by8,2,l1,100,0,13.0,I-NTMCP l=1,1.0,EVADER_REACHED_GOAL
8by8,2,l1,100,1,4.0,I-NTMCP l=1,1.0,PURSUER_WIN
8by8,2,l1,100,0,12.0,I-NTMCP l=1,1.0,EVADER_REACHED_GOAL
8by8,2,l1,100,0,12.0,I-NTMCP l=1,1.0,EVADER_REACHED_GOAL
8by8,2,l1,100,1,2.0,I-NTMCP l=1,1.0,PURSUER_WIN
8by8,2,l1,100,1,2.0,I-NTMCP l=1,1.0,PURSUER_WIN
8by8,2,l1,100,0,12.0,I-NTMCP l=1,1.0,EVADER_REACHED_GOAL
8by8,2,l1,100,0,13.0,I-NTMCP l=1,1.0,EVADER_REACHED_GOAL
8by8,2,l1,101,1,5.0,I-NTMCP l=1,1.0,PURSUER_WIN
8by8,2,l1,101,1,2.0,I-NTMCP l=1,1.0,PURSUER_WIN
8by8,2,l1,101,0,14.0,I-NTMCP l=1,1.0,EVADER_REACHED_GOAL
8by8,2,l1,101,0,13.0,I-NTMCP l=1,1.0,EVADER_REACHED_GOAL
8by8,2,l1,101,1,4.0,I-NTMCP l=1,1.0,PURSUER_WIN
8by8,2,l1,101,0,14.0,I-NTMCP l=1,1.0,EVADER_REACHED_GOAL
8by8,2,l1,101,0,9.0,I-NTMCP l=1,1.0,EVADER_REACHED_GOAL
8by8,2,l1,101,1,2.0,I-NTMCP l=1,1.0,PURSUER_WIN
8by8,2,l1,101,1,3.0,I-NTMCP l=1,1.0,PURSUER_WIN
8by8,2,l1,101,0,15.0,I-NTMCP l=1,1.0,EVADER_REACHED_GOAL
8by8,2,l1,101,0,10.0,I-NTMCP l=1,1.0,EVADER_REACHED_GOAL
8by8,2,l1,101,1,8.0,I-NTMCP l=1,1.0,PURSUER_WIN
8by8,2,l1,101,1,2.0,I-NTMCP l=1,1.0,PURSUER_WIN
8by8,2,l1,101,0,10.0,I-NTMCP l=1,1.0,EVADER_REACHED_GOAL
8by8,2,l1,101,0,12.0,I-NTMCP l=1,1.0,EVADER_REACHED_GOAL
8by8,2,l1,101,0,13.0,I-NTMCP l=1,1.0,EVADER_REACHED_GOAL
8by8,2,l1,101,0,15.0,I-NTMCP l=1,1.0,EVADER_REACHED_GOAL
8by8,2,l1,101,0,9.0,I-NTMCP l=1,1.0,EVADER_REACHED_GOAL
8by8,2,l1,101,0,12.0,I-NTMCP l=1,1.0,EVADER_REACHED_GOAL
8by8,2,l1,101,0,13.0,I-NTMCP l=1,1.0,EVADER_REACHED_GOAL
8by8,2,l1,101,1,4.0,I-NTMCP l=1,1.0,PURSUER_WIN
8by8,2,l1,101,1,4.0,I-NTMCP l=1,1.0,PURSUER_WIN
8by8,2,l1,101,0,9.0,I-NTMCP l=1,1.0,EVADER_REACHED_GOAL
8by8,2,l1,101,1,4.0,I-NTMCP l=1,1.0,PURSUER_WIN
8by8,2,l1,101,1,4.0,I-NTMCP l=1,1.0,PURSUER_WIN
8by8,2,l1,101,0,10.0,I-NTMCP l=1,1.0,EVADER_REACHED_GOAL
8by8,2,l1,101,0,9.0,I-NTMCP l=1,1.0,EVADER_REACHED_GOAL
8by8,2,l1,101,1,4.0,I-NTMCP l=1,1.0,PURSUER_WIN
8by8,2,l1,101,1,2.0,I-NTMCP l=1,1.0,PURSUER_WIN
8by8,2,l1,101,0,9.0,I-NTMCP l=1,1.0,EVADER_REACHED_GOAL
8by8,2,l1,101,0,9.0,I-NTMCP l=1,1.0,EVADER_REACHED_GOAL
8by8,2,l1,101,1,3.0,I-NTMCP l=1,1.0,PURSUER_WIN
8by8,2,l1,101,0,9.0,I-NTMCP l=1,1.0,EVADER_REACHED_GOAL
8by8,2,l1,101,0,9.0,I-NTMCP l=1,1.0,EVADER_REACHED_GOAL
8by8,2,l1,101,1,4.0,I-NTMCP l=1,1.0,PURSUER_WIN
8by8,2,l1,101,0,10.0,I-NTMCP l=1,1.0,EVADER_REACHED_GOAL
8by8,2,l1,101,1,2.0,I-NTMCP l=1,1.0,PURSUER_WIN
8by8,2,l1,101,0,10.0,I-NTMCP l=1,1.0,EVADER_REACHED_GOAL
8by8,2,l1,101,1,4.0,I-NTMCP l=1,1.0,PURSUER_WIN
8by8,2,l1,101,1,9.0,I-NTMCP l=1,1.0,PURSUER_WIN
8by8,2,l1,101,0,12.0,I-NTMCP l=1,1.0,EVADER_REACHED_GOAL
8by8,2,l1,101,0,10.0,I-NTMCP l=1,1.0,EVADER_REACHED_GOAL
8by8,2,l1,101,0,9.0,I-NTMCP l=1,1.0,EVADER_REACHED_GOAL
8by8,2,l1,101,0,9.0,I-NTMCP l=1,1.0,EVADER_REACHED_GOAL
8by8,2,l1,101,0,10.0,I-NTMCP l=1,1.0,EVADER_REACHED_GOAL
8by8,2,l1,101,1,2.0,I-NTMCP l=1,1.0,PURSUER_WIN
8by8,2,l1,101,0,12.0,I-NTMCP l=1,1.0,EVADER_REACHED_GOAL
8by8,2,l1,101,1,2.0,I-NTMCP l=1,1.0,PURSUER_WIN
8by8,2,l1,101,0,18.0,I-NTMCP l=1,1.0,EVADER_REACHED_GOAL
8by8,2,l1,101,1,6.0,I-NTMCP l=1,1.0,PURSUER_WIN
8by8,2,l1,102,1,4.0,I-NTMCP l=1,1.0,PURSUER_WIN
8by8,2,l1,102,0,10.0,I-NTMCP l=1,1.0,EVADER_REACHED_GOAL
8by8,2,l1,102,0,12.0,I-NTMCP l=1,1.0,EVADER_REACHED_GOAL
8by8,2,l1,102,1,4.0,I-NTMCP l=1,1.0,PURSUER_WIN
8by8,2,l1,102,0,12.0,I-NTMCP l=1,1.0,EVADER_REACHED_GOAL
8by8,2,l1,102,0,12.0,I-NTMCP l=1,1.0,EVADER_REACHED_GOAL
8by8,2,l1,102,0,12.0,I-NTMCP l=1,1.0,EVADER_REACHED_GOAL
8by8,2,l1,102,1,2.0,I-NTMCP l=1,1.0,PURSUER_WIN
8by8,2,l1,102,1,2.0,I-NTMCP l=1,1.0,PURSUER_WIN
8by8,2,l1,102,1,4.0,I-NTMCP l=1,1.0,PURSUER_WIN
8by8,2,l1,102,1,4.0,I-NTMCP l=1,1.0,PURSUER_WIN
8by8,2,l1,102,1,4.0,I-NTMCP l=1,1.0,PURSUER_WIN
8by8,2,l1,102,1,5.0,I-NTMCP l=1,1.0,PURSUER_WIN
8by8,2,l1,102,0,10.0,I-NTMCP l=1,1.0,EVADER_REACHED_GOAL
8by8,2,l1,102,1,4.0,I-NTMCP l=1,1.0,PURSUER_WIN
8by8,2,l1,102,1,2.0,I-NTMCP l=1,1.0,PURSUER_WIN
8by8,2,l1,102,1,4.0,I-NTMCP l=1,1.0,PURSUER_WIN
8by8,2,l1,102,1,4.0,I-NTMCP l=1,1.0,PURSUER_WIN
8by8,2,l1,102,0,12.0,I-NTMCP l=1,1.0,EVADER_REACHED_GOAL
8by8,2,l1,102,0,12.0,I-NTMCP l=1,1.0,EVADER_REACHED_GOAL
8by8,2,l1,102,0,9.0,I-NTMCP l=1,1.0,EVADER_REACHED_GOAL
8by8,2,l1,102,1,3.0,I-NTMCP l=1,1.0,PURSUER_WIN
8by8,2,l1,102,0,9.0,I-NTMCP l=1,1.0,EVADER_REACHED_GOAL
8by8,2,l1,102,1,5.0,I-NTMCP l=1,1.0,PURSUER_WIN
8by8,2,l1,102,0,10.0,I-NTMCP l=1,1.0,EVADER_REACHED_GOAL
8by8,2,l1,102,1,4.0,I-NTMCP l=1,1.0,PURSUER_WIN
8by8,2,l1,102,1,2.0,I-NTMCP l=1,1.0,PURSUER_WIN
8by8,2,l1,102,1,2.0,I-NTMCP l=1,1.0,PURSUER_WIN
8by8,2,l1,102,0,10.0,I-NTMCP l=1,1.0,EVADER_REACHED_GOAL
8by8,2,l1,102,1,4.0,I-NTMCP l=1,1.0,PURSUER_WIN
8by8,2,l1,102,0,15.0,I-NTMCP l=1,1.0,EVADER_REACHED_GOAL
8by8,2,l1,102,0,12.0,I-NTMCP l=1,1.0,EVADER_REACHED_GOAL
8by8,2,l1,102,0,12.0,I-NTMCP l=1,1.0,EVADER_REACHED_GOAL
8by8,2,l1,102,0,9.0,I-NTMCP l=1,1.0,EVADER_REACHED_GOAL
8by8,2,l1,102,0,14.0,I-NTMCP l=1,1.0,EVADER_REACHED_GOAL
8by8,2,l1,102,1,2.0,I-NTMCP l=1,1.0,PURSUER_WIN
8by8,2,l1,102,0,9.0,I-NTMCP l=1,1.0,EVADER_REACHED_GOAL
8by8,2,l1,102,0,12.0,I-NTMCP l=1,1.0,EVADER_REACHED_GOAL
8by8,2,l1,102,1,8.0,I-NTMCP l=1,1.0,PURSUER_WIN
8by8,2,l1,102,1,6.0,I-NTMCP l=1,1.0,PURSUER_WIN
8by8,2,l1,102,1,2.0,I-NTMCP l=1,1.0,PURSUER_WIN
8by8,2,l1,102,0,12.0,I-NTMCP l=1,1.0,EVADER_REACHED_GOAL
8by8,2,l1,102,1,4.0,I-NTMCP l=1,1.0,PURSUER_WIN
8by8,2,l1,102,1,4.0,I-NTMCP l=1,1.0,PURSUER_WIN
8by8,2,l1,102,1,10.0,I-NTMCP l=1,1.0,PURSUER_WIN
8by8,2,l1,102,0,9.0,I-NTMCP l=1,1.0,EVADER_REACHED_GOAL
8by8,2,l1,102,0,9.0,I-NTMCP l=1,1.0,EVADER_REACHED_GOAL
8by8,2,l1,102,1,5.0,I-NTMCP l=1,1.0,PURSUER_WIN
8by8,2,l1,102,1,4.0,I-NTMCP l=1,1.0,PURSUER_WIN
8by8,2,l1,102,0,9.0,I-NTMCP l=1,1.0,EVADER_REACHED_GOAL
8by8,2,l1,103,1,4.0,I-NTMCP l=1,1.0,PURSUER_WIN
8by8,2,l1,103,1,2.0,I-NTMCP l=1,1.0,PURSUER_WIN
8by8,2,l1,103,0,9.0,I-NTMCP l=1,1.0,EVADER_REACHED_GOAL
8by8,2,l1,103,0,9.0,I-NTMCP l=1,1.0,EVADER_REACHED_GOAL
8by8,2,l1,103,1,3.0,I-NTMCP l=1,1.0,PURSUER_WIN
8by8,2,l1,103,1,4.0,I-NTMCP l=1,1.0,PURSUER_WIN
8by8,2,l1,103,0,18.0,I-NTMCP l=1,1.0,EVADER_REACHED_GOAL
8by8,2,l1,103,0,15.0,I-NTMCP l=1,1.0,EVADER_REACHED_GOAL
8by8,2,l1,103,1,6.0,I-NTMCP l=1,1.0,PURSUER_WIN
8by8,2,l1,103,0,9.0,I-NTMCP l=1,1.0,EVADER_REACHED_GOAL
8by8,2,l1,103,0,10.0,I-NTMCP l=1,1.0,EVADER_REACHED_GOAL
8by8,2,l1,103,0,12.0,I-NTMCP l=1,1.0,EVADER_REACHED_GOAL
8by8,2,l1,103,0,9.0,I-NTMCP l=1,1.0,EVADER_REACHED_GOAL
8by8,2,l1,103,0,9.0,I-NTMCP l=1,1.0,EVADER_REACHED_GOAL
8by8,2,l1,103,1,5.0,I-NTMCP l=1,1.0,PURSUER_WIN
8by8,2,l1,103,1,2.0,I-NTMCP l=1,1.0,PURSUER_WIN
8by8,2,l1,103,0,15.0,I-NTMCP l=1,1.0,EVADER_REACHED_GOAL
8by8,2,l1,103,1,6.0,I-NTMCP l=1,1.0,PURSUER_WIN
8by8,2,l1,103,1,4.0,I-NTMCP l=1,1.0,PURSUER_WIN
8by8,2,l1,103,1,5.0,I-NTMCP l=1,1.0,PURSUER_WIN
8by8,2,l1,103,0,13.0,I-NTMCP l=1,1.0,EVADER_REACHED_GOAL
8by8,2,l1,103,1,4.0,I-NTMCP l=1,1.0,PURSUER_WIN
8by8,2,l1,103,1,4.0,I-NTMCP l=1,1.0,PURSUER_WIN
8by8,2,l1,103,1,6.0,I-NTMCP l=1,1.0,PURSUER_WIN
8by8,2,l1,103,0,10.0,I-NTMCP l=1,1.0,EVADER_REACHED_GOAL
8by8,2,l1,103,0,10.0,I-NTMCP l=1,1.0,EVADER_REACHED_GOAL
8by8,2,l1,103,1,2.0,I-NTMCP l=1,1.0,PURSUER_WIN
8by8,2,l1,103,0,9.0,I-NTMCP l=1,1.0,EVADER_REACHED_GOAL
8by8,2,l1,103,0,9.0,I-NTMCP l=1,1.0,EVADER_REACHED_GOAL
8by8,2,l1,103,0,15.0,I-NTMCP l=1,1.0,EVADER_REACHED_GOAL
8by8,2,l1,103,0,9.0,I-NTMCP l=1,1.0,EVADER_REACHED_GOAL
8by8,2,l1,103,0,10.0,I-NTMCP l=1,1.0,EVADER_REACHED_GOAL
8by8,2,l1,103,1,2.0,I-NTMCP l=1,1.0,PURSUER_WIN
8by8,2,l1,103,1,5.0,I-NTMCP l=1,1.0,PURSUER_WIN
8by8,2,l1,103,0,14.0,I-NTMCP l=1,1.0,EVADER_REACHED_GOAL
8by8,2,l1,103,1,4.0,I-NTMCP l=1,1.0,PURSUER_WIN
8by8,2,l1,103,0,18.0,I-NTMCP l=1,1.0,EVADER_REACHED_GOAL
8by8,2,l1,103,1,3.0,I-NTMCP l=1,1.0,PURSUER_WIN
8by8,2,l1,103,1,5.0,I-NTMCP l=1,1.0,PURSUER_WIN
8by8,2,l1,103,0,11.0,I-NTMCP l=1,1.0,EVADER_REACHED_GOAL
8by8,2,l1,103,1,8.0,I-NTMCP l=1,1.0,PURSUER_WIN
8by8,2,l1,103,1,4.0,I-NTMCP l=1,1.0,PURSUER_WIN
8by8,2,l1,103,1,7.0,I-NTMCP l=1,1.0,PURSUER_WIN
8by8,2,l1,103,1,4.0,I-NTMCP l=1,1.0,PURSUER_WIN
8by8,2,l1,103,1,4.0,I-NTMCP l=1,1.0,PURSUER_WIN
8by8,2,l1,103,0,15.0,I-NTMCP l=1,1.0,EVADER_REACHED_GOAL
8by8,2,l1,103,0,14.0,I-NTMCP l=1,1.0,EVADER_REACHED_GOAL
8by8,2,l1,103,1,2.0,I-NTMCP l=1,1.0,PURSUER_WIN
8by8,2,l1,103,0,12.0,I-NTMCP l=1,1.0,EVADER_REACHED_GOAL
8by8,2,l1,103,1,4.0,I-NTMCP l=1,1.0,PURSUER_WIN
8by8,2,l1,104,0,12.0,I-NTMCP l=1,1.0,EVADER_REACHED_GOAL
8by8,2,l1,104,1,4.0,I-NTMCP l=1,1.0,PURSUER_WIN
8by8,2,l1,104,1,3.0,I-NTMCP l=1,1.0,PURSUER_WIN
8by8,2,l1,104,1,5.0,I-NTMCP l=1,1.0,PURSUER_WIN
8by8,2,l1,104,0,9.0,I-NTMCP l=1,1.0,EVADER_REACHED_GOAL
8by8,2,l1,104,0,12.0,I-NTMCP l=1,1.0,EVADER_REACHED_GOAL
8by8,2,l1,104,1,4.0,I-NTMCP l=1,1.0,PURSUER_WIN
8by8,2,l1,104,0,10.0,I-NTMCP l=1,1.0,EVADER_REACHED_GOAL
8by8,2,l1,104,0,12.0,I-NTMCP l=1,1.0,EVADER_REACHED_GOAL
8by8,2,l1,104,1,5.0,I-NTMCP l=1,1.0,PURSUER_WIN
8by8,2,l1,104,1,6.0,I-NTMCP l=1,1.0,PURSUER_WIN
8by8,2,l1,104,1,4.0,I-NTMCP l=1,1.0,PURSUER_WIN
8by8,2,l1,104,1,3.0,I-NTMCP l=1,1.0,PURSUER_WIN
8by8,2,l1,104,0,9.0,I-NTMCP l=1,1.0,EVADER_REACHED_GOAL
8by8,2,l1,104,0,10.0,I-NTMCP l=1,1.0,EVADER_REACHED_GOAL
8by8,2,l1,104,1,4.0,I-NTMCP l=1,1.0,PURSUER_WIN
8by8,2,l1,104,1,2.0,I-NTMCP l=1,1.0,PURSUER_WIN
8by8,2,l1,104,1,2.0,I-NTMCP l=1,1.0,PURSUER_WIN
8by8,2,l1,104,0,13.0,I-NTMCP l=1,1.0,EVADER_REACHED_GOAL
8by8,2,l1,104,1,4.0,I-NTMCP l=1,1.0,PURSUER_WIN
8by8,2,l1,104,0,9.0,I-NTMCP l=1,1.0,EVADER_REACHED_GOAL
8by8,2,l1,104,1,4.0,I-NTMCP l=1,1.0,PURSUER_WIN
8by8,2,l1,104,0,9.0,I-NTMCP l=1,1.0,EVADER_REACHED_GOAL
8by8,2,l1,104,0,10.0,I-NTMCP l=1,1.0,EVADER_REACHED_GOAL
8by8,2,l1,104,0,9.0,I-NTMCP l=1,1.0,EVADER_REACHED_GOAL
8by8,2,l1,104,1,5.0,I-NTMCP l=1,1.0,PURSUER_WIN
8by8,2,l1,104,0,18.0,I-NTMCP l=1,1.0,EVADER_REACHED_GOAL
8by8,2,l1,104,0,14.0,I-NTMCP l=1,1.0,EVADER_REACHED_GOAL
8by8,2,l1,104,1,3.0,I-NTMCP l=1,1.0,PURSUER_WIN
8by8,2,l1,104,0,9.0,I-NTMCP l=1,1.0,EVADER_REACHED_GOAL
8by8,2,l1,104,1,2.0,I-NTMCP l=1,1.0,PURSUER_WIN
8by8,2,l1,104,0,9.0,I-NTMCP l=1,1.0,EVADER_REACHED_GOAL
8by8,2,l1,104,0,10.0,I-NTMCP l=1,1.0,EVADER_REACHED_GOAL
8by8,2,l1,104,0,10.0,I-NTMCP l=1,1.0,EVADER_REACHED_GOAL
8by8,2,l1,104,0,10.0,I-NTMCP l=1,1.0,EVADER_REACHED_GOAL
8by8,2,l1,104,0,9.0,I-NTMCP l=1,1.0,EVADER_REACHED_GOAL
8by8,2,l1,104,0,11.0,I-NTMCP l=1,1.0,EVADER_REACHED_GOAL
8by8,2,l1,104,1,4.0,I-NTMCP l=1,1.0,PURSUER_WIN
8by8,2,l1,104,1,4.0,I-NTMCP l=1,1.0,PURSUER_WIN
8by8,2,l1,104,1,4.0,I-NTMCP l=1,1.0,PURSUER_WIN
8by8,2,l1,104,0,9.0,I-NTMCP l=1,1.0,EVADER_REACHED_GOAL
8by8,2,l1,104,0,18.0,I-NTMCP l=1,1.0,EVADER_REACHED_GOAL
8by8,2,l1,104,1,4.0,I-NTMCP l=1,1.0,PURSUER_WIN
8by8,2,l1,104,0,9.0,I-NTMCP l=1,1.0,EVADER_REACHED_GOAL
8by8,2,l1,104,0,9.0,I-NTMCP l=1,1.0,EVADER_REACHED_GOAL
8by8,2,l1,104,0,17.0,I-NTMCP l=1,1.0,EVADER_REACHED_GOAL
8by8,2,l1,104,1,8.0,I-NTMCP l=1,1.0,PURSUER_WIN
8by8,2,l1,104,1,2.0,I-NTMCP l=1,1.0,PURSUER_WIN
8by8,2,l1,104,1,4.0,I-NTMCP l=1,1.0,PURSUER_WIN
8by8,2,l1,104,1,5.0,I-NTMCP l=1,1.0,PURSUER_WIN
8by8,2,l1,105,1,2.0,I-NTMCP l=1,1.0,PURSUER_WIN
8by8,2,l1,105,0,12.0,I-NTMCP l=1,1.0,EVADER_REACHED_GOAL
8by8,2,l1,105,0,9.0,I-NTMCP l=1,1.0,EVADER_REACHED_GOAL
8by8,2,l1,105,1,2.0,I-NTMCP l=1,1.0,PURSUER_WIN
8by8,2,l1,105,0,11.0,I-NTMCP l=1,1.0,EVADER_REACHED_GOAL
8by8,2,l1,105,1,2.0,I-NTMCP l=1,1.0,PURSUER_WIN
8by8,2,l1,105,1,5.0,I-NTMCP l=1,1.0,PURSUER_WIN
8by8,2,l1,105,0,9.0,I-NTMCP l=1,1.0,EVADER_REACHED_GOAL
8by8,2,l1,105,0,9.0,I-NTMCP l=1,1.0,EVADER_REACHED_GOAL
8by8,2,l1,105,0,9.0,I-NTMCP l=1,1.0,EVADER_REACHED_GOAL
8by8,2,l1,105,0,11.0,I-NTMCP l=1,1.0,EVADER_REACHED_GOAL
8by8,2,l1,105,1,2.0,I-NTMCP l=1,1.0,PURSUER_WIN
8by8,2,l1,105,0,10.0,I-NTMCP l=1,1.0,EVADER_REACHED_GOAL
8by8,2,l1,105,0,15.0,I-NTMCP l=1,1.0,EVADER_REACHED_GOAL
8by8,2,l1,105,0,9.0,I-NTMCP l=1,1.0,EVADER_REACHED_GOAL
8by8,2,l1,105,1,4.0,I-NTMCP l=1,1.0,PURSUER_WIN
8by8,2,l1,105,0,10.0,I-NTMCP l=1,1.0,EVADER_REACHED_GOAL
8by8,2,l1,105,0,13.0,I-NTMCP l=1,1.0,EVADER_REACHED_GOAL
8by8,2,l1,105,1,11.0,I-NTMCP l=1,1.0,PURSUER_WIN
8by8,2,l1,105,0,13.0,I-NTMCP l=1,1.0,EVADER_REACHED_GOAL
8by8,2,l1,105,1,3.0,I-NTMCP l=1,1.0,PURSUER_WIN
8by8,2,l1,105,0,13.0,I-NTMCP l=1,1.0,EVADER_REACHED_GOAL
8by8,2,l1,105,0,12.0,I-NTMCP l=1,1.0,EVADER_REACHED_GOAL
8by8,2,l1,105,0,15.0,I-NTMCP l=1,1.0,EVADER_REACHED_GOAL
8by8,2,l1,105,1,2.0,I-NTMCP l=1,1.0,PURSUER_WIN
8by8,2,l1,105,1,2.0,I-NTMCP l=1,1.0,PURSUER_WIN
8by8,2,l1,105,0,9.0,I-NTMCP l=1,1.0,EVADER_REACHED_GOAL
8by8,2,l1,105,1,8.0,I-NTMCP l=1,1.0,PURSUER_WIN
8by8,2,l1,105,1,2.0,I-NTMCP l=1,1.0,PURSUER_WIN
8by8,2,l1,105,0,13.0,I-NTMCP l=1,1.0,EVADER_REACHED_GOAL
8by8,2,l1,105,0,14.0,I-NTMCP l=1,1.0,EVADER_REACHED_GOAL
8by8,2,l1,105,1,5.0,I-NTMCP l=1,1.0,PURSUER_WIN
8by8,2,l1,105,0,12.0,I-NTMCP l=1,1.0,EVADER_REACHED_GOAL
8by8,2,l1,105,0,10.0,I-NTMCP l=1,1.0,EVADER_REACHED_GOAL
8by8,2,l1,105,0,9.0,I-NTMCP l=1,1.0,EVADER_REACHED_GOAL
8by8,2,l1,105,0,9.0,I-NTMCP l=1,1.0,EVADER_REACHED_GOAL
8by8,2,l1,105,0,9.0,I-NTMCP l=1,1.0,EVADER_REACHED_GOAL
8by8,2,l1,105,1,4.0,I-NTMCP l=1,1.0,PURSUER_WIN
8by8,2,l1,105,0,9.0,I-NTMCP l=1,1.0,EVADER_REACHED_GOAL
8by8,2,l1,105,1,4.0,I-NTMCP l=1,1.0,PURSUER_WIN
8by8,2,l1,105,1,4.0,I-NTMCP l=1,1.0,PURSUER_WIN
8by8,2,l1,105,0,12.0,I-NTMCP l=1,1.0,EVADER_REACHED_GOAL
8by8,2,l1,105,0,9.0,I-NTMCP l=1,1.0,EVADER_REACHED_GOAL
8by8,2,l1,105,0,9.0,I-NTMCP l=1,1.0,EVADER_REACHED_GOAL
8by8,2,l1,105,0,9.0,I-NTMCP l=1,1.0,EVADER_REACHED_GOAL
8by8,2,l1,105,0,14.0,I-NTMCP l=1,1.0,EVADER_REACHED_GOAL
8by8,2,l1,105,0,12.0,I-NTMCP l=1,1.0,EVADER_REACHED_GOAL
8by8,2,l1,105,0,12.0,I-NTMCP l=1,1.0,EVADER_REACHED_GOAL
8by8,2,l1,105,0,12.0,I-NTMCP l=1,1.0,EVADER_REACHED_GOAL
8by8,2,l1,105,1,5.0,I-NTMCP l=1,1.0,PURSUER_WIN
8by8,2,l1,106,0,9.0,I-NTMCP l=1,1.0,EVADER_REACHED_GOAL
8by8,2,l1,106,1,5.0,I-NTMCP l=1,1.0,PURSUER_WIN
8by8,2,l1,106,1,2.0,I-NTMCP l=1,1.0,PURSUER_WIN
8by8,2,l1,106,0,10.0,I-NTMCP l=1,1.0,EVADER_REACHED_GOAL
8by8,2,l1,106,0,9.0,I-NTMCP l=1,1.0,EVADER_REACHED_GOAL
8by8,2,l1,106,1,10.0,I-NTMCP l=1,1.0,PURSUER_WIN
8by8,2,l1,106,1,5.0,I-NTMCP l=1,1.0,PURSUER_WIN
8by8,2,l1,106,1,2.0,I-NTMCP l=1,1.0,PURSUER_WIN
8by8,2,l1,106,1,4.0,I-NTMCP l=1,1.0,PURSUER_WIN
8by8,2,l1,106,1,6.0,I-NTMCP l=1,1.0,PURSUER_WIN
8by8,2,l1,106,0,9.0,I-NTMCP l=1,1.0,EVADER_REACHED_GOAL
8by8,2,l1,106,0,16.0,I-NTMCP l=1,1.0,EVADER_REACHED_GOAL
8by8,2,l1,106,1,5.0,I-NTMCP l=1,1.0,PURSUER_WIN
8by8,2,l1,106,1,4.0,I-NTMCP l=1,1.0,PURSUER_WIN
8by8,2,l1,106,0,12.0,I-NTMCP l=1,1.0,EVADER_REACHED_GOAL
8by8,2,l1,106,1,4.0,I-NTMCP l=1,1.0,PURSUER_WIN
8by8,2,l1,106,0,9.0,I-NTMCP l=1,1.0,EVADER_REACHED_GOAL
8by8,2,l1,106,0,12.0,I-NTMCP l=1,1.0,EVADER_REACHED_GOAL
8by8,2,l1,106,0,9.0,I-NTMCP l=1,1.0,EVADER_REACHED_GOAL
8by8,2,l1,106,1,4.0,I-NTMCP l=1,1.0,PURSUER_WIN
8by8,2,l1,106,1,5.0,I-NTMCP l=1,1.0,PURSUER_WIN
8by8,2,l1,106,1,2.0,I-NTMCP l=1,1.0,PURSUER_WIN
8by8,2,l1,106,1,4.0,I-NTMCP l=1,1.0,PURSUER_WIN
8by8,2,l1,106,1,5.0,I-NTMCP l=1,1.0,PURSUER_WIN
8by8,2,l1,106,0,9.0,I-NTMCP l=1,1.0,EVADER_REACHED_GOAL
8by8,2,l1,106,0,9.0,I-NTMCP l=1,1.0,EVADER_REACHED_GOAL
8by8,2,l1,106,1,4.0,I-NTMCP l=1,1.0,PURSUER_WIN
8by8,2,l1,106,1,2.0,I-NTMCP l=1,1.0,PURSUER_WIN
8by8,2,l1,106,0,9.0,I-NTMCP l=1,1.0,EVADER_REACHED_GOAL
8by8,2,l1,106,0,17.0,I-NTMCP l=1,1.0,EVADER_REACHED_GOAL
8by8,2,l1,106,0,14.0,I-NTMCP l=1,1.0,EVADER_REACHED_GOAL
8by8,2,l1,106,0,9.0,I-NTMCP l=1,1.0,EVADER_REACHED_GOAL
8by8,2,l1,106,1,10.0,I-NTMCP l=1,1.0,PURSUER_WIN
8by8,2,l1,106,0,10.0,I-NTMCP l=1,1.0,EVADER_REACHED_GOAL
8by8,2,l1,106,1,2.0,I-NTMCP l=1,1.0,PURSUER_WIN
8by8,2,l1,106,0,12.0,I-NTMCP l=1,1.0,EVADER_REACHED_GOAL
8by8,2,l1,106,1,4.0,I-NTMCP l=1,1.0,PURSUER_WIN
8by8,2,l1,106,0,12.0,I-NTMCP l=1,1.0,EVADER_REACHED_GOAL
8by8,2,l1,106,0,9.0,I-NTMCP l=1,1.0,EVADER_REACHED_GOAL
8by8,2,l1,106,1,4.0,I-NTMCP l=1,1.0,PURSUER_WIN
8by8,2,l1,106,0,9.0,I-NTMCP l=1,1.0,EVADER_REACHED_GOAL
8by8,2,l1,106,0,13.0,I-NTMCP l=1,1.0,EVADER_REACHED_GOAL
8by8,2,l1,106,1,4.0,I-NTMCP l=1,1.0,PURSUER_WIN
8by8,2,l1,106,1,4.0,I-NTMCP l=1,1.0,PURSUER_WIN
8by8,2,l1,106,0,9.0,I-NTMCP l=1,1.0,EVADER_REACHED_GOAL
8by8,2,l1,106,1,5.0,I-NTMCP l=1,1.0,PURSUER_WIN
8by8,2,l1,106,1,5.0,I-NTMCP l=1,1.0,PURSUER_WIN
8by8,2,l1,106,1,5.0,I-NTMCP l=1,1.0,PURSUER_WIN
8by8,2,l1,106,0,11.0,I-NTMCP l=1,1.0,EVADER_REACHED_GOAL
8by8,2,l1,106,1,5.0,I-NTMCP l=1,1.0,PURSUER_WIN
8by8,2,l1,107,0,9.0,I-NTMCP l=1,1.0,EVADER_REACHED_GOAL
8by8,2,l1,107,0,14.0,I-NTMCP l=1,1.0,EVADER_REACHED_GOAL
8by8,2,l1,107,0,19.0,I-NTMCP l=1,1.0,EVADER_REACHED_GOAL
8by8,2,l1,107,1,4.0,I-NTMCP l=1,1.0,PURSUER_WIN
8by8,2,l1,107,1,3.0,I-NTMCP l=1,1.0,PURSUER_WIN
8by8,2,l1,107,0,9.0,I-NTMCP l=1,1.0,EVADER_REACHED_GOAL
8by8,2,l1,107,0,10.0,I-NTMCP l=1,1.0,EVADER_REACHED_GOAL
8by8,2,l1,107,1,4.0,I-NTMCP l=1,1.0,PURSUER_WIN
8by8,2,l1,107,1,5.0,I-NTMCP l=1,1.0,PURSUER_WIN
8by8,2,l1,107,0,9.0,I-NTMCP l=1,1.0,EVADER_REACHED_GOAL
8by8,2,l1,107,0,12.0,I-NTMCP l=1,1.0,EVADER_REACHED_GOAL
8by8,2,l1,107,0,12.0,I-NTMCP l=1,1.0,EVADER_REACHED_GOAL
8by8,2,l1,107,0,13.0,I-NTMCP l=1,1.0,EVADER_REACHED_GOAL
8by8,2,l1,107,0,13.0,I-NTMCP l=1,1.0,EVADER_REACHED_GOAL
8by8,2,l1,107,0,9.0,I-NTMCP l=1,1.0,EVADER_REACHED_GOAL
8by8,2,l1,107,1,4.0,I-NTMCP l=1,1.0,PURSUER_WIN
8by8,2,l1,107,1,2.0,I-NTMCP l=1,1.0,PURSUER_WIN
8by8,2,l1,107,0,12.0,I-NTMCP l=1,1.0,EVADER_REACHED_GOAL
8by8,2,l1,107,1,4.0,I-NTMCP l=1,1.0,PURSUER_WIN
8by8,2,l1,107,0,13.0,I-NTMCP l=1,1.0,EVADER_REACHED_GOAL
8by8,2,l1,107,0,12.0,I-NTMCP l=1,1.0,EVADER_REACHED_GOAL
8by8,2,l1,107,0,9.0,I-NTMCP l=1,1.0,EVADER_REACHED_GOAL
8by8,2,l1,107,1,3.0,I-NTMCP l=1,1.0,PURSUER_WIN
8by8,2,l1,107,1,5.0,I-NTMCP l=1,1.0,PURSUER_WIN
8by8,2,l1,107,1,4.0,I-NTMCP l=1,1.0,PURSUER_WIN
8by8,2,l1,107,0,9.0,I-NTMCP l=1,1.0,EVADER_REACHED_GOAL
8by8,2,l1,107,1,6.0,I-NTMCP l=1,1.0,PURSUER_WIN
8by8,2,l1,107,0,12.0,I-NTMCP l=1,1.0,EVADER_REACHED_GOAL
8by8,2,l1,107,1,5.0,I-NTMCP l=1,1.0,PURSUER_WIN
8by8,2,l1,107,1,4.0,I-NTMCP l=1,1.0,PURSUER_WIN
8by8,2,l1,107,0,12.0,I-NTMCP l=1,1.0,EVADER_REACHED_GOAL
8by8,2,l1,107,1,8.0,I-NTMCP l=1,1.0,PURSUER_WIN
8by8,2,l1,107,0,15.0,I-NTMCP l=1,1.0,EVADER_REACHED_GOAL
8by8,2,l1,107,0,12.0,I-NTMCP l=1,1.0,EVADER_REACHED_GOAL
8by8,2,l1,107,1,8.0,I-NTMCP l=1,1.0,PURSUER_WIN
8by8,2,l1,107,1,3.0,I-NTMCP l=1,1.0,PURSUER_WIN
8by8,2,l1,107,1,2.0,I-NTMCP l=1,1.0,PURSUER_WIN
8by8,2,l1,107,0,12.0,I-NTMCP l=1,1.0,EVADER_REACHED_GOAL
8by8,2,l1,107,0,15.0,I-NTMCP l=1,1.0,EVADER_REACHED_GOAL
8by8,2,l1,107,1,2.0,I-NTMCP l=1,1.0,PURSUER_WIN
8by8,2,l1,107,1,3.0,I-NTMCP l=1,1.0,PURSUER_WIN
8by8,2,l1,107,1,2.0,I-NTMCP l=1,1.0,PURSUER_WIN
8by8,2,l1,107,0,10.0,I-NTMCP l=1,1.0,EVADER_REACHED_GOAL
8by8,2,l1,107,1,2.0,I-NTMCP l=1,1.0,PURSUER_WIN
8by8,2,l1,107,0,10.0,I-NTMCP l=1,1.0,EVADER_REACHED_GOAL
8by8,2,l1,107,1,3.0,I-NTMCP l=1,1.0,PURSUER_WIN
8by8,2,l1,107,1,4.0,I-NTMCP l=1,1.0,PURSUER_WIN
8by8,2,l1,107,0,10.0,I-NTMCP l=1,1.0,EVADER_REACHED_GOAL
8by8,2,l1,107,1,4.0,I-NTMCP l=1,1.0,PURSUER_WIN
8by8,2,l1,107,1,5.0,I-NTMCP l=1,1.0,PURSUER_WIN
8by8,2,l1,108,0,10.0,I-NTMCP l=1,1.0,EVADER_REACHED_GOAL
8by8,2,l1,108,0,14.0,I-NTMCP l=1,1.0,EVADER_REACHED_GOAL
8by8,2,l1,108,1,4.0,I-NTMCP l=1,1.0,PURSUER_WIN
8by8,2,l1,108,1,2.0,I-NTMCP l=1,1.0,PURSUER_WIN
8by8,2,l1,108,1,4.0,I-NTMCP l=1,1.0,PURSUER_WIN
8by8,2,l1,108,0,10.0,I-NTMCP l=1,1.0,EVADER_REACHED_GOAL
8by8,2,l1,108,0,9.0,I-NTMCP l=1,1.0,EVADER_REACHED_GOAL
8by8,2,l1,108,0,15.0,I-NTMCP l=1,1.0,EVADER_REACHED_GOAL
8by8,2,l1,108,1,6.0,I-NTMCP l=1,1.0,PURSUER_WIN
8by8,2,l1,108,1,2.0,I-NTMCP l=1,1.0,PURSUER_WIN
8by8,2,l1,108,1,5.0,I-NTMCP l=1,1.0,PURSUER_WIN
8by8,2,l1,108,0,9.0,I-NTMCP l=1,1.0,EVADER_REACHED_GOAL
8by8,2,l1,108,1,2.0,I-NTMCP l=1,1.0,PURSUER_WIN
8by8,2,l1,108,0,9.0,I-NTMCP l=1,1.0,EVADER_REACHED_GOAL
8by8,2,l1,108,1,5.0,I-NTMCP l=1,1.0,PURSUER_WIN
8by8,2,l1,108,1,4.0,I-NTMCP l=1,1.0,PURSUER_WIN
8by8,2,l1,108,1,4.0,I-NTMCP l=1,1.0,PURSUER_WIN
8by8,2,l1,108,0,9.0,I-NTMCP l=1,1.0,EVADER_REACHED_GOAL
8by8,2,l1,108,1,10.0,I-NTMCP l=1,1.0,PURSUER_WIN
8by8,2,l1,108,1,4.0,I-NTMCP l=1,1.0,PURSUER_WIN
8by8,2,l1,108,1,3.0,I-NTMCP l=1,1.0,PURSUER_WIN
8by8,2,l1,108,0,9.0,I-NTMCP l=1,1.0,EVADER_REACHED_GOAL
8by8,2,l1,108,1,4.0,I-NTMCP l=1,1.0,PURSUER_WIN
8by8,2,l1,108,1,3.0,I-NTMCP l=1,1.0,PURSUER_WIN
8by8,2,l1,108,0,10.0,I-NTMCP l=1,1.0,EVADER_REACHED_GOAL
8by8,2,l1,108,0,9.0,I-NTMCP l=1,1.0,EVADER_REACHED_GOAL
8by8,2,l1,108,0,9.0,I-NTMCP l=1,1.0,EVADER_REACHED_GOAL
8by8,2,l1,108,0,9.0,I-NTMCP l=1,1.0,EVADER_REACHED_GOAL
8by8,2,l1,108,0,10.0,I-NTMCP l=1,1.0,EVADER_REACHED_GOAL
8by8,2,l1,108,0,13.0,I-NTMCP l=1,1.0,EVADER_REACHED_GOAL
8by8,2,l1,108,0,11.0,I-NTMCP l=1,1.0,EVADER_REACHED_GOAL
8by8,2,l1,108,1,6.0,I-NTMCP l=1,1.0,PURSUER_WIN
8by8,2,l1,108,1,2.0,I-NTMCP l=1,1.0,PURSUER_WIN
8by8,2,l1,108,1,4.0,I-NTMCP l=1,1.0,PURSUER_WIN
8by8,2,l1,108,0,9.0,I-NTMCP l=1,1.0,EVADER_REACHED_GOAL
8by8,2,l1,108,1,2.0,I-NTMCP l=1,1.0,PURSUER_WIN
8by8,2,l1,108,0,11.0,I-NTMCP l=1,1.0,EVADER_REACHED_GOAL
8by8,2,l1,108,0,10.0,I-NTMCP l=1,1.0,EVADER_REACHED_GOAL
8by8,2,l1,108,0,10.0,I-NTMCP l=1,1.0,EVADER_REACHED_GOAL
8by8,2,l1,108,1,5.0,I-NTMCP l=1,1.0,PURSUER_WIN
8by8,2,l1,108,0,14.0,I-NTMCP l=1,1.0,EVADER_REACHED_GOAL
8by8,2,l1,108,0,12.0,I-NTMCP l=1,1.0,EVADER_REACHED_GOAL
8by8,2,l1,108,0,14.0,I-NTMCP l=1,1.0,EVADER_REACHED_GOAL
8by8,2,l1,108,0,16.0,I-NTMCP l=1,1.0,EVADER_REACHED_GOAL
8by8,2,l1,108,1,4.0,I-NTMCP l=1,1.0,PURSUER_WIN
8by8,2,l1,108,1,2.0,I-NTMCP l=1,1.0,PURSUER_WIN
8by8,2,l1,108,0,9.0,I-NTMCP l=1,1.0,EVADER_REACHED_GOAL
8by8,2,l1,108,1,4.0,I-NTMCP l=1,1.0,PURSUER_WIN
8by8,2,l1,108,1,2.0,I-NTMCP l=1,1.0,PURSUER_WIN
8by8,2,l1,108,0,12.0,I-NTMCP l=1,1.0,EVADER_REACHED_GOAL
8by8,2,l1,109,0,9.0,I-NTMCP l=1,1.0,EVADER_REACHED_GOAL
8by8,2,l1,109,0,9.0,I-NTMCP l=1,1.0,EVADER_REACHED_GOAL
8by8,2,l1,109,0,12.0,I-NTMCP l=1,1.0,EVADER_REACHED_GOAL
8by8,2,l1,109,1,4.0,I-NTMCP l=1,1.0,PURSUER_WIN
8by8,2,l1,109,1,3.0,I-NTMCP l=1,1.0,PURSUER_WIN
8by8,2,l1,109,1,5.0,I-NTMCP l=1,1.0,PURSUER_WIN
8by8,2,l1,109,1,6.0,I-NTMCP l=1,1.0,PURSUER_WIN
8by8,2,l1,109,0,15.0,I-NTMCP l=1,1.0,EVADER_REACHED_GOAL
8by8,2,l1,109,0,13.0,I-NTMCP l=1,1.0,EVADER_REACHED_GOAL
8by8,2,l1,109,1,8.0,I-NTMCP l=1,1.0,PURSUER_WIN
8by8,2,l1,109,0,9.0,I-NTMCP l=1,1.0,EVADER_REACHED_GOAL
8by8,2,l1,109,1,4.0,I-NTMCP l=1,1.0,PURSUER_WIN
8by8,2,l1,109,1,4.0,I-NTMCP l=1,1.0,PURSUER_WIN
8by8,2,l1,109,1,5.0,I-NTMCP l=1,1.0,PURSUER_WIN
8by8,2,l1,109,0,15.0,I-NTMCP l=1,1.0,EVADER_REACHED_GOAL
8by8,2,l1,109,1,2.0,I-NTMCP l=1,1.0,PURSUER_WIN
8by8,2,l1,109,1,2.0,I-NTMCP l=1,1.0,PURSUER_WIN
8by8,2,l1,109,0,9.0,I-NTMCP l=1,1.0,EVADER_REACHED_GOAL
8by8,2,l1,109,0,10.0,I-NTMCP l=1,1.0,EVADER_REACHED_GOAL
8by8,2,l1,109,1,5.0,I-NTMCP l=1,1.0,PURSUER_WIN
8by8,2,l1,109,0,9.0,I-NTMCP l=1,1.0,EVADER_REACHED_GOAL
8by8,2,l1,109,0,9.0,I-NTMCP l=1,1.0,EVADER_REACHED_GOAL
8by8,2,l1,109,0,10.0,I-NTMCP l=1,1.0,EVADER_REACHED_GOAL
8by8,2,l1,109,1,4.0,I-NTMCP l=1,1.0,PURSUER_WIN
8by8,2,l1,109,0,9.0,I-NTMCP l=1,1.0,EVADER_REACHED_GOAL
8by8,2,l1,109,1,5.0,I-NTMCP l=1,1.0,PURSUER_WIN
8by8,2,l1,109,0,12.0,I-NTMCP l=1,1.0,EVADER_REACHED_GOAL
8by8,2,l1,109,0,9.0,I-NTMCP l=1,1.0,EVADER_REACHED_GOAL
8by8,2,l1,109,1,6.0,I-NTMCP l=1,1.0,PURSUER_WIN
8by8,2,l1,109,1,2.0,I-NTMCP l=1,1.0,PURSUER_WIN
8by8,2,l1,109,1,3.0,I-NTMCP l=1,1.0,PURSUER_WIN
8by8,2,l1,109,0,14.0,I-NTMCP l=1,1.0,EVADER_REACHED_GOAL
8by8,2,l1,109,0,12.0,I-NTMCP l=1,1.0,EVADER_REACHED_GOAL
8by8,2,l1,109,1,4.0,I-NTMCP l=1,1.0,PURSUER_WIN
8by8,2,l1,109,1,4.0,I-NTMCP l=1,1.0,PURSUER_WIN
8by8,2,l1,109,0,9.0,I-NTMCP l=1,1.0,EVADER_REACHED_GOAL
8by8,2,l1,109,0,13.0,I-NTMCP l=1,1.0,EVADER_REACHED_GOAL
8by8,2,l1,109,0,9.0,I-NTMCP l=1,1.0,EVADER_REACHED_GOAL
8by8,2,l1,109,1,4.0,I-NTMCP l=1,1.0,PURSUER_WIN
8by8,2,l1,109,0,12.0,I-NTMCP l=1,1.0,EVADER_REACHED_GOAL
8by8,2,l1,109,1,2.0,I-NTMCP l=1,1.0,PURSUER_WIN
8by8,2,l1,109,1,4.0,I-NTMCP l=1,1.0,PURSUER_WIN
8by8,2,l1,109,1,4.0,I-NTMCP l=1,1.0,PURSUER_WIN
8by8,2,l1,109,1,2.0,I-NTMCP l=1,1.0,PURSUER_WIN
8by8,2,l1,109,0,12.0,I-NTMCP l=1,1.0,EVADER_REACHED_GOAL
8by8,2,l1,109,0,14.0,I-NTMCP l=1,1.0,EVADER_REACHED_GOAL
8by8,2,l1,109,1,5.0,I-NTMCP l=1,1.0,PURSUER_WIN
8by8,2,l1,109,0,16.0,I-NTMCP l=1,1.0,EVADER_REACHED_GOAL
8by8,2,l1,109,0,9.0,I-NTMCP l=1,1.0,EVADER_REACHED_GOAL
8by8,2,l1,109,1,4.0,I-NTMCP l=1,1.0,PURSUER_WIN
8by8,2,mixed,100,0,12.0,shortest path,,EVADER_REACHED_GOAL
8by8,2,mixed,100,1,3.0,I-NTMCP l=1,1.0,PURSUER_WIN
8by8,2,mixed,100,1,4.0,I-NTMCP l=1,1.0,PURSUER_WIN
8by8,2,mixed,100,0,9.0,shortest path,,EVADER_REACHED_GOAL
8by8,2,mixed,100,0,15.0,I-NTMCP l=1,1.0,EVADER_REACHED_GOAL
8by8,2,mixed,100,1,2.0,I-NTMCP l=0,0.0,PURSUER_WIN
8by8,2,mixed,100,1,2.0,I-NTMCP l=1,1.0,PURSUER_WIN
8by8,2,mixed,100,1,4.0,random,,PURSUER_WIN
8by8,2,mixed,100,1,3.0,random,,PURSUER_WIN
8by8,2,mixed,100,1,10.0,random,,PURSUER_WIN
8by8,2,mixed,100,0,10.0,I-NTMCP l=1,1.0,EVADER_REACHED_GOAL
8by8,2,mixed,100,0,10.0,I-NTMCP l=0,0.0,EVADER_REACHED_GOAL
8by8,2,mixed,100,1,25.0,random,,PURSUER_WIN
8by8,2,mixed,100,1,4.0,shortest path,,PURSUER_WIN
8by8,2,mixed,100,1,7.0,I-NTMCP l=0,0.0,PURSUER_WIN
8by8,2,mixed,100,1,12.0,shortest path,,PURSUER_WIN
8by8,2,mixed,100,0,10.0,I-NTMCP l=0,0.0,EVADER_REACHED_GOAL
8by8,2,mixed,100,0,23.0,shortest path,,EVADER_REACHED_GOAL
8by8,2,mixed,100,0,12.0,shortest path,,EVADER_REACHED_GOAL
8by8,2,mixed,100,1,5.0,shortest path,,PURSUER_WIN
8by8,2,mixed,100,0,9.0,shortest path,,EVADER_REACHED_GOAL
8by8,2,mixed,100,1,3.0,I-NTMCP l=0,0.0,PURSUER_WIN
8by8,2,mixed,100,0,10.0,I-NTMCP l=0,0.0,EVADER_REACHED_GOAL
8by8,2,mixed,100,0,11.0,I-NTMCP l=1,1.0,EVADER_REACHED_GOAL
8by8,2,mixed,100,1,4.0,shortest path,,PURSUER_WIN
8by8,2,mixed,100,1,6.0,I-NTMCP l=1,1.0,PURSUER_WIN
8by8,2,mixed,100,1,5.0,I-NTMCP l=1,1.0,PURSUER_WIN
8by8,2,mixed,100,1,2.0,I-NTMCP l=0,0.0,PURSUER_WIN
8by8,2,mixed,100,0,13.0,I-NTMCP l=1,1.0,EVADER_REACHED_GOAL
8by8,2,mixed,100,0,13.0,shortest path,,EVADER_REACHED_GOAL
8by8,2,mixed,100,1,13.0,random,,PURSUER_WIN
8by8,2,mixed,100,1,2.0,shortest path,,PURSUER_WIN
8by8,2,mixed,100,1,18.0,random,,PURSUER_WIN
8by8,2,mixed,100,0,12.0,I-NTMCP l=1,1.0,EVADER_REACHED_GOAL
8by8,2,mixed,100,1,4.0,shortest path,,PURSUER_WIN
8by8,2,mixed,100,0,9.0,shortest path,,EVADER_REACHED_GOAL
8by8,2,mixed,100,1,11.0,shortest path,,PURSUER_WIN
8by8,2,mixed,100,1,2.0,shortest path,,PURSUER_WIN
8by8,2,mixed,100,1,9.0,random,,PURSUER_WIN
8by8,2,mixed,100,0,22.0,shortest path,,EVADER_REACHED_GOAL
8by8,2,mixed,100,0,12.0,I-NTMCP l=1,1.0,EVADER_REACHED_GOAL
8by8,2,mixed,100,0,12.0,I-NTMCP l=1,1.0,EVADER_REACHED_GOAL
8by8,2,mixed,100,0,12.0,shortest path,,EVADER_REACHED_GOAL
8by8,2,mixed,100,1,6.0,random,,PURSUER_WIN
8by8,2,mixed,100,1,5.0,shortest path,,PURSUER_WIN
8by8,2,mixed,100,0,11.0,I-NTMCP l=0,0.0,EVADER_REACHED_GOAL
8by8,2,mixed,100,0,9.0,I-NTMCP l=0,0.0,EVADER_REACHED_GOAL
8by8,2,mixed,100,0,9.0,I-NTMCP l=0,0.0,EVADER_REACHED_GOAL
8by8,2,mixed,100,0,10.0,I-NTMCP l=0,0.0,EVADER_REACHED_GOAL
8by8,2,mixed,100,0,13.0,I-NTMCP l=1,1.0,EVADER_REACHED_GOAL
8by8,2,mixed,101,1,4.0,shortest path,,PURSUER_WIN
8by8,2,mixed,101,1,6.0,I-NTMCP l=0,0.0,PURSUER_WIN
8by8,2,mixed,101,0,16.0,I-NTMCP l=1,1.0,EVADER_REACHED_GOAL
8by8,2,mixed,101,0,40.0,random,,OTHER_LOSS_OR_TIMEOUT
8by8,2,mixed,101,1,8.0,shortest path,,PURSUER_WIN
8by8,2,mixed,101,1,17.0,shortest path,,PURSUER_WIN
8by8,2,mixed,101,1,6.0,I-NTMCP l=0,0.0,PURSUER_WIN
8by8,2,mixed,101,0,10.0,I-NTMCP l=1,1.0,EVADER_REACHED_GOAL
8by8,2,mixed,101,1,19.0,shortest path,,PURSUER_WIN
8by8,2,mixed,101,1,2.0,I-NTMCP l=0,0.0,PURSUER_WIN
8by8,2,mixed,101,1,10.0,I-NTMCP l=1,1.0,PURSUER_WIN
8by8,2,mixed,101,0,40.0,random,,OTHER_LOSS_OR_TIMEOUT
8by8,2,mixed,101,0,9.0,I-NTMCP l=0,0.0,EVADER_REACHED_GOAL
8by8,2,mixed,101,0,9.0,shortest path,,EVADER_REACHED_GOAL
8by8,2,mixed,101,0,12.0,shortest path,,EVADER_REACHED_GOAL
8by8,2,mixed,101,1,27.0,random,,PURSUER_WIN
8by8,2,mixed,101,0,9.0,I-NTMCP l=1,1.0,EVADER_REACHED_GOAL
8by8,2,mixed,101,0,9.0,I-NTMCP l=0,0.0,EVADER_REACHED_GOAL
8by8,2,mixed,101,1,12.0,shortest path,,PURSUER_WIN
8by8,2,mixed,101,0,10.0,I-NTMCP l=1,1.0,EVADER_REACHED_GOAL
8by8,2,mixed,101,1,4.0,I-NTMCP l=0,0.0,PURSUER_WIN
8by8,2,mixed,101,0,9.0,shortest path,,EVADER_REACHED_GOAL
8by8,2,mixed,101,1,3.0,I-NTMCP l=1,1.0,PURSUER_WIN
8by8,2,mixed,101,0,10.0,I-NTMCP l=1,1.0,EVADER_REACHED_GOAL
8by8,2,mixed,101,1,2.0,shortest path,,PURSUER_WIN
8by8,2,mixed,101,1,33.0,random,,PURSUER_WIN
8by8,2,mixed,101,0,9.0,I-NTMCP l=1,1.0,EVADER_REACHED_GOAL
8by8,2,mixed,101,0,12.0,I-NTMCP l=1,1.0,EVADER_REACHED_GOAL
8by8,2,mixed,101,0,9.0,I-NTMCP l=0,0.0,EVADER_REACHED_GOAL
8by8,2,mixed,101,1,3.0,shortest path,,PURSUER_WIN
8by8,2,mixed,101,1,32.0,random,,PURSUER_WIN
8by8,2,mixed,101,1,6.0,I-NTMCP l=0,0.0,PURSUER_WIN
8by8,2,mixed,101,1,2.0,I-NTMCP l=0,0.0,PURSUER_WIN
8by8,2,mixed,101,0,10.0,I-NTMCP l=1,1.0,EVADER_REACHED_GOAL
8by8,2,mixed,101,1,4.0,I-NTMCP l=1,1.0,PURSUER_WIN
8by8,2,mixed,101,1,4.0,shortest path,,PURSUER_WIN
8by8,2,mixed,101,1,3.0,I-NTMCP l=1,1.0,PURSUER_WIN
8by8,2,mixed,101,0,40.0,random,,OTHER_LOSS_OR_TIMEOUT
8by8,2,mixed,101,1,4.0,I-NTMCP l=1,1.0,PURSUER_WIN
8by8,2,mixed,101,0,16.0,I-NTMCP l=1,1.0,EVADER_REACHED_GOAL
8by8,2,mixed,101,1,9.0,random,,PURSUER_WIN
8by8,2,mixed,101,0,9.0,I-NTMCP l=1,1.0,EVADER_REACHED_GOAL
8by8,2,mixed,101,1,2.0,shortest path,,PURSUER_WIN
8by8,2,mixed,101,1,9.0,random,,PURSUER_WIN
8by8,2,mixed,101,1,2.0,I-NTMCP l=0,0.0,PURSUER_WIN
8by8,2,mixed,101,1,4.0,random,,PURSUER_WIN
8by8,2,mixed,101,0,10.0,I-NTMCP l=0,0.0,EVADER_REACHED_GOAL
8by8,2,mixed,101,0,12.0,I-NTMCP l=0,0.0,EVADER_REACHED_GOAL
8by8,2,mixed,101,1,8.0,random,,PURSUER_WIN
8by8,2,mixed,101,0,12.0,I-NTMCP l=0,0.0,EVADER_REACHED_GOAL
8by8,2,mixed,102,1,4.0,shortest path,,PURSUER_WIN
8by8,2,mixed,102,1,3.0,I-NTMCP l=0,0.0,PURSUER_WIN
8by8,2,mixed,102,1,4.0,shortest path,,PURSUER_WIN
8by8,2,mixed,102,1,6.0,shortest path,,PURSUER_WIN
8by8,2,mixed,102,0,10.0,I-NTMCP l=1,1.0,EVADER_REACHED_GOAL
8by8,2,mixed,102,0,15.0,I-NTMCP l=0,0.0,EVADER_REACHED_GOAL
8by8,2,mixed,102,0,12.0,I-NTMCP l=1,1.0,EVADER_REACHED_GOAL
8by8,2,mixed,102,1,8.0,random,,PURSUER_WIN
8by8,2,mixed,102,1,4.0,shortest path,,PURSUER_WIN
8by8,2,mixed,102,0,9.0,I-NTMCP l=1,1.0,EVADER_REACHED_GOAL
8by8,2,mixed,102,0,9.0,I-NTMCP l=1,1.0,EVADER_REACHED_GOAL
8by8,2,mixed,102,1,2.0,shortest path,,PURSUER_WIN
8by8,2,mixed,102,1,4.0,shortest path,,PURSUER_WIN
8by8,2,mixed,102,1,3.0,random,,PURSUER_WIN
8by8,2,mixed,102,1,7.0,random,,PURSUER_WIN
8by8,2,mixed,102,1,9.0,shortest path,,PURSUER_WIN
8by8,2,mixed,102,0,9.0,I-NTMCP l=1,1.0,EVADER_REACHED_GOAL
8by8,2,mixed,102,1,2.0,shortest path,,PURSUER_WIN
8by8,2,mixed,102,0,12.0,shortest path,,EVADER_REACHED_GOAL
8by8,2,mixed,102,1,4.0,I-NTMCP l=1,1.0,PURSUER_WIN
8by8,2,mixed,102,0,16.0,I-NTMCP l=1,1.0,EVADER_REACHED_GOAL
8by8,2,mixed,102,1,5.0,I-NTMCP l=1,1.0,PURSUER_WIN
8by8,2,mixed,102,1,8.0,random,,PURSUER_WIN
8by8,2,mixed,102,1,36.0,shortest path,,PURSUER_WIN
8by8,2,mixed,102,0,40.0,random,,OTHER_LOSS_OR_TIMEOUT
8by8,2,mixed,102,0,9.0,I-NTMCP l=0,0.0,EVADER_REACHED_GOAL
8by8,2,mixed,102,1,2.0,I-NTMCP l=1,1.0,PURSUER_WIN
8by8,2,mixed,102,0,15.0,shortest path,,EVADER_REACHED_GOAL
8by8,2,mixed,102,0,13.0,I-NTMCP l=1,1.0,EVADER_REACHED_GOAL
8by8,2,mixed,102,1,2.0,I-NTMCP l=1,1.0,PURSUER_WIN
8by8,2,mixed,102,0,10.0,I-NTMCP l=1,1.0,EVADER_REACHED_GOAL
8by8,2,mixed,102,1,18.0,shortest path,,PURSUER_WIN
8by8,2,mixed,102,1,8.0,shortest path,,PURSUER_WIN
8by8,2,mixed,102,1,4.0,I-NTMCP l=0,0.0,PURSUER_WIN
8by8,2,mixed,102,1,11.0,shortest path,,PURSUER_WIN
8by8,2,mixed,102,1,21.0,random,,PURSUER_WIN
8by8,2,mixed,102,0,10.0,shortest path,,EVADER_REACHED_GOAL
8by8,2,mixed,102,1,3.0,I-NTMCP l=0,0.0,PURSUER_WIN
8by8,2,mixed,102,1,4.0,I-NTMCP l=1,1.0,PURSUER_WIN
8by8,2,mixed,102,1,5.0,shortest path,,PURSUER_WIN
8by8,2,mixed,102,1,2.0,I-NTMCP l=1,1.0,PURSUER_WIN
8by8,2,mixed,102,1,4.0,I-NTMCP l=0,0.0,PURSUER_WIN
8by8,2,mixed,102,0,12.0,I-NTMCP l=0,0.0,EVADER_REACHED_GOAL
8by8,2,mixed,102,1,4.0,I-NTMCP l=1,1.0,PURSUER_WIN
8by8,2,mixed,102,1,2.0,I-NTMCP l=1,1.0,PURSUER_WIN
8by8,2,mixed,102,1,2.0,shortest path,,PURSUER_WIN
8by8,2,mixed,102,0,12.0,I-NTMCP l=1,1.0,EVADER_REACHED_GOAL
8by8,2,mixed,102,1,15.0,shortest path,,PURSUER_WIN
8by8,2,mixed,102,1,9.0,shortest path,,PURSUER_WIN
8by8,2,mixed,102,1,23.0,shortest path,,PURSUER_WIN
8by8,2,mixed,103,1,4.0,I-NTMCP l=1,1.0,PURSUER_WIN
8by8,2,mixed,103,1,2.0,shortest path,,PURSUER_WIN
8by8,2,mixed,103,1,21.0,random,,PURSUER_WIN
8by8,2,mixed,103,0,40.0,random,,OTHER_LOSS_OR_TIMEOUT
8by8,2,mixed,103,0,16.0,I-NTMCP l=1,1.0,EVADER_REACHED_GOAL
8by8,2,mixed,103,0,12.0,I-NTMCP l=1,1.0,EVADER_REACHED_GOAL
8by8,2,mixed,103,0,13.0,I-NTMCP l=0,0.0,EVADER_REACHED_GOAL
8by8,2,mixed,103,1,18.0,random,,PURSUER_WIN
8by8,2,mixed,103,1,5.0,I-NTMCP l=1,1.0,PURSUER_WIN
8by8,2,mixed,103,1,25.0,random,,PURSUER_WIN
8by8,2,mixed,103,1,2.0,shortest path,,PURSUER_WIN
8by8,2,mixed,103,1,4.0,shortest path,,PURSUER_WIN
8by8,2,mixed,103,1,6.0,random,,PURSUER_WIN
8by8,2,mixed,103,1,9.0,random,,PURSUER_WIN
8by8,2,mixed,103,1,3.0,shortest path,,PURSUER_WIN
8by8,2,mixed,103,1,18.0,random,,PURSUER_WIN
8by8,2,mixed,103,1,2.0,shortest path,,PURSUER_WIN
8by8,2,mixed,103,0,14.0,I-NTMCP l=0,0.0,EVADER_REACHED_GOAL
8by8,2,mixed,103,1,25.0,shortest path,,PURSUER_WIN
8by8,2,mixed,103,1,4.0,I-NTMCP l=1,1.0,PURSUER_WIN
8by8,2,mixed,103,0,12.0,I-NTMCP l=1,1.0,EVADER_REACHED_GOAL
8by8,2,mixed,103,1,7.0,shortest path,,PURSUER_WIN
8by8,2,mixed,103,1,29.0,shortest path,,PURSUER_WIN
8by8,2,mixed,103,0,40.0,random,,OTHER_LOSS_OR_TIMEOUT
8by8,2,mixed,103,0,12.0,I-NTMCP l=0,0.0,EVADER_REACHED_GOAL
8by8,2,mixed,103,1,6.0,shortest path,,PURSUER_WIN
8by8,2,mixed,103,1,2.0,shortest path,,PURSUER_WIN
8by8,2,mixed,103,0,9.0,I-NTMCP l=1,1.0,EVADER_REACHED_GOAL
8by8,2,mixed,103,1,2.0,I-NTMCP l=0,0.0,PURSUER_WIN
8by8,2,mixed,103,0,9.0,I-NTMCP l=0,0.0,EVADER_REACHED_GOAL
8by8,2,mixed,103,1,7.0,shortest path,,PURSUER_WIN
8by8,2,mixed,103,0,14.0,I-NTMCP l=1,1.0,EVADER_REACHED_GOAL
8by8,2,mixed,103,1,22.0,shortest path,,PURSUER_WIN
8by8,2,mixed,103,0,9.0,I-NTMCP l=0,0.0,EVADER_REACHED_GOAL
8by8,2,mixed,103,1,6.0,random,,PURSUER_WIN
8by8,2,mixed,103,0,12.0,I-NTMCP l=1,1.0,EVADER_REACHED_GOAL
8by8,2,mixed,103,1,2.0,shortest path,,PURSUER_WIN
8by8,2,mixed,103,1,8.0,shortest path,,PURSUER_WIN
8by8,2,mixed,103,0,14.0,I-NTMCP l=1,1.0,EVADER_REACHED_GOAL
8by8,2,mixed,103,0,9.0,I-NTMCP l=0,0.0,EVADER_REACHED_GOAL
8by8,2,mixed,103,1,8.0,random,,PURSUER_WIN
8by8,2,mixed,103,1,4.0,I-NTMCP l=1,1.0,PURSUER_WIN
8by8,2,mixed,103,0,9.0,I-NTMCP l=0,0.0,EVADER_REACHED_GOAL
8by8,2,mixed,103,1,3.0,random,,PURSUER_WIN
8by8,2,mixed,103,0,40.0,random,,OTHER_LOSS_OR_TIMEOUT
8by8,2,mixed,103,0,12.0,I-NTMCP l=0,0.0,EVADER_REACHED_GOAL
8by8,2,mixed,103,0,9.0,I-NTMCP l=1,1.0,EVADER_REACHED_GOAL
8by8,2,mixed,103,1,39.0,random,,PURSUER_WIN
8by8,2,mixed,103,1,4.0,random,,PURSUER_WIN
8by8,2,mixed,103,0,14.0,I-NTMCP l=1,1.0,EVADER_REACHED_GOAL
8by8,2,mixed,104,1,10.0,random,,PURSUER_WIN
8by8,2,mixed,104,0,20.0,shortest path,,EVADER_REACHED_GOAL
8by8,2,mixed,104,1,4.0,shortest path,,PURSUER_WIN
8by8,2,mixed,104,1,2.0,I-NTMCP l=1,1.0,PURSUER_WIN
8by8,2,mixed,104,1,5.0,I-NTMCP l=0,0.0,PURSUER_WIN
8by8,2,mixed,104,1,33.0,random,,PURSUER_WIN
8by8,2,mixed,104,1,2.0,shortest path,,PURSUER_WIN
8by8,2,mixed,104,1,7.0,random,,PURSUER_WIN
8by8,2,mixed,104,1,5.0,shortest path,,PURSUER_WIN
8by8,2,mixed,104,1,8.0,random,,PURSUER_WIN
8by8,2,mixed,104,1,4.0,shortest path,,PURSUER_WIN
8by8,2,mixed,104,1,9.0,random,,PURSUER_WIN
8by8,2,mixed,104,1,19.0,random,,PURSUER_WIN
8by8,2,mixed,104,1,4.0,I-NTMCP l=0,0.0,PURSUER_WIN
8by8,2,mixed,104,0,10.0,I-NTMCP l=0,0.0,EVADER_REACHED_GOAL
8by8,2,mixed,104,1,6.0,random,,PURSUER_WIN
8by8,2,mixed,104,1,4.0,shortest path,,PURSUER_WIN
8by8,2,mixed,104,0,10.0,I-NTMCP l=0,0.0,EVADER_REACHED_GOAL
8by8,2,mixed,104,0,11.0,I-NTMCP l=1,1.0,EVADER_REACHED_GOAL
8by8,2,mixed,104,1,4.0,I-NTMCP l=0,0.0,PURSUER_WIN
8by8,2,mixed,104,0,9.0,shortest path,,EVADER_REACHED_GOAL
8by8,2,mixed,104,1,2.0,I-NTMCP l=0,0.0,PURSUER_WIN
8by8,2,mixed,104,1,2.0,I-NTMCP l=1,1.0,PURSUER_WIN
8by8,2,mixed,104,1,19.0,random,,PURSUER_WIN
8by8,2,mixed,104,0,11.0,I-NTMCP l=1,1.0,EVADER_REACHED_GOAL
8by8,2,mixed,104,1,4.0,I-NTMCP l=1,1.0,PURSUER_WIN
8by8,2,mixed,104,1,4.0,shortest path,,PURSUER_WIN
8by8,2,mixed,104,1,4.0,I-NTMCP l=0,0.0,PURSUER_WIN
8by8,2,mixed,104,0,40.0,shortest path,,OTHER_LOSS_OR_TIMEOUT
8by8,2,mixed,104,1,13.0,random,,PURSUER_WIN
8by8,2,mixed,104,1,7.0,random,,PURSUER_WIN
8by8,2,mixed,104,1,18.0,random,,PURSUER_WIN
8by8,2,mixed,104,1,36.0,random,,PURSUER_WIN
8by8,2,mixed,104,1,3.0,shortest path,,PURSUER_WIN
8by8,2,mixed,104,0,9.0,I-NTMCP l=0,0.0,EVADER_REACHED_GOAL
8by8,2,mixed,104,0,9.0,I-NTMCP l=1,1.0,EVADER_REACHED_GOAL
8by8,2,mixed,104,1,3.0,I-NTMCP l=0,0.0,PURSUER_WIN
8by8,2,mixed,104,1,2.0,random,,PURSUER_WIN
8by8,2,mixed,104,1,4.0,I-NTMCP l=0,0.0,PURSUER_WIN
8by8,2,mixed,104,0,13.0,shortest path,,EVADER_REACHED_GOAL
8by8,2,mixed,104,1,18.0,random,,PURSUER_WIN
8by8,2,mixed,104,1,8.0,random,,PURSUER_WIN
8by8,2,mixed,104,0,12.0,I-NTMCP l=1,1.0,EVADER_REACHED_GOAL
8by8,2,mixed,104,0,11.0,I-NTMCP l=1,1.0,EVADER_REACHED_GOAL
8by8,2,mixed,104,0,9.0,shortest path,,EVADER_REACHED_GOAL
8by8,2,mixed,104,1,3.0,shortest path,,PURSUER_WIN
8by8,2,mixed,104,1,9.0,shortest path,,PURSUER_WIN
8by8,2,mixed,104,1,2.0,shortest path,,PURSUER_WIN
8by8,2,mixed,104,0,9.0,shortest path,,EVADER_REACHED_GOAL
8by8,2,mixed,104,1,4.0,random,,PURSUER_WIN
8by8,2,mixed,105,1,2.0,I-NTMCP l=0,0.0,PURSUER_WIN
8by8,2,mixed,105,1,13.0,random,,PURSUER_WIN
8by8,2,mixed,105,1,3.0,random,,PURSUER_WIN
8by8,2,mixed,105,0,12.0,I-NTMCP l=0,0.0,EVADER_REACHED_GOAL
8by8,2,mixed,105,0,10.0,I-NTMCP l=0,0.0,EVADER_REACHED_GOAL
8by8,2,mixed,105,1,2.0,I-NTMCP l=0,0.0,PURSUER_WIN
8by8,2,mixed,105,1,4.0,shortest path,,PURSUER_WIN
8by8,2,mixed,105,0,9.0,I-NTMCP l=0,0.0,EVADER_REACHED_GOAL
8by8,2,mixed,105,1,3.0,shortest path,,PURSUER_WIN
8by8,2,mixed,105,1,5.0,shortest path,,PURSUER_WIN
8by8,2,mixed,105,1,6.0,random,,PURSUER_WIN
8by8,2,mixed,105,1,2.0,I-NTMCP l=1,1.0,PURSUER_WIN
8by8,2,mixed,105,1,4.0,I-NTMCP l=0,0.0,PURSUER_WIN
8by8,2,mixed,105,1,3.0,shortest path,,PURSUER_WIN
8by8,2,mixed,105,1,2.0,I-NTMCP l=1,1.0,PURSUER_WIN
8by8,2,mixed,105,0,9.0,I-NTMCP l=1,1.0,EVADER_REACHED_GOAL
8by8,2,mixed,105,0,16.0,I-NTMCP l=1,1.0,EVADER_REACHED_GOAL
8by8,2,mixed,105,0,15.0,I-NTMCP l=1,1.0,EVADER_REACHED_GOAL
8by8,2,mixed,105,1,13.0,shortest path,,PURSUER_WIN
8by8,2,mixed,105,1,10.0,shortest path,,PURSUER_WIN
8by8,2,mixed,105,1,2.0,I-NTMCP l=0,0.0,PURSUER_WIN
8by8,2,mixed,105,1,3.0,I-NTMCP l=0,0.0,PURSUER_WIN
8by8,2,mixed,105,1,4.0,random,,PURSUER_WIN
8by8,2,mixed,105,0,9.0,I-NTMCP l=0,0.0,EVADER_REACHED_GOAL
8by8,2,mixed,105,1,4.0,random,,PURSUER_WIN
8by8,2,mixed,105,1,4.0,I-NTMCP l=0,0.0,PURSUER_WIN
8by8,2,mixed,105,0,15.0,shortest path,,EVADER_REACHED_GOAL
8by8,2,mixed,105,0,12.0,I-NTMCP l=1,1.0,EVADER_REACHED_GOAL
8by8,2,mixed,105,1,5.0,I-NTMCP l=1,1.0,PURSUER_WIN
8by8,2,mixed,105,1,7.0,I-NTMCP l=1,1.0,PURSUER_WIN
8by8,2,mixed,105,0,10.0,I-NTMCP l=0,0.0,EVADER_REACHED_GOAL
8by8,2,mixed,105,1,13.0,random,,PURSUER_WIN
8by8,2,mixed,105,1,4.0,I-NTMCP l=1,1.0,PURSUER_WIN
8by8,2,mixed,105,1,2.0,I-NTMCP l=0,0.0,PURSUER_WIN
8by8,2,mixed,105,1,2.0,I-NTMCP l=0,0.0,PURSUER_WIN
8by8,2,mixed,105,0,12.0,I-NTMCP l=0,0.0,EVADER_REACHED_GOAL
8by8,2,mixed,105,1,4.0,shortest path,,PURSUER_WIN
8by8,2,mixed,105,1,9.0,random,,PURSUER_WIN
8by8,2,mixed,105,0,15.0,I-NTMCP l=1,1.0,EVADER_REACHED_GOAL
8by8,2,mixed,105,1,4.0,I-NTMCP l=1,1.0,PURSUER_WIN
8by8,2,mixed,105,1,5.0,I-NTMCP l=0,0.0,PURSUER_WIN
8by8,2,mixed,105,1,14.0,random,,PURSUER_WIN
8by8,2,mixed,105,1,5.0,shortest path,,PURSUER_WIN
8by8,2,mixed,105,1,2.0,shortest path,,PURSUER_WIN
8by8,2,mixed,105,0,40.0,random,,OTHER_LOSS_OR_TIMEOUT
8by8,2,mixed,105,1,8.0,shortest path,,PURSUER_WIN
8by8,2,mixed,105,0,13.0,I-NTMCP l=0,0.0,EVADER_REACHED_GOAL
8by8,2,mixed,105,1,6.0,I-NTMCP l=1,1.0,PURSUER_WIN
8by8,2,mixed,105,0,9.0,I-NTMCP l=1,1.0,EVADER_REACHED_GOAL
8by8,2,mixed,105,0,13.0,shortest path,,EVADER_REACHED_GOAL
8by8,2,mixed,106,0,9.0,I-NTMCP l=1,1.0,EVADER_REACHED_GOAL
8by8,2,mixed,106,1,4.0,random,,PURSUER_WIN
8by8,2,mixed,106,1,4.0,I-NTMCP l=1,1.0,PURSUER_WIN
8by8,2,mixed,106,1,18.0,random,,PURSUER_WIN
8by8,2,mixed,106,1,5.0,I-NTMCP l=0,0.0,PURSUER_WIN
8by8,2,mixed,106,1,21.0,random,,PURSUER_WIN
8by8,2,mixed,106,1,4.0,shortest path,,PURSUER_WIN
8by8,2,mixed,106,0,9.0,I-NTMCP l=1,1.0,EVADER_REACHED_GOAL
8by8,2,mixed,106,1,3.0,I-NTMCP l=0,0.0,PURSUER_WIN
8by8,2,mixed,106,0,12.0,I-NTMCP l=1,1.0,EVADER_REACHED_GOAL
8by8,2,mixed,106,1,3.0,I-NTMCP l=1,1.0,PURSUER_WIN
8by8,2,mixed,106,1,2.0,I-NTMCP l=0,0.0,PURSUER_WIN
8by8,2,mixed,106,0,9.0,shortest path,,EVADER_REACHED_GOAL
8by8,2,mixed,106,0,11.0,I-NTMCP l=1,1.0,EVADER_REACHED_GOAL
8by8,2,mixed,106,1,2.0,I-NTMCP l=0,0.0,PURSUER_WIN
8by8,2,mixed,106,1,10.0,I-NTMCP l=1,1.0,PURSUER_WIN
8by8,2,mixed,106,1,3.0,shortest path,,PURSUER_WIN
8by8,2,mixed,106,1,6.0,shortest path,,PURSUER_WIN
8by8,2,mixed,106,0,9.0,I-NTMCP l=0,0.0,EVADER_REACHED_GOAL
8by8,2,mixed,106,0,9.0,I-NTMCP l=0,0.0,EVADER_REACHED_GOAL
8by8,2,mixed,106,1,2.0,I-NTMCP l=1,1.0,PURSUER_WIN
8by8,2,mixed,106,1,2.0,I-NTMCP l=0,0.0,PURSUER_WIN
8by8,2,mixed,106,1,2.0,random,,PURSUER_WIN
8by8,2,mixed,106,1,3.0,I-NTMCP l=0,0.0,PURSUER_WIN
8by8,2,mixed,106,0,13.0,I-NTMCP l=0,0.0,EVADER_REACHED_GOAL
8by8,2,mixed,106,0,9.0,I-NTMCP l=0,0.0,EVADER_REACHED_GOAL
8by8,2,mixed,106,1,7.0,shortest path,,PURSUER_WIN
8by8,2,mixed,106,1,3.0,shortest path,,PURSUER_WIN
8by8,2,mixed,106,0,16.0,I-NTMCP l=1,1.0,EVADER_REACHED_GOAL
8by8,2,mixed,106,1,31.0,random,,PURSUER_WIN
8by8,2,mixed,106,1,5.0,random,,PURSUER_WIN
8by8,2,mixed,106,0,40.0,random,,OTHER_LOSS_OR_TIMEOUT
8by8,2,mixed,106,0,10.0,I-NTMCP l=0,0.0,EVADER_REACHED_GOAL
8by8,2,mixed,106,1,3.0,random,,PURSUER_WIN
8by8,2,mixed,106,0,24.0,shortest path,,EVADER_REACHED_GOAL
8by8,2,mixed,106,0,10.0,I-NTMCP l=0,0.0,EVADER_REACHED_GOAL
8by8,2,mixed,106,0,13.0,I-NTMCP l=1,1.0,EVADER_REACHED_GOAL
8by8,2,mixed,106,1,4.0,I-NTMCP l=0,0.0,PURSUER_WIN
8by8,2,mixed,106,1,2.0,I-NTMCP l=0,0.0,PURSUER_WIN
8by8,2,mixed,106,0,14.0,I-NTMCP l=1,1.0,EVADER_REACHED_GOAL
8by8,2,mixed,106,0,9.0,I-NTMCP l=1,1.0,EVADER_REACHED_GOAL
8by8,2,mixed,106,0,12.0,I-NTMCP l=1,1.0,EVADER_REACHED_GOAL
8by8,2,mixed,106,1,4.0,shortest path,,PURSUER_WIN
8by8,2,mixed,106,0,12.0,shortest path,,EVADER_REACHED_GOAL
8by8,2,mixed,106,1,15.0,shortest path,,PURSUER_WIN
8by8,2,mixed,106,0,10.0,I-NTMCP l=1,1.0,EVADER_REACHED_GOAL
8by8,2,mixed,106,1,5.0,shortest path,,PURSUER_WIN
8by8,2,mixed,106,0,9.0,shortest path,,EVADER_REACHED_GOAL
8by8,2,mixed,106,1,4.0,shortest path,,PURSUER_WIN
8by8,2,mixed,106,0,40.0,shortest path,,EVADER_REACHED_GOAL
8by8,2,mixed,107,0,9.0,shortest path,,EVADER_REACHED_GOAL
8by8,2,mixed,107,1,4.0,I-NTMCP l=1,1.0,PURSUER_WIN
8by8,2,mixed,107,1,4.0,I-NTMCP l=1,1.0,PURSUER_WIN
8by8,2,mixed,107,1,4.0,I-NTMCP l=0,0.0,PURSUER_WIN
8by8,2,mixed,107,1,4.0,shortest path,,PURSUER_WIN
8by8,2,mixed,107,1,4.0,I-NTMCP l=1,1.0,PURSUER_WIN
8by8,2,mixed,107,1,24.0,random,,PURSUER_WIN
8by8,2,mixed,107,0,13.0,I-NTMCP l=0,0.0,EVADER_REACHED_GOAL
8by8,2,mixed,107,0,13.0,I-NTMCP l=0,0.0,EVADER_REACHED_GOAL
8by8,2,mixed,107,1,6.0,random,,PURSUER_WIN
8by8,2,mixed,107,1,5.0,I-NTMCP l=0,0.0,PURSUER_WIN
8by8,2,mixed,107,0,9.0,I-NTMCP l=0,0.0,EVADER_REACHED_GOAL
8by8,2,mixed,107,1,3.0,shortest path,,PURSUER_WIN
8by8,2,mixed,107,1,5.0,shortest path,,PURSUER_WIN
8by8,2,mixed,107,1,4.0,shortest path,,PURSUER_WIN
8by8,2,mixed,107,1,17.0,shortest path,,PURSUER_WIN
8by8,2,mixed,107,1,2.0,shortest path,,PURSUER_WIN
8by8,2,mixed,107,1,4.0,shortest path,,PURSUER_WIN
8by8,2,mixed,107,1,2.0,I-NTMCP l=0,0.0,PURSUER_WIN
8by8,2,mixed,107,1,5.0,random,,PURSUER_WIN
8by8,2,mixed,107,1,10.0,random,,PURSUER_WIN
8by8,2,mixed,107,1,21.0,shortest path,,PURSUER_WIN
8by8,2,mixed,107,1,7.0,random,,PURSUER_WIN
8by8,2,mixed,107,0,11.0,I-NTMCP l=1,1.0,EVADER_REACHED_GOAL
8by8,2,mixed,107,0,18.0,shortest path,,EVADER_REACHED_GOAL
8by8,2,mixed,107,1,2.0,shortest path,,PURSUER_WIN
8by8,2,mixed,107,0,9.0,I-NTMCP l=1,1.0,EVADER_REACHED_GOAL
8by8,2,mixed,107,1,4.0,I-NTMCP l=0,0.0,PURSUER_WIN
8by8,2,mixed,107,1,4.0,random,,PURSUER_WIN
8by8,2,mixed,107,1,7.0,shortest path,,PURSUER_WIN
8by8,2,mixed,107,1,4.0,I-NTMCP l=0,0.0,PURSUER_WIN
8by8,2,mixed,107,0,12.0,I-NTMCP l=1,1.0,EVADER_REACHED_GOAL
8by8,2,mixed,107,0,12.0,I-NTMCP l=1,1.0,EVADER_REACHED_GOAL
8by8,2,mixed,107,1,4.0,shortest path,,PURSUER_WIN
8by8,2,mixed,107,1,10.0,random,,PURSUER_WIN
8by8,2,mixed,107,1,4.0,I-NTMCP l=0,0.0,PURSUER_WIN
8by8,2,mixed,107,0,11.0,I-NTMCP l=1,1.0,EVADER_REACHED_GOAL
8by8,2,mixed,107,0,10.0,I-NTMCP l=0,0.0,EVADER_REACHED_GOAL
8by8,2,mixed,107,0,13.0,I-NTMCP l=0,0.0,EVADER_REACHED_GOAL
8by8,2,mixed,107,1,5.0,random,,PURSUER_WIN
8by8,2,mixed,107,0,12.0,I-NTMCP l=1,1.0,EVADER_REACHED_GOAL
8by8,2,mixed,107,1,2.0,I-NTMCP l=0,0.0,PURSUER_WIN
8by8,2,mixed,107,1,20.0,shortest path,,PURSUER_WIN
8by8,2,mixed,107,1,6.0,shortest path,,PURSUER_WIN
8by8,2,mixed,107,1,7.0,shortest path,,PURSUER_WIN
8by8,2,mixed,107,1,7.0,random,,PURSUER_WIN
8by8,2,mixed,107,0,10.0,I-NTMCP l=1,1.0,EVADER_REACHED_GOAL
8by8,2,mixed,107,1,2.0,shortest path,,PURSUER_WIN
8by8,2,mixed,107,1,7.0,shortest path,,PURSUER_WIN
8by8,2,mixed,107,1,5.0,I-NTMCP l=0,0.0,PURSUER_WIN
8by8,2,mixed,108,0,15.0,shortest path,,EVADER_REACHED_GOAL
8by8,2,mixed,108,1,4.0,random,,PURSUER_WIN
8by8,2,mixed,108,0,13.0,I-NTMCP l=1,1.0,EVADER_REACHED_GOAL
8by8,2,mixed,108,0,13.0,I-NTMCP l=0,0.0,EVADER_REACHED_GOAL
8by8,2,mixed,108,0,14.0,I-NTMCP l=1,1.0,EVADER_REACHED_GOAL
8by8,2,mixed,108,0,14.0,shortest path,,EVADER_REACHED_GOAL
8by8,2,mixed,108,0,40.0,random,,OTHER_LOSS_OR_TIMEOUT
8by8,2,mixed,108,1,5.0,I-NTMCP l=0,0.0,PURSUER_WIN
8by8,2,mixed,108,0,9.0,shortest path,,EVADER_REACHED_GOAL
8by8,2,mixed,108,1,10.0,shortest path,,PURSUER_WIN
8by8,2,mixed,108,1,5.0,shortest path,,PURSUER_WIN
8by8,2,mixed,108,0,12.0,I-NTMCP l=0,0.0,EVADER_REACHED_GOAL
8by8,2,mixed,108,1,4.0,shortest path,,PURSUER_WIN
8by8,2,mixed,108,0,40.0,random,,OTHER_LOSS_OR_TIMEOUT
8by8,2,mixed,108,0,17.0,shortest path,,EVADER_REACHED_GOAL
8by8,2,mixed,108,1,39.0,random,,PURSUER_WIN
8by8,2,mixed,108,1,5.0,I-NTMCP l=1,1.0,PURSUER_WIN
8by8,2,mixed,108,1,4.0,random,,PURSUER_WIN
8by8,2,mixed,108,1,4.0,I-NTMCP l=0,0.0,PURSUER_WIN
8by8,2,mixed,108,1,4.0,I-NTMCP l=1,1.0,PURSUER_WIN
8by8,2,mixed,108,1,8.0,shortest path,,PURSUER_WIN
8by8,2,mixed,108,1,19.0,random,,PURSUER_WIN
8by8,2,mixed,108,1,5.0,I-NTMCP l=1,1.0,PURSUER_WIN
8by8,2,mixed,108,1,8.0,random,,PURSUER_WIN
8by8,2,mixed,108,1,2.0,I-NTMCP l=0,0.0,PURSUER_WIN
8by8,2,mixed,108,1,2.0,I-NTMCP l=0,0.0,PURSUER_WIN
8by8,2,mixed,108,1,20.0,shortest path,,PURSUER_WIN
8by8,2,mixed,108,1,2.0,shortest path,,PURSUER_WIN
8by8,2,mixed,108,1,4.0,I-NTMCP l=1,1.0,PURSUER_WIN
8by8,2,mixed,108,1,2.0,shortest path,,PURSUER_WIN
8by8,2,mixed,108,1,5.0,random,,PURSUER_WIN
8by8,2,mixed,108,1,7.0,random,,PURSUER_WIN
8by8,2,mixed,108,1,2.0,I-NTMCP l=1,1.0,PURSUER_WIN
8by8,2,mixed,108,0,40.0,random,,OTHER_LOSS_OR_TIMEOUT
8by8,2,mixed,108,1,2.0,I-NTMCP l=1,1.0,PURSUER_WIN
8by8,2,mixed,108,1,2.0,shortest path,,PURSUER_WIN
8by8,2,mixed,108,1,2.0,I-NTMCP l=0,0.0,PURSUER_WIN
8by8,2,mixed,108,1,4.0,shortest path,,PURSUER_WIN
8by8,2,mixed,108,0,10.0,I-NTMCP l=1,1.0,EVADER_REACHED_GOAL
8by8,2,mixed,108,1,2.0,random,,PURSUER_WIN
8by8,2,mixed,108,0,9.0,I-NTMCP l=0,0.0,EVADER_REACHED_GOAL
8by8,2,mixed,108,1,6.0,shortest path,,PURSUER_WIN
8by8,2,mixed,108,0,9.0,shortest path,,EVADER_REACHED_GOAL
8by8,2,mixed,108,1,4.0,I-NTMCP l=0,0.0,PURSUER_WIN
8by8,2,mixed,108,0,12.0,shortest path,,EVADER_REACHED_GOAL
8by8,2,mixed,108,0,40.0,random,,OTHER_LOSS_OR_TIMEOUT
8by8,2,mixed,108,1,17.0,shortest path,,PURSUER_WIN
8by8,2,mixed,108,1,4.0,I-NTMCP l=1,1.0,PURSUER_WIN
8by8,2,mixed,108,0,9.0,I-NTMCP l=1,1.0,EVADER_REACHED_GOAL
8by8,2,mixed,108,0,14.0,shortest path,,EVADER_REACHED_GOAL
8by8,2,mixed,109,0,9.0,I-NTMCP l=0,0.0,EVADER_REACHED_GOAL
8by8,2,mixed,109,1,20.0,shortest path,,PURSUER_WIN
8by8,2,mixed,109,1,2.0,I-NTMCP l=1,1.0,PURSUER_WIN
8by8,2,mixed,109,0,9.0,I-NTMCP l=1,1.0,EVADER_REACHED_GOAL
8by8,2,mixed,109,0,40.0,random,,OTHER_LOSS_OR_TIMEOUT
8by8,2,mixed,109,1,6.0,random,,PURSUER_WIN
8by8,2,mixed,109,1,7.0,shortest path,,PURSUER_WIN
8by8,2,mixed,109,0,9.0,I-NTMCP l=1,1.0,EVADER_REACHED_GOAL
8by8,2,mixed,109,1,5.0,I-NTMCP l=0,0.0,PURSUER_WIN
8by8,2,mixed,109,1,8.0,random,,PURSUER_WIN
8by8,2,mixed,109,1,8.0,shortest path,,PURSUER_WIN
8by8,2,mixed,109,1,2.0,I-NTMCP l=1,1.0,PURSUER_WIN
8by8,2,mixed,109,0,14.0,I-NTMCP l=0,0.0,EVADER_REACHED_GOAL
8by8,2,mixed,109,0,16.0,I-NTMCP l=1,1.0,EVADER_REACHED_GOAL
8by8,2,mixed,109,1,3.0,shortest path,,PURSUER_WIN
8by8,2,mixed,109,0,14.0,I-NTMCP l=0,0.0,EVADER_REACHED_GOAL
8by8,2,mixed,109,0,9.0,I-NTMCP l=0,0.0,EVADER_REACHED_GOAL
8by8,2,mixed,109,0,40.0,random,,OTHER_LOSS_OR_TIMEOUT
8by8,2,mixed,109,0,17.0,shortest path,,EVADER_REACHED_GOAL
8by8,2,mixed,109,1,11.0,random,,PURSUER_WIN
8by8,2,mixed,109,0,10.0,I-NTMCP l=0,0.0,EVADER_REACHED_GOAL
8by8,2,mixed,109,1,2.0,shortest path,,PURSUER_WIN
8by8,2,mixed,109,1,2.0,shortest path,,PURSUER_WIN
8by8,2,mixed,109,1,7.0,shortest path,,PURSUER_WIN
8by8,2,mixed,109,1,10.0,I-NTMCP l=1,1.0,PURSUER_WIN
8by8,2,mixed,109,0,18.0,I-NTMCP l=1,1.0,EVADER_REACHED_GOAL
8by8,2,mixed,109,0,11.0,shortest path,,EVADER_REACHED_GOAL
8by8,2,mixed,109,0,9.0,I-NTMCP l=1,1.0,EVADER_REACHED_GOAL
8by8,2,mixed,109,1,2.0,I-NTMCP l=0,0.0,PURSUER_WIN
8by8,2,mixed,109,1,4.0,shortest path,,PURSUER_WIN
8by8,2,mixed,109,1,9.0,shortest path,,PURSUER_WIN
8by8,2,mixed,109,1,14.0,random,,PURSUER_WIN
8by8,2,mixed,109,1,4.0,random,,PURSUER_WIN
8by8,2,mixed,109,1,3.0,I-NTMCP l=1,1.0,PURSUER_WIN
8by8,2,mixed,109,0,13.0,I-NTMCP l=1,1.0,EVADER_REACHED_GOAL
8by8,2,mixed,109,1,2.0,I-NTMCP l=1,1.0,PURSUER_WIN
8by8,2,mixed,109,0,40.0,random,,OTHER_LOSS_OR_TIMEOUT
8by8,2,mixed,109,1,10.0,I-NTMCP l=0,0.0,PURSUER_WIN
8by8,2,mixed,109,1,4.0,shortest path,,PURSUER_WIN
8by8,2,mixed,109,0,9.0,I-NTMCP l=1,1.0,EVADER_REACHED_GOAL
8by8,2,mixed,109,1,6.0,random,,PURSUER_WIN
8by8,2,mixed,109,1,19.0,random,,PURSUER_WIN
8by8,2,mixed,109,1,4.0,I-NTMCP l=0,0.0,PURSUER_WIN
8by8,2,mixed,109,0,11.0,I-NTMCP l=1,1.0,EVADER_REACHED_GOAL
8by8,2,mixed,109,1,5.0,I-NTMCP l=0,0.0,PURSUER_WIN
8by8,2,mixed,109,0,9.0,I-NTMCP l=1,1.0,EVADER_REACHED_GOAL
8by8,2,mixed,109,1,11.0,random,,PURSUER_WIN
8by8,2,mixed,109,0,40.0,random,,OTHER_LOSS_OR_TIMEOUT
8by8,2,mixed,109,0,13.0,I-NTMCP l=1,1.0,EVADER_REACHED_GOAL
8by8,2,mixed,109,1,23.0,random,,PURSUER_WIN
8by8,3,l0,100,1,4.0,I-NTMCP l=0,0.0,PURSUER_WIN
8by8,3,l0,100,0,14.0,I-NTMCP l=0,0.0,EVADER_REACHED_GOAL
8by8,3,l0,100,0,9.0,I-NTMCP l=0,0.0,EVADER_REACHED_GOAL
8by8,3,l0,100,1,5.0,I-NTMCP l=0,0.0,PURSUER_WIN
8by8,3,l0,100,1,5.0,I-NTMCP l=0,0.0,PURSUER_WIN
8by8,3,l0,100,0,9.0,I-NTMCP l=0,0.0,EVADER_REACHED_GOAL
8by8,3,l0,100,1,3.0,I-NTMCP l=0,0.0,PURSUER_WIN
8by8,3,l0,100,0,11.0,I-NTMCP l=0,0.0,EVADER_REACHED_GOAL
8by8,3,l0,100,0,9.0,I-NTMCP l=0,0.0,EVADER_REACHED_GOAL
8by8,3,l0,100,1,2.0,I-NTMCP l=0,0.0,PURSUER_WIN
8by8,3,l0,100,1,3.0,I-NTMCP l=0,0.0,PURSUER_WIN
8by8,3,l0,100,1,4.0,I-NTMCP l=0,0.0,PURSUER_WIN
8by8,3,l0,100,0,12.0,I-NTMCP l=0,0.0,EVADER_REACHED_GOAL
8by8,3,l0,100,0,9.0,I-NTMCP l=0,0.0,EVADER_REACHED_GOAL
8by8,3,l0,100,1,4.0,I-NTMCP l=0,0.0,PURSUER_WIN
8by8,3,l0,100,1,3.0,I-NTMCP l=0,0.0,PURSUER_WIN
8by8,3,l0,100,1,4.0,I-NTMCP l=0,0.0,PURSUER_WIN
8by8,3,l0,100,1,2.0,I-NTMCP l=0,0.0,PURSUER_WIN
8by8,3,l0,100,0,9.0,I-NTMCP l=0,0.0,EVADER_REACHED_GOAL
8by8,3,l0,100,1,4.0,I-NTMCP l=0,0.0,PURSUER_WIN
8by8,3,l0,100,1,4.0,I-NTMCP l=0,0.0,PURSUER_WIN
8by8,3,l0,100,0,9.0,I-NTMCP l=0,0.0,EVADER_REACHED_GOAL
8by8,3,l0,100,1,8.0,I-NTMCP l=0,0.0,PURSUER_WIN
8by8,3,l0,100,1,4.0,I-NTMCP l=0,0.0,PURSUER_WIN
8by8,3,l0,100,0,12.0,I-NTMCP l=0,0.0,EVADER_REACHED_GOAL
8by8,3,l0,100,1,9.0,I-NTMCP l=0,0.0,PURSUER_WIN
8by8,3,l0,100,1,5.0,I-NTMCP l=0,0.0,PURSUER_WIN
8by8,3,l0,100,1,4.0,I-NTMCP l=0,0.0,PURSUER_WIN
8by8,3,l0,100,0,9.0,I-NTMCP l=0,0.0,EVADER_REACHED_GOAL
8by8,3,l0,100,0,9.0,I-NTMCP l=0,0.0,EVADER_REACHED_GOAL
8by8,3,l0,100,1,2.0,I-NTMCP l=0,0.0,PURSUER_WIN
8by8,3,l0,100,1,7.0,I-NTMCP l=0,0.0,PURSUER_WIN
8by8,3,l0,100,1,2.0,I-NTMCP l=0,0.0,PURSUER_WIN
8by8,3,l0,100,0,10.0,I-NTMCP l=0,0.0,EVADER_REACHED_GOAL
8by8,3,l0,100,1,4.0,I-NTMCP l=0,0.0,PURSUER_WIN
8by8,3,l0,100,1,4.0,I-NTMCP l=0,0.0,PURSUER_WIN
8by8,3,l0,100,0,12.0,I-NTMCP l=0,0.0,EVADER_REACHED_GOAL
8by8,3,l0,100,1,2.0,I-NTMCP l=0,0.0,PURSUER_WIN
8by8,3,l0,100,0,9.0,I-NTMCP l=0,0.0,EVADER_REACHED_GOAL
8by8,3,l0,100,1,2.0,I-NTMCP l=0,0.0,PURSUER_WIN
8by8,3,l0,100,0,14.0,I-NTMCP l=0,0.0,EVADER_REACHED_GOAL
8by8,3,l0,100,1,4.0,I-NTMCP l=0,0.0,PURSUER_WIN
8by8,3,l0,100,0,9.0,I-NTMCP l=0,0.0,EVADER_REACHED_GOAL
8by8,3,l0,100,0,12.0,I-NTMCP l=0,0.0,EVADER_REACHED_GOAL
8by8,3,l0,100,0,22.0,I-NTMCP l=0,0.0,EVADER_REACHED_GOAL
8by8,3,l0,100,1,2.0,I-NTMCP l=0,0.0,PURSUER_WIN
8by8,3,l0,100,0,9.0,I-NTMCP l=0,0.0,EVADER_REACHED_GOAL
8by8,3,l0,100,1,9.0,I-NTMCP l=0,0.0,PURSUER_WIN
8by8,3,l0,100,1,10.0,I-NTMCP l=0,0.0,PURSUER_WIN
8by8,3,l0,100,1,6.0,I-NTMCP l=0,0.0,PURSUER_WIN
8by8,3,l0,101,1,5.0,I-NTMCP l=0,0.0,PURSUER_WIN
8by8,3,l0,101,0,9.0,I-NTMCP l=0,0.0,EVADER_REACHED_GOAL
8by8,3,l0,101,0,10.0,I-NTMCP l=0,0.0,EVADER_REACHED_GOAL
8by8,3,l0,101,1,4.0,I-NTMCP l=0,0.0,PURSUER_WIN
8by8,3,l0,101,1,3.0,I-NTMCP l=0,0.0,PURSUER_WIN
8by8,3,l0,101,1,5.0,I-NTMCP l=0,0.0,PURSUER_WIN
8by8,3,l0,101,1,2.0,I-NTMCP l=0,0.0,PURSUER_WIN
8by8,3,l0,101,0,9.0,I-NTMCP l=0,0.0,EVADER_REACHED_GOAL
8by8,3,l0,101,1,2.0,I-NTMCP l=0,0.0,PURSUER_WIN
8by8,3,l0,101,1,4.0,I-NTMCP l=0,0.0,PURSUER_WIN
8by8,3,l0,101,0,9.0,I-NTMCP l=0,0.0,EVADER_REACHED_GOAL
8by8,3,l0,101,0,9.0,I-NTMCP l=0,0.0,EVADER_REACHED_GOAL
8by8,3,l0,101,1,5.0,I-NTMCP l=0,0.0,PURSUER_WIN
8by8,3,l0,101,1,2.0,I-NTMCP l=0,0.0,PURSUER_WIN
8by8,3,l0,101,0,10.0,I-NTMCP l=0,0.0,EVADER_REACHED_GOAL
8by8,3,l0,101,1,5.0,I-NTMCP l=0,0.0,PURSUER_WIN
8by8,3,l0,101,0,16.0,I-NTMCP l=0,0.0,EVADER_REACHED_GOAL
8by8,3,l0,101,0,9.0,I-NTMCP l=0,0.0,EVADER_REACHED_GOAL
8by8,3,l0,101,0,12.0,I-NTMCP l=0,0.0,EVADER_REACHED_GOAL
8by8,3,l0,101,1,2.0,I-NTMCP l=0,0.0,PURSUER_WIN
8by8,3,l0,101,1,4.0,I-NTMCP l=0,0.0,PURSUER_WIN
8by8,3,l0,101,0,9.0,I-NTMCP l=0,0.0,EVADER_REACHED_GOAL
8by8,3,l0,101,0,9.0,I-NTMCP l=0,0.0,EVADER_REACHED_GOAL
8by8,3,l0,101,1,2.0,I-NTMCP l=0,0.0,PURSUER_WIN
8by8,3,l0,101,0,14.0,I-NTMCP l=0,0.0,EVADER_REACHED_GOAL
8by8,3,l0,101,0,9.0,I-NTMCP l=0,0.0,EVADER_REACHED_GOAL
8by8,3,l0,101,1,2.0,I-NTMCP l=0,0.0,PURSUER_WIN
8by8,3,l0,101,1,4.0,I-NTMCP l=0,0.0,PURSUER_WIN
8by8,3,l0,101,1,6.0,I-NTMCP l=0,0.0,PURSUER_WIN
8by8,3,l0,101,0,9.0,I-NTMCP l=0,0.0,EVADER_REACHED_GOAL
8by8,3,l0,101,1,7.0,I-NTMCP l=0,0.0,PURSUER_WIN
8by8,3,l0,101,0,9.0,I-NTMCP l=0,0.0,EVADER_REACHED_GOAL
8by8,3,l0,101,0,9.0,I-NTMCP l=0,0.0,EVADER_REACHED_GOAL
8by8,3,l0,101,0,15.0,I-NTMCP l=0,0.0,EVADER_REACHED_GOAL
8by8,3,l0,101,1,3.0,I-NTMCP l=0,0.0,PURSUER_WIN
8by8,3,l0,101,0,10.0,I-NTMCP l=0,0.0,EVADER_REACHED_GOAL
8by8,3,l0,101,0,10.0,I-NTMCP l=0,0.0,EVADER_REACHED_GOAL
8by8,3,l0,101,0,12.0,I-NTMCP l=0,0.0,EVADER_REACHED_GOAL
8by8,3,l0,101,0,12.0,I-NTMCP l=0,0.0,EVADER_REACHED_GOAL
8by8,3,l0,101,0,10.0,I-NTMCP l=0,0.0,EVADER_REACHED_GOAL
8by8,3,l0,101,1,5.0,I-NTMCP l=0,0.0,PURSUER_WIN
8by8,3,l0,101,1,2.0,I-NTMCP l=0,0.0,PURSUER_WIN
8by8,3,l0,101,1,4.0,I-NTMCP l=0,0.0,PURSUER_WIN
8by8,3,l0,101,0,9.0,I-NTMCP l=0,0.0,EVADER_REACHED_GOAL
8by8,3,l0,101,1,2.0,I-NTMCP l=0,0.0,PURSUER_WIN
8by8,3,l0,101,0,12.0,I-NTMCP l=0,0.0,EVADER_REACHED_GOAL
8by8,3,l0,101,1,2.0,I-NTMCP l=0,0.0,PURSUER_WIN
8by8,3,l0,101,0,9.0,I-NTMCP l=0,0.0,EVADER_REACHED_GOAL
8by8,3,l0,101,1,3.0,I-NTMCP l=0,0.0,PURSUER_WIN
8by8,3,l0,101,0,12.0,I-NTMCP l=0,0.0,EVADER_REACHED_GOAL
8by8,3,l0,102,1,3.0,I-NTMCP l=0,0.0,PURSUER_WIN
8by8,3,l0,102,1,2.0,I-NTMCP l=0,0.0,PURSUER_WIN
8by8,3,l0,102,0,11.0,I-NTMCP l=0,0.0,EVADER_REACHED_GOAL
8by8,3,l0,102,1,4.0,I-NTMCP l=0,0.0,PURSUER_WIN
8by8,3,l0,102,1,2.0,I-NTMCP l=0,0.0,PURSUER_WIN
8by8,3,l0,102,1,4.0,I-NTMCP l=0,0.0,PURSUER_WIN
8by8,3,l0,102,1,2.0,I-NTMCP l=0,0.0,PURSUER_WIN
8by8,3,l0,102,0,13.0,I-NTMCP l=0,0.0,EVADER_REACHED_GOAL
8by8,3,l0,102,0,11.0,I-NTMCP l=0,0.0,EVADER_REACHED_GOAL
8by8,3,l0,102,1,5.0,I-NTMCP l=0,0.0,PURSUER_WIN
8by8,3,l0,102,0,13.0,I-NTMCP l=0,0.0,EVADER_REACHED_GOAL
8by8,3,l0,102,1,4.0,I-NTMCP l=0,0.0,PURSUER_WIN
8by8,3,l0,102,0,11.0,I-NTMCP l=0,0.0,EVADER_REACHED_GOAL
8by8,3,l0,102,1,2.0,I-NTMCP l=0,0.0,PURSUER_WIN
8by8,3,l0,102,0,9.0,I-NTMCP l=0,0.0,EVADER_REACHED_GOAL
8by8,3,l0,102,1,5.0,I-NTMCP l=0,0.0,PURSUER_WIN
8by8,3,l0,102,1,5.0,I-NTMCP l=0,0.0,PURSUER_WIN
8by8,3,l0,102,1,2.0,I-NTMCP l=0,0.0,PURSUER_WIN
8by8,3,l0,102,0,10.0,I-NTMCP l=0,0.0,EVADER_REACHED_GOAL
8by8,3,l0,102,0,10.0,I-NTMCP l=0,0.0,EVADER_REACHED_GOAL
8by8,3,l0,102,0,12.0,I-NTMCP l=0,0.0,EVADER_REACHED_GOAL
8by8,3,l0,102,1,6.0,I-NTMCP l=0,0.0,PURSUER_WIN
8by8,3,l0,102,0,12.0,I-NTMCP l=0,0.0,EVADER_REACHED_GOAL
8by8,3,l0,102,1,2.0,I-NTMCP l=0,0.0,PURSUER_WIN
8by8,3,l0,102,0,9.0,I-NTMCP l=0,0.0,EVADER_REACHED_GOAL
8by8,3,l0,102,1,4.0,I-NTMCP l=0,0.0,PURSUER_WIN
8by8,3,l0,102,1,2.0,I-NTMCP l=0,0.0,PURSUER_WIN
8by8,3,l0,102,1,2.0,I-NTMCP l=0,0.0,PURSUER_WIN
8by8,3,l0,102,0,9.0,I-NTMCP l=0,0.0,EVADER_REACHED_GOAL
8by8,3,l0,102,1,4.0,I-NTMCP l=0,0.0,PURSUER_WIN
8by8,3,l0,102,0,9.0,I-NTMCP l=0,0.0,EVADER_REACHED_GOAL
8by8,3,l0,102,1,4.0,I-NTMCP l=0,0.0,PURSUER_WIN
8by8,3,l0,102,0,13.0,I-NTMCP l=0,0.0,EVADER_REACHED_GOAL
8by8,3,l0,102,1,2.0,I-NTMCP l=0,0.0,PURSUER_WIN
8by8,3,l0,102,0,9.0,I-NTMCP l=0,0.0,EVADER_REACHED_GOAL
8by8,3,l0,102,1,4.0,I-NTMCP l=0,0.0,PURSUER_WIN
8by8,3,l0,102,0,12.0,I-NTMCP l=0,0.0,EVADER_REACHED_GOAL
8by8,3,l0,102,0,9.0,I-NTMCP l=0,0.0,EVADER_REACHED_GOAL
8by8,3,l0,102,1,4.0,I-NTMCP l=0,0.0,PURSUER_WIN
8by8,3,l0,102,1,5.0,I-NTMCP l=0,0.0,PURSUER_WIN
8by8,3,l0,102,0,10.0,I-NTMCP l=0,0.0,EVADER_REACHED_GOAL
8by8,3,l0,102,1,6.0,I-NTMCP l=0,0.0,PURSUER_WIN
8by8,3,l0,102,0,12.0,I-NTMCP l=0,0.0,EVADER_REACHED_GOAL
8by8,3,l0,102,0,11.0,I-NTMCP l=0,0.0,EVADER_REACHED_GOAL
8by8,3,l0,102,0,12.0,I-NTMCP l=0,0.0,EVADER_REACHED_GOAL
8by8,3,l0,102,0,9.0,I-NTMCP l=0,0.0,EVADER_REACHED_GOAL
8by8,3,l0,102,1,4.0,I-NTMCP l=0,0.0,PURSUER_WIN
8by8,3,l0,102,0,13.0,I-NTMCP l=0,0.0,EVADER_REACHED_GOAL
8by8,3,l0,102,1,4.0,I-NTMCP l=0,0.0,PURSUER_WIN
8by8,3,l0,102,0,13.0,I-NTMCP l=0,0.0,EVADER_REACHED_GOAL
8by8,3,l0,103,1,4.0,I-NTMCP l=0,0.0,PURSUER_WIN
8by8,3,l0,103,0,10.0,I-NTMCP l=0,0.0,EVADER_REACHED_GOAL
8by8,3,l0,103,0,9.0,I-NTMCP l=0,0.0,EVADER_REACHED_GOAL
8by8,3,l0,103,1,2.0,I-NTMCP l=0,0.0,PURSUER_WIN
8by8,3,l0,103,0,12.0,I-NTMCP l=0,0.0,EVADER_REACHED_GOAL
8by8,3,l0,103,0,10.0,I-NTMCP l=0,0.0,EVADER_REACHED_GOAL
8by8,3,l0,103,1,4.0,I-NTMCP l=0,0.0,PURSUER_WIN
8by8,3,l0,103,0,10.0,I-NTMCP l=0,0.0,EVADER_REACHED_GOAL
8by8,3,l0,103,1,9.0,I-NTMCP l=0,0.0,PURSUER_WIN
8by8,3,l0,103,1,4.0,I-NTMCP l=0,0.0,PURSUER_WIN
8by8,3,l0,103,0,9.0,I-NTMCP l=0,0.0,EVADER_REACHED_GOAL
8by8,3,l0,103,0,10.0,I-NTMCP l=0,0.0,EVADER_REACHED_GOAL
8by8,3,l0,103,1,2.0,I-NTMCP l=0,0.0,PURSUER_WIN
8by8,3,l0,103,1,4.0,I-NTMCP l=0,0.0,PURSUER_WIN
8by8,3,l0,103,1,2.0,I-NTMCP l=0,0.0,PURSUER_WIN
8by8,3,l0,103,1,4.0,I-NTMCP l=0,0.0,PURSUER_WIN
8by8,3,l0,103,1,3.0,I-NTMCP l=0,0.0,PURSUER_WIN
8by8,3,l0,103,1,5.0,I-NTMCP l=0,0.0,PURSUER_WIN
8by8,3,l0,103,0,12.0,I-NTMCP l=0,0.0,EVADER_REACHED_GOAL
8by8,3,l0,103,1,7.0,I-NTMCP l=0,0.0,PURSUER_WIN
8by8,3,l0,103,0,9.0,I-NTMCP l=0,0.0,EVADER_REACHED_GOAL
8by8,3,l0,103,1,3.0,I-NTMCP l=0,0.0,PURSUER_WIN
8by8,3,l0,103,1,4.0,I-NTMCP l=0,0.0,PURSUER_WIN
8by8,3,l0,103,1,5.0,I-NTMCP l=0,0.0,PURSUER_WIN
8by8,3,l0,103,0,12.0,I-NTMCP l=0,0.0,EVADER_REACHED_GOAL
8by8,3,l0,103,1,2.0,I-NTMCP l=0,0.0,PURSUER_WIN
8by8,3,l0,103,1,2.0,I-NTMCP l=0,0.0,PURSUER_WIN
8by8,3,l0,103,1,12.0,I-NTMCP l=0,0.0,PURSUER_WIN
8by8,3,l0,103,1,4.0,I-NTMCP l=0,0.0,PURSUER_WIN
8by8,3,l0,103,0,9.0,I-NTMCP l=0,0.0,EVADER_REACHED_GOAL
8by8,3,l0,103,0,9.0,I-NTMCP l=0,0.0,EVADER_REACHED_GOAL
8by8,3,l0,103,1,3.0,I-NTMCP l=0,0.0,PURSUER_WIN
8by8,3,l0,103,1,2.0,I-NTMCP l=0,0.0,PURSUER_WIN
8by8,3,l0,103,0,9.0,I-NTMCP l=0,0.0,EVADER_REACHED_GOAL
8by8,3,l0,103,0,10.0,I-NTMCP l=0,0.0,EVADER_REACHED_GOAL
8by8,3,l0,103,0,9.0,I-NTMCP l=0,0.0,EVADER_REACHED_GOAL
8by8,3,l0,103,0,9.0,I-NTMCP l=0,0.0,EVADER_REACHED_GOAL
8by8,3,l0,103,0,9.0,I-NTMCP l=0,0.0,EVADER_REACHED_GOAL
8by8,3,l0,103,1,4.0,I-NTMCP l=0,0.0,PURSUER_WIN
8by8,3,l0,103,0,13.0,I-NTMCP l=0,0.0,EVADER_REACHED_GOAL
8by8,3,l0,103,0,13.0,I-NTMCP l=0,0.0,EVADER_REACHED_GOAL
8by8,3,l0,103,0,9.0,I-NTMCP l=0,0.0,EVADER_REACHED_GOAL
8by8,3,l0,103,0,12.0,I-NTMCP l=0,0.0,EVADER_REACHED_GOAL
8by8,3,l0,103,1,6.0,I-NTMCP l=0,0.0,PURSUER_WIN
8by8,3,l0,103,0,15.0,I-NTMCP l=0,0.0,EVADER_REACHED_GOAL
8by8,3,l0,103,0,9.0,I-NTMCP l=0,0.0,EVADER_REACHED_GOAL
8by8,3,l0,103,0,9.0,I-NTMCP l=0,0.0,EVADER_REACHED_GOAL
8by8,3,l0,103,1,2.0,I-NTMCP l=0,0.0,PURSUER_WIN
8by8,3,l0,103,1,2.0,I-NTMCP l=0,0.0,PURSUER_WIN
8by8,3,l0,103,1,2.0,I-NTMCP l=0,0.0,PURSUER_WIN
8by8,3,l0,104,0,13.0,I-NTMCP l=0,0.0,EVADER_REACHED_GOAL
8by8,3,l0,104,0,9.0,I-NTMCP l=0,0.0,EVADER_REACHED_GOAL
8by8,3,l0,104,1,4.0,I-NTMCP l=0,0.0,PURSUER_WIN
8by8,3,l0,104,1,4.0,I-NTMCP l=0,0.0,PURSUER_WIN
8by8,3,l0,104,0,14.0,I-NTMCP l=0,0.0,EVADER_REACHED_GOAL
8by8,3,l0,104,1,2.0,I-NTMCP l=0,0.0,PURSUER_WIN
8by8,3,l0,104,1,4.0,I-NTMCP l=0,0.0,PURSUER_WIN
8by8,3,l0,104,0,11.0,I-NTMCP l=0,0.0,EVADER_REACHED_GOAL
8by8,3,l0,104,1,3.0,I-NTMCP l=0,0.0,PURSUER_WIN
8by8,3,l0,104,1,4.0,I-NTMCP l=0,0.0,PURSUER_WIN
8by8,3,l0,104,1,3.0,I-NTMCP l=0,0.0,PURSUER_WIN
8by8,3,l0,104,0,11.0,I-NTMCP l=0,0.0,EVADER_REACHED_GOAL
8by8,3,l0,104,1,2.0,I-NTMCP l=0,0.0,PURSUER_WIN
8by8,3,l0,104,0,9.0,I-NTMCP l=0,0.0,EVADER_REACHED_GOAL
8by8,3,l0,104,1,5.0,I-NTMCP l=0,0.0,PURSUER_WIN
8by8,3,l0,104,1,2.0,I-NTMCP l=0,0.0,PURSUER_WIN
8by8,3,l0,104,0,9.0,I-NTMCP l=0,0.0,EVADER_REACHED_GOAL
8by8,3,l0,104,1,5.0,I-NTMCP l=0,0.0,PURSUER_WIN
8by8,3,l0,104,0,12.0,I-NTMCP l=0,0.0,EVADER_REACHED_GOAL
8by8,3,l0,104,0,9.0,I-NTMCP l=0,0.0,EVADER_REACHED_GOAL
8by8,3,l0,104,1,4.0,I-NTMCP l=0,0.0,PURSUER_WIN
8by8,3,l0,104,1,5.0,I-NTMCP l=0,0.0,PURSUER_WIN
8by8,3,l0,104,1,5.0,I-NTMCP l=0,0.0,PURSUER_WIN
8by8,3,l0,104,1,2.0,I-NTMCP l=0,0.0,PURSUER_WIN
8by8,3,l0,104,1,5.0,I-NTMCP l=0,0.0,PURSUER_WIN
8by8,3,l0,104,0,14.0,I-NTMCP l=0,0.0,EVADER_REACHED_GOAL
8by8,3,l0,104,1,4.0,I-NTMCP l=0,0.0,PURSUER_WIN
8by8,3,l0,104,1,3.0,I-NTMCP l=0,0.0,PURSUER_WIN
8by8,3,l0,104,0,12.0,I-NTMCP l=0,0.0,EVADER_REACHED_GOAL
8by8,3,l0,104,1,3.0,I-NTMCP l=0,0.0,PURSUER_WIN
8by8,3,l0,104,1,6.0,I-NTMCP l=0,0.0,PURSUER_WIN
8by8,3,l0,104,1,5.0,I-NTMCP l=0,0.0,PURSUER_WIN
8by8,3,l0,104,0,12.0,I-NTMCP l=0,0.0,EVADER_REACHED_GOAL
8by8,3,l0,104,1,4.0,I-NTMCP l=0,0.0,PURSUER_WIN
8by8,3,l0,104,0,9.0,I-NTMCP l=0,0.0,EVADER_REACHED_GOAL
8by8,3,l0,104,0,12.0,I-NTMCP l=0,0.0,EVADER_REACHED_GOAL
8by8,3,l0,104,0,10.0,I-NTMCP l=0,0.0,EVADER_REACHED_GOAL
8by8,3,l0,104,0,10.0,I-NTMCP l=0,0.0,EVADER_REACHED_GOAL
8by8,3,l0,104,0,9.0,I-NTMCP l=0,0.0,EVADER_REACHED_GOAL
8by8,3,l0,104,0,12.0,I-NTMCP l=0,0.0,EVADER_REACHED_GOAL
8by8,3,l0,104,1,4.0,I-NTMCP l=0,0.0,PURSUER_WIN
8by8,3,l0,104,0,10.0,I-NTMCP l=0,0.0,EVADER_REACHED_GOAL
8by8,3,l0,104,0,14.0,I-NTMCP l=0,0.0,EVADER_REACHED_GOAL
8by8,3,l0,104,0,12.0,I-NTMCP l=0,0.0,EVADER_REACHED_GOAL
8by8,3,l0,104,1,4.0,I-NTMCP l=0,0.0,PURSUER_WIN
8by8,3,l0,104,1,4.0,I-NTMCP l=0,0.0,PURSUER_WIN
8by8,3,l0,104,1,4.0,I-NTMCP l=0,0.0,PURSUER_WIN
8by8,3,l0,104,0,9.0,I-NTMCP l=0,0.0,EVADER_REACHED_GOAL
8by8,3,l0,104,1,4.0,I-NTMCP l=0,0.0,PURSUER_WIN
8by8,3,l0,104,0,12.0,I-NTMCP l=0,0.0,EVADER_REACHED_GOAL
8by8,3,l0,105,1,2.0,I-NTMCP l=0,0.0,PURSUER_WIN
8by8,3,l0,105,1,3.0,I-NTMCP l=0,0.0,PURSUER_WIN
8by8,3,l0,105,1,5.0,I-NTMCP l=0,0.0,PURSUER_WIN
8by8,3,l0,105,1,2.0,I-NTMCP l=0,0.0,PURSUER_WIN
8by8,3,l0,105,0,13.0,I-NTMCP l=0,0.0,EVADER_REACHED_GOAL
8by8,3,l0,105,0,14.0,I-NTMCP l=0,0.0,EVADER_REACHED_GOAL
8by8,3,l0,105,1,2.0,I-NTMCP l=0,0.0,PURSUER_WIN
8by8,3,l0,105,1,5.0,I-NTMCP l=0,0.0,PURSUER_WIN
8by8,3,l0,105,0,12.0,I-NTMCP l=0,0.0,EVADER_REACHED_GOAL
8by8,3,l0,105,1,6.0,I-NTMCP l=0,0.0,PURSUER_WIN
8by8,3,l0,105,1,2.0,I-NTMCP l=0,0.0,PURSUER_WIN
8by8,3,l0,105,1,4.0,I-NTMCP l=0,0.0,PURSUER_WIN
8by8,3,l0,105,1,8.0,I-NTMCP l=0,0.0,PURSUER_WIN
8by8,3,l0,105,0,10.0,I-NTMCP l=0,0.0,EVADER_REACHED_GOAL
8by8,3,l0,105,1,8.0,I-NTMCP l=0,0.0,PURSUER_WIN
8by8,3,l0,105,0,13.0,I-NTMCP l=0,0.0,EVADER_REACHED_GOAL
8by8,3,l0,105,0,9.0,I-NTMCP l=0,0.0,EVADER_REACHED_GOAL
8by8,3,l0,105,1,5.0,I-NTMCP l=0,0.0,PURSUER_WIN
8by8,3,l0,105,0,9.0,I-NTMCP l=0,0.0,EVADER_REACHED_GOAL
8by8,3,l0,105,1,4.0,I-NTMCP l=0,0.0,PURSUER_WIN
8by8,3,l0,105,0,10.0,I-NTMCP l=0,0.0,EVADER_REACHED_GOAL
8by8,3,l0,105,0,9.0,I-NTMCP l=0,0.0,EVADER_REACHED_GOAL
8by8,3,l0,105,1,11.0,I-NTMCP l=0,0.0,PURSUER_WIN
8by8,3,l0,105,1,5.0,I-NTMCP l=0,0.0,PURSUER_WIN
8by8,3,l0,105,1,4.0,I-NTMCP l=0,0.0,PURSUER_WIN
8by8,3,l0,105,0,9.0,I-NTMCP l=0,0.0,EVADER_REACHED_GOAL
8by8,3,l0,105,1,4.0,I-NTMCP l=0,0.0,PURSUER_WIN
8by8,3,l0,105,1,2.0,I-NTMCP l=0,0.0,PURSUER_WIN
8by8,3,l0,105,1,7.0,I-NTMCP l=0,0.0,PURSUER_WIN
8by8,3,l0,105,0,10.0,I-NTMCP l=0,0.0,EVADER_REACHED_GOAL
8by8,3,l0,105,0,9.0,I-NTMCP l=0,0.0,EVADER_REACHED_GOAL
8by8,3,l0,105,1,2.0,I-NTMCP l=0,0.0,PURSUER_WIN
8by8,3,l0,105,1,2.0,I-NTMCP l=0,0.0,PURSUER_WIN
8by8,3,l0,105,0,9.0,I-NTMCP l=0,0.0,EVADER_REACHED_GOAL
8by8,3,l0,105,0,12.0,I-NTMCP l=0,0.0,EVADER_REACHED_GOAL
8by8,3,l0,105,0,12.0,I-NTMCP l=0,0.0,EVADER_REACHED_GOAL
8by8,3,l0,105,0,12.0,I-NTMCP l=0,0.0,EVADER_REACHED_GOAL
8by8,3,l0,105,1,4.0,I-NTMCP l=0,0.0,PURSUER_WIN
8by8,3,l0,105,0,9.0,I-NTMCP l=0,0.0,EVADER_REACHED_GOAL
8by8,3,l0,105,1,11.0,I-NTMCP l=0,0.0,PURSUER_WIN
8by8,3,l0,105,1,2.0,I-NTMCP l=0,0.0,PURSUER_WIN
8by8,3,l0,105,1,5.0,I-NTMCP l=0,0.0,PURSUER_WIN
8by8,3,l0,105,0,9.0,I-NTMCP l=0,0.0,EVADER_REACHED_GOAL
8by8,3,l0,105,1,4.0,I-NTMCP l=0,0.0,PURSUER_WIN
8by8,3,l0,105,1,8.0,I-NTMCP l=0,0.0,PURSUER_WIN
8by8,3,l0,105,0,10.0,I-NTMCP l=0,0.0,EVADER_REACHED_GOAL
8by8,3,l0,105,0,9.0,I-NTMCP l=0,0.0,EVADER_REACHED_GOAL
8by8,3,l0,105,1,3.0,I-NTMCP l=0,0.0,PURSUER_WIN
8by8,3,l0,105,0,9.0,I-NTMCP l=0,0.0,EVADER_REACHED_GOAL
8by8,3,l0,105,0,12.0,I-NTMCP l=0,0.0,EVADER_REACHED_GOAL
8by8,3,l0,106,1,4.0,I-NTMCP l=0,0.0,PURSUER_WIN
8by8,3,l0,106,0,10.0,I-NTMCP l=0,0.0,EVADER_REACHED_GOAL
8by8,3,l0,106,1,5.0,I-NTMCP l=0,0.0,PURSUER_WIN
8by8,3,l0,106,0,9.0,I-NTMCP l=0,0.0,EVADER_REACHED_GOAL
8by8,3,l0,106,1,3.0,I-NTMCP l=0,0.0,PURSUER_WIN
8by8,3,l0,106,0,13.0,I-NTMCP l=0,0.0,EVADER_REACHED_GOAL
8by8,3,l0,106,1,5.0,I-NTMCP l=0,0.0,PURSUER_WIN
8by8,3,l0,106,0,11.0,I-NTMCP l=0,0.0,EVADER_REACHED_GOAL
8by8,3,l0,106,1,5.0,I-NTMCP l=0,0.0,PURSUER_WIN
8by8,3,l0,106,0,9.0,I-NTMCP l=0,0.0,EVADER_REACHED_GOAL
8by8,3,l0,106,1,4.0,I-NTMCP l=0,0.0,PURSUER_WIN
8by8,3,l0,106,0,9.0,I-NTMCP l=0,0.0,EVADER_REACHED_GOAL
8by8,3,l0,106,0,12.0,I-NTMCP l=0,0.0,EVADER_REACHED_GOAL
8by8,3,l0,106,1,5.0,I-NTMCP l=0,0.0,PURSUER_WIN
8by8,3,l0,106,1,5.0,I-NTMCP l=0,0.0,PURSUER_WIN
8by8,3,l0,106,1,3.0,I-NTMCP l=0,0.0,PURSUER_WIN
8by8,3,l0,106,1,2.0,I-NTMCP l=0,0.0,PURSUER_WIN
8by8,3,l0,106,1,6.0,I-NTMCP l=0,0.0,PURSUER_WIN
8by8,3,l0,106,0,12.0,I-NTMCP l=0,0.0,EVADER_REACHED_GOAL
8by8,3,l0,106,0,9.0,I-NTMCP l=0,0.0,EVADER_REACHED_GOAL
8by8,3,l0,106,0,10.0,I-NTMCP l=0,0.0,EVADER_REACHED_GOAL
8by8,3,l0,106,0,9.0,I-NTMCP l=0,0.0,EVADER_REACHED_GOAL
8by8,3,l0,106,0,9.0,I-NTMCP l=0,0.0,EVADER_REACHED_GOAL
8by8,3,l0,106,1,5.0,I-NTMCP l=0,0.0,PURSUER_WIN
8by8,3,l0,106,0,9.0,I-NTMCP l=0,0.0,EVADER_REACHED_GOAL
8by8,3,l0,106,0,9.0,I-NTMCP l=0,0.0,EVADER_REACHED_GOAL
8by8,3,l0,106,0,9.0,I-NTMCP l=0,0.0,EVADER_REACHED_GOAL
8by8,3,l0,106,1,6.0,I-NTMCP l=0,0.0,PURSUER_WIN
8by8,3,l0,106,1,2.0,I-NTMCP l=0,0.0,PURSUER_WIN
8by8,3,l0,106,0,9.0,I-NTMCP l=0,0.0,EVADER_REACHED_GOAL
8by8,3,l0,106,0,13.0,I-NTMCP l=0,0.0,EVADER_REACHED_GOAL
8by8,3,l0,106,1,2.0,I-NTMCP l=0,0.0,PURSUER_WIN
8by8,3,l0,106,1,4.0,I-NTMCP l=0,0.0,PURSUER_WIN
8by8,3,l0,106,0,9.0,I-NTMCP l=0,0.0,EVADER_REACHED_GOAL
8by8,3,l0,106,1,4.0,I-NTMCP l=0,0.0,PURSUER_WIN
8by8,3,l0,106,0,9.0,I-NTMCP l=0,0.0,EVADER_REACHED_GOAL
8by8,3,l0,106,0,14.0,I-NTMCP l=0,0.0,EVADER_REACHED_GOAL
8by8,3,l0,106,0,10.0,I-NTMCP l=0,0.0,EVADER_REACHED_GOAL
8by8,3,l0,106,1,4.0,I-NTMCP l=0,0.0,PURSUER_WIN
8by8,3,l0,106,0,11.0,I-NTMCP l=0,0.0,EVADER_REACHED_GOAL
8by8,3,l0,106,1,4.0,I-NTMCP l=0,0.0,PURSUER_WIN
8by8,3,l0,106,1,13.0,I-NTMCP l=0,0.0,PURSUER_WIN
8by8,3,l0,106,0,12.0,I-NTMCP l=0,0.0,EVADER_REACHED_GOAL
8by8,3,l0,106,1,4.0,I-NTMCP l=0,0.0,PURSUER_WIN
8by8,3,l0,106,0,11.0,I-NTMCP l=0,0.0,EVADER_REACHED_GOAL
8by8,3,l0,106,1,8.0,I-NTMCP l=0,0.0,PURSUER_WIN
8by8,3,l0,106,0,11.0,I-NTMCP l=0,0.0,EVADER_REACHED_GOAL
8by8,3,l0,106,1,2.0,I-NTMCP l=0,0.0,PURSUER_WIN
8by8,3,l0,106,1,3.0,I-NTMCP l=0,0.0,PURSUER_WIN
8by8,3,l0,106,0,9.0,I-NTMCP l=0,0.0,EVADER_REACHED_GOAL
8by8,3,l0,107,0,9.0,I-NTMCP l=0,0.0,EVADER_REACHED_GOAL
8by8,3,l0,107,1,6.0,I-NTMCP l=0,0.0,PURSUER_WIN
8by8,3,l0,107,1,4.0,I-NTMCP l=0,0.0,PURSUER_WIN
8by8,3,l0,107,0,11.0,I-NTMCP l=0,0.0,EVADER_REACHED_GOAL
8by8,3,l0,107,1,2.0,I-NTMCP l=0,0.0,PURSUER_WIN
8by8,3,l0,107,0,13.0,I-NTMCP l=0,0.0,EVADER_REACHED_GOAL
8by8,3,l0,107,1,5.0,I-NTMCP l=0,0.0,PURSUER_WIN
8by8,3,l0,107,0,9.0,I-NTMCP l=0,0.0,EVADER_REACHED_GOAL
8by8,3,l0,107,1,4.0,I-NTMCP l=0,0.0,PURSUER_WIN
8by8,3,l0,107,0,9.0,I-NTMCP l=0,0.0,EVADER_REACHED_GOAL
8by8,3,l0,107,0,10.0,I-NTMCP l=0,0.0,EVADER_REACHED_GOAL
8by8,3,l0,107,0,9.0,I-NTMCP l=0,0.0,EVADER_REACHED_GOAL
8by8,3,l0,107,0,13.0,I-NTMCP l=0,0.0,EVADER_REACHED_GOAL
8by8,3,l0,107,0,9.0,I-NTMCP l=0,0.0,EVADER_REACHED_GOAL
8by8,3,l0,107,0,9.0,I-NTMCP l=0,0.0,EVADER_REACHED_GOAL
8by8,3,l0,107,0,16.0,I-NTMCP l=0,0.0,EVADER_REACHED_GOAL
8by8,3,l0,107,0,10.0,I-NTMCP l=0,0.0,EVADER_REACHED_GOAL
8by8,3,l0,107,0,9.0,I-NTMCP l=0,0.0,EVADER_REACHED_GOAL
8by8,3,l0,107,1,2.0,I-NTMCP l=0,0.0,PURSUER_WIN
8by8,3,l0,107,1,3.0,I-NTMCP l=0,0.0,PURSUER_WIN
8by8,3,l0,107,0,9.0,I-NTMCP l=0,0.0,EVADER_REACHED_GOAL
8by8,3,l0,107,0,12.0,I-NTMCP l=0,0.0,EVADER_REACHED_GOAL
8by8,3,l0,107,0,9.0,I-NTMCP l=0,0.0,EVADER_REACHED_GOAL
8by8,3,l0,107,1,4.0,I-NTMCP l=0,0.0,PURSUER_WIN
8by8,3,l0,107,1,4.0,I-NTMCP l=0,0.0,PURSUER_WIN
8by8,3,l0,107,1,4.0,I-NTMCP l=0,0.0,PURSUER_WIN
8by8,3,l0,107,1,4.0,I-NTMCP l=0,0.0,PURSUER_WIN
8by8,3,l0,107,1,7.0,I-NTMCP l=0,0.0,PURSUER_WIN
8by8,3,l0,107,0,9.0,I-NTMCP l=0,0.0,EVADER_REACHED_GOAL
8by8,3,l0,107,0,9.0,I-NTMCP l=0,0.0,EVADER_REACHED_GOAL
8by8,3,l0,107,0,12.0,I-NTMCP l=0,0.0,EVADER_REACHED_GOAL
8by8,3,l0,107,1,11.0,I-NTMCP l=0,0.0,PURSUER_WIN
8by8,3,l0,107,1,4.0,I-NTMCP l=0,0.0,PURSUER_WIN
8by8,3,l0,107,0,10.0,I-NTMCP l=0,0.0,EVADER_REACHED_GOAL
8by8,3,l0,107,1,2.0,I-NTMCP l=0,0.0,PURSUER_WIN
8by8,3,l0,107,0,15.0,I-NTMCP l=0,0.0,EVADER_REACHED_GOAL
8by8,3,l0,107,1,2.0,I-NTMCP l=0,0.0,PURSUER_WIN
8by8,3,l0,107,0,10.0,I-NTMCP l=0,0.0,EVADER_REACHED_GOAL
8by8,3,l0,107,1,4.0,I-NTMCP l=0,0.0,PURSUER_WIN
8by8,3,l0,107,1,5.0,I-NTMCP l=0,0.0,PURSUER_WIN
8by8,3,l0,107,1,6.0,I-NTMCP l=0,0.0,PURSUER_WIN
8by8,3,l0,107,1,4.0,I-NTMCP l=0,0.0,PURSUER_WIN
8by8,3,l0,107,0,10.0,I-NTMCP l=0,0.0,EVADER_REACHED_GOAL
8by8,3,l0,107,1,4.0,I-NTMCP l=0,0.0,PURSUER_WIN
8by8,3,l0,107,0,13.0,I-NTMCP l=0,0.0,EVADER_REACHED_GOAL
8by8,3,l0,107,0,13.0,I-NTMCP l=0,0.0,EVADER_REACHED_GOAL
8by8,3,l0,107,1,5.0,I-NTMCP l=0,0.0,PURSUER_WIN
8by8,3,l0,107,1,3.0,I-NTMCP l=0,0.0,PURSUER_WIN
8by8,3,l0,107,1,4.0,I-NTMCP l=0,0.0,PURSUER_WIN
8by8,3,l0,107,1,2.0,I-NTMCP l=0,0.0,PURSUER_WIN
8by8,3,l0,108,0,10.0,I-NTMCP l=0,0.0,EVADER_REACHED_GOAL
8by8,3,l0,108,1,4.0,I-NTMCP l=0,0.0,PURSUER_WIN
8by8,3,l0,108,1,4.0,I-NTMCP l=0,0.0,PURSUER_WIN
8by8,3,l0,108,0,9.0,I-NTMCP l=0,0.0,EVADER_REACHED_GOAL
8by8,3,l0,108,1,5.0,I-NTMCP l=0,0.0,PURSUER_WIN
8by8,3,l0,108,1,4.0,I-NTMCP l=0,0.0,PURSUER_WIN
8by8,3,l0,108,1,2.0,I-NTMCP l=0,0.0,PURSUER_WIN
8by8,3,l0,108,0,12.0,I-NTMCP l=0,0.0,EVADER_REACHED_GOAL
8by8,3,l0,108,1,2.0,I-NTMCP l=0,0.0,PURSUER_WIN
8by8,3,l0,108,1,5.0,I-NTMCP l=0,0.0,PURSUER_WIN
8by8,3,l0,108,0,12.0,I-NTMCP l=0,0.0,EVADER_REACHED_GOAL
8by8,3,l0,108,1,31.0,I-NTMCP l=0,0.0,PURSUER_WIN
8by8,3,l0,108,0,12.0,I-NTMCP l=0,0.0,EVADER_REACHED_GOAL
8by8,3,l0,108,1,5.0,I-NTMCP l=0,0.0,PURSUER_WIN
8by8,3,l0,108,0,12.0,I-NTMCP l=0,0.0,EVADER_REACHED_GOAL
8by8,3,l0,108,1,4.0,I-NTMCP l=0,0.0,PURSUER_WIN
8by8,3,l0,108,0,12.0,I-NTMCP l=0,0.0,EVADER_REACHED_GOAL
8by8,3,l0,108,0,9.0,I-NTMCP l=0,0.0,EVADER_REACHED_GOAL
8by8,3,l0,108,0,9.0,I-NTMCP l=0,0.0,EVADER_REACHED_GOAL
8by8,3,l0,108,0,9.0,I-NTMCP l=0,0.0,EVADER_REACHED_GOAL
8by8,3,l0,108,1,7.0,I-NTMCP l=0,0.0,PURSUER_WIN
8by8,3,l0,108,0,16.0,I-NTMCP l=0,0.0,EVADER_REACHED_GOAL
8by8,3,l0,108,1,2.0,I-NTMCP l=0,0.0,PURSUER_WIN
8by8,3,l0,108,0,13.0,I-NTMCP l=0,0.0,EVADER_REACHED_GOAL
8by8,3,l0,108,0,11.0,I-NTMCP l=0,0.0,EVADER_REACHED_GOAL
8by8,3,l0,108,0,14.0,I-NTMCP l=0,0.0,EVADER_REACHED_GOAL
8by8,3,l0,108,1,5.0,I-NTMCP l=0,0.0,PURSUER_WIN
8by8,3,l0,108,1,4.0,I-NTMCP l=0,0.0,PURSUER_WIN
8by8,3,l0,108,0,9.0,I-NTMCP l=0,0.0,EVADER_REACHED_GOAL
8by8,3,l0,108,1,4.0,I-NTMCP l=0,0.0,PURSUER_WIN
8by8,3,l0,108,0,10.0,I-NTMCP l=0,0.0,EVADER_REACHED_GOAL
8by8,3,l0,108,1,3.0,I-NTMCP l=0,0.0,PURSUER_WIN
8by8,3,l0,108,0,16.0,I-NTMCP l=0,0.0,EVADER_REACHED_GOAL
8by8,3,l0,108,1,5.0,I-NTMCP l=0,0.0,PURSUER_WIN
8by8,3,l0,108,1,2.0,I-NTMCP l=0,0.0,PURSUER_WIN
8by8,3,l0,108,0,11.0,I-NTMCP l=0,0.0,EVADER_REACHED_GOAL
8by8,3,l0,108,0,12.0,I-NTMCP l=0,0.0,EVADER_REACHED_GOAL
8by8,3,l0,108,1,4.0,I-NTMCP l=0,0.0,PURSUER_WIN
8by8,3,l0,108,1,6.0,I-NTMCP l=0,0.0,PURSUER_WIN
8by8,3,l0,108,1,4.0,I-NTMCP l=0,0.0,PURSUER_WIN
8by8,3,l0,108,0,9.0,I-NTMCP l=0,0.0,EVADER_REACHED_GOAL
8by8,3,l0,108,0,9.0,I-NTMCP l=0,0.0,EVADER_REACHED_GOAL
8by8,3,l0,108,0,13.0,I-NTMCP l=0,0.0,EVADER_REACHED_GOAL
8by8,3,l0,108,0,12.0,I-NTMCP l=0,0.0,EVADER_REACHED_GOAL
8by8,3,l0,108,1,4.0,I-NTMCP l=0,0.0,PURSUER_WIN
8by8,3,l0,108,1,3.0,I-NTMCP l=0,0.0,PURSUER_WIN
8by8,3,l0,108,0,9.0,I-NTMCP l=0,0.0,EVADER_REACHED_GOAL
8by8,3,l0,108,1,4.0,I-NTMCP l=0,0.0,PURSUER_WIN
8by8,3,l0,108,0,11.0,I-NTMCP l=0,0.0,EVADER_REACHED_GOAL
8by8,3,l0,108,1,2.0,I-NTMCP l=0,0.0,PURSUER_WIN
8by8,3,l0,109,0,9.0,I-NTMCP l=0,0.0,EVADER_REACHED_GOAL
8by8,3,l0,109,1,4.0,I-NTMCP l=0,0.0,PURSUER_WIN
8by8,3,l0,109,0,9.0,I-NTMCP l=0,0.0,EVADER_REACHED_GOAL
8by8,3,l0,109,0,11.0,I-NTMCP l=0,0.0,EVADER_REACHED_GOAL
8by8,3,l0,109,1,7.0,I-NTMCP l=0,0.0,PURSUER_WIN
8by8,3,l0,109,0,12.0,I-NTMCP l=0,0.0,EVADER_REACHED_GOAL
8by8,3,l0,109,1,4.0,I-NTMCP l=0,0.0,PURSUER_WIN
8by8,3,l0,109,0,9.0,I-NTMCP l=0,0.0,EVADER_REACHED_GOAL
8by8,3,l0,109,1,2.0,I-NTMCP l=0,0.0,PURSUER_WIN
8by8,3,l0,109,1,4.0,I-NTMCP l=0,0.0,PURSUER_WIN
8by8,3,l0,109,1,3.0,I-NTMCP l=0,0.0,PURSUER_WIN
8by8,3,l0,109,0,11.0,I-NTMCP l=0,0.0,EVADER_REACHED_GOAL
8by8,3,l0,109,0,9.0,I-NTMCP l=0,0.0,EVADER_REACHED_GOAL
8by8,3,l0,109,1,2.0,I-NTMCP l=0,0.0,PURSUER_WIN
8by8,3,l0,109,1,4.0,I-NTMCP l=0,0.0,PURSUER_WIN
8by8,3,l0,109,0,9.0,I-NTMCP l=0,0.0,EVADER_REACHED_GOAL
8by8,3,l0,109,0,9.0,I-NTMCP l=0,0.0,EVADER_REACHED_GOAL
8by8,3,l0,109,0,13.0,I-NTMCP l=0,0.0,EVADER_REACHED_GOAL
8by8,3,l0,109,0,9.0,I-NTMCP l=0,0.0,EVADER_REACHED_GOAL
8by8,3,l0,109,0,10.0,I-NTMCP l=0,0.0,EVADER_REACHED_GOAL
8by8,3,l0,109,1,3.0,I-NTMCP l=0,0.0,PURSUER_WIN
8by8,3,l0,109,0,12.0,I-NTMCP l=0,0.0,EVADER_REACHED_GOAL
8by8,3,l0,109,0,10.0,I-NTMCP l=0,0.0,EVADER_REACHED_GOAL
8by8,3,l0,109,0,9.0,I-NTMCP l=0,0.0,EVADER_REACHED_GOAL
8by8,3,l0,109,0,14.0,I-NTMCP l=0,0.0,EVADER_REACHED_GOAL
8by8,3,l0,109,0,14.0,I-NTMCP l=0,0.0,EVADER_REACHED_GOAL
8by8,3,l0,109,1,7.0,I-NTMCP l=0,0.0,PURSUER_WIN
8by8,3,l0,109,1,7.0,I-NTMCP l=0,0.0,PURSUER_WIN
8by8,3,l0,109,0,9.0,I-NTMCP l=0,0.0,EVADER_REACHED_GOAL
8by8,3,l0,109,0,9.0,I-NTMCP l=0,0.0,EVADER_REACHED_GOAL
8by8,3,l0,109,1,7.0,I-NTMCP l=0,0.0,PURSUER_WIN
8by8,3,l0,109,1,5.0,I-NTMCP l=0,0.0,PURSUER_WIN
8by8,3,l0,109,1,6.0,I-NTMCP l=0,0.0,PURSUER_WIN
8by8,3,l0,109,1,4.0,I-NTMCP l=0,0.0,PURSUER_WIN
8by8,3,l0,109,1,5.0,I-NTMCP l=0,0.0,PURSUER_WIN
8by8,3,l0,109,0,9.0,I-NTMCP l=0,0.0,EVADER_REACHED_GOAL
8by8,3,l0,109,1,4.0,I-NTMCP l=0,0.0,PURSUER_WIN
8by8,3,l0,109,0,9.0,I-NTMCP l=0,0.0,EVADER_REACHED_GOAL
8by8,3,l0,109,0,10.0,I-NTMCP l=0,0.0,EVADER_REACHED_GOAL
8by8,3,l0,109,0,10.0,I-NTMCP l=0,0.0,EVADER_REACHED_GOAL
8by8,3,l0,109,0,9.0,I-NTMCP l=0,0.0,EVADER_REACHED_GOAL
8by8,3,l0,109,0,10.0,I-NTMCP l=0,0.0,EVADER_REACHED_GOAL
8by8,3,l0,109,0,15.0,I-NTMCP l=0,0.0,EVADER_REACHED_GOAL
8by8,3,l0,109,0,13.0,I-NTMCP l=0,0.0,EVADER_REACHED_GOAL
8by8,3,l0,109,1,5.0,I-NTMCP l=0,0.0,PURSUER_WIN
8by8,3,l0,109,0,12.0,I-NTMCP l=0,0.0,EVADER_REACHED_GOAL
8by8,3,l0,109,0,9.0,I-NTMCP l=0,0.0,EVADER_REACHED_GOAL
8by8,3,l0,109,0,12.0,I-NTMCP l=0,0.0,EVADER_REACHED_GOAL
8by8,3,l0,109,1,7.0,I-NTMCP l=0,0.0,PURSUER_WIN
8by8,3,l0,109,0,9.0,I-NTMCP l=0,0.0,EVADER_REACHED_GOAL
8by8,3,l1,100,1,4.0,I-NTMCP l=1,1.0,PURSUER_WIN
8by8,3,l1,100,1,6.0,I-NTMCP l=1,1.0,PURSUER_WIN
8by8,3,l1,100,1,2.0,I-NTMCP l=1,1.0,PURSUER_WIN
8by8,3,l1,100,0,15.0,I-NTMCP l=1,1.0,EVADER_REACHED_GOAL
8by8,3,l1,100,0,10.0,I-NTMCP l=1,1.0,EVADER_REACHED_GOAL
8by8,3,l1,100,0,12.0,I-NTMCP l=1,1.0,EVADER_REACHED_GOAL
8by8,3,l1,100,1,3.0,I-NTMCP l=1,1.0,PURSUER_WIN
8by8,3,l1,100,1,4.0,I-NTMCP l=1,1.0,PURSUER_WIN
8by8,3,l1,100,0,9.0,I-NTMCP l=1,1.0,EVADER_REACHED_GOAL
8by8,3,l1,100,0,10.0,I-NTMCP l=1,1.0,EVADER_REACHED_GOAL
8by8,3,l1,100,1,4.0,I-NTMCP l=1,1.0,PURSUER_WIN
8by8,3,l1,100,1,2.0,I-NTMCP l=1,1.0,PURSUER_WIN
8by8,3,l1,100,0,9.0,I-NTMCP l=1,1.0,EVADER_REACHED_GOAL
8by8,3,l1,100,1,4.0,I-NTMCP l=1,1.0,PURSUER_WIN
8by8,3,l1,100,1,5.0,I-NTMCP l=1,1.0,PURSUER_WIN
8by8,3,l1,100,0,12.0,I-NTMCP l=1,1.0,EVADER_REACHED_GOAL
8by8,3,l1,100,1,4.0,I-NTMCP l=1,1.0,PURSUER_WIN
8by8,3,l1,100,0,9.0,I-NTMCP l=1,1.0,EVADER_REACHED_GOAL
8by8,3,l1,100,0,10.0,I-NTMCP l=1,1.0,EVADER_REACHED_GOAL
8by8,3,l1,100,1,5.0,I-NTMCP l=1,1.0,PURSUER_WIN
8by8,3,l1,100,1,4.0,I-NTMCP l=1,1.0,PURSUER_WIN
8by8,3,l1,100,1,4.0,I-NTMCP l=1,1.0,PURSUER_WIN
8by8,3,l1,100,0,9.0,I-NTMCP l=1,1.0,EVADER_REACHED_GOAL
8by8,3,l1,100,1,2.0,I-NTMCP l=1,1.0,PURSUER_WIN
8by8,3,l1,100,0,12.0,I-NTMCP l=1,1.0,EVADER_REACHED_GOAL
8by8,3,l1,100,1,4.0,I-NTMCP l=1,1.0,PURSUER_WIN
8by8,3,l1,100,1,4.0,I-NTMCP l=1,1.0,PURSUER_WIN
8by8,3,l1,100,1,4.0,I-NTMCP l=1,1.0,PURSUER_WIN
8by8,3,l1,100,0,9.0,I-NTMCP l=1,1.0,EVADER_REACHED_GOAL
8by8,3,l1,100,0,9.0,I-NTMCP l=1,1.0,EVADER_REACHED_GOAL
8by8,3,l1,100,1,5.0,I-NTMCP l=1,1.0,PURSUER_WIN
8by8,3,l1,100,1,5.0,I-NTMCP l=1,1.0,PURSUER_WIN
8by8,3,l1,100,0,9.0,I-NTMCP l=1,1.0,EVADER_REACHED_GOAL
8by8,3,l1,100,0,9.0,I-NTMCP l=1,1.0,EVADER_REACHED_GOAL
8by8,3,l1,100,0,12.0,I-NTMCP l=1,1.0,EVADER_REACHED_GOAL
8by8,3,l1,100,1,2.0,I-NTMCP l=1,1.0,PURSUER_WIN
8by8,3,l1,100,0,16.0,I-NTMCP l=1,1.0,EVADER_REACHED_GOAL
8by8,3,l1,100,1,2.0,I-NTMCP l=1,1.0,PURSUER_WIN
8by8,3,l1,100,1,2.0,I-NTMCP l=1,1.0,PURSUER_WIN
8by8,3,l1,100,1,4.0,I-NTMCP l=1,1.0,PURSUER_WIN
8by8,3,l1,100,0,9.0,I-NTMCP l=1,1.0,EVADER_REACHED_GOAL
8by8,3,l1,100,1,2.0,I-NTMCP l=1,1.0,PURSUER_WIN
8by8,3,l1,100,0,11.0,I-NTMCP l=1,1.0,EVADER_REACHED_GOAL
8by8,3,l1,100,0,10.0,I-NTMCP l=1,1.0,EVADER_REACHED_GOAL
8by8,3,l1,100,1,4.0,I-NTMCP l=1,1.0,PURSUER_WIN
8by8,3,l1,100,0,9.0,I-NTMCP l=1,1.0,EVADER_REACHED_GOAL
8by8,3,l1,100,1,4.0,I-NTMCP l=1,1.0,PURSUER_WIN
8by8,3,l1,100,0,14.0,I-NTMCP l=1,1.0,EVADER_REACHED_GOAL
8by8,3,l1,100,1,7.0,I-NTMCP l=1,1.0,PURSUER_WIN
8by8,3,l1,100,1,6.0,I-NTMCP l=1,1.0,PURSUER_WIN
8by8,3,l1,101,1,5.0,I-NTMCP l=1,1.0,PURSUER_WIN
8by8,3,l1,101,1,5.0,I-NTMCP l=1,1.0,PURSUER_WIN
8by8,3,l1,101,1,2.0,I-NTMCP l=1,1.0,PURSUER_WIN
8by8,3,l1,101,1,5.0,I-NTMCP l=1,1.0,PURSUER_WIN
8by8,3,l1,101,1,5.0,I-NTMCP l=1,1.0,PURSUER_WIN
8by8,3,l1,101,1,5.0,I-NTMCP l=1,1.0,PURSUER_WIN
8by8,3,l1,101,0,12.0,I-NTMCP l=1,1.0,EVADER_REACHED_GOAL
8by8,3,l1,101,1,4.0,I-NTMCP l=1,1.0,PURSUER_WIN
8by8,3,l1,101,1,2.0,I-NTMCP l=1,1.0,PURSUER_WIN
8by8,3,l1,101,1,5.0,I-NTMCP l=1,1.0,PURSUER_WIN
8by8,3,l1,101,0,10.0,I-NTMCP l=1,1.0,EVADER_REACHED_GOAL
8by8,3,l1,101,0,10.0,I-NTMCP l=1,1.0,EVADER_REACHED_GOAL
8by8,3,l1,101,0,11.0,I-NTMCP l=1,1.0,EVADER_REACHED_GOAL
8by8,3,l1,101,1,3.0,I-NTMCP l=1,1.0,PURSUER_WIN
8by8,3,l1,101,0,14.0,I-NTMCP l=1,1.0,EVADER_REACHED_GOAL
8by8,3,l1,101,0,9.0,I-NTMCP l=1,1.0,EVADER_REACHED_GOAL
8by8,3,l1,101,1,4.0,I-NTMCP l=1,1.0,PURSUER_WIN
8by8,3,l1,101,1,5.0,I-NTMCP l=1,1.0,PURSUER_WIN
8by8,3,l1,101,0,12.0,I-NTMCP l=1,1.0,EVADER_REACHED_GOAL
8by8,3,l1,101,1,2.0,I-NTMCP l=1,1.0,PURSUER_WIN
8by8,3,l1,101,0,9.0,I-NTMCP l=1,1.0,EVADER_REACHED_GOAL
8by8,3,l1,101,1,4.0,I-NTMCP l=1,1.0,PURSUER_WIN
8by8,3,l1,101,0,9.0,I-NTMCP l=1,1.0,EVADER_REACHED_GOAL
8by8,3,l1,101,1,2.0,I-NTMCP l=1,1.0,PURSUER_WIN
8by8,3,l1,101,1,4.0,I-NTMCP l=1,1.0,PURSUER_WIN
8by8,3,l1,101,0,9.0,I-NTMCP l=1,1.0,EVADER_REACHED_GOAL
8by8,3,l1,101,0,9.0,I-NTMCP l=1,1.0,EVADER_REACHED_GOAL
8by8,3,l1,101,0,9.0,I-NTMCP l=1,1.0,EVADER_REACHED_GOAL
8by8,3,l1,101,0,14.0,I-NTMCP l=1,1.0,EVADER_REACHED_GOAL
8by8,3,l1,101,1,2.0,I-NTMCP l=1,1.0,PURSUER_WIN
8by8,3,l1,101,1,6.0,I-NTMCP l=1,1.0,PURSUER_WIN
8by8,3,l1,101,1,4.0,I-NTMCP l=1,1.0,PURSUER_WIN
8by8,3,l1,101,1,5.0,I-NTMCP l=1,1.0,PURSUER_WIN
8by8,3,l1,101,1,5.0,I-NTMCP l=1,1.0,PURSUER_WIN
8by8,3,l1,101,0,12.0,I-NTMCP l=1,1.0,EVADER_REACHED_GOAL
8by8,3,l1,101,0,9.0,I-NTMCP l=1,1.0,EVADER_REACHED_GOAL
8by8,3,l1,101,1,4.0,I-NTMCP l=1,1.0,PURSUER_WIN
8by8,3,l1,101,0,12.0,I-NTMCP l=1,1.0,EVADER_REACHED_GOAL
8by8,3,l1,101,1,2.0,I-NTMCP l=1,1.0,PURSUER_WIN
8by8,3,l1,101,0,10.0,I-NTMCP l=1,1.0,EVADER_REACHED_GOAL
8by8,3,l1,101,1,2.0,I-NTMCP l=1,1.0,PURSUER_WIN
8by8,3,l1,101,1,5.0,I-NTMCP l=1,1.0,PURSUER_WIN
8by8,3,l1,101,1,8.0,I-NTMCP l=1,1.0,PURSUER_WIN
8by8,3,l1,101,0,14.0,I-NTMCP l=1,1.0,EVADER_REACHED_GOAL
8by8,3,l1,101,1,2.0,I-NTMCP l=1,1.0,PURSUER_WIN
8by8,3,l1,101,0,9.0,I-NTMCP l=1,1.0,EVADER_REACHED_GOAL
8by8,3,l1,101,0,13.0,I-NTMCP l=1,1.0,EVADER_REACHED_GOAL
8by8,3,l1,101,0,10.0,I-NTMCP l=1,1.0,EVADER_REACHED_GOAL
8by8,3,l1,101,1,5.0,I-NTMCP l=1,1.0,PURSUER_WIN
8by8,3,l1,101,1,10.0,I-NTMCP l=1,1.0,PURSUER_WIN
8by8,3,l1,102,1,3.0,I-NTMCP l=1,1.0,PURSUER_WIN
8by8,3,l1,102,0,9.0,I-NTMCP l=1,1.0,EVADER_REACHED_GOAL
8by8,3,l1,102,1,5.0,I-NTMCP l=1,1.0,PURSUER_WIN
8by8,3,l1,102,0,11.0,I-NTMCP l=1,1.0,EVADER_REACHED_GOAL
8by8,3,l1,102,1,4.0,I-NTMCP l=1,1.0,PURSUER_WIN
8by8,3,l1,102,0,13.0,I-NTMCP l=1,1.0,EVADER_REACHED_GOAL
8by8,3,l1,102,0,9.0,I-NTMCP l=1,1.0,EVADER_REACHED_GOAL
8by8,3,l1,102,1,5.0,I-NTMCP l=1,1.0,PURSUER_WIN
8by8,3,l1,102,0,12.0,I-NTMCP l=1,1.0,EVADER_REACHED_GOAL
8by8,3,l1,102,1,2.0,I-NTMCP l=1,1.0,PURSUER_WIN
8by8,3,l1,102,1,4.0,I-NTMCP l=1,1.0,PURSUER_WIN
8by8,3,l1,102,1,5.0,I-NTMCP l=1,1.0,PURSUER_WIN
8by8,3,l1,102,0,13.0,I-NTMCP l=1,1.0,EVADER_REACHED_GOAL
8by8,3,l1,102,0,12.0,I-NTMCP l=1,1.0,EVADER_REACHED_GOAL
8by8,3,l1,102,1,5.0,I-NTMCP l=1,1.0,PURSUER_WIN
8by8,3,l1,102,0,10.0,I-NTMCP l=1,1.0,EVADER_REACHED_GOAL
8by8,3,l1,102,0,16.0,I-NTMCP l=1,1.0,EVADER_REACHED_GOAL
8by8,3,l1,102,1,2.0,I-NTMCP l=1,1.0,PURSUER_WIN
8by8,3,l1,102,1,5.0,I-NTMCP l=1,1.0,PURSUER_WIN
8by8,3,l1,102,1,5.0,I-NTMCP l=1,1.0,PURSUER_WIN
8by8,3,l1,102,1,4.0,I-NTMCP l=1,1.0,PURSUER_WIN
8by8,3,l1,102,0,9.0,I-NTMCP l=1,1.0,EVADER_REACHED_GOAL
8by8,3,l1,102,0,13.0,I-NTMCP l=1,1.0,EVADER_REACHED_GOAL
8by8,3,l1,102,0,9.0,I-NTMCP l=1,1.0,EVADER_REACHED_GOAL
8by8,3,l1,102,0,9.0,I-NTMCP l=1,1.0,EVADER_REACHED_GOAL
8by8,3,l1,102,1,2.0,I-NTMCP l=1,1.0,PURSUER_WIN
8by8,3,l1,102,0,15.0,I-NTMCP l=1,1.0,EVADER_REACHED_GOAL
8by8,3,l1,102,0,10.0,I-NTMCP l=1,1.0,EVADER_REACHED_GOAL
8by8,3,l1,102,0,13.0,I-NTMCP l=1,1.0,EVADER_REACHED_GOAL
8by8,3,l1,102,0,9.0,I-NTMCP l=1,1.0,EVADER_REACHED_GOAL
8by8,3,l1,102,1,4.0,I-NTMCP l=1,1.0,PURSUER_WIN
8by8,3,l1,102,0,14.0,I-NTMCP l=1,1.0,EVADER_REACHED_GOAL
8by8,3,l1,102,1,2.0,I-NTMCP l=1,1.0,PURSUER_WIN
8by8,3,l1,102,0,10.0,I-NTMCP l=1,1.0,EVADER_REACHED_GOAL
8by8,3,l1,102,1,10.0,I-NTMCP l=1,1.0,PURSUER_WIN
8by8,3,l1,102,1,9.0,I-NTMCP l=1,1.0,PURSUER_WIN
8by8,3,l1,102,0,14.0,I-NTMCP l=1,1.0,EVADER_REACHED_GOAL
8by8,3,l1,102,1,5.0,I-NTMCP l=1,1.0,PURSUER_WIN
8by8,3,l1,102,1,5.0,I-NTMCP l=1,1.0,PURSUER_WIN
8by8,3,l1,102,0,9.0,I-NTMCP l=1,1.0,EVADER_REACHED_GOAL
8by8,3,l1,102,0,14.0,I-NTMCP l=1,1.0,EVADER_REACHED_GOAL
8by8,3,l1,102,0,9.0,I-NTMCP l=1,1.0,EVADER_REACHED_GOAL
8by8,3,l1,102,0,11.0,I-NTMCP l=1,1.0,EVADER_REACHED_GOAL
8by8,3,l1,102,1,3.0,I-NTMCP l=1,1.0,PURSUER_WIN
8by8,3,l1,102,1,3.0,I-NTMCP l=1,1.0,PURSUER_WIN
8by8,3,l1,102,0,12.0,I-NTMCP l=1,1.0,EVADER_REACHED_GOAL
8by8,3,l1,102,0,10.0,I-NTMCP l=1,1.0,EVADER_REACHED_GOAL
8by8,3,l1,102,0,10.0,I-NTMCP l=1,1.0,EVADER_REACHED_GOAL
8by8,3,l1,102,1,5.0,I-NTMCP l=1,1.0,PURSUER_WIN
8by8,3,l1,102,0,9.0,I-NTMCP l=1,1.0,EVADER_REACHED_GOAL
8by8,3,l1,103,1,4.0,I-NTMCP l=1,1.0,PURSUER_WIN
8by8,3,l1,103,1,4.0,I-NTMCP l=1,1.0,PURSUER_WIN
8by8,3,l1,103,1,6.0,I-NTMCP l=1,1.0,PURSUER_WIN
8by8,3,l1,103,0,17.0,I-NTMCP l=1,1.0,EVADER_REACHED_GOAL
8by8,3,l1,103,1,12.0,I-NTMCP l=1,1.0,PURSUER_WIN
8by8,3,l1,103,1,15.0,I-NTMCP l=1,1.0,PURSUER_WIN
8by8,3,l1,103,0,9.0,I-NTMCP l=1,1.0,EVADER_REACHED_GOAL
8by8,3,l1,103,0,11.0,I-NTMCP l=1,1.0,EVADER_REACHED_GOAL
8by8,3,l1,103,0,9.0,I-NTMCP l=1,1.0,EVADER_REACHED_GOAL
8by8,3,l1,103,1,2.0,I-NTMCP l=1,1.0,PURSUER_WIN
8by8,3,l1,103,1,6.0,I-NTMCP l=1,1.0,PURSUER_WIN
8by8,3,l1,103,1,8.0,I-NTMCP l=1,1.0,PURSUER_WIN
8by8,3,l1,103,1,4.0,I-NTMCP l=1,1.0,PURSUER_WIN
8by8,3,l1,103,0,14.0,I-NTMCP l=1,1.0,EVADER_REACHED_GOAL
8by8,3,l1,103,1,4.0,I-NTMCP l=1,1.0,PURSUER_WIN
8by8,3,l1,103,0,15.0,I-NTMCP l=1,1.0,EVADER_REACHED_GOAL
8by8,3,l1,103,1,5.0,I-NTMCP l=1,1.0,PURSUER_WIN
8by8,3,l1,103,1,4.0,I-NTMCP l=1,1.0,PURSUER_WIN
8by8,3,l1,103,0,12.0,I-NTMCP l=1,1.0,EVADER_REACHED_GOAL
8by8,3,l1,103,0,17.0,I-NTMCP l=1,1.0,EVADER_REACHED_GOAL
8by8,3,l1,103,1,5.0,I-NTMCP l=1,1.0,PURSUER_WIN
8by8,3,l1,103,1,4.0,I-NTMCP l=1,1.0,PURSUER_WIN
8by8,3,l1,103,1,3.0,I-NTMCP l=1,1.0,PURSUER_WIN
8by8,3,l1,103,1,5.0,I-NTMCP l=1,1.0,PURSUER_WIN
8by8,3,l1,103,1,4.0,I-NTMCP l=1,1.0,PURSUER_WIN
8by8,3,l1,103,1,4.0,I-NTMCP l=1,1.0,PURSUER_WIN
8by8,3,l1,103,1,2.0,I-NTMCP l=1,1.0,PURSUER_WIN
8by8,3,l1,103,1,2.0,I-NTMCP l=1,1.0,PURSUER_WIN
8by8,3,l1,103,0,13.0,I-NTMCP l=1,1.0,EVADER_REACHED_GOAL
8by8,3,l1,103,0,12.0,I-NTMCP l=1,1.0,EVADER_REACHED_GOAL
8by8,3,l1,103,0,9.0,I-NTMCP l=1,1.0,EVADER_REACHED_GOAL
8by8,3,l1,103,1,5.0,I-NTMCP l=1,1.0,PURSUER_WIN
8by8,3,l1,103,1,4.0,I-NTMCP l=1,1.0,PURSUER_WIN
8by8,3,l1,103,0,9.0,I-NTMCP l=1,1.0,EVADER_REACHED_GOAL
8by8,3,l1,103,1,5.0,I-NTMCP l=1,1.0,PURSUER_WIN
8by8,3,l1,103,0,12.0,I-NTMCP l=1,1.0,EVADER_REACHED_GOAL
8by8,3,l1,103,1,2.0,I-NTMCP l=1,1.0,PURSUER_WIN
8by8,3,l1,103,1,2.0,I-NTMCP l=1,1.0,PURSUER_WIN
8by8,3,l1,103,1,5.0,I-NTMCP l=1,1.0,PURSUER_WIN
8by8,3,l1,103,1,6.0,I-NTMCP l=1,1.0,PURSUER_WIN
8by8,3,l1,103,1,4.0,I-NTMCP l=1,1.0,PURSUER_WIN
8by8,3,l1,103,0,11.0,I-NTMCP l=1,1.0,EVADER_REACHED_GOAL
8by8,3,l1,103,0,12.0,I-NTMCP l=1,1.0,EVADER_REACHED_GOAL
8by8,3,l1,103,1,3.0,I-NTMCP l=1,1.0,PURSUER_WIN
8by8,3,l1,103,1,2.0,I-NTMCP l=1,1.0,PURSUER_WIN
8by8,3,l1,103,0,10.0,I-NTMCP l=1,1.0,EVADER_REACHED_GOAL
8by8,3,l1,103,1,4.0,I-NTMCP l=1,1.0,PURSUER_WIN
8by8,3,l1,103,1,4.0,I-NTMCP l=1,1.0,PURSUER_WIN
8by8,3,l1,103,0,9.0,I-NTMCP l=1,1.0,EVADER_REACHED_GOAL
8by8,3,l1,103,1,4.0,I-NTMCP l=1,1.0,PURSUER_WIN
8by8,3,l1,104,0,14.0,I-NTMCP l=1,1.0,EVADER_REACHED_GOAL
8by8,3,l1,104,0,9.0,I-NTMCP l=1,1.0,EVADER_REACHED_GOAL
8by8,3,l1,104,0,16.0,I-NTMCP l=1,1.0,EVADER_REACHED_GOAL
8by8,3,l1,104,0,9.0,I-NTMCP l=1,1.0,EVADER_REACHED_GOAL
8by8,3,l1,104,0,14.0,I-NTMCP l=1,1.0,EVADER_REACHED_GOAL
8by8,3,l1,104,0,9.0,I-NTMCP l=1,1.0,EVADER_REACHED_GOAL
8by8,3,l1,104,0,12.0,I-NTMCP l=1,1.0,EVADER_REACHED_GOAL
8by8,3,l1,104,1,4.0,I-NTMCP l=1,1.0,PURSUER_WIN
8by8,3,l1,104,0,9.0,I-NTMCP l=1,1.0,EVADER_REACHED_GOAL
8by8,3,l1,104,0,10.0,I-NTMCP l=1,1.0,EVADER_REACHED_GOAL
8by8,3,l1,104,1,3.0,I-NTMCP l=1,1.0,PURSUER_WIN
8by8,3,l1,104,0,9.0,I-NTMCP l=1,1.0,EVADER_REACHED_GOAL
8by8,3,l1,104,1,2.0,I-NTMCP l=1,1.0,PURSUER_WIN
8by8,3,l1,104,0,10.0,I-NTMCP l=1,1.0,EVADER_REACHED_GOAL
8by8,3,l1,104,1,6.0,I-NTMCP l=1,1.0,PURSUER_WIN
8by8,3,l1,104,0,10.0,I-NTMCP l=1,1.0,EVADER_REACHED_GOAL
8by8,3,l1,104,1,3.0,I-NTMCP l=1,1.0,PURSUER_WIN
8by8,3,l1,104,0,12.0,I-NTMCP l=1,1.0,EVADER_REACHED_GOAL
8by8,3,l1,104,0,9.0,I-NTMCP l=1,1.0,EVADER_REACHED_GOAL
8by8,3,l1,104,1,3.0,I-NTMCP l=1,1.0,PURSUER_WIN
8by8,3,l1,104,1,9.0,I-NTMCP l=1,1.0,PURSUER_WIN
8by8,3,l1,104,0,13.0,I-NTMCP l=1,1.0,EVADER_REACHED_GOAL
8by8,3,l1,104,0,12.0,I-NTMCP l=1,1.0,EVADER_REACHED_GOAL
8by8,3,l1,104,0,20.0,I-NTMCP l=1,1.0,EVADER_REACHED_GOAL
8by8,3,l1,104,0,9.0,I-NTMCP l=1,1.0,EVADER_REACHED_GOAL
8by8,3,l1,104,1,5.0,I-NTMCP l=1,1.0,PURSUER_WIN
8by8,3,l1,104,0,9.0,I-NTMCP l=1,1.0,EVADER_REACHED_GOAL
8by8,3,l1,104,1,4.0,I-NTMCP l=1,1.0,PURSUER_WIN
8by8,3,l1,104,0,9.0,I-NTMCP l=1,1.0,EVADER_REACHED_GOAL
8by8,3,l1,104,0,12.0,I-NTMCP l=1,1.0,EVADER_REACHED_GOAL
8by8,3,l1,104,1,5.0,I-NTMCP l=1,1.0,PURSUER_WIN
8by8,3,l1,104,0,9.0,I-NTMCP l=1,1.0,EVADER_REACHED_GOAL
8by8,3,l1,104,1,4.0,I-NTMCP l=1,1.0,PURSUER_WIN
8by8,3,l1,104,0,12.0,I-NTMCP l=1,1.0,EVADER_REACHED_GOAL
8by8,3,l1,104,0,12.0,I-NTMCP l=1,1.0,EVADER_REACHED_GOAL
8by8,3,l1,104,1,2.0,I-NTMCP l=1,1.0,PURSUER_WIN
8by8,3,l1,104,0,9.0,I-NTMCP l=1,1.0,EVADER_REACHED_GOAL
8by8,3,l1,104,1,6.0,I-NTMCP l=1,1.0,PURSUER_WIN
8by8,3,l1,104,0,11.0,I-NTMCP l=1,1.0,EVADER_REACHED_GOAL
8by8,3,l1,104,0,10.0,I-NTMCP l=1,1.0,EVADER_REACHED_GOAL
8by8,3,l1,104,1,4.0,I-NTMCP l=1,1.0,PURSUER_WIN
8by8,3,l1,104,1,5.0,I-NTMCP l=1,1.0,PURSUER_WIN
8by8,3,l1,104,0,12.0,I-NTMCP l=1,1.0,EVADER_REACHED_GOAL
8by8,3,l1,104,0,12.0,I-NTMCP l=1,1.0,EVADER_REACHED_GOAL
8by8,3,l1,104,0,10.0,I-NTMCP l=1,1.0,EVADER_REACHED_GOAL
8by8,3,l1,104,1,4.0,I-NTMCP l=1,1.0,PURSUER_WIN
8by8,3,l1,104,0,9.0,I-NTMCP l=1,1.0,EVADER_REACHED_GOAL
8by8,3,l1,104,1,5.0,I-NTMCP l=1,1.0,PURSUER_WIN
8by8,3,l1,104,1,6.0,I-NTMCP l=1,1.0,PURSUER_WIN
8by8,3,l1,104,0,13.0,I-NTMCP l=1,1.0,EVADER_REACHED_GOAL
8by8,3,l1,105,1,2.0,I-NTMCP l=1,1.0,PURSUER_WIN
8by8,3,l1,105,0,11.0,I-NTMCP l=1,1.0,EVADER_REACHED_GOAL
8by8,3,l1,105,1,2.0,I-NTMCP l=1,1.0,PURSUER_WIN
8by8,3,l1,105,0,12.0,I-NTMCP l=1,1.0,EVADER_REACHED_GOAL
8by8,3,l1,105,0,9.0,I-NTMCP l=1,1.0,EVADER_REACHED_GOAL
8by8,3,l1,105,1,3.0,I-NTMCP l=1,1.0,PURSUER_WIN
8by8,3,l1,105,0,15.0,I-NTMCP l=1,1.0,EVADER_REACHED_GOAL
8by8,3,l1,105,0,9.0,I-NTMCP l=1,1.0,EVADER_REACHED_GOAL
8by8,3,l1,105,1,10.0,I-NTMCP l=1,1.0,PURSUER_WIN
8by8,3,l1,105,1,4.0,I-NTMCP l=1,1.0,PURSUER_WIN
8by8,3,l1,105,0,9.0,I-NTMCP l=1,1.0,EVADER_REACHED_GOAL
8by8,3,l1,105,1,4.0,I-NTMCP l=1,1.0,PURSUER_WIN
8by8,3,l1,105,0,10.0,I-NTMCP l=1,1.0,EVADER_REACHED_GOAL
8by8,3,l1,105,0,12.0,I-NTMCP l=1,1.0,EVADER_REACHED_GOAL
8by8,3,l1,105,1,2.0,I-NTMCP l=1,1.0,PURSUER_WIN
8by8,3,l1,105,1,2.0,I-NTMCP l=1,1.0,PURSUER_WIN
8by8,3,l1,105,0,15.0,I-NTMCP l=1,1.0,EVADER_REACHED_GOAL
8by8,3,l1,105,0,9.0,I-NTMCP l=1,1.0,EVADER_REACHED_GOAL
8by8,3,l1,105,0,9.0,I-NTMCP l=1,1.0,EVADER_REACHED_GOAL
8by8,3,l1,105,0,10.0,I-NTMCP l=1,1.0,EVADER_REACHED_GOAL
8by8,3,l1,105,1,2.0,I-NTMCP l=1,1.0,PURSUER_WIN
8by8,3,l1,105,1,4.0,I-NTMCP l=1,1.0,PURSUER_WIN
8by8,3,l1,105,0,9.0,I-NTMCP l=1,1.0,EVADER_REACHED_GOAL
8by8,3,l1,105,0,9.0,I-NTMCP l=1,1.0,EVADER_REACHED_GOAL
8by8,3,l1,105,0,9.0,I-NTMCP l=1,1.0,EVADER_REACHED_GOAL
8by8,3,l1,105,0,9.0,I-NTMCP l=1,1.0,EVADER_REACHED_GOAL
8by8,3,l1,105,0,12.0,I-NTMCP l=1,1.0,EVADER_REACHED_GOAL
8by8,3,l1,105,1,4.0,I-NTMCP l=1,1.0,PURSUER_WIN
8by8,3,l1,105,0,9.0,I-NTMCP l=1,1.0,EVADER_REACHED_GOAL
8by8,3,l1,105,1,4.0,I-NTMCP l=1,1.0,PURSUER_WIN
8by8,3,l1,105,0,10.0,I-NTMCP l=1,1.0,EVADER_REACHED_GOAL
8by8,3,l1,105,0,9.0,I-NTMCP l=1,1.0,EVADER_REACHED_GOAL
8by8,3,l1,105,1,8.0,I-NTMCP l=1,1.0,PURSUER_WIN
8by8,3,l1,105,0,13.0,I-NTMCP l=1,1.0,EVADER_REACHED_GOAL
8by8,3,l1,105,0,10.0,I-NTMCP l=1,1.0,EVADER_REACHED_GOAL
8by8,3,l1,105,0,9.0,I-NTMCP l=1,1.0,EVADER_REACHED_GOAL
8by8,3,l1,105,0,12.0,I-NTMCP l=1,1.0,EVADER_REACHED_GOAL
8by8,3,l1,105,0,9.0,I-NTMCP l=1,1.0,EVADER_REACHED_GOAL
8by8,3,l1,105,0,10.0,I-NTMCP l=1,1.0,EVADER_REACHED_GOAL
8by8,3,l1,105,1,3.0,I-NTMCP l=1,1.0,PURSUER_WIN
8by8,3,l1,105,1,2.0,I-NTMCP l=1,1.0,PURSUER_WIN
8by8,3,l1,105,1,4.0,I-NTMCP l=1,1.0,PURSUER_WIN
8by8,3,l1,105,1,2.0,I-NTMCP l=1,1.0,PURSUER_WIN
8by8,3,l1,105,0,12.0,I-NTMCP l=1,1.0,EVADER_REACHED_GOAL
8by8,3,l1,105,0,9.0,I-NTMCP l=1,1.0,EVADER_REACHED_GOAL
8by8,3,l1,105,1,7.0,I-NTMCP l=1,1.0,PURSUER_WIN
8by8,3,l1,105,1,5.0,I-NTMCP l=1,1.0,PURSUER_WIN
8by8,3,l1,105,0,12.0,I-NTMCP l=1,1.0,EVADER_REACHED_GOAL
8by8,3,l1,105,0,10.0,I-NTMCP l=1,1.0,EVADER_REACHED_GOAL
8by8,3,l1,105,0,9.0,I-NTMCP l=1,1.0,EVADER_REACHED_GOAL
8by8,3,l1,106,1,4.0,I-NTMCP l=1,1.0,PURSUER_WIN
8by8,3,l1,106,1,4.0,I-NTMCP l=1,1.0,PURSUER_WIN
8by8,3,l1,106,1,2.0,I-NTMCP l=1,1.0,PURSUER_WIN
8by8,3,l1,106,0,10.0,I-NTMCP l=1,1.0,EVADER_REACHED_GOAL
8by8,3,l1,106,0,9.0,I-NTMCP l=1,1.0,EVADER_REACHED_GOAL
8by8,3,l1,106,0,9.0,I-NTMCP l=1,1.0,EVADER_REACHED_GOAL
8by8,3,l1,106,0,19.0,I-NTMCP l=1,1.0,EVADER_REACHED_GOAL
8by8,3,l1,106,0,12.0,I-NTMCP l=1,1.0,EVADER_REACHED_GOAL
8by8,3,l1,106,1,2.0,I-NTMCP l=1,1.0,PURSUER_WIN
8by8,3,l1,106,1,10.0,I-NTMCP l=1,1.0,PURSUER_WIN
8by8,3,l1,106,0,13.0,I-NTMCP l=1,1.0,EVADER_REACHED_GOAL
8by8,3,l1,106,1,2.0,I-NTMCP l=1,1.0,PURSUER_WIN
8by8,3,l1,106,0,15.0,I-NTMCP l=1,1.0,EVADER_REACHED_GOAL
8by8,3,l1,106,0,10.0,I-NTMCP l=1,1.0,EVADER_REACHED_GOAL
8by8,3,l1,106,0,10.0,I-NTMCP l=1,1.0,EVADER_REACHED_GOAL
8by8,3,l1,106,1,5.0,I-NTMCP l=1,1.0,PURSUER_WIN
8by8,3,l1,106,1,4.0,I-NTMCP l=1,1.0,PURSUER_WIN
8by8,3,l1,106,0,13.0,I-NTMCP l=1,1.0,EVADER_REACHED_GOAL
8by8,3,l1,106,0,12.0,I-NTMCP l=1,1.0,EVADER_REACHED_GOAL
8by8,3,l1,106,1,2.0,I-NTMCP l=1,1.0,PURSUER_WIN
8by8,3,l1,106,0,25.0,I-NTMCP l=1,1.0,EVADER_REACHED_GOAL
8by8,3,l1,106,0,9.0,I-NTMCP l=1,1.0,EVADER_REACHED_GOAL
8by8,3,l1,106,0,9.0,I-NTMCP l=1,1.0,EVADER_REACHED_GOAL
8by8,3,l1,106,0,9.0,I-NTMCP l=1,1.0,EVADER_REACHED_GOAL
8by8,3,l1,106,1,2.0,I-NTMCP l=1,1.0,PURSUER_WIN
8by8,3,l1,106,1,4.0,I-NTMCP l=1,1.0,PURSUER_WIN
8by8,3,l1,106,0,12.0,I-NTMCP l=1,1.0,EVADER_REACHED_GOAL
8by8,3,l1,106,1,2.0,I-NTMCP l=1,1.0,PURSUER_WIN
8by8,3,l1,106,1,6.0,I-NTMCP l=1,1.0,PURSUER_WIN
8by8,3,l1,106,1,2.0,I-NTMCP l=1,1.0,PURSUER_WIN
8by8,3,l1,106,1,3.0,I-NTMCP l=1,1.0,PURSUER_WIN
8by8,3,l1,106,0,10.0,I-NTMCP l=1,1.0,EVADER_REACHED_GOAL
8by8,3,l1,106,0,9.0,I-NTMCP l=1,1.0,EVADER_REACHED_GOAL
8by8,3,l1,106,1,4.0,I-NTMCP l=1,1.0,PURSUER_WIN
8by8,3,l1,106,0,9.0,I-NTMCP l=1,1.0,EVADER_REACHED_GOAL
8by8,3,l1,106,0,11.0,I-NTMCP l=1,1.0,EVADER_REACHED_GOAL
8by8,3,l1,106,0,10.0,I-NTMCP l=1,1.0,EVADER_REACHED_GOAL
8by8,3,l1,106,0,14.0,I-NTMCP l=1,1.0,EVADER_REACHED_GOAL
8by8,3,l1,106,0,9.0,I-NTMCP l=1,1.0,EVADER_REACHED_GOAL
8by8,3,l1,106,1,2.0,I-NTMCP l=1,1.0,PURSUER_WIN
8by8,3,l1,106,1,2.0,I-NTMCP l=1,1.0,PURSUER_WIN
8by8,3,l1,106,1,4.0,I-NTMCP l=1,1.0,PURSUER_WIN
8by8,3,l1,106,1,5.0,I-NTMCP l=1,1.0,PURSUER_WIN
8by8,3,l1,106,1,2.0,I-NTMCP l=1,1.0,PURSUER_WIN
8by8,3,l1,106,1,5.0,I-NTMCP l=1,1.0,PURSUER_WIN
8by8,3,l1,106,0,9.0,I-NTMCP l=1,1.0,EVADER_REACHED_GOAL
8by8,3,l1,106,1,4.0,I-NTMCP l=1,1.0,PURSUER_WIN
8by8,3,l1,106,0,9.0,I-NTMCP l=1,1.0,EVADER_REACHED_GOAL
8by8,3,l1,106,1,2.0,I-NTMCP l=1,1.0,PURSUER_WIN
8by8,3,l1,106,0,14.0,I-NTMCP l=1,1.0,EVADER_REACHED_GOAL
8by8,3,l1,107,0,9.0,I-NTMCP l=1,1.0,EVADER_REACHED_GOAL
8by8,3,l1,107,0,12.0,I-NTMCP l=1,1.0,EVADER_REACHED_GOAL
8by8,3,l1,107,1,8.0,I-NTMCP l=1,1.0,PURSUER_WIN
8by8,3,l1,107,1,4.0,I-NTMCP l=1,1.0,PURSUER_WIN
8by8,3,l1,107,1,9.0,I-NTMCP l=1,1.0,PURSUER_WIN
8by8,3,l1,107,1,6.0,I-NTMCP l=1,1.0,PURSUER_WIN
8by8,3,l1,107,0,9.0,I-NTMCP l=1,1.0,EVADER_REACHED_GOAL
8by8,3,l1,107,0,14.0,I-NTMCP l=1,1.0,EVADER_REACHED_GOAL
8by8,3,l1,107,0,14.0,I-NTMCP l=1,1.0,EVADER_REACHED_GOAL
8by8,3,l1,107,1,4.0,I-NTMCP l=1,1.0,PURSUER_WIN
8by8,3,l1,107,1,6.0,I-NTMCP l=1,1.0,PURSUER_WIN
8by8,3,l1,107,1,5.0,I-NTMCP l=1,1.0,PURSUER_WIN
8by8,3,l1,107,1,2.0,I-NTMCP l=1,1.0,PURSUER_WIN
8by8,3,l1,107,0,9.0,I-NTMCP l=1,1.0,EVADER_REACHED_GOAL
8by8,3,l1,107,1,5.0,I-NTMCP l=1,1.0,PURSUER_WIN
8by8,3,l1,107,1,4.0,I-NTMCP l=1,1.0,PURSUER_WIN
8by8,3,l1,107,0,15.0,I-NTMCP l=1,1.0,EVADER_REACHED_GOAL
8by8,3,l1,107,0,9.0,I-NTMCP l=1,1.0,EVADER_REACHED_GOAL
8by8,3,l1,107,1,4.0,I-NTMCP l=1,1.0,PURSUER_WIN
8by8,3,l1,107,1,6.0,I-NTMCP l=1,1.0,PURSUER_WIN
8by8,3,l1,107,0,10.0,I-NTMCP l=1,1.0,EVADER_REACHED_GOAL
8by8,3,l1,107,0,10.0,I-NTMCP l=1,1.0,EVADER_REACHED_GOAL
8by8,3,l1,107,0,12.0,I-NTMCP l=1,1.0,EVADER_REACHED_GOAL
8by8,3,l1,107,0,9.0,I-NTMCP l=1,1.0,EVADER_REACHED_GOAL
8by8,3,l1,107,1,5.0,I-NTMCP l=1,1.0,PURSUER_WIN
8by8,3,l1,107,0,12.0,I-NTMCP l=1,1.0,EVADER_REACHED_GOAL
8by8,3,l1,107,1,2.0,I-NTMCP l=1,1.0,PURSUER_WIN
8by8,3,l1,107,1,13.0,I-NTMCP l=1,1.0,PURSUER_WIN
8by8,3,l1,107,1,4.0,I-NTMCP l=1,1.0,PURSUER_WIN
8by8,3,l1,107,0,10.0,I-NTMCP l=1,1.0,EVADER_REACHED_GOAL
8by8,3,l1,107,1,2.0,I-NTMCP l=1,1.0,PURSUER_WIN
8by8,3,l1,107,0,9.0,I-NTMCP l=1,1.0,EVADER_REACHED_GOAL
8by8,3,l1,107,0,11.0,I-NTMCP l=1,1.0,EVADER_REACHED_GOAL
8by8,3,l1,107,0,12.0,I-NTMCP l=1,1.0,EVADER_REACHED_GOAL
8by8,3,l1,107,0,9.0,I-NTMCP l=1,1.0,EVADER_REACHED_GOAL
8by8,3,l1,107,0,10.0,I-NTMCP l=1,1.0,EVADER_REACHED_GOAL
8by8,3,l1,107,0,12.0,I-NTMCP l=1,1.0,EVADER_REACHED_GOAL
8by8,3,l1,107,1,5.0,I-NTMCP l=1,1.0,PURSUER_WIN
8by8,3,l1,107,0,14.0,I-NTMCP l=1,1.0,EVADER_REACHED_GOAL
8by8,3,l1,107,0,14.0,I-NTMCP l=1,1.0,EVADER_REACHED_GOAL
8by8,3,l1,107,0,13.0,I-NTMCP l=1,1.0,EVADER_REACHED_GOAL
8by8,3,l1,107,1,5.0,I-NTMCP l=1,1.0,PURSUER_WIN
8by8,3,l1,107,0,14.0,I-NTMCP l=1,1.0,EVADER_REACHED_GOAL
8by8,3,l1,107,1,4.0,I-NTMCP l=1,1.0,PURSUER_WIN
8by8,3,l1,107,1,5.0,I-NTMCP l=1,1.0,PURSUER_WIN
8by8,3,l1,107,1,2.0,I-NTMCP l=1,1.0,PURSUER_WIN
8by8,3,l1,107,1,5.0,I-NTMCP l=1,1.0,PURSUER_WIN
8by8,3,l1,107,0,9.0,I-NTMCP l=1,1.0,EVADER_REACHED_GOAL
8by8,3,l1,107,0,9.0,I-NTMCP l=1,1.0,EVADER_REACHED_GOAL
8by8,3,l1,107,1,2.0,I-NTMCP l=1,1.0,PURSUER_WIN
8by8,3,l1,108,1,4.0,I-NTMCP l=1,1.0,PURSUER_WIN
8by8,3,l1,108,1,4.0,I-NTMCP l=1,1.0,PURSUER_WIN
8by8,3,l1,108,1,4.0,I-NTMCP l=1,1.0,PURSUER_WIN
8by8,3,l1,108,1,4.0,I-NTMCP l=1,1.0,PURSUER_WIN
8by8,3,l1,108,0,9.0,I-NTMCP l=1,1.0,EVADER_REACHED_GOAL
8by8,3,l1,108,1,2.0,I-NTMCP l=1,1.0,PURSUER_WIN
8by8,3,l1,108,0,14.0,I-NTMCP l=1,1.0,EVADER_REACHED_GOAL
8by8,3,l1,108,0,19.0,I-NTMCP l=1,1.0,EVADER_REACHED_GOAL
8by8,3,l1,108,0,12.0,I-NTMCP l=1,1.0,EVADER_REACHED_GOAL
8by8,3,l1,108,1,4.0,I-NTMCP l=1,1.0,PURSUER_WIN
8by8,3,l1,108,0,10.0,I-NTMCP l=1,1.0,EVADER_REACHED_GOAL
8by8,3,l1,108,1,9.0,I-NTMCP l=1,1.0,PURSUER_WIN
8by8,3,l1,108,0,16.0,I-NTMCP l=1,1.0,EVADER_REACHED_GOAL
8by8,3,l1,108,0,9.0,I-NTMCP l=1,1.0,EVADER_REACHED_GOAL
8by8,3,l1,108,1,4.0,I-NTMCP l=1,1.0,PURSUER_WIN
8by8,3,l1,108,0,9.0,I-NTMCP l=1,1.0,EVADER_REACHED_GOAL
8by8,3,l1,108,1,4.0,I-NTMCP l=1,1.0,PURSUER_WIN
8by8,3,l1,108,0,12.0,I-NTMCP l=1,1.0,EVADER_REACHED_GOAL
8by8,3,l1,108,0,15.0,I-NTMCP l=1,1.0,EVADER_REACHED_GOAL
8by8,3,l1,108,1,2.0,I-NTMCP l=1,1.0,PURSUER_WIN
8by8,3,l1,108,0,12.0,I-NTMCP l=1,1.0,EVADER_REACHED_GOAL
8by8,3,l1,108,1,4.0,I-NTMCP l=1,1.0,PURSUER_WIN
8by8,3,l1,108,1,4.0,I-NTMCP l=1,1.0,PURSUER_WIN
8by8,3,l1,108,1,2.0,I-NTMCP l=1,1.0,PURSUER_WIN
8by8,3,l1,108,0,9.0,I-NTMCP l=1,1.0,EVADER_REACHED_GOAL
8by8,3,l1,108,1,4.0,I-NTMCP l=1,1.0,PURSUER_WIN
8by8,3,l1,108,1,5.0,I-NTMCP l=1,1.0,PURSUER_WIN
8by8,3,l1,108,1,7.0,I-NTMCP l=1,1.0,PURSUER_WIN
8by8,3,l1,108,0,17.0,I-NTMCP l=1,1.0,EVADER_REACHED_GOAL
8by8,3,l1,108,1,7.0,I-NTMCP l=1,1.0,PURSUER_WIN
8by8,3,l1,108,0,12.0,I-NTMCP l=1,1.0,EVADER_REACHED_GOAL
8by8,3,l1,108,0,10.0,I-NTMCP l=1,1.0,EVADER_REACHED_GOAL
8by8,3,l1,108,1,2.0,I-NTMCP l=1,1.0,PURSUER_WIN
8by8,3,l1,108,0,12.0,I-NTMCP l=1,1.0,EVADER_REACHED_GOAL
8by8,3,l1,108,0,9.0,I-NTMCP l=1,1.0,EVADER_REACHED_GOAL
8by8,3,l1,108,1,2.0,I-NTMCP l=1,1.0,PURSUER_WIN
8by8,3,l1,108,0,10.0,I-NTMCP l=1,1.0,EVADER_REACHED_GOAL
8by8,3,l1,108,0,9.0,I-NTMCP l=1,1.0,EVADER_REACHED_GOAL
8by8,3,l1,108,1,4.0,I-NTMCP l=1,1.0,PURSUER_WIN
8by8,3,l1,108,1,3.0,I-NTMCP l=1,1.0,PURSUER_WIN
8by8,3,l1,108,0,14.0,I-NTMCP l=1,1.0,EVADER_REACHED_GOAL
8by8,3,l1,108,1,7.0,I-NTMCP l=1,1.0,PURSUER_WIN
8by8,3,l1,108,1,5.0,I-NTMCP l=1,1.0,PURSUER_WIN
8by8,3,l1,108,1,4.0,I-NTMCP l=1,1.0,PURSUER_WIN
8by8,3,l1,108,0,10.0,I-NTMCP l=1,1.0,EVADER_REACHED_GOAL
8by8,3,l1,108,1,6.0,I-NTMCP l=1,1.0,PURSUER_WIN
8by8,3,l1,108,1,8.0,I-NTMCP l=1,1.0,PURSUER_WIN
8by8,3,l1,108,0,14.0,I-NTMCP l=1,1.0,EVADER_REACHED_GOAL
8by8,3,l1,108,1,4.0,I-NTMCP l=1,1.0,PURSUER_WIN
8by8,3,l1,108,1,4.0,I-NTMCP l=1,1.0,PURSUER_WIN
8by8,3,l1,109,0,9.0,I-NTMCP l=1,1.0,EVADER_REACHED_GOAL
8by8,3,l1,109,1,4.0,I-NTMCP l=1,1.0,PURSUER_WIN
8by8,3,l1,109,0,9.0,I-NTMCP l=1,1.0,EVADER_REACHED_GOAL
8by8,3,l1,109,0,13.0,I-NTMCP l=1,1.0,EVADER_REACHED_GOAL
8by8,3,l1,109,0,12.0,I-NTMCP l=1,1.0,EVADER_REACHED_GOAL
8by8,3,l1,109,1,2.0,I-NTMCP l=1,1.0,PURSUER_WIN
8by8,3,l1,109,0,9.0,I-NTMCP l=1,1.0,EVADER_REACHED_GOAL
8by8,3,l1,109,1,2.0,I-NTMCP l=1,1.0,PURSUER_WIN
8by8,3,l1,109,1,4.0,I-NTMCP l=1,1.0,PURSUER_WIN
8by8,3,l1,109,1,5.0,I-NTMCP l=1,1.0,PURSUER_WIN
8by8,3,l1,109,0,9.0,I-NTMCP l=1,1.0,EVADER_REACHED_GOAL
8by8,3,l1,109,0,9.0,I-NTMCP l=1,1.0,EVADER_REACHED_GOAL
8by8,3,l1,109,0,16.0,I-NTMCP l=1,1.0,EVADER_REACHED_GOAL
8by8,3,l1,109,0,9.0,I-NTMCP l=1,1.0,EVADER_REACHED_GOAL
8by8,3,l1,109,1,4.0,I-NTMCP l=1,1.0,PURSUER_WIN
8by8,3,l1,109,1,4.0,I-NTMCP l=1,1.0,PURSUER_WIN
8by8,3,l1,109,1,3.0,I-NTMCP l=1,1.0,PURSUER_WIN
8by8,3,l1,109,0,9.0,I-NTMCP l=1,1.0,EVADER_REACHED_GOAL
8by8,3,l1,109,1,8.0,I-NTMCP l=1,1.0,PURSUER_WIN
8by8,3,l1,109,0,16.0,I-NTMCP l=1,1.0,EVADER_REACHED_GOAL
8by8,3,l1,109,0,12.0,I-NTMCP l=1,1.0,EVADER_REACHED_GOAL
8by8,3,l1,109,0,13.0,I-NTMCP l=1,1.0,EVADER_REACHED_GOAL
8by8,3,l1,109,0,10.0,I-NTMCP l=1,1.0,EVADER_REACHED_GOAL
8by8,3,l1,109,0,12.0,I-NTMCP l=1,1.0,EVADER_REACHED_GOAL
8by8,3,l1,109,1,5.0,I-NTMCP l=1,1.0,PURSUER_WIN
8by8,3,l1,109,0,10.0,I-NTMCP l=1,1.0,EVADER_REACHED_GOAL
8by8,3,l1,109,0,9.0,I-NTMCP l=1,1.0,EVADER_REACHED_GOAL
8by8,3,l1,109,0,15.0,I-NTMCP l=1,1.0,EVADER_REACHED_GOAL
8by8,3,l1,109,0,10.0,I-NTMCP l=1,1.0,EVADER_REACHED_GOAL
8by8,3,l1,109,1,2.0,I-NTMCP l=1,1.0,PURSUER_WIN
8by8,3,l1,109,0,9.0,I-NTMCP l=1,1.0,EVADER_REACHED_GOAL
8by8,3,l1,109,1,2.0,I-NTMCP l=1,1.0,PURSUER_WIN
8by8,3,l1,109,0,12.0,I-NTMCP l=1,1.0,EVADER_REACHED_GOAL
8by8,3,l1,109,0,9.0,I-NTMCP l=1,1.0,EVADER_REACHED_GOAL
8by8,3,l1,109,0,9.0,I-NTMCP l=1,1.0,EVADER_REACHED_GOAL
8by8,3,l1,109,1,16.0,I-NTMCP l=1,1.0,PURSUER_WIN
8by8,3,l1,109,1,4.0,I-NTMCP l=1,1.0,PURSUER_WIN
8by8,3,l1,109,1,4.0,I-NTMCP l=1,1.0,PURSUER_WIN
8by8,3,l1,109,0,9.0,I-NTMCP l=1,1.0,EVADER_REACHED_GOAL
8by8,3,l1,109,0,11.0,I-NTMCP l=1,1.0,EVADER_REACHED_GOAL
8by8,3,l1,109,1,6.0,I-NTMCP l=1,1.0,PURSUER_WIN
8by8,3,l1,109,0,14.0,I-NTMCP l=1,1.0,EVADER_REACHED_GOAL
8by8,3,l1,109,1,4.0,I-NTMCP l=1,1.0,PURSUER_WIN
8by8,3,l1,109,0,9.0,I-NTMCP l=1,1.0,EVADER_REACHED_GOAL
8by8,3,l1,109,1,11.0,I-NTMCP l=1,1.0,PURSUER_WIN
8by8,3,l1,109,0,9.0,I-NTMCP l=1,1.0,EVADER_REACHED_GOAL
8by8,3,l1,109,0,14.0,I-NTMCP l=1,1.0,EVADER_REACHED_GOAL
8by8,3,l1,109,0,12.0,I-NTMCP l=1,1.0,EVADER_REACHED_GOAL
8by8,3,l1,109,1,2.0,I-NTMCP l=1,1.0,PURSUER_WIN
8by8,3,l1,109,1,9.0,I-NTMCP l=1,1.0,PURSUER_WIN
8by8,3,mixed,100,1,10.0,shortest path,,PURSUER_WIN
8by8,3,mixed,100,0,9.0,I-NTMCP l=1,1.0,EVADER_REACHED_GOAL
8by8,3,mixed,100,1,2.0,I-NTMCP l=1,1.0,PURSUER_WIN
8by8,3,mixed,100,1,5.0,shortest path,,PURSUER_WIN
8by8,3,mixed,100,0,12.0,I-NTMCP l=1,1.0,EVADER_REACHED_GOAL
8by8,3,mixed,100,1,4.0,I-NTMCP l=0,0.0,PURSUER_WIN
8by8,3,mixed,100,1,4.0,I-NTMCP l=1,1.0,PURSUER_WIN
8by8,3,mixed,100,0,40.0,random,,OTHER_LOSS_OR_TIMEOUT
8by8,3,mixed,100,1,10.0,random,,PURSUER_WIN
8by8,3,mixed,100,0,40.0,random,,OTHER_LOSS_OR_TIMEOUT
8by8,3,mixed,100,1,5.0,I-NTMCP l=1,1.0,PURSUER_WIN
8by8,3,mixed,100,1,2.0,I-NTMCP l=0,0.0,PURSUER_WIN
8by8,3,mixed,100,0,40.0,random,,OTHER_LOSS_OR_TIMEOUT
8by8,3,mixed,100,1,3.0,shortest path,,PURSUER_WIN
8by8,3,mixed,100,1,5.0,I-NTMCP l=0,0.0,PURSUER_WIN
8by8,3,mixed,100,1,4.0,shortest path,,PURSUER_WIN
8by8,3,mixed,100,1,6.0,I-NTMCP l=0,0.0,PURSUER_WIN
8by8,3,mixed,100,0,9.0,shortest path,,EVADER_REACHED_GOAL
8by8,3,mixed,100,0,9.0,shortest path,,EVADER_REACHED_GOAL
8by8,3,mixed,100,1,4.0,shortest path,,PURSUER_WIN
8by8,3,mixed,100,1,4.0,shortest path,,PURSUER_WIN
8by8,3,mixed,100,0,16.0,I-NTMCP l=0,0.0,EVADER_REACHED_GOAL
8by8,3,mixed,100,1,4.0,I-NTMCP l=0,0.0,PURSUER_WIN
8by8,3,mixed,100,1,5.0,I-NTMCP l=1,1.0,PURSUER_WIN
8by8,3,mixed,100,1,2.0,shortest path,,PURSUER_WIN
8by8,3,mixed,100,1,7.0,I-NTMCP l=1,1.0,PURSUER_WIN
8by8,3,mixed,100,0,16.0,I-NTMCP l=1,1.0,EVADER_REACHED_GOAL
8by8,3,mixed,100,0,12.0,I-NTMCP l=0,0.0,EVADER_REACHED_GOAL
8by8,3,mixed,100,0,13.0,I-NTMCP l=1,1.0,EVADER_REACHED_GOAL
8by8,3,mixed,100,0,11.0,shortest path,,EVADER_REACHED_GOAL
8by8,3,mixed,100,1,2.0,random,,PURSUER_WIN
8by8,3,mixed,100,0,9.0,shortest path,,EVADER_REACHED_GOAL
8by8,3,mixed,100,1,2.0,random,,PURSUER_WIN
8by8,3,mixed,100,0,12.0,I-NTMCP l=1,1.0,EVADER_REACHED_GOAL
8by8,3,mixed,100,0,9.0,shortest path,,EVADER_REACHED_GOAL
8by8,3,mixed,100,0,9.0,shortest path,,EVADER_REACHED_GOAL
8by8,3,mixed,100,0,15.0,shortest path,,EVADER_REACHED_GOAL
8by8,3,mixed,100,1,4.0,shortest path,,PURSUER_WIN
8by8,3,mixed,100,1,11.0,random,,PURSUER_WIN
8by8,3,mixed,100,1,25.0,shortest path,,PURSUER_WIN
8by8,3,mixed,100,1,4.0,I-NTMCP l=1,1.0,PURSUER_WIN
8by8,3,mixed,100,1,7.0,I-NTMCP l=1,1.0,PURSUER_WIN
8by8,3,mixed,100,1,2.0,shortest path,,PURSUER_WIN
8by8,3,mixed,100,1,5.0,random,,PURSUER_WIN
8by8,3,mixed,100,1,24.0,shortest path,,PURSUER_WIN
8by8,3,mixed,100,0,9.0,I-NTMCP l=0,0.0,EVADER_REACHED_GOAL
8by8,3,mixed,100,1,5.0,I-NTMCP l=0,0.0,PURSUER_WIN
8by8,3,mixed,100,0,16.0,I-NTMCP l=0,0.0,EVADER_REACHED_GOAL
8by8,3,mixed,100,0,10.0,I-NTMCP l=0,0.0,EVADER_REACHED_GOAL
8by8,3,mixed,100,0,15.0,I-NTMCP l=1,1.0,EVADER_REACHED_GOAL
8by8,3,mixed,101,0,14.0,shortest path,,EVADER_REACHED_GOAL
8by8,3,mixed,101,1,2.0,I-NTMCP l=0,0.0,PURSUER_WIN
8by8,3,mixed,101,0,13.0,I-NTMCP l=1,1.0,EVADER_REACHED_GOAL
8by8,3,mixed,101,0,40.0,random,,OTHER_LOSS_OR_TIMEOUT
8by8,3,mixed,101,1,4.0,shortest path,,PURSUER_WIN
8by8,3,mixed,101,1,22.0,shortest path,,PURSUER_WIN
8by8,3,mixed,101,1,2.0,I-NTMCP l=0,0.0,PURSUER_WIN
8by8,3,mixed,101,1,5.0,I-NTMCP l=1,1.0,PURSUER_WIN
8by8,3,mixed,101,0,11.0,shortest path,,EVADER_REACHED_GOAL
8by8,3,mixed,101,0,9.0,I-NTMCP l=0,0.0,EVADER_REACHED_GOAL
8by8,3,mixed,101,0,14.0,I-NTMCP l=1,1.0,EVADER_REACHED_GOAL
8by8,3,mixed,101,0,40.0,random,,OTHER_LOSS_OR_TIMEOUT
8by8,3,mixed,101,0,16.0,I-NTMCP l=0,0.0,EVADER_REACHED_GOAL
8by8,3,mixed,101,1,4.0,shortest path,,PURSUER_WIN
8by8,3,mixed,101,1,4.0,shortest path,,PURSUER_WIN
8by8,3,mixed,101,1,3.0,random,,PURSUER_WIN
8by8,3,mixed,101,0,15.0,I-NTMCP l=1,1.0,EVADER_REACHED_GOAL
8by8,3,mixed,101,1,2.0,I-NTMCP l=0,0.0,PURSUER_WIN
8by8,3,mixed,101,1,7.0,shortest path,,PURSUER_WIN
8by8,3,mixed,101,1,2.0,I-NTMCP l=1,1.0,PURSUER_WIN
8by8,3,mixed,101,1,2.0,I-NTMCP l=0,0.0,PURSUER_WIN
8by8,3,mixed,101,1,2.0,shortest path,,PURSUER_WIN
8by8,3,mixed,101,1,13.0,I-NTMCP l=1,1.0,PURSUER_WIN
8by8,3,mixed,101,0,9.0,I-NTMCP l=1,1.0,EVADER_REACHED_GOAL
8by8,3,mixed,101,1,16.0,shortest path,,PURSUER_WIN
8by8,3,mixed,101,1,13.0,random,,PURSUER_WIN
8by8,3,mixed,101,1,2.0,I-NTMCP l=1,1.0,PURSUER_WIN
8by8,3,mixed,101,1,10.0,I-NTMCP l=1,1.0,PURSUER_WIN
8by8,3,mixed,101,1,2.0,I-NTMCP l=0,0.0,PURSUER_WIN
8by8,3,mixed,101,0,9.0,shortest path,,EVADER_REACHED_GOAL
8by8,3,mixed,101,1,13.0,random,,PURSUER_WIN
8by8,3,mixed,101,0,10.0,I-NTMCP l=0,0.0,EVADER_REACHED_GOAL
8by8,3,mixed,101,1,4.0,I-NTMCP l=0,0.0,PURSUER_WIN
8by8,3,mixed,101,1,5.0,I-NTMCP l=1,1.0,PURSUER_WIN
8by8,3,mixed,101,1,5.0,I-NTMCP l=1,1.0,PURSUER_WIN
8by8,3,mixed,101,1,20.0,shortest path,,PURSUER_WIN
8by8,3,mixed,101,1,6.0,I-NTMCP l=1,1.0,PURSUER_WIN
8by8,3,mixed,101,1,9.0,random,,PURSUER_WIN
8by8,3,mixed,101,1,5.0,I-NTMCP l=1,1.0,PURSUER_WIN
8by8,3,mixed,101,0,9.0,I-NTMCP l=1,1.0,EVADER_REACHED_GOAL
8by8,3,mixed,101,1,5.0,random,,PURSUER_WIN
8by8,3,mixed,101,1,5.0,I-NTMCP l=1,1.0,PURSUER_WIN
8by8,3,mixed,101,1,4.0,shortest path,,PURSUER_WIN
8by8,3,mixed,101,1,5.0,random,,PURSUER_WIN
8by8,3,mixed,101,1,6.0,I-NTMCP l=0,0.0,PURSUER_WIN
8by8,3,mixed,101,1,5.0,random,,PURSUER_WIN
8by8,3,mixed,101,0,13.0,I-NTMCP l=0,0.0,EVADER_REACHED_GOAL
8by8,3,mixed,101,1,2.0,I-NTMCP l=0,0.0,PURSUER_WIN
8by8,3,mixed,101,1,31.0,random,,PURSUER_WIN
8by8,3,mixed,101,0,9.0,I-NTMCP l=0,0.0,EVADER_REACHED_GOAL
8by8,3,mixed,102,1,4.0,shortest path,,PURSUER_WIN
8by8,3,mixed,102,0,9.0,I-NTMCP l=0,0.0,EVADER_REACHED_GOAL
8by8,3,mixed,102,0,40.0,shortest path,,EVADER_REACHED_GOAL
8by8,3,mixed,102,1,4.0,shortest path,,PURSUER_WIN
8by8,3,mixed,102,0,9.0,I-NTMCP l=1,1.0,EVADER_REACHED_GOAL
8by8,3,mixed,102,0,10.0,I-NTMCP l=0,0.0,EVADER_REACHED_GOAL
8by8,3,mixed,102,1,5.0,I-NTMCP l=1,1.0,PURSUER_WIN
8by8,3,mixed,102,0,40.0,random,,OTHER_LOSS_OR_TIMEOUT
8by8,3,mixed,102,1,21.0,shortest path,,PURSUER_WIN
8by8,3,mixed,102,1,4.0,I-NTMCP l=1,1.0,PURSUER_WIN
8by8,3,mixed,102,1,7.0,I-NTMCP l=1,1.0,PURSUER_WIN
8by8,3,mixed,102,1,7.0,shortest path,,PURSUER_WIN
8by8,3,mixed,102,1,4.0,shortest path,,PURSUER_WIN
8by8,3,mixed,102,1,5.0,random,,PURSUER_WIN
8by8,3,mixed,102,1,8.0,random,,PURSUER_WIN
8by8,3,mixed,102,0,9.0,shortest path,,EVADER_REACHED_GOAL
8by8,3,mixed,102,0,12.0,I-NTMCP l=1,1.0,EVADER_REACHED_GOAL
8by8,3,mixed,102,1,2.0,shortest path,,PURSUER_WIN
8by8,3,mixed,102,1,5.0,shortest path,,PURSUER_WIN
8by8,3,mixed,102,0,9.0,I-NTMCP l=1,1.0,EVADER_REACHED_GOAL
8by8,3,mixed,102,1,4.0,I-NTMCP l=1,1.0,PURSUER_WIN
8by8,3,mixed,102,0,10.0,I-NTMCP l=1,1.0,EVADER_REACHED_GOAL
8by8,3,mixed,102,1,12.0,random,,PURSUER_WIN
8by8,3,mixed,102,1,18.0,shortest path,,PURSUER_WIN
8by8,3,mixed,102,1,37.0,random,,PURSUER_WIN
8by8,3,mixed,102,1,2.0,I-NTMCP l=0,0.0,PURSUER_WIN
8by8,3,mixed,102,1,4.0,I-NTMCP l=1,1.0,PURSUER_WIN
8by8,3,mixed,102,1,4.0,shortest path,,PURSUER_WIN
8by8,3,mixed,102,0,12.0,I-NTMCP l=1,1.0,EVADER_REACHED_GOAL
8by8,3,mixed,102,1,2.0,I-NTMCP l=1,1.0,PURSUER_WIN
8by8,3,mixed,102,0,14.0,I-NTMCP l=1,1.0,EVADER_REACHED_GOAL
8by8,3,mixed,102,0,14.0,shortest path,,EVADER_REACHED_GOAL
8by8,3,mixed,102,0,17.0,shortest path,,EVADER_REACHED_GOAL
8by8,3,mixed,102,1,2.0,I-NTMCP l=0,0.0,PURSUER_WIN
8by8,3,mixed,102,1,2.0,shortest path,,PURSUER_WIN
8by8,3,mixed,102,1,13.0,random,,PURSUER_WIN
8by8,3,mixed,102,0,11.0,shortest path,,EVADER_REACHED_GOAL
8by8,3,mixed,102,0,10.0,I-NTMCP l=0,0.0,EVADER_REACHED_GOAL
8by8,3,mixed,102,0,10.0,I-NTMCP l=1,1.0,EVADER_REACHED_GOAL
8by8,3,mixed,102,1,4.0,shortest path,,PURSUER_WIN
8by8,3,mixed,102,1,5.0,I-NTMCP l=1,1.0,PURSUER_WIN
8by8,3,mixed,102,0,9.0,I-NTMCP l=0,0.0,EVADER_REACHED_GOAL
8by8,3,mixed,102,0,9.0,I-NTMCP l=0,0.0,EVADER_REACHED_GOAL
8by8,3,mixed,102,0,12.0,I-NTMCP l=1,1.0,EVADER_REACHED_GOAL
8by8,3,mixed,102,1,3.0,I-NTMCP l=1,1.0,PURSUER_WIN
8by8,3,mixed,102,1,5.0,shortest path,,PURSUER_WIN
8by8,3,mixed,102,0,12.0,I-NTMCP l=1,1.0,EVADER_REACHED_GOAL
8by8,3,mixed,102,1,2.0,shortest path,,PURSUER_WIN
8by8,3,mixed,102,1,2.0,shortest path,,PURSUER_WIN
8by8,3,mixed,102,1,4.0,shortest path,,PURSUER_WIN
8by8,3,mixed,103,1,4.0,I-NTMCP l=1,1.0,PURSUER_WIN
8by8,3,mixed,103,1,4.0,shortest path,,PURSUER_WIN
8by8,3,mixed,103,1,20.0,random,,PURSUER_WIN
8by8,3,mixed,103,0,40.0,random,,OTHER_LOSS_OR_TIMEOUT
8by8,3,mixed,103,0,9.0,I-NTMCP l=1,1.0,EVADER_REACHED_GOAL
8by8,3,mixed,103,1,3.0,I-NTMCP l=1,1.0,PURSUER_WIN
8by8,3,mixed,103,0,9.0,I-NTMCP l=0,0.0,EVADER_REACHED_GOAL
8by8,3,mixed,103,1,11.0,random,,PURSUER_WIN
8by8,3,mixed,103,1,4.0,I-NTMCP l=1,1.0,PURSUER_WIN
8by8,3,mixed,103,1,17.0,random,,PURSUER_WIN
8by8,3,mixed,103,1,5.0,shortest path,,PURSUER_WIN
8by8,3,mixed,103,1,4.0,shortest path,,PURSUER_WIN
8by8,3,mixed,103,1,19.0,random,,PURSUER_WIN
8by8,3,mixed,103,1,12.0,random,,PURSUER_WIN
8by8,3,mixed,103,1,22.0,shortest path,,PURSUER_WIN
8by8,3,mixed,103,1,10.0,random,,PURSUER_WIN
8by8,3,mixed,103,1,13.0,shortest path,,PURSUER_WIN
8by8,3,mixed,103,0,12.0,I-NTMCP l=0,0.0,EVADER_REACHED_GOAL
8by8,3,mixed,103,0,9.0,shortest path,,EVADER_REACHED_GOAL
8by8,3,mixed,103,1,4.0,I-NTMCP l=1,1.0,PURSUER_WIN
8by8,3,mixed,103,1,5.0,I-NTMCP l=1,1.0,PURSUER_WIN
8by8,3,mixed,103,1,7.0,shortest path,,PURSUER_WIN
8by8,3,mixed,103,1,7.0,shortest path,,PURSUER_WIN
8by8,3,mixed,103,1,11.0,random,,PURSUER_WIN
8by8,3,mixed,103,0,12.0,I-NTMCP l=0,0.0,EVADER_REACHED_GOAL
8by8,3,mixed,103,1,9.0,shortest path,,PURSUER_WIN
8by8,3,mixed,103,1,2.0,shortest path,,PURSUER_WIN
8by8,3,mixed,103,1,4.0,I-NTMCP l=1,1.0,PURSUER_WIN
8by8,3,mixed,103,1,2.0,I-NTMCP l=0,0.0,PURSUER_WIN
8by8,3,mixed,103,1,3.0,I-NTMCP l=0,0.0,PURSUER_WIN
8by8,3,mixed,103,1,4.0,shortest path,,PURSUER_WIN
8by8,3,mixed,103,0,9.0,I-NTMCP l=1,1.0,EVADER_REACHED_GOAL
8by8,3,mixed,103,1,4.0,shortest path,,PURSUER_WIN
8by8,3,mixed,103,1,4.0,I-NTMCP l=0,0.0,PURSUER_WIN
8by8,3,mixed,103,1,19.0,random,,PURSUER_WIN
8by8,3,mixed,103,0,15.0,I-NTMCP l=1,1.0,EVADER_REACHED_GOAL
8by8,3,mixed,103,1,8.0,shortest path,,PURSUER_WIN
8by8,3,mixed,103,1,10.0,shortest path,,PURSUER_WIN
8by8,3,mixed,103,0,9.0,I-NTMCP l=1,1.0,EVADER_REACHED_GOAL
8by8,3,mixed,103,1,2.0,I-NTMCP l=0,0.0,PURSUER_WIN
8by8,3,mixed,103,1,4.0,random,,PURSUER_WIN
8by8,3,mixed,103,0,14.0,I-NTMCP l=1,1.0,EVADER_REACHED_GOAL
8by8,3,mixed,103,1,5.0,I-NTMCP l=0,0.0,PURSUER_WIN
8by8,3,mixed,103,1,17.0,random,,PURSUER_WIN
8by8,3,mixed,103,1,2.0,random,,PURSUER_WIN
8by8,3,mixed,103,0,10.0,I-NTMCP l=0,0.0,EVADER_REACHED_GOAL
8by8,3,mixed,103,0,12.0,I-NTMCP l=1,1.0,EVADER_REACHED_GOAL
8by8,3,mixed,103,1,5.0,random,,PURSUER_WIN
8by8,3,mixed,103,1,7.0,random,,PURSUER_WIN
8by8,3,mixed,103,0,16.0,I-NTMCP l=1,1.0,EVADER_REACHED_GOAL
8by8,3,mixed,104,1,7.0,random,,PURSUER_WIN
8by8,3,mixed,104,1,2.0,shortest path,,PURSUER_WIN
8by8,3,mixed,104,1,6.0,shortest path,,PURSUER_WIN
8by8,3,mixed,104,1,8.0,I-NTMCP l=1,1.0,PURSUER_WIN
8by8,3,mixed,104,0,10.0,I-NTMCP l=0,0.0,EVADER_REACHED_GOAL
8by8,3,mixed,104,1,21.0,random,,PURSUER_WIN
8by8,3,mixed,104,1,19.0,shortest path,,PURSUER_WIN
8by8,3,mixed,104,1,7.0,random,,PURSUER_WIN
8by8,3,mixed,104,0,16.0,shortest path,,EVADER_REACHED_GOAL
8by8,3,mixed,104,1,8.0,random,,PURSUER_WIN
8by8,3,mixed,104,1,2.0,shortest path,,PURSUER_WIN
8by8,3,mixed,104,1,20.0,random,,PURSUER_WIN
8by8,3,mixed,104,0,40.0,random,,OTHER_LOSS_OR_TIMEOUT
8by8,3,mixed,104,0,9.0,I-NTMCP l=0,0.0,EVADER_REACHED_GOAL
8by8,3,mixed,104,1,5.0,I-NTMCP l=0,0.0,PURSUER_WIN
8by8,3,mixed,104,1,13.0,random,,PURSUER_WIN
8by8,3,mixed,104,0,11.0,shortest path,,EVADER_REACHED_GOAL
8by8,3,mixed,104,1,2.0,I-NTMCP l=0,0.0,PURSUER_WIN
8by8,3,mixed,104,1,5.0,I-NTMCP l=1,1.0,PURSUER_WIN
8by8,3,mixed,104,0,10.0,I-NTMCP l=0,0.0,EVADER_REACHED_GOAL
8by8,3,mixed,104,1,7.0,shortest path,,PURSUER_WIN
8by8,3,mixed,104,0,10.0,I-NTMCP l=0,0.0,EVADER_REACHED_GOAL
8by8,3,mixed,104,0,10.0,I-NTMCP l=1,1.0,EVADER_REACHED_GOAL
8by8,3,mixed,104,1,13.0,random,,PURSUER_WIN
8by8,3,mixed,104,1,2.0,I-NTMCP l=1,1.0,PURSUER_WIN
8by8,3,mixed,104,0,9.0,I-NTMCP l=1,1.0,EVADER_REACHED_GOAL
8by8,3,mixed,104,1,7.0,shortest path,,PURSUER_WIN
8by8,3,mixed,104,1,4.0,I-NTMCP l=0,0.0,PURSUER_WIN
8by8,3,mixed,104,1,7.0,shortest path,,PURSUER_WIN
8by8,3,mixed,104,1,7.0,random,,PURSUER_WIN
8by8,3,mixed,104,1,9.0,random,,PURSUER_WIN
8by8,3,mixed,104,1,4.0,random,,PURSUER_WIN
8by8,3,mixed,104,1,5.0,random,,PURSUER_WIN
8by8,3,mixed,104,1,4.0,shortest path,,PURSUER_WIN
8by8,3,mixed,104,1,5.0,I-NTMCP l=0,0.0,PURSUER_WIN
8by8,3,mixed,104,0,15.0,I-NTMCP l=1,1.0,EVADER_REACHED_GOAL
8by8,3,mixed,104,1,4.0,I-NTMCP l=0,0.0,PURSUER_WIN
8by8,3,mixed,104,1,2.0,random,,PURSUER_WIN
8by8,3,mixed,104,1,4.0,I-NTMCP l=0,0.0,PURSUER_WIN
8by8,3,mixed,104,1,6.0,shortest path,,PURSUER_WIN
8by8,3,mixed,104,0,40.0,random,,OTHER_LOSS_OR_TIMEOUT
8by8,3,mixed,104,1,12.0,random,,PURSUER_WIN
8by8,3,mixed,104,0,9.0,I-NTMCP l=1,1.0,EVADER_REACHED_GOAL
8by8,3,mixed,104,0,13.0,I-NTMCP l=1,1.0,EVADER_REACHED_GOAL
8by8,3,mixed,104,0,11.0,shortest path,,EVADER_REACHED_GOAL
8by8,3,mixed,104,1,2.0,shortest path,,PURSUER_WIN
8by8,3,mixed,104,1,4.0,shortest path,,PURSUER_WIN
8by8,3,mixed,104,0,17.0,shortest path,,EVADER_REACHED_GOAL
8by8,3,mixed,104,0,15.0,shortest path,,EVADER_REACHED_GOAL
8by8,3,mixed,104,1,11.0,random,,PURSUER_WIN
8by8,3,mixed,105,1,2.0,I-NTMCP l=0,0.0,PURSUER_WIN
8by8,3,mixed,105,1,10.0,random,,PURSUER_WIN
8by8,3,mixed,105,0,40.0,random,,OTHER_LOSS_OR_TIMEOUT
8by8,3,mixed,105,0,9.0,I-NTMCP l=0,0.0,EVADER_REACHED_GOAL
8by8,3,mixed,105,1,4.0,I-NTMCP l=0,0.0,PURSUER_WIN
8by8,3,mixed,105,1,4.0,I-NTMCP l=0,0.0,PURSUER_WIN
8by8,3,mixed,105,1,11.0,shortest path,,PURSUER_WIN
8by8,3,mixed,105,0,9.0,I-NTMCP l=0,0.0,EVADER_REACHED_GOAL
8by8,3,mixed,105,1,4.0,shortest path,,PURSUER_WIN
8by8,3,mixed,105,1,2.0,shortest path,,PURSUER_WIN
8by8,3,mixed,105,1,39.0,random,,PURSUER_WIN
8by8,3,mixed,105,1,4.0,I-NTMCP l=1,1.0,PURSUER_WIN
8by8,3,mixed,105,0,10.0,I-NTMCP l=0,0.0,EVADER_REACHED_GOAL
8by8,3,mixed,105,1,7.0,shortest path,,PURSUER_WIN
8by8,3,mixed,105,1,4.0,I-NTMCP l=1,1.0,PURSUER_WIN
8by8,3,mixed,105,0,12.0,I-NTMCP l=1,1.0,EVADER_REACHED_GOAL
8by8,3,mixed,105,1,2.0,I-NTMCP l=1,1.0,PURSUER_WIN
8by8,3,mixed,105,0,9.0,I-NTMCP l=1,1.0,EVADER_REACHED_GOAL
8by8,3,mixed,105,1,4.0,shortest path,,PURSUER_WIN
8by8,3,mixed,105,1,22.0,shortest path,,PURSUER_WIN
8by8,3,mixed,105,1,4.0,I-NTMCP l=0,0.0,PURSUER_WIN
8by8,3,mixed,105,0,12.0,I-NTMCP l=0,0.0,EVADER_REACHED_GOAL
8by8,3,mixed,105,1,26.0,random,,PURSUER_WIN
8by8,3,mixed,105,1,5.0,I-NTMCP l=0,0.0,PURSUER_WIN
8by8,3,mixed,105,0,40.0,random,,OTHER_LOSS_OR_TIMEOUT
8by8,3,mixed,105,1,2.0,I-NTMCP l=0,0.0,PURSUER_WIN
8by8,3,mixed,105,1,11.0,shortest path,,PURSUER_WIN
8by8,3,mixed,105,1,3.0,I-NTMCP l=1,1.0,PURSUER_WIN
8by8,3,mixed,105,1,2.0,I-NTMCP l=1,1.0,PURSUER_WIN
8by8,3,mixed,105,1,3.0,I-NTMCP l=1,1.0,PURSUER_WIN
8by8,3,mixed,105,0,9.0,I-NTMCP l=0,0.0,EVADER_REACHED_GOAL
8by8,3,mixed,105,1,29.0,random,,PURSUER_WIN
8by8,3,mixed,105,0,11.0,I-NTMCP l=1,1.0,EVADER_REACHED_GOAL
8by8,3,mixed,105,0,12.0,I-NTMCP l=0,0.0,EVADER_REACHED_GOAL
8by8,3,mixed,105,1,4.0,I-NTMCP l=0,0.0,PURSUER_WIN
8by8,3,mixed,105,0,12.0,I-NTMCP l=0,0.0,EVADER_REACHED_GOAL
8by8,3,mixed,105,1,4.0,shortest path,,PURSUER_WIN
8by8,3,mixed,105,1,10.0,random,,PURSUER_WIN
8by8,3,mixed,105,0,15.0,I-NTMCP l=1,1.0,EVADER_REACHED_GOAL
8by8,3,mixed,105,1,2.0,I-NTMCP l=1,1.0,PURSUER_WIN
8by8,3,mixed,105,0,10.0,I-NTMCP l=0,0.0,EVADER_REACHED_GOAL
8by8,3,mixed,105,0,40.0,random,,OTHER_LOSS_OR_TIMEOUT
8by8,3,mixed,105,1,2.0,shortest path,,PURSUER_WIN
8by8,3,mixed,105,0,9.0,shortest path,,EVADER_REACHED_GOAL
8by8,3,mixed,105,1,4.0,random,,PURSUER_WIN
8by8,3,mixed,105,0,9.0,shortest path,,EVADER_REACHED_GOAL
8by8,3,mixed,105,1,8.0,I-NTMCP l=0,0.0,PURSUER_WIN
8by8,3,mixed,105,1,2.0,I-NTMCP l=1,1.0,PURSUER_WIN
8by8,3,mixed,105,1,4.0,I-NTMCP l=1,1.0,PURSUER_WIN
8by8,3,mixed,105,1,14.0,shortest path,,PURSUER_WIN
8by8,3,mixed,106,1,4.0,I-NTMCP l=1,1.0,PURSUER_WIN
8by8,3,mixed,106,1,9.0,random,,PURSUER_WIN
8by8,3,mixed,106,1,4.0,I-NTMCP l=1,1.0,PURSUER_WIN
8by8,3,mixed,106,1,29.0,random,,PURSUER_WIN
8by8,3,mixed,106,1,10.0,I-NTMCP l=0,0.0,PURSUER_WIN
8by8,3,mixed,106,1,6.0,random,,PURSUER_WIN
8by8,3,mixed,106,1,4.0,shortest path,,PURSUER_WIN
8by8,3,mixed,106,0,13.0,I-NTMCP l=1,1.0,EVADER_REACHED_GOAL
8by8,3,mixed,106,0,10.0,I-NTMCP l=0,0.0,EVADER_REACHED_GOAL
8by8,3,mixed,106,1,4.0,I-NTMCP l=1,1.0,PURSUER_WIN
8by8,3,mixed,106,0,9.0,I-NTMCP l=1,1.0,EVADER_REACHED_GOAL
8by8,3,mixed,106,1,4.0,I-NTMCP l=0,0.0,PURSUER_WIN
8by8,3,mixed,106,1,7.0,shortest path,,PURSUER_WIN
8by8,3,mixed,106,1,4.0,I-NTMCP l=1,1.0,PURSUER_WIN
8by8,3,mixed,106,1,2.0,I-NTMCP l=0,0.0,PURSUER_WIN
8by8,3,mixed,106,1,2.0,I-NTMCP l=1,1.0,PURSUER_WIN
8by8,3,mixed,106,1,5.0,shortest path,,PURSUER_WIN
8by8,3,mixed,106,1,8.0,shortest path,,PURSUER_WIN
8by8,3,mixed,106,0,9.0,I-NTMCP l=0,0.0,EVADER_REACHED_GOAL
8by8,3,mixed,106,0,10.0,I-NTMCP l=0,0.0,EVADER_REACHED_GOAL
8by8,3,mixed,106,1,2.0,I-NTMCP l=1,1.0,PURSUER_WIN
8by8,3,mixed,106,1,4.0,I-NTMCP l=0,0.0,PURSUER_WIN
8by8,3,mixed,106,1,2.0,random,,PURSUER_WIN
8by8,3,mixed,106,1,3.0,I-NTMCP l=0,0.0,PURSUER_WIN
8by8,3,mixed,106,1,4.0,I-NTMCP l=0,0.0,PURSUER_WIN
8by8,3,mixed,106,0,10.0,I-NTMCP l=0,0.0,EVADER_REACHED_GOAL
8by8,3,mixed,106,0,13.0,shortest path,,EVADER_REACHED_GOAL
8by8,3,mixed,106,1,7.0,shortest path,,PURSUER_WIN
8by8,3,mixed,106,0,10.0,I-NTMCP l=1,1.0,EVADER_REACHED_GOAL
8by8,3,mixed,106,1,10.0,random,,PURSUER_WIN
8by8,3,mixed,106,1,26.0,random,,PURSUER_WIN
8by8,3,mixed,106,0,40.0,random,,OTHER_LOSS_OR_TIMEOUT
8by8,3,mixed,106,1,5.0,I-NTMCP l=0,0.0,PURSUER_WIN
8by8,3,mixed,106,1,5.0,random,,PURSUER_WIN
8by8,3,mixed,106,1,2.0,shortest path,,PURSUER_WIN
8by8,3,mixed,106,1,2.0,I-NTMCP l=0,0.0,PURSUER_WIN
8by8,3,mixed,106,1,4.0,I-NTMCP l=1,1.0,PURSUER_WIN
8by8,3,mixed,106,0,9.0,I-NTMCP l=0,0.0,EVADER_REACHED_GOAL
8by8,3,mixed,106,0,12.0,I-NTMCP l=0,0.0,EVADER_REACHED_GOAL
8by8,3,mixed,106,0,12.0,I-NTMCP l=1,1.0,EVADER_REACHED_GOAL
8by8,3,mixed,106,1,10.0,I-NTMCP l=1,1.0,PURSUER_WIN
8by8,3,mixed,106,0,30.0,I-NTMCP l=1,1.0,EVADER_REACHED_GOAL
8by8,3,mixed,106,0,9.0,shortest path,,EVADER_REACHED_GOAL
8by8,3,mixed,106,0,14.0,shortest path,,EVADER_REACHED_GOAL
8by8,3,mixed,106,0,12.0,shortest path,,EVADER_REACHED_GOAL
8by8,3,mixed,106,0,9.0,I-NTMCP l=1,1.0,EVADER_REACHED_GOAL
8by8,3,mixed,106,1,13.0,shortest path,,PURSUER_WIN
8by8,3,mixed,106,1,5.0,shortest path,,PURSUER_WIN
8by8,3,mixed,106,1,10.0,shortest path,,PURSUER_WIN
8by8,3,mixed,106,1,23.0,shortest path,,PURSUER_WIN
8by8,3,mixed,107,1,4.0,shortest path,,PURSUER_WIN
8by8,3,mixed,107,1,3.0,I-NTMCP l=1,1.0,PURSUER_WIN
8by8,3,mixed,107,1,2.0,I-NTMCP l=1,1.0,PURSUER_WIN
8by8,3,mixed,107,1,2.0,I-NTMCP l=0,0.0,PURSUER_WIN
8by8,3,mixed,107,1,3.0,shortest path,,PURSUER_WIN
8by8,3,mixed,107,0,9.0,I-NTMCP l=1,1.0,EVADER_REACHED_GOAL
8by8,3,mixed,107,1,7.0,random,,PURSUER_WIN
8by8,3,mixed,107,0,9.0,I-NTMCP l=0,0.0,EVADER_REACHED_GOAL
8by8,3,mixed,107,0,12.0,I-NTMCP l=0,0.0,EVADER_REACHED_GOAL
8by8,3,mixed,107,1,5.0,random,,PURSUER_WIN
8by8,3,mixed,107,0,12.0,I-NTMCP l=0,0.0,EVADER_REACHED_GOAL
8by8,3,mixed,107,1,4.0,I-NTMCP l=0,0.0,PURSUER_WIN
8by8,3,mixed,107,0,19.0,shortest path,,EVADER_REACHED_GOAL
8by8,3,mixed,107,1,28.0,shortest path,,PURSUER_WIN
8by8,3,mixed,107,1,3.0,shortest path,,PURSUER_WIN
8by8,3,mixed,107,1,5.0,shortest path,,PURSUER_WIN
8by8,3,mixed,107,1,5.0,shortest path,,PURSUER_WIN
8by8,3,mixed,107,1,3.0,shortest path,,PURSUER_WIN
8by8,3,mixed,107,0,12.0,I-NTMCP l=0,0.0,EVADER_REACHED_GOAL
8by8,3,mixed,107,1,5.0,random,,PURSUER_WIN
8by8,3,mixed,107,1,2.0,random,,PURSUER_WIN
8by8,3,mixed,107,1,4.0,shortest path,,PURSUER_WIN
8by8,3,mixed,107,1,10.0,random,,PURSUER_WIN
8by8,3,mixed,107,0,9.0,I-NTMCP l=1,1.0,EVADER_REACHED_GOAL
8by8,3,mixed,107,1,4.0,shortest path,,PURSUER_WIN
8by8,3,mixed,107,0,9.0,shortest path,,EVADER_REACHED_GOAL
8by8,3,mixed,107,0,9.0,I-NTMCP l=1,1.0,EVADER_REACHED_GOAL
8by8,3,mixed,107,0,9.0,I-NTMCP l=0,0.0,EVADER_REACHED_GOAL
8by8,3,mixed,107,1,9.0,random,,PURSUER_WIN
8by8,3,mixed,107,1,19.0,shortest path,,PURSUER_WIN
8by8,3,mixed,107,0,10.0,I-NTMCP l=0,0.0,EVADER_REACHED_GOAL
8by8,3,mixed,107,0,9.0,I-NTMCP l=1,1.0,EVADER_REACHED_GOAL
8by8,3,mixed,107,1,5.0,I-NTMCP l=1,1.0,PURSUER_WIN
8by8,3,mixed,107,1,4.0,shortest path,,PURSUER_WIN
8by8,3,mixed,107,1,4.0,random,,PURSUER_WIN
8by8,3,mixed,107,0,14.0,I-NTMCP l=0,0.0,EVADER_REACHED_GOAL
8by8,3,mixed,107,0,12.0,I-NTMCP l=1,1.0,EVADER_REACHED_GOAL
8by8,3,mixed,107,0,12.0,I-NTMCP l=0,0.0,EVADER_REACHED_GOAL
8by8,3,mixed,107,0,12.0,I-NTMCP l=0,0.0,EVADER_REACHED_GOAL
8by8,3,mixed,107,1,24.0,random,,PURSUER_WIN
8by8,3,mixed,107,1,4.0,I-NTMCP l=1,1.0,PURSUER_WIN
8by8,3,mixed,107,0,10.0,I-NTMCP l=0,0.0,EVADER_REACHED_GOAL
8by8,3,mixed,107,0,9.0,shortest path,,EVADER_REACHED_GOAL
8by8,3,mixed,107,0,12.0,shortest path,,EVADER_REACHED_GOAL
8by8,3,mixed,107,1,6.0,shortest path,,PURSUER_WIN
8by8,3,mixed,107,1,4.0,random,,PURSUER_WIN
8by8,3,mixed,107,0,17.0,I-NTMCP l=1,1.0,EVADER_REACHED_GOAL
8by8,3,mixed,107,1,20.0,shortest path,,PURSUER_WIN
8by8,3,mixed,107,1,8.0,shortest path,,PURSUER_WIN
8by8,3,mixed,107,1,4.0,I-NTMCP l=0,0.0,PURSUER_WIN
8by8,3,mixed,108,1,5.0,shortest path,,PURSUER_WIN
8by8,3,mixed,108,0,40.0,random,,OTHER_LOSS_OR_TIMEOUT
8by8,3,mixed,108,1,8.0,I-NTMCP l=1,1.0,PURSUER_WIN
8by8,3,mixed,108,1,11.0,I-NTMCP l=0,0.0,PURSUER_WIN
8by8,3,mixed,108,1,3.0,I-NTMCP l=1,1.0,PURSUER_WIN
8by8,3,mixed,108,1,2.0,shortest path,,PURSUER_WIN
8by8,3,mixed,108,1,33.0,random,,PURSUER_WIN
8by8,3,mixed,108,1,5.0,I-NTMCP l=0,0.0,PURSUER_WIN
8by8,3,mixed,108,1,19.0,shortest path,,PURSUER_WIN
8by8,3,mixed,108,1,15.0,shortest path,,PURSUER_WIN
8by8,3,mixed,108,0,13.0,shortest path,,EVADER_REACHED_GOAL
8by8,3,mixed,108,1,2.0,I-NTMCP l=0,0.0,PURSUER_WIN
8by8,3,mixed,108,1,4.0,shortest path,,PURSUER_WIN
8by8,3,mixed,108,1,17.0,random,,PURSUER_WIN
8by8,3,mixed,108,1,2.0,shortest path,,PURSUER_WIN
8by8,3,mixed,108,1,4.0,random,,PURSUER_WIN
8by8,3,mixed,108,0,11.0,I-NTMCP l=1,1.0,EVADER_REACHED_GOAL
8by8,3,mixed,108,0,40.0,random,,OTHER_LOSS_OR_TIMEOUT
8by8,3,mixed,108,1,4.0,I-NTMCP l=0,0.0,PURSUER_WIN
8by8,3,mixed,108,0,9.0,I-NTMCP l=1,1.0,EVADER_REACHED_GOAL
8by8,3,mixed,108,0,9.0,shortest path,,EVADER_REACHED_GOAL
8by8,3,mixed,108,0,40.0,random,,OTHER_LOSS_OR_TIMEOUT
8by8,3,mixed,108,0,10.0,I-NTMCP l=1,1.0,EVADER_REACHED_GOAL
8by8,3,mixed,108,1,12.0,random,,PURSUER_WIN
8by8,3,mixed,108,0,12.0,I-NTMCP l=0,0.0,EVADER_REACHED_GOAL
8by8,3,mixed,108,1,4.0,I-NTMCP l=0,0.0,PURSUER_WIN
8by8,3,mixed,108,1,8.0,shortest path,,PURSUER_WIN
8by8,3,mixed,108,1,13.0,shortest path,,PURSUER_WIN
8by8,3,mixed,108,0,12.0,I-NTMCP l=1,1.0,EVADER_REACHED_GOAL
8by8,3,mixed,108,1,7.0,shortest path,,PURSUER_WIN
8by8,3,mixed,108,1,7.0,random,,PURSUER_WIN
8by8,3,mixed,108,1,26.0,random,,PURSUER_WIN
8by8,3,mixed,108,0,10.0,I-NTMCP l=1,1.0,EVADER_REACHED_GOAL
8by8,3,mixed,108,1,3.0,random,,PURSUER_WIN
8by8,3,mixed,108,0,10.0,I-NTMCP l=1,1.0,EVADER_REACHED_GOAL
8by8,3,mixed,108,0,18.0,shortest path,,EVADER_REACHED_GOAL
8by8,3,mixed,108,0,9.0,I-NTMCP l=0,0.0,EVADER_REACHED_GOAL
8by8,3,mixed,108,1,2.0,shortest path,,PURSUER_WIN
8by8,3,mixed,108,1,4.0,I-NTMCP l=1,1.0,PURSUER_WIN
8by8,3,mixed,108,1,5.0,random,,PURSUER_WIN
8by8,3,mixed,108,0,9.0,I-NTMCP l=0,0.0,EVADER_REACHED_GOAL
8by8,3,mixed,108,1,3.0,shortest path,,PURSUER_WIN
8by8,3,mixed,108,0,13.0,shortest path,,EVADER_REACHED_GOAL
8by8,3,mixed,108,1,4.0,I-NTMCP l=0,0.0,PURSUER_WIN
8by8,3,mixed,108,0,14.0,shortest path,,EVADER_REACHED_GOAL
8by8,3,mixed,108,1,18.0,random,,PURSUER_WIN
8by8,3,mixed,108,1,2.0,shortest path,,PURSUER_WIN
8by8,3,mixed,108,1,4.0,I-NTMCP l=1,1.0,PURSUER_WIN
8by8,3,mixed,108,1,5.0,I-NTMCP l=1,1.0,PURSUER_WIN
8by8,3,mixed,108,1,4.0,shortest path,,PURSUER_WIN
8by8,3,mixed,109,0,9.0,I-NTMCP l=0,0.0,EVADER_REACHED_GOAL
8by8,3,mixed,109,1,17.0,shortest path,,PURSUER_WIN
8by8,3,mixed,109,1,5.0,I-NTMCP l=1,1.0,PURSUER_WIN
8by8,3,mixed,109,0,9.0,I-NTMCP l=1,1.0,EVADER_REACHED_GOAL
8by8,3,mixed,109,1,8.0,random,,PURSUER_WIN
8by8,3,mixed,109,0,40.0,random,,OTHER_LOSS_OR_TIMEOUT
8by8,3,mixed,109,1,6.0,shortest path,,PURSUER_WIN
8by8,3,mixed,109,0,12.0,I-NTMCP l=1,1.0,EVADER_REACHED_GOAL
8by8,3,mixed,109,0,10.0,I-NTMCP l=0,0.0,EVADER_REACHED_GOAL
8by8,3,mixed,109,1,7.0,random,,PURSUER_WIN
8by8,3,mixed,109,1,7.0,shortest path,,PURSUER_WIN
8by8,3,mixed,109,1,2.0,I-NTMCP l=1,1.0,PURSUER_WIN
8by8,3,mixed,109,1,5.0,I-NTMCP l=0,0.0,PURSUER_WIN
8by8,3,mixed,109,0,9.0,I-NTMCP l=1,1.0,EVADER_REACHED_GOAL
8by8,3,mixed,109,0,9.0,shortest path,,EVADER_REACHED_GOAL
8by8,3,mixed,109,1,2.0,I-NTMCP l=0,0.0,PURSUER_WIN
8by8,3,mixed,109,0,9.0,I-NTMCP l=0,0.0,EVADER_REACHED_GOAL
8by8,3,mixed,109,0,40.0,random,,OTHER_LOSS_OR_TIMEOUT
8by8,3,mixed,109,0,11.0,shortest path,,EVADER_REACHED_GOAL
8by8,3,mixed,109,0,40.0,random,,OTHER_LOSS_OR_TIMEOUT
8by8,3,mixed,109,0,9.0,I-NTMCP l=0,0.0,EVADER_REACHED_GOAL
8by8,3,mixed,109,1,2.0,shortest path,,PURSUER_WIN
8by8,3,mixed,109,0,15.0,shortest path,,EVADER_REACHED_GOAL
8by8,3,mixed,109,1,4.0,shortest path,,PURSUER_WIN
8by8,3,mixed,109,1,8.0,I-NTMCP l=1,1.0,PURSUER_WIN
8by8,3,mixed,109,1,4.0,I-NTMCP l=1,1.0,PURSUER_WIN
8by8,3,mixed,109,1,15.0,shortest path,,PURSUER_WIN
8by8,3,mixed,109,0,14.0,I-NTMCP l=1,1.0,EVADER_REACHED_GOAL
8by8,3,mixed,109,0,10.0,I-NTMCP l=0,0.0,EVADER_REACHED_GOAL
8by8,3,mixed,109,1,15.0,shortest path,,PURSUER_WIN
8by8,3,mixed,109,0,9.0,shortest path,,EVADER_REACHED_GOAL
8by8,3,mixed,109,0,40.0,random,,OTHER_LOSS_OR_TIMEOUT
8by8,3,mixed,109,1,32.0,random,,PURSUER_WIN
8by8,3,mixed,109,1,5.0,I-NTMCP l=1,1.0,PURSUER_WIN
8by8,3,mixed,109,1,4.0,I-NTMCP l=1,1.0,PURSUER_WIN
8by8,3,mixed,109,0,10.0,I-NTMCP l=1,1.0,EVADER_REACHED_GOAL
8by8,3,mixed,109,1,4.0,random,,PURSUER_WIN
8by8,3,mixed,109,1,5.0,I-NTMCP l=0,0.0,PURSUER_WIN
8by8,3,mixed,109,1,24.0,shortest path,,PURSUER_WIN
8by8,3,mixed,109,1,2.0,I-NTMCP l=1,1.0,PURSUER_WIN
8by8,3,mixed,109,1,6.0,random,,PURSUER_WIN
8by8,3,mixed,109,1,2.0,random,,PURSUER_WIN
8by8,3,mixed,109,1,4.0,I-NTMCP l=0,0.0,PURSUER_WIN
8by8,3,mixed,109,1,2.0,I-NTMCP l=1,1.0,PURSUER_WIN
8by8,3,mixed,109,1,4.0,I-NTMCP l=0,0.0,PURSUER_WIN
8by8,3,mixed,109,0,12.0,I-NTMCP l=1,1.0,EVADER_REACHED_GOAL
8by8,3,mixed,109,1,7.0,random,,PURSUER_WIN
8by8,3,mixed,109,0,40.0,random,,OTHER_LOSS_OR_TIMEOUT
8by8,3,mixed,109,1,4.0,I-NTMCP l=1,1.0,PURSUER_WIN
8by8,3,mixed,109,1,21.0,random,,PURSUER_WIN
maze8,0,l0,100,1,3.0,I-NTMCP l=0,0.0,PURSUER_WIN
maze8,0,l0,100,1,10.0,I-NTMCP l=0,0.0,PURSUER_WIN
maze8,0,l0,100,0,11.0,I-NTMCP l=0,0.0,EVADER_REACHED_GOAL
maze8,0,l0,100,1,11.0,I-NTMCP l=0,0.0,PURSUER_WIN
maze8,0,l0,100,0,11.0,I-NTMCP l=0,0.0,EVADER_REACHED_GOAL
maze8,0,l0,100,1,5.0,I-NTMCP l=0,0.0,PURSUER_WIN
maze8,0,l0,100,1,3.0,I-NTMCP l=0,0.0,PURSUER_WIN
maze8,0,l0,100,1,8.0,I-NTMCP l=0,0.0,PURSUER_WIN
maze8,0,l0,100,0,11.0,I-NTMCP l=0,0.0,EVADER_REACHED_GOAL
maze8,0,l0,100,1,12.0,I-NTMCP l=0,0.0,PURSUER_WIN
maze8,0,l0,100,1,3.0,I-NTMCP l=0,0.0,PURSUER_WIN
maze8,0,l0,100,1,8.0,I-NTMCP l=0,0.0,PURSUER_WIN
maze8,0,l0,100,1,1.0,I-NTMCP l=0,0.0,PURSUER_WIN
maze8,0,l0,100,1,3.0,I-NTMCP l=0,0.0,PURSUER_WIN
maze8,0,l0,100,1,2.0,I-NTMCP l=0,0.0,PURSUER_WIN
maze8,0,l0,100,1,3.0,I-NTMCP l=0,0.0,PURSUER_WIN
maze8,0,l0,100,0,9.0,I-NTMCP l=0,0.0,EVADER_REACHED_GOAL
maze8,0,l0,100,1,8.0,I-NTMCP l=0,0.0,PURSUER_WIN
maze8,0,l0,100,0,11.0,I-NTMCP l=0,0.0,EVADER_REACHED_GOAL
maze8,0,l0,100,1,3.0,I-NTMCP l=0,0.0,PURSUER_WIN
maze8,0,l0,100,0,13.0,I-NTMCP l=0,0.0,EVADER_REACHED_GOAL
maze8,0,l0,100,1,10.0,I-NTMCP l=0,0.0,PURSUER_WIN
maze8,0,l0,100,0,11.0,I-NTMCP l=0,0.0,EVADER_REACHED_GOAL
maze8,0,l0,100,0,11.0,I-NTMCP l=0,0.0,EVADER_REACHED_GOAL
maze8,0,l0,100,1,9.0,I-NTMCP l=0,0.0,PURSUER_WIN
maze8,0,l0,100,1,3.0,I-NTMCP l=0,0.0,PURSUER_WIN
maze8,0,l0,100,0,11.0,I-NTMCP l=0,0.0,EVADER_REACHED_GOAL
maze8,0,l0,100,1,3.0,I-NTMCP l=0,0.0,PURSUER_WIN
maze8,0,l0,100,1,8.0,I-NTMCP l=0,0.0,PURSUER_WIN
maze8,0,l0,100,1,8.0,I-NTMCP l=0,0.0,PURSUER_WIN
maze8,0,l0,100,0,11.0,I-NTMCP l=0,0.0,EVADER_REACHED_GOAL
maze8,0,l0,100,0,13.0,I-NTMCP l=0,0.0,EVADER_REACHED_GOAL
maze8,0,l0,100,0,11.0,I-NTMCP l=0,0.0,EVADER_REACHED_GOAL
maze8,0,l0,100,0,11.0,I-NTMCP l=0,0.0,EVADER_REACHED_GOAL
maze8,0,l0,100,0,13.0,I-NTMCP l=0,0.0,EVADER_REACHED_GOAL
maze8,0,l0,100,0,9.0,I-NTMCP l=0,0.0,EVADER_REACHED_GOAL
maze8,0,l0,100,0,11.0,I-NTMCP l=0,0.0,EVADER_REACHED_GOAL
maze8,0,l0,100,1,4.0,I-NTMCP l=0,0.0,PURSUER_WIN
maze8,0,l0,100,1,3.0,I-NTMCP l=0,0.0,PURSUER_WIN
maze8,0,l0,100,0,11.0,I-NTMCP l=0,0.0,EVADER_REACHED_GOAL
maze8,0,l0,100,1,13.0,I-NTMCP l=0,0.0,PURSUER_WIN
maze8,0,l0,100,1,2.0,I-NTMCP l=0,0.0,PURSUER_WIN
maze8,0,l0,100,1,9.0,I-NTMCP l=0,0.0,PURSUER_WIN
maze8,0,l0,100,1,7.0,I-NTMCP l=0,0.0,PURSUER_WIN
maze8,0,l0,100,1,10.0,I-NTMCP l=0,0.0,PURSUER_WIN
maze8,0,l0,100,0,20.0,I-NTMCP l=0,0.0,EVADER_REACHED_GOAL
maze8,0,l0,100,0,11.0,I-NTMCP l=0,0.0,EVADER_REACHED_GOAL
maze8,0,l0,100,0,11.0,I-NTMCP l=0,0.0,EVADER_REACHED_GOAL
maze8,0,l0,100,0,11.0,I-NTMCP l=0,0.0,EVADER_REACHED_GOAL
maze8,0,l0,100,0,9.0,I-NTMCP l=0,0.0,EVADER_REACHED_GOAL
maze8,0,l0,101,1,2.0,I-NTMCP l=0,0.0,PURSUER_WIN
maze8,0,l0,101,0,11.0,I-NTMCP l=0,0.0,EVADER_REACHED_GOAL
maze8,0,l0,101,1,3.0,I-NTMCP l=0,0.0,PURSUER_WIN
maze8,0,l0,101,0,11.0,I-NTMCP l=0,0.0,EVADER_REACHED_GOAL
maze8,0,l0,101,1,4.0,I-NTMCP l=0,0.0,PURSUER_WIN
maze8,0,l0,101,1,10.0,I-NTMCP l=0,0.0,PURSUER_WIN
maze8,0,l0,101,1,8.0,I-NTMCP l=0,0.0,PURSUER_WIN
maze8,0,l0,101,1,3.0,I-NTMCP l=0,0.0,PURSUER_WIN
maze8,0,l0,101,1,3.0,I-NTMCP l=0,0.0,PURSUER_WIN
maze8,0,l0,101,1,3.0,I-NTMCP l=0,0.0,PURSUER_WIN
maze8,0,l0,101,1,13.0,I-NTMCP l=0,0.0,PURSUER_WIN
maze8,0,l0,101,0,11.0,I-NTMCP l=0,0.0,EVADER_REACHED_GOAL
maze8,0,l0,101,1,1.0,I-NTMCP l=0,0.0,PURSUER_WIN
maze8,0,l0,101,1,2.0,I-NTMCP l=0,0.0,PURSUER_WIN
maze8,0,l0,101,1,2.0,I-NTMCP l=0,0.0,PURSUER_WIN
maze8,0,l0,101,1,12.0,I-NTMCP l=0,0.0,PURSUER_WIN
maze8,0,l0,101,1,3.0,I-NTMCP l=0,0.0,PURSUER_WIN
maze8,0,l0,101,1,10.0,I-NTMCP l=0,0.0,PURSUER_WIN
maze8,0,l0,101,1,8.0,I-NTMCP l=0,0.0,PURSUER_WIN
maze8,0,l0,101,0,20.0,I-NTMCP l=0,0.0,EVADER_REACHED_GOAL
maze8,0,l0,101,0,11.0,I-NTMCP l=0,0.0,EVADER_REACHED_GOAL
maze8,0,l0,101,1,3.0,I-NTMCP l=0,0.0,PURSUER_WIN
maze8,0,l0,101,1,6.0,I-NTMCP l=0,0.0,PURSUER_WIN
maze8,0,l0,101,1,10.0,I-NTMCP l=0,0.0,PURSUER_WIN
maze8,0,l0,101,0,11.0,I-NTMCP l=0,0.0,EVADER_REACHED_GOAL
maze8,0,l0,101,1,8.0,I-NTMCP l=0,0.0,PURSUER_WIN
maze8,0,l0,101,1,3.0,I-NTMCP l=0,0.0,PURSUER_WIN
maze8,0,l0,101,1,3.0,I-NTMCP l=0,0.0,PURSUER_WIN
maze8,0,l0,101,1,3.0,I-NTMCP l=0,0.0,PURSUER_WIN
maze8,0,l0,101,0,9.0,I-NTMCP l=0,0.0,EVADER_REACHED_GOAL
maze8,0,l0,101,1,8.0,I-NTMCP l=0,0.0,PURSUER_WIN
maze8,0,l0,101,0,11.0,I-NTMCP l=0,0.0,EVADER_REACHED_GOAL
maze8,0,l0,101,0,11.0,I-NTMCP l=0,0.0,EVADER_REACHED_GOAL
maze8,0,l0,101,0,11.0,I-NTMCP l=0,0.0,EVADER_REACHED_GOAL
maze8,0,l0,101,0,9.0,I-NTMCP l=0,0.0,EVADER_REACHED_GOAL
maze8,0,l0,101,0,11.0,I-NTMCP l=0,0.0,EVADER_REACHED_GOAL
maze8,0,l0,101,0,11.0,I-NTMCP l=0,0.0,EVADER_REACHED_GOAL
maze8,0,l0,101,1,10.0,I-NTMCP l=0,0.0,PURSUER_WIN
maze8,0,l0,101,1,2.0,I-NTMCP l=0,0.0,PURSUER_WIN
maze8,0,l0,101,1,2.0,I-NTMCP l=0,0.0,PURSUER_WIN
maze8,0,l0,101,0,12.0,I-NTMCP l=0,0.0,EVADER_REACHED_GOAL
maze8,0,l0,101,0,12.0,I-NTMCP l=0,0.0,EVADER_REACHED_GOAL
maze8,0,l0,101,0,11.0,I-NTMCP l=0,0.0,EVADER_REACHED_GOAL
maze8,0,l0,101,1,5.0,I-NTMCP l=0,0.0,PURSUER_WIN
maze8,0,l0,101,0,12.0,I-NTMCP l=0,0.0,EVADER_REACHED_GOAL
maze8,0,l0,101,0,11.0,I-NTMCP l=0,0.0,EVADER_REACHED_GOAL
maze8,0,l0,101,0,10.0,I-NTMCP l=0,0.0,EVADER_REACHED_GOAL
maze8,0,l0,101,1,3.0,I-NTMCP l=0,0.0,PURSUER_WIN
maze8,0,l0,101,1,3.0,I-NTMCP l=0,0.0,PURSUER_WIN
maze8,0,l0,101,1,8.0,I-NTMCP l=0,0.0,PURSUER_WIN
maze8,0,l0,102,0,13.0,I-NTMCP l=0,0.0,EVADER_REACHED_GOAL
maze8,0,l0,102,0,10.0,I-NTMCP l=0,0.0,EVADER_REACHED_GOAL
maze8,0,l0,102,0,11.0,I-NTMCP l=0,0.0,EVADER_REACHED_GOAL
maze8,0,l0,102,1,2.0,I-NTMCP l=0,0.0,PURSUER_WIN
maze8,0,l0,102,0,10.0,I-NTMCP l=0,0.0,EVADER_REACHED_GOAL
maze8,0,l0,102,1,9.0,I-NTMCP l=0,0.0,PURSUER_WIN
maze8,0,l0,102,1,8.0,I-NTMCP l=0,0.0,PURSUER_WIN
maze8,0,l0,102,0,12.0,I-NTMCP l=0,0.0,EVADER_REACHED_GOAL
maze8,0,l0,102,1,2.0,I-NTMCP l=0,0.0,PURSUER_WIN
maze8,0,l0,102,0,11.0,I-NTMCP l=0,0.0,EVADER_REACHED_GOAL
maze8,0,l0,102,0,10.0,I-NTMCP l=0,0.0,EVADER_REACHED_GOAL
maze8,0,l0,102,0,11.0,I-NTMCP l=0,0.0,EVADER_REACHED_GOAL
maze8,0,l0,102,0,11.0,I-NTMCP l=0,0.0,EVADER_REACHED_GOAL
maze8,0,l0,102,1,10.0,I-NTMCP l=0,0.0,PURSUER_WIN
maze8,0,l0,102,1,11.0,I-NTMCP l=0,0.0,PURSUER_WIN
maze8,0,l0,102,1,7.0,I-NTMCP l=0,0.0,PURSUER_WIN
maze8,0,l0,102,1,8.0,I-NTMCP l=0,0.0,PURSUER_WIN
maze8,0,l0,102,0,12.0,I-NTMCP l=0,0.0,EVADER_REACHED_GOAL
maze8,0,l0,102,1,3.0,I-NTMCP l=0,0.0,PURSUER_WIN
maze8,0,l0,102,1,3.0,I-NTMCP l=0,0.0,PURSUER_WIN
maze8,0,l0,102,0,11.0,I-NTMCP l=0,0.0,EVADER_REACHED_GOAL
maze8,0,l0,102,1,3.0,I-NTMCP l=0,0.0,PURSUER_WIN
maze8,0,l0,102,1,9.0,I-NTMCP l=0,0.0,PURSUER_WIN
maze8,0,l0,102,0,11.0,I-NTMCP l=0,0.0,EVADER_REACHED_GOAL
maze8,0,l0,102,0,11.0,I-NTMCP l=0,0.0,EVADER_REACHED_GOAL
maze8,0,l0,102,0,13.0,I-NTMCP l=0,0.0,EVADER_REACHED_GOAL
maze8,0,l0,102,0,10.0,I-NTMCP l=0,0.0,EVADER_REACHED_GOAL
maze8,0,l0,102,1,4.0,I-NTMCP l=0,0.0,PURSUER_WIN
maze8,0,l0,102,1,3.0,I-NTMCP l=0,0.0,PURSUER_WIN
maze8,0,l0,102,1,2.0,I-NTMCP l=0,0.0,PURSUER_WIN
maze8,0,l0,102,1,2.0,I-NTMCP l=0,0.0,PURSUER_WIN
maze8,0,l0,102,1,2.0,I-NTMCP l=0,0.0,PURSUER_WIN
maze8,0,l0,102,1,3.0,I-NTMCP l=0,0.0,PURSUER_WIN
maze8,0,l0,102,0,12.0,I-NTMCP l=0,0.0,EVADER_REACHED_GOAL
maze8,0,l0,102,0,10.0,I-NTMCP l=0,0.0,EVADER_REACHED_GOAL
maze8,0,l0,102,0,9.0,I-NTMCP l=0,0.0,EVADER_REACHED_GOAL
maze8,0,l0,102,1,2.0,I-NTMCP l=0,0.0,PURSUER_WIN
maze8,0,l0,102,0,12.0,I-NTMCP l=0,0.0,EVADER_REACHED_GOAL
maze8,0,l0,102,0,11.0,I-NTMCP l=0,0.0,EVADER_REACHED_GOAL
maze8,0,l0,102,0,10.0,I-NTMCP l=0,0.0,EVADER_REACHED_GOAL
maze8,0,l0,102,0,11.0,I-NTMCP l=0,0.0,EVADER_REACHED_GOAL
maze8,0,l0,102,0,11.0,I-NTMCP l=0,0.0,EVADER_REACHED_GOAL
maze8,0,l0,102,1,3.0,I-NTMCP l=0,0.0,PURSUER_WIN
maze8,0,l0,102,0,11.0,I-NTMCP l=0,0.0,EVADER_REACHED_GOAL
maze8,0,l0,102,0,11.0,I-NTMCP l=0,0.0,EVADER_REACHED_GOAL
maze8,0,l0,102,1,11.0,I-NTMCP l=0,0.0,PURSUER_WIN
maze8,0,l0,102,1,8.0,I-NTMCP l=0,0.0,PURSUER_WIN
maze8,0,l0,102,1,4.0,I-NTMCP l=0,0.0,PURSUER_WIN
maze8,0,l0,102,1,3.0,I-NTMCP l=0,0.0,PURSUER_WIN
maze8,0,l0,102,1,5.0,I-NTMCP l=0,0.0,PURSUER_WIN
maze8,0,l0,103,1,9.0,I-NTMCP l=0,0.0,PURSUER_WIN
maze8,0,l0,103,1,12.0,I-NTMCP l=0,0.0,PURSUER_WIN
maze8,0,l0,103,1,5.0,I-NTMCP l=0,0.0,PURSUER_WIN
maze8,0,l0,103,1,3.0,I-NTMCP l=0,0.0,PURSUER_WIN
maze8,0,l0,103,1,11.0,I-NTMCP l=0,0.0,PURSUER_WIN
maze8,0,l0,103,1,2.0,I-NTMCP l=0,0.0,PURSUER_WIN
maze8,0,l0,103,1,3.0,I-NTMCP l=0,0.0,PURSUER_WIN
maze8,0,l0,103,1,10.0,I-NTMCP l=0,0.0,PURSUER_WIN
maze8,0,l0,103,1,1.0,I-NTMCP l=0,0.0,PURSUER_WIN
maze8,0,l0,103,1,9.0,I-NTMCP l=0,0.0,PURSUER_WIN
maze8,0,l0,103,0,11.0,I-NTMCP l=0,0.0,EVADER_REACHED_GOAL
maze8,0,l0,103,1,8.0,I-NTMCP l=0,0.0,PURSUER_WIN
maze8,0,l0,103,1,9.0,I-NTMCP l=0,0.0,PURSUER_WIN
maze8,0,l0,103,1,9.0,I-NTMCP l=0,0.0,PURSUER_WIN
maze8,0,l0,103,0,11.0,I-NTMCP l=0,0.0,EVADER_REACHED_GOAL
maze8,0,l0,103,0,11.0,I-NTMCP l=0,0.0,EVADER_REACHED_GOAL
maze8,0,l0,103,1,3.0,I-NTMCP l=0,0.0,PURSUER_WIN
maze8,0,l0,103,0,9.0,I-NTMCP l=0,0.0,EVADER_REACHED_GOAL
maze8,0,l0,103,1,10.0,I-NTMCP l=0,0.0,PURSUER_WIN
maze8,0,l0,103,0,9.0,I-NTMCP l=0,0.0,EVADER_REACHED_GOAL
maze8,0,l0,103,1,7.0,I-NTMCP l=0,0.0,PURSUER_WIN
maze8,0,l0,103,1,3.0,I-NTMCP l=0,0.0,PURSUER_WIN
maze8,0,l0,103,1,6.0,I-NTMCP l=0,0.0,PURSUER_WIN
maze8,0,l0,103,0,11.0,I-NTMCP l=0,0.0,EVADER_REACHED_GOAL
maze8,0,l0,103,0,9.0,I-NTMCP l=0,0.0,EVADER_REACHED_GOAL
maze8,0,l0,103,1,10.0,I-NTMCP l=0,0.0,PURSUER_WIN
maze8,0,l0,103,0,9.0,I-NTMCP l=0,0.0,EVADER_REACHED_GOAL
maze8,0,l0,103,1,8.0,I-NTMCP l=0,0.0,PURSUER_WIN
maze8,0,l0,103,1,3.0,I-NTMCP l=0,0.0,PURSUER_WIN
maze8,0,l0,103,0,20.0,I-NTMCP l=0,0.0,EVADER_REACHED_GOAL
maze8,0,l0,103,1,3.0,I-NTMCP l=0,0.0,PURSUER_WIN
maze8,0,l0,103,1,8.0,I-NTMCP l=0,0.0,PURSUER_WIN
maze8,0,l0,103,1,3.0,I-NTMCP l=0,0.0,PURSUER_WIN
maze8,0,l0,103,0,12.0,I-NTMCP l=0,0.0,EVADER_REACHED_GOAL
maze8,0,l0,103,1,11.0,I-NTMCP l=0,0.0,PURSUER_WIN
maze8,0,l0,103,1,11.0,I-NTMCP l=0,0.0,PURSUER_WIN
maze8,0,l0,103,0,11.0,I-NTMCP l=0,0.0,EVADER_REACHED_GOAL
maze8,0,l0,103,1,4.0,I-NTMCP l=0,0.0,PURSUER_WIN
maze8,0,l0,103,1,13.0,I-NTMCP l=0,0.0,PURSUER_WIN
maze8,0,l0,103,1,8.0,I-NTMCP l=0,0.0,PURSUER_WIN
maze8,0,l0,103,1,8.0,I-NTMCP l=0,0.0,PURSUER_WIN
maze8,0,l0,103,1,3.0,I-NTMCP l=0,0.0,PURSUER_WIN
maze8,0,l0,103,0,11.0,I-NTMCP l=0,0.0,EVADER_REACHED_GOAL
maze8,0,l0,103,0,11.0,I-NTMCP l=0,0.0,EVADER_REACHED_GOAL
maze8,0,l0,103,1,8.0,I-NTMCP l=0,0.0,PURSUER_WIN
maze8,0,l0,103,1,10.0,I-NTMCP l=0,0.0,PURSUER_WIN
maze8,0,l0,103,0,13.0,I-NTMCP l=0,0.0,EVADER_REACHED_GOAL
maze8,0,l0,103,1,11.0,I-NTMCP l=0,0.0,PURSUER_WIN
maze8,0,l0,103,1,10.0,I-NTMCP l=0,0.0,PURSUER_WIN
maze8,0,l0,103,1,3.0,I-NTMCP l=0,0.0,PURSUER_WIN
maze8,0,l0,104,1,8.0,I-NTMCP l=0,0.0,PURSUER_WIN
maze8,0,l0,104,1,10.0,I-NTMCP l=0,0.0,PURSUER_WIN
maze8,0,l0,104,1,11.0,I-NTMCP l=0,0.0,PURSUER_WIN
maze8,0,l0,104,1,8.0,I-NTMCP l=0,0.0,PURSUER_WIN
maze8,0,l0,104,0,20.0,I-NTMCP l=0,0.0,EVADER_REACHED_GOAL
maze8,0,l0,104,1,3.0,I-NTMCP l=0,0.0,PURSUER_WIN
maze8,0,l0,104,0,9.0,I-NTMCP l=0,0.0,EVADER_REACHED_GOAL
maze8,0,l0,104,1,8.0,I-NTMCP l=0,0.0,PURSUER_WIN
maze8,0,l0,104,0,10.0,I-NTMCP l=0,0.0,EVADER_REACHED_GOAL
maze8,0,l0,104,1,3.0,I-NTMCP l=0,0.0,PURSUER_WIN
maze8,0,l0,104,1,9.0,I-NTMCP l=0,0.0,PURSUER_WIN
maze8,0,l0,104,1,3.0,I-NTMCP l=0,0.0,PURSUER_WIN
maze8,0,l0,104,1,4.0,I-NTMCP l=0,0.0,PURSUER_WIN
maze8,0,l0,104,1,3.0,I-NTMCP l=0,0.0,PURSUER_WIN
maze8,0,l0,104,0,12.0,I-NTMCP l=0,0.0,EVADER_REACHED_GOAL
maze8,0,l0,104,1,1.0,I-NTMCP l=0,0.0,PURSUER_WIN
maze8,0,l0,104,1,2.0,I-NTMCP l=0,0.0,PURSUER_WIN
maze8,0,l0,104,0,9.0,I-NTMCP l=0,0.0,EVADER_REACHED_GOAL
maze8,0,l0,104,1,3.0,I-NTMCP l=0,0.0,PURSUER_WIN
maze8,0,l0,104,1,12.0,I-NTMCP l=0,0.0,PURSUER_WIN
maze8,0,l0,104,1,4.0,I-NTMCP l=0,0.0,PURSUER_WIN
maze8,0,l0,104,1,9.0,I-NTMCP l=0,0.0,PURSUER_WIN
maze8,0,l0,104,0,11.0,I-NTMCP l=0,0.0,EVADER_REACHED_GOAL
maze8,0,l0,104,0,11.0,I-NTMCP l=0,0.0,EVADER_REACHED_GOAL
maze8,0,l0,104,1,2.0,I-NTMCP l=0,0.0,PURSUER_WIN
maze8,0,l0,104,0,11.0,I-NTMCP l=0,0.0,EVADER_REACHED_GOAL
maze8,0,l0,104,1,2.0,I-NTMCP l=0,0.0,PURSUER_WIN
maze8,0,l0,104,1,8.0,I-NTMCP l=0,0.0,PURSUER_WIN
maze8,0,l0,104,1,9.0,I-NTMCP l=0,0.0,PURSUER_WIN
maze8,0,l0,104,1,2.0,I-NTMCP l=0,0.0,PURSUER_WIN
maze8,0,l0,104,1,10.0,I-NTMCP l=0,0.0,PURSUER_WIN
maze8,0,l0,104,1,3.0,I-NTMCP l=0,0.0,PURSUER_WIN
maze8,0,l0,104,0,11.0,I-NTMCP l=0,0.0,EVADER_REACHED_GOAL
maze8,0,l0,104,1,3.0,I-NTMCP l=0,0.0,PURSUER_WIN
maze8,0,l0,104,0,9.0,I-NTMCP l=0,0.0,EVADER_REACHED_GOAL
maze8,0,l0,104,1,3.0,I-NTMCP l=0,0.0,PURSUER_WIN
maze8,0,l0,104,1,2.0,I-NTMCP l=0,0.0,PURSUER_WIN
maze8,0,l0,104,1,10.0,I-NTMCP l=0,0.0,PURSUER_WIN
maze8,0,l0,104,1,2.0,I-NTMCP l=0,0.0,PURSUER_WIN
maze8,0,l0,104,1,3.0,I-NTMCP l=0,0.0,PURSUER_WIN
maze8,0,l0,104,1,10.0,I-NTMCP l=0,0.0,PURSUER_WIN
maze8,0,l0,104,1,3.0,I-NTMCP l=0,0.0,PURSUER_WIN
maze8,0,l0,104,0,13.0,I-NTMCP l=0,0.0,EVADER_REACHED_GOAL
maze8,0,l0,104,0,12.0,I-NTMCP l=0,0.0,EVADER_REACHED_GOAL
maze8,0,l0,104,1,9.0,I-NTMCP l=0,0.0,PURSUER_WIN
maze8,0,l0,104,0,10.0,I-NTMCP l=0,0.0,EVADER_REACHED_GOAL
maze8,0,l0,104,0,11.0,I-NTMCP l=0,0.0,EVADER_REACHED_GOAL
maze8,0,l0,104,0,10.0,I-NTMCP l=0,0.0,EVADER_REACHED_GOAL
maze8,0,l0,104,1,11.0,I-NTMCP l=0,0.0,PURSUER_WIN
maze8,0,l0,104,1,8.0,I-NTMCP l=0,0.0,PURSUER_WIN
maze8,0,l0,105,1,10.0,I-NTMCP l=0,0.0,PURSUER_WIN
maze8,0,l0,105,0,12.0,I-NTMCP l=0,0.0,EVADER_REACHED_GOAL
maze8,0,l0,105,1,10.0,I-NTMCP l=0,0.0,PURSUER_WIN
maze8,0,l0,105,0,10.0,I-NTMCP l=0,0.0,EVADER_REACHED_GOAL
maze8,0,l0,105,1,10.0,I-NTMCP l=0,0.0,PURSUER_WIN
maze8,0,l0,105,0,13.0,I-NTMCP l=0,0.0,EVADER_REACHED_GOAL
maze8,0,l0,105,1,9.0,I-NTMCP l=0,0.0,PURSUER_WIN
maze8,0,l0,105,1,2.0,I-NTMCP l=0,0.0,PURSUER_WIN
maze8,0,l0,105,1,3.0,I-NTMCP l=0,0.0,PURSUER_WIN
maze8,0,l0,105,1,3.0,I-NTMCP l=0,0.0,PURSUER_WIN
maze8,0,l0,105,1,3.0,I-NTMCP l=0,0.0,PURSUER_WIN
maze8,0,l0,105,1,2.0,I-NTMCP l=0,0.0,PURSUER_WIN
maze8,0,l0,105,0,11.0,I-NTMCP l=0,0.0,EVADER_REACHED_GOAL
maze8,0,l0,105,1,3.0,I-NTMCP l=0,0.0,PURSUER_WIN
maze8,0,l0,105,1,3.0,I-NTMCP l=0,0.0,PURSUER_WIN
maze8,0,l0,105,1,3.0,I-NTMCP l=0,0.0,PURSUER_WIN
maze8,0,l0,105,0,9.0,I-NTMCP l=0,0.0,EVADER_REACHED_GOAL
maze8,0,l0,105,1,2.0,I-NTMCP l=0,0.0,PURSUER_WIN
maze8,0,l0,105,1,4.0,I-NTMCP l=0,0.0,PURSUER_WIN
maze8,0,l0,105,0,10.0,I-NTMCP l=0,0.0,EVADER_REACHED_GOAL
maze8,0,l0,105,0,11.0,I-NTMCP l=0,0.0,EVADER_REACHED_GOAL
maze8,0,l0,105,1,9.0,I-NTMCP l=0,0.0,PURSUER_WIN
maze8,0,l0,105,1,5.0,I-NTMCP l=0,0.0,PURSUER_WIN
maze8,0,l0,105,0,13.0,I-NTMCP l=0,0.0,EVADER_REACHED_GOAL
maze8,0,l0,105,1,3.0,I-NTMCP l=0,0.0,PURSUER_WIN
maze8,0,l0,105,1,3.0,I-NTMCP l=0,0.0,PURSUER_WIN
maze8,0,l0,105,0,10.0,I-NTMCP l=0,0.0,EVADER_REACHED_GOAL
maze8,0,l0,105,0,9.0,I-NTMCP l=0,0.0,EVADER_REACHED_GOAL
maze8,0,l0,105,1,2.0,I-NTMCP l=0,0.0,PURSUER_WIN
maze8,0,l0,105,1,10.0,I-NTMCP l=0,0.0,PURSUER_WIN
maze8,0,l0,105,1,10.0,I-NTMCP l=0,0.0,PURSUER_WIN
maze8,0,l0,105,1,3.0,I-NTMCP l=0,0.0,PURSUER_WIN
maze8,0,l0,105,1,8.0,I-NTMCP l=0,0.0,PURSUER_WIN
maze8,0,l0,105,1,10.0,I-NTMCP l=0,0.0,PURSUER_WIN
maze8,0,l0,105,1,3.0,I-NTMCP l=0,0.0,PURSUER_WIN
maze8,0,l0,105,1,3.0,I-NTMCP l=0,0.0,PURSUER_WIN
maze8,0,l0,105,0,12.0,I-NTMCP l=0,0.0,EVADER_REACHED_GOAL
maze8,0,l0,105,0,10.0,I-NTMCP l=0,0.0,EVADER_REACHED_GOAL
maze8,0,l0,105,1,2.0,I-NTMCP l=0,0.0,PURSUER_WIN
maze8,0,l0,105,1,7.0,I-NTMCP l=0,0.0,PURSUER_WIN
maze8,0,l0,105,1,4.0,I-NTMCP l=0,0.0,PURSUER_WIN
maze8,0,l0,105,1,9.0,I-NTMCP l=0,0.0,PURSUER_WIN
maze8,0,l0,105,0,11.0,I-NTMCP l=0,0.0,EVADER_REACHED_GOAL
maze8,0,l0,105,1,11.0,I-NTMCP l=0,0.0,PURSUER_WIN
maze8,0,l0,105,0,11.0,I-NTMCP l=0,0.0,EVADER_REACHED_GOAL
maze8,0,l0,105,1,3.0,I-NTMCP l=0,0.0,PURSUER_WIN
maze8,0,l0,105,1,8.0,I-NTMCP l=0,0.0,PURSUER_WIN
maze8,0,l0,105,1,3.0,I-NTMCP l=0,0.0,PURSUER_WIN
maze8,0,l0,105,1,8.0,I-NTMCP l=0,0.0,PURSUER_WIN
maze8,0,l0,105,0,12.0,I-NTMCP l=0,0.0,EVADER_REACHED_GOAL
maze8,0,l0,106,0,11.0,I-NTMCP l=0,0.0,EVADER_REACHED_GOAL
maze8,0,l0,106,1,11.0,I-NTMCP l=0,0.0,PURSUER_WIN
maze8,0,l0,106,1,3.0,I-NTMCP l=0,0.0,PURSUER_WIN
maze8,0,l0,106,0,10.0,I-NTMCP l=0,0.0,EVADER_REACHED_GOAL
maze8,0,l0,106,0,13.0,I-NTMCP l=0,0.0,EVADER_REACHED_GOAL
maze8,0,l0,106,1,8.0,I-NTMCP l=0,0.0,PURSUER_WIN
maze8,0,l0,106,1,3.0,I-NTMCP l=0,0.0,PURSUER_WIN
maze8,0,l0,106,0,12.0,I-NTMCP l=0,0.0,EVADER_REACHED_GOAL
maze8,0,l0,106,0,11.0,I-NTMCP l=0,0.0,EVADER_REACHED_GOAL
maze8,0,l0,106,1,3.0,I-NTMCP l=0,0.0,PURSUER_WIN
maze8,0,l0,106,1,2.0,I-NTMCP l=0,0.0,PURSUER_WIN
maze8,0,l0,106,1,3.0,I-NTMCP l=0,0.0,PURSUER_WIN
maze8,0,l0,106,1,2.0,I-NTMCP l=0,0.0,PURSUER_WIN
maze8,0,l0,106,1,4.0,I-NTMCP l=0,0.0,PURSUER_WIN
maze8,0,l0,106,0,9.0,I-NTMCP l=0,0.0,EVADER_REACHED_GOAL
maze8,0,l0,106,1,8.0,I-NTMCP l=0,0.0,PURSUER_WIN
maze8,0,l0,106,1,2.0,I-NTMCP l=0,0.0,PURSUER_WIN
maze8,0,l0,106,0,13.0,I-NTMCP l=0,0.0,EVADER_REACHED_GOAL
maze8,0,l0,106,1,2.0,I-NTMCP l=0,0.0,PURSUER_WIN
maze8,0,l0,106,1,3.0,I-NTMCP l=0,0.0,PURSUER_WIN
maze8,0,l0,106,1,7.0,I-NTMCP l=0,0.0,PURSUER_WIN
maze8,0,l0,106,1,4.0,I-NTMCP l=0,0.0,PURSUER_WIN
maze8,0,l0,106,0,12.0,I-NTMCP l=0,0.0,EVADER_REACHED_GOAL
maze8,0,l0,106,0,11.0,I-NTMCP l=0,0.0,EVADER_REACHED_GOAL
maze8,0,l0,106,1,10.0,I-NTMCP l=0,0.0,PURSUER_WIN
maze8,0,l0,106,1,8.0,I-NTMCP l=0,0.0,PURSUER_WIN
maze8,0,l0,106,0,12.0,I-NTMCP l=0,0.0,EVADER_REACHED_GOAL
maze8,0,l0,106,1,3.0,I-NTMCP l=0,0.0,PURSUER_WIN
maze8,0,l0,106,0,12.0,I-NTMCP l=0,0.0,EVADER_REACHED_GOAL
maze8,0,l0,106,0,11.0,I-NTMCP l=0,0.0,EVADER_REACHED_GOAL
maze8,0,l0,106,1,3.0,I-NTMCP l=0,0.0,PURSUER_WIN
maze8,0,l0,106,0,12.0,I-NTMCP l=0,0.0,EVADER_REACHED_GOAL
maze8,0,l0,106,1,2.0,I-NTMCP l=0,0.0,PURSUER_WIN
maze8,0,l0,106,0,9.0,I-NTMCP l=0,0.0,EVADER_REACHED_GOAL
maze8,0,l0,106,1,11.0,I-NTMCP l=0,0.0,PURSUER_WIN
maze8,0,l0,106,0,9.0,I-NTMCP l=0,0.0,EVADER_REACHED_GOAL
maze8,0,l0,106,1,3.0,I-NTMCP l=0,0.0,PURSUER_WIN
maze8,0,l0,106,1,15.0,I-NTMCP l=0,0.0,PURSUER_WIN
maze8,0,l0,106,1,10.0,I-NTMCP l=0,0.0,PURSUER_WIN
maze8,0,l0,106,1,8.0,I-NTMCP l=0,0.0,PURSUER_WIN
maze8,0,l0,106,1,3.0,I-NTMCP l=0,0.0,PURSUER_WIN
maze8,0,l0,106,1,2.0,I-NTMCP l=0,0.0,PURSUER_WIN
maze8,0,l0,106,1,2.0,I-NTMCP l=0,0.0,PURSUER_WIN
maze8,0,l0,106,1,1.0,I-NTMCP l=0,0.0,PURSUER_WIN
maze8,0,l0,106,1,3.0,I-NTMCP l=0,0.0,PURSUER_WIN
maze8,0,l0,106,1,8.0,I-NTMCP l=0,0.0,PURSUER_WIN
maze8,0,l0,106,1,8.0,I-NTMCP l=0,0.0,PURSUER_WIN
maze8,0,l0,106,1,3.0,I-NTMCP l=0,0.0,PURSUER_WIN
maze8,0,l0,106,1,8.0,I-NTMCP l=0,0.0,PURSUER_WIN
maze8,0,l0,106,0,11.0,I-NTMCP l=0,0.0,EVADER_REACHED_GOAL
maze8,0,l0,107,0,11.0,I-NTMCP l=0,0.0,EVADER_REACHED_GOAL
maze8,0,l0,107,0,12.0,I-NTMCP l=0,0.0,EVADER_REACHED_GOAL
maze8,0,l0,107,1,8.0,I-NTMCP l=0,0.0,PURSUER_WIN
maze8,0,l0,107,1,3.0,I-NTMCP l=0,0.0,PURSUER_WIN
maze8,0,l0,107,0,13.0,I-NTMCP l=0,0.0,EVADER_REACHED_GOAL
maze8,0,l0,107,1,8.0,I-NTMCP l=0,0.0,PURSUER_WIN
maze8,0,l0,107,0,9.0,I-NTMCP l=0,0.0,EVADER_REACHED_GOAL
maze8,0,l0,107,1,4.0,I-NTMCP l=0,0.0,PURSUER_WIN
maze8,0,l0,107,1,2.0,I-NTMCP l=0,0.0,PURSUER_WIN
maze8,0,l0,107,0,13.0,I-NTMCP l=0,0.0,EVADER_REACHED_GOAL
maze8,0,l0,107,1,6.0,I-NTMCP l=0,0.0,PURSUER_WIN
maze8,0,l0,107,1,9.0,I-NTMCP l=0,0.0,PURSUER_WIN
maze8,0,l0,107,0,11.0,I-NTMCP l=0,0.0,EVADER_REACHED_GOAL
maze8,0,l0,107,0,9.0,I-NTMCP l=0,0.0,EVADER_REACHED_GOAL
maze8,0,l0,107,0,12.0,I-NTMCP l=0,0.0,EVADER_REACHED_GOAL
maze8,0,l0,107,1,3.0,I-NTMCP l=0,0.0,PURSUER_WIN
maze8,0,l0,107,0,10.0,I-NTMCP l=0,0.0,EVADER_REACHED_GOAL
maze8,0,l0,107,0,11.0,I-NTMCP l=0,0.0,EVADER_REACHED_GOAL
maze8,0,l0,107,0,13.0,I-NTMCP l=0,0.0,EVADER_REACHED_GOAL
maze8,0,l0,107,1,3.0,I-NTMCP l=0,0.0,PURSUER_WIN
maze8,0,l0,107,1,3.0,I-NTMCP l=0,0.0,PURSUER_WIN
maze8,0,l0,107,0,13.0,I-NTMCP l=0,0.0,EVADER_REACHED_GOAL
maze8,0,l0,107,1,12.0,I-NTMCP l=0,0.0,PURSUER_WIN
maze8,0,l0,107,0,12.0,I-NTMCP l=0,0.0,EVADER_REACHED_GOAL
maze8,0,l0,107,0,11.0,I-NTMCP l=0,0.0,EVADER_REACHED_GOAL
maze8,0,l0,107,1,3.0,I-NTMCP l=0,0.0,PURSUER_WIN
maze8,0,l0,107,1,9.0,I-NTMCP l=0,0.0,PURSUER_WIN
maze8,0,l0,107,0,9.0,I-NTMCP l=0,0.0,EVADER_REACHED_GOAL
maze8,0,l0,107,1,1.0,I-NTMCP l=0,0.0,PURSUER_WIN
maze8,0,l0,107,1,3.0,I-NTMCP l=0,0.0,PURSUER_WIN
maze8,0,l0,107,0,9.0,I-NTMCP l=0,0.0,EVADER_REACHED_GOAL
maze8,0,l0,107,1,2.0,I-NTMCP l=0,0.0,PURSUER_WIN
maze8,0,l0,107,1,8.0,I-NTMCP l=0,0.0,PURSUER_WIN
maze8,0,l0,107,0,11.0,I-NTMCP l=0,0.0,EVADER_REACHED_GOAL
maze8,0,l0,107,0,13.0,I-NTMCP l=0,0.0,EVADER_REACHED_GOAL
maze8,0,l0,107,1,9.0,I-NTMCP l=0,0.0,PURSUER_WIN
maze8,0,l0,107,1,2.0,I-NTMCP l=0,0.0,PURSUER_WIN
maze8,0,l0,107,0,13.0,I-NTMCP l=0,0.0,EVADER_REACHED_GOAL
maze8,0,l0,107,0,14.0,I-NTMCP l=0,0.0,EVADER_REACHED_GOAL
maze8,0,l0,107,1,4.0,I-NTMCP l=0,0.0,PURSUER_WIN
maze8,0,l0,107,1,3.0,I-NTMCP l=0,0.0,PURSUER_WIN
maze8,0,l0,107,1,3.0,I-NTMCP l=0,0.0,PURSUER_WIN
maze8,0,l0,107,1,13.0,I-NTMCP l=0,0.0,PURSUER_WIN
maze8,0,l0,107,1,3.0,I-NTMCP l=0,0.0,PURSUER_WIN
maze8,0,l0,107,0,10.0,I-NTMCP l=0,0.0,EVADER_REACHED_GOAL
maze8,0,l0,107,1,1.0,I-NTMCP l=0,0.0,PURSUER_WIN
maze8,0,l0,107,0,10.0,I-NTMCP l=0,0.0,EVADER_REACHED_GOAL
maze8,0,l0,107,0,11.0,I-NTMCP l=0,0.0,EVADER_REACHED_GOAL
maze8,0,l0,107,0,10.0,I-NTMCP l=0,0.0,EVADER_REACHED_GOAL
maze8,0,l0,107,1,5.0,I-NTMCP l=0,0.0,PURSUER_WIN
maze8,0,l0,108,0,9.0,I-NTMCP l=0,0.0,EVADER_REACHED_GOAL
maze8,0,l0,108,1,9.0,I-NTMCP l=0,0.0,PURSUER_WIN
maze8,0,l0,108,1,10.0,I-NTMCP l=0,0.0,PURSUER_WIN
maze8,0,l0,108,0,12.0,I-NTMCP l=0,0.0,EVADER_REACHED_GOAL
maze8,0,l0,108,1,3.0,I-NTMCP l=0,0.0,PURSUER_WIN
maze8,0,l0,108,0,11.0,I-NTMCP l=0,0.0,EVADER_REACHED_GOAL
maze8,0,l0,108,1,15.0,I-NTMCP l=0,0.0,PURSUER_WIN
maze8,0,l0,108,1,3.0,I-NTMCP l=0,0.0,PURSUER_WIN
maze8,0,l0,108,1,8.0,I-NTMCP l=0,0.0,PURSUER_WIN
maze8,0,l0,108,1,8.0,I-NTMCP l=0,0.0,PURSUER_WIN
maze8,0,l0,108,1,3.0,I-NTMCP l=0,0.0,PURSUER_WIN
maze8,0,l0,108,1,10.0,I-NTMCP l=0,0.0,PURSUER_WIN
maze8,0,l0,108,0,11.0,I-NTMCP l=0,0.0,EVADER_REACHED_GOAL
maze8,0,l0,108,1,2.0,I-NTMCP l=0,0.0,PURSUER_WIN
maze8,0,l0,108,0,9.0,I-NTMCP l=0,0.0,EVADER_REACHED_GOAL
maze8,0,l0,108,1,2.0,I-NTMCP l=0,0.0,PURSUER_WIN
maze8,0,l0,108,1,3.0,I-NTMCP l=0,0.0,PURSUER_WIN
maze8,0,l0,108,1,9.0,I-NTMCP l=0,0.0,PURSUER_WIN
maze8,0,l0,108,1,3.0,I-NTMCP l=0,0.0,PURSUER_WIN
maze8,0,l0,108,1,3.0,I-NTMCP l=0,0.0,PURSUER_WIN
maze8,0,l0,108,1,11.0,I-NTMCP l=0,0.0,PURSUER_WIN
maze8,0,l0,108,1,8.0,I-NTMCP l=0,0.0,PURSUER_WIN
maze8,0,l0,108,1,2.0,I-NTMCP l=0,0.0,PURSUER_WIN
maze8,0,l0,108,0,11.0,I-NTMCP l=0,0.0,EVADER_REACHED_GOAL
maze8,0,l0,108,0,11.0,I-NTMCP l=0,0.0,EVADER_REACHED_GOAL
maze8,0,l0,108,0,11.0,I-NTMCP l=0,0.0,EVADER_REACHED_GOAL
maze8,0,l0,108,0,12.0,I-NTMCP l=0,0.0,EVADER_REACHED_GOAL
maze8,0,l0,108,0,11.0,I-NTMCP l=0,0.0,EVADER_REACHED_GOAL
maze8,0,l0,108,1,3.0,I-NTMCP l=0,0.0,PURSUER_WIN
maze8,0,l0,108,1,2.0,I-NTMCP l=0,0.0,PURSUER_WIN
maze8,0,l0,108,0,11.0,I-NTMCP l=0,0.0,EVADER_REACHED_GOAL
maze8,0,l0,108,0,9.0,I-NTMCP l=0,0.0,EVADER_REACHED_GOAL
maze8,0,l0,108,1,8.0,I-NTMCP l=0,0.0,PURSUER_WIN
maze8,0,l0,108,1,4.0,I-NTMCP l=0,0.0,PURSUER_WIN
maze8,0,l0,108,1,4.0,I-NTMCP l=0,0.0,PURSUER_WIN
maze8,0,l0,108,1,4.0,I-NTMCP l=0,0.0,PURSUER_WIN
maze8,0,l0,108,1,8.0,I-NTMCP l=0,0.0,PURSUER_WIN
maze8,0,l0,108,1,3.0,I-NTMCP l=0,0.0,PURSUER_WIN
maze8,0,l0,108,1,8.0,I-NTMCP l=0,0.0,PURSUER_WIN
maze8,0,l0,108,1,3.0,I-NTMCP l=0,0.0,PURSUER_WIN
maze8,0,l0,108,1,14.0,I-NTMCP l=0,0.0,PURSUER_WIN
maze8,0,l0,108,1,8.0,I-NTMCP l=0,0.0,PURSUER_WIN
maze8,0,l0,108,1,3.0,I-NTMCP l=0,0.0,PURSUER_WIN
maze8,0,l0,108,1,10.0,I-NTMCP l=0,0.0,PURSUER_WIN
maze8,0,l0,108,0,13.0,I-NTMCP l=0,0.0,EVADER_REACHED_GOAL
maze8,0,l0,108,1,8.0,I-NTMCP l=0,0.0,PURSUER_WIN
maze8,0,l0,108,1,3.0,I-NTMCP l=0,0.0,PURSUER_WIN
maze8,0,l0,108,0,11.0,I-NTMCP l=0,0.0,EVADER_REACHED_GOAL
maze8,0,l0,108,1,8.0,I-NTMCP l=0,0.0,PURSUER_WIN
maze8,0,l0,108,0,11.0,I-NTMCP l=0,0.0,EVADER_REACHED_GOAL
maze8,0,l0,109,0,12.0,I-NTMCP l=0,0.0,EVADER_REACHED_GOAL
maze8,0,l0,109,0,11.0,I-NTMCP l=0,0.0,EVADER_REACHED_GOAL
maze8,0,l0,109,0,13.0,I-NTMCP l=0,0.0,EVADER_REACHED_GOAL
maze8,0,l0,109,0,11.0,I-NTMCP l=0,0.0,EVADER_REACHED_GOAL
maze8,0,l0,109,1,3.0,I-NTMCP l=0,0.0,PURSUER_WIN
maze8,0,l0,109,1,11.0,I-NTMCP l=0,0.0,PURSUER_WIN
maze8,0,l0,109,0,9.0,I-NTMCP l=0,0.0,EVADER_REACHED_GOAL
maze8,0,l0,109,0,12.0,I-NTMCP l=0,0.0,EVADER_REACHED_GOAL
maze8,0,l0,109,0,9.0,I-NTMCP l=0,0.0,EVADER_REACHED_GOAL
maze8,0,l0,109,0,10.0,I-NTMCP l=0,0.0,EVADER_REACHED_GOAL
maze8,0,l0,109,1,2.0,I-NTMCP l=0,0.0,PURSUER_WIN
maze8,0,l0,109,1,10.0,I-NTMCP l=0,0.0,PURSUER_WIN
maze8,0,l0,109,1,3.0,I-NTMCP l=0,0.0,PURSUER_WIN
maze8,0,l0,109,0,12.0,I-NTMCP l=0,0.0,EVADER_REACHED_GOAL
maze8,0,l0,109,1,9.0,I-NTMCP l=0,0.0,PURSUER_WIN
maze8,0,l0,109,0,11.0,I-NTMCP l=0,0.0,EVADER_REACHED_GOAL
maze8,0,l0,109,1,3.0,I-NTMCP l=0,0.0,PURSUER_WIN
maze8,0,l0,109,1,8.0,I-NTMCP l=0,0.0,PURSUER_WIN
maze8,0,l0,109,0,11.0,I-NTMCP l=0,0.0,EVADER_REACHED_GOAL
maze8,0,l0,109,1,10.0,I-NTMCP l=0,0.0,PURSUER_WIN
maze8,0,l0,109,0,11.0,I-NTMCP l=0,0.0,EVADER_REACHED_GOAL
maze8,0,l0,109,1,10.0,I-NTMCP l=0,0.0,PURSUER_WIN
maze8,0,l0,109,0,10.0,I-NTMCP l=0,0.0,EVADER_REACHED_GOAL
maze8,0,l0,109,1,4.0,I-NTMCP l=0,0.0,PURSUER_WIN
maze8,0,l0,109,1,5.0,I-NTMCP l=0,0.0,PURSUER_WIN
maze8,0,l0,109,1,2.0,I-NTMCP l=0,0.0,PURSUER_WIN
maze8,0,l0,109,1,3.0,I-NTMCP l=0,0.0,PURSUER_WIN
maze8,0,l0,109,1,9.0,I-NTMCP l=0,0.0,PURSUER_WIN
maze8,0,l0,109,1,3.0,I-NTMCP l=0,0.0,PURSUER_WIN
maze8,0,l0,109,0,12.0,I-NTMCP l=0,0.0,EVADER_REACHED_GOAL
maze8,0,l0,109,1,9.0,I-NTMCP l=0,0.0,PURSUER_WIN
maze8,0,l0,109,1,3.0,I-NTMCP l=0,0.0,PURSUER_WIN
maze8,0,l0,109,1,4.0,I-NTMCP l=0,0.0,PURSUER_WIN
maze8,0,l0,109,1,3.0,I-NTMCP l=0,0.0,PURSUER_WIN
maze8,0,l0,109,1,3.0,I-NTMCP l=0,0.0,PURSUER_WIN
maze8,0,l0,109,1,3.0,I-NTMCP l=0,0.0,PURSUER_WIN
maze8,0,l0,109,0,11.0,I-NTMCP l=0,0.0,EVADER_REACHED_GOAL
maze8,0,l0,109,1,3.0,I-NTMCP l=0,0.0,PURSUER_WIN
maze8,0,l0,109,1,8.0,I-NTMCP l=0,0.0,PURSUER_WIN
maze8,0,l0,109,0,11.0,I-NTMCP l=0,0.0,EVADER_REACHED_GOAL
maze8,0,l0,109,1,3.0,I-NTMCP l=0,0.0,PURSUER_WIN
maze8,0,l0,109,1,3.0,I-NTMCP l=0,0.0,PURSUER_WIN
maze8,0,l0,109,1,8.0,I-NTMCP l=0,0.0,PURSUER_WIN
maze8,0,l0,109,1,5.0,I-NTMCP l=0,0.0,PURSUER_WIN
maze8,0,l0,109,1,9.0,I-NTMCP l=0,0.0,PURSUER_WIN
maze8,0,l0,109,1,3.0,I-NTMCP l=0,0.0,PURSUER_WIN
maze8,0,l0,109,0,9.0,I-NTMCP l=0,0.0,EVADER_REACHED_GOAL
maze8,0,l0,109,0,9.0,I-NTMCP l=0,0.0,EVADER_REACHED_GOAL
maze8,0,l0,109,1,7.0,I-NTMCP l=0,0.0,PURSUER_WIN
maze8,0,l0,109,0,12.0,I-NTMCP l=0,0.0,EVADER_REACHED_GOAL
maze8,0,l1,100,1,3.0,I-NTMCP l=1,1.0,PURSUER_WIN
maze8,0,l1,100,1,2.0,I-NTMCP l=1,1.0,PURSUER_WIN
maze8,0,l1,100,1,10.0,I-NTMCP l=1,1.0,PURSUER_WIN
maze8,0,l1,100,1,10.0,I-NTMCP l=1,1.0,PURSUER_WIN
maze8,0,l1,100,0,12.0,I-NTMCP l=1,1.0,EVADER_REACHED_GOAL
maze8,0,l1,100,1,3.0,I-NTMCP l=1,1.0,PURSUER_WIN
maze8,0,l1,100,1,3.0,I-NTMCP l=1,1.0,PURSUER_WIN
maze8,0,l1,100,1,11.0,I-NTMCP l=1,1.0,PURSUER_WIN
maze8,0,l1,100,1,10.0,I-NTMCP l=1,1.0,PURSUER_WIN
maze8,0,l1,100,1,15.0,I-NTMCP l=1,1.0,PURSUER_WIN
maze8,0,l1,100,0,10.0,I-NTMCP l=1,1.0,EVADER_REACHED_GOAL
maze8,0,l1,100,1,3.0,I-NTMCP l=1,1.0,PURSUER_WIN
maze8,0,l1,100,1,11.0,I-NTMCP l=1,1.0,PURSUER_WIN
maze8,0,l1,100,1,5.0,I-NTMCP l=1,1.0,PURSUER_WIN
maze8,0,l1,100,1,3.0,I-NTMCP l=1,1.0,PURSUER_WIN
maze8,0,l1,100,1,3.0,I-NTMCP l=1,1.0,PURSUER_WIN
maze8,0,l1,100,1,9.0,I-NTMCP l=1,1.0,PURSUER_WIN
maze8,0,l1,100,0,11.0,I-NTMCP l=1,1.0,EVADER_REACHED_GOAL
maze8,0,l1,100,1,2.0,I-NTMCP l=1,1.0,PURSUER_WIN
maze8,0,l1,100,1,4.0,I-NTMCP l=1,1.0,PURSUER_WIN
maze8,0,l1,100,1,8.0,I-NTMCP l=1,1.0,PURSUER_WIN
maze8,0,l1,100,1,3.0,I-NTMCP l=1,1.0,PURSUER_WIN
maze8,0,l1,100,0,10.0,I-NTMCP l=1,1.0,EVADER_REACHED_GOAL
maze8,0,l1,100,0,12.0,I-NTMCP l=1,1.0,EVADER_REACHED_GOAL
maze8,0,l1,100,1,10.0,I-NTMCP l=1,1.0,PURSUER_WIN
maze8,0,l1,100,0,11.0,I-NTMCP l=1,1.0,EVADER_REACHED_GOAL
maze8,0,l1,100,0,13.0,I-NTMCP l=1,1.0,EVADER_REACHED_GOAL
maze8,0,l1,100,0,11.0,I-NTMCP l=1,1.0,EVADER_REACHED_GOAL
maze8,0,l1,100,0,12.0,I-NTMCP l=1,1.0,EVADER_REACHED_GOAL
maze8,0,l1,100,1,3.0,I-NTMCP l=1,1.0,PURSUER_WIN
maze8,0,l1,100,1,2.0,I-NTMCP l=1,1.0,PURSUER_WIN
maze8,0,l1,100,1,2.0,I-NTMCP l=1,1.0,PURSUER_WIN
maze8,0,l1,100,1,11.0,I-NTMCP l=1,1.0,PURSUER_WIN
maze8,0,l1,100,1,12.0,I-NTMCP l=1,1.0,PURSUER_WIN
maze8,0,l1,100,1,11.0,I-NTMCP l=1,1.0,PURSUER_WIN
maze8,0,l1,100,1,9.0,I-NTMCP l=1,1.0,PURSUER_WIN
maze8,0,l1,100,1,10.0,I-NTMCP l=1,1.0,PURSUER_WIN
maze8,0,l1,100,1,3.0,I-NTMCP l=1,1.0,PURSUER_WIN
maze8,0,l1,100,0,11.0,I-NTMCP l=1,1.0,EVADER_REACHED_GOAL
maze8,0,l1,100,1,2.0,I-NTMCP l=1,1.0,PURSUER_WIN
maze8,0,l1,100,1,2.0,I-NTMCP l=1,1.0,PURSUER_WIN
maze8,0,l1,100,1,3.0,I-NTMCP l=1,1.0,PURSUER_WIN
maze8,0,l1,100,0,9.0,I-NTMCP l=1,1.0,EVADER_REACHED_GOAL
maze8,0,l1,100,1,3.0,I-NTMCP l=1,1.0,PURSUER_WIN
maze8,0,l1,100,0,11.0,I-NTMCP l=1,1.0,EVADER_REACHED_GOAL
maze8,0,l1,100,0,13.0,I-NTMCP l=1,1.0,EVADER_REACHED_GOAL
maze8,0,l1,100,1,2.0,I-NTMCP l=1,1.0,PURSUER_WIN
maze8,0,l1,100,1,3.0,I-NTMCP l=1,1.0,PURSUER_WIN
maze8,0,l1,100,1,3.0,I-NTMCP l=1,1.0,PURSUER_WIN
maze8,0,l1,100,0,11.0,I-NTMCP l=1,1.0,EVADER_REACHED_GOAL
maze8,0,l1,101,1,2.0,I-NTMCP l=1,1.0,PURSUER_WIN
maze8,0,l1,101,1,12.0,I-NTMCP l=1,1.0,PURSUER_WIN
maze8,0,l1,101,1,2.0,I-NTMCP l=1,1.0,PURSUER_WIN
maze8,0,l1,101,1,3.0,I-NTMCP l=1,1.0,PURSUER_WIN
maze8,0,l1,101,1,3.0,I-NTMCP l=1,1.0,PURSUER_WIN
maze8,0,l1,101,1,9.0,I-NTMCP l=1,1.0,PURSUER_WIN
maze8,0,l1,101,0,11.0,I-NTMCP l=1,1.0,EVADER_REACHED_GOAL
maze8,0,l1,101,1,3.0,I-NTMCP l=1,1.0,PURSUER_WIN
maze8,0,l1,101,1,11.0,I-NTMCP l=1,1.0,PURSUER_WIN
maze8,0,l1,101,1,9.0,I-NTMCP l=1,1.0,PURSUER_WIN
maze8,0,l1,101,1,10.0,I-NTMCP l=1,1.0,PURSUER_WIN
maze8,0,l1,101,1,2.0,I-NTMCP l=1,1.0,PURSUER_WIN
maze8,0,l1,101,1,8.0,I-NTMCP l=1,1.0,PURSUER_WIN
maze8,0,l1,101,0,11.0,I-NTMCP l=1,1.0,EVADER_REACHED_GOAL
maze8,0,l1,101,1,3.0,I-NTMCP l=1,1.0,PURSUER_WIN
maze8,0,l1,101,1,5.0,I-NTMCP l=1,1.0,PURSUER_WIN
maze8,0,l1,101,0,9.0,I-NTMCP l=1,1.0,EVADER_REACHED_GOAL
maze8,0,l1,101,1,9.0,I-NTMCP l=1,1.0,PURSUER_WIN
maze8,0,l1,101,0,11.0,I-NTMCP l=1,1.0,EVADER_REACHED_GOAL
maze8,0,l1,101,0,11.0,I-NTMCP l=1,1.0,EVADER_REACHED_GOAL
maze8,0,l1,101,1,3.0,I-NTMCP l=1,1.0,PURSUER_WIN
maze8,0,l1,101,0,9.0,I-NTMCP l=1,1.0,EVADER_REACHED_GOAL
maze8,0,l1,101,1,4.0,I-NTMCP l=1,1.0,PURSUER_WIN
maze8,0,l1,101,1,3.0,I-NTMCP l=1,1.0,PURSUER_WIN
maze8,0,l1,101,1,12.0,I-NTMCP l=1,1.0,PURSUER_WIN
maze8,0,l1,101,0,10.0,I-NTMCP l=1,1.0,EVADER_REACHED_GOAL
maze8,0,l1,101,0,10.0,I-NTMCP l=1,1.0,EVADER_REACHED_GOAL
maze8,0,l1,101,1,10.0,I-NTMCP l=1,1.0,PURSUER_WIN
maze8,0,l1,101,1,8.0,I-NTMCP l=1,1.0,PURSUER_WIN
maze8,0,l1,101,1,12.0,I-NTMCP l=1,1.0,PURSUER_WIN
maze8,0,l1,101,0,9.0,I-NTMCP l=1,1.0,EVADER_REACHED_GOAL
maze8,0,l1,101,0,13.0,I-NTMCP l=1,1.0,EVADER_REACHED_GOAL
maze8,0,l1,101,1,15.0,I-NTMCP l=1,1.0,PURSUER_WIN
maze8,0,l1,101,1,3.0,I-NTMCP l=1,1.0,PURSUER_WIN
maze8,0,l1,101,0,10.0,I-NTMCP l=1,1.0,EVADER_REACHED_GOAL
maze8,0,l1,101,0,10.0,I-NTMCP l=1,1.0,EVADER_REACHED_GOAL
maze8,0,l1,101,1,9.0,I-NTMCP l=1,1.0,PURSUER_WIN
maze8,0,l1,101,1,8.0,I-NTMCP l=1,1.0,PURSUER_WIN
maze8,0,l1,101,1,2.0,I-NTMCP l=1,1.0,PURSUER_WIN
maze8,0,l1,101,0,20.0,I-NTMCP l=1,1.0,EVADER_REACHED_GOAL
maze8,0,l1,101,0,11.0,I-NTMCP l=1,1.0,EVADER_REACHED_GOAL
maze8,0,l1,101,1,3.0,I-NTMCP l=1,1.0,PURSUER_WIN
maze8,0,l1,101,0,11.0,I-NTMCP l=1,1.0,EVADER_REACHED_GOAL
maze8,0,l1,101,1,2.0,I-NTMCP l=1,1.0,PURSUER_WIN
maze8,0,l1,101,1,2.0,I-NTMCP l=1,1.0,PURSUER_WIN
maze8,0,l1,101,1,8.0,I-NTMCP l=1,1.0,PURSUER_WIN
maze8,0,l1,101,1,3.0,I-NTMCP l=1,1.0,PURSUER_WIN
maze8,0,l1,101,0,9.0,I-NTMCP l=1,1.0,EVADER_REACHED_GOAL
maze8,0,l1,101,0,11.0,I-NTMCP l=1,1.0,EVADER_REACHED_GOAL
maze8,0,l1,101,1,8.0,I-NTMCP l=1,1.0,PURSUER_WIN
maze8,0,l1,102,0,13.0,I-NTMCP l=1,1.0,EVADER_REACHED_GOAL
maze8,0,l1,102,0,14.0,I-NTMCP l=1,1.0,EVADER_REACHED_GOAL
maze8,0,l1,102,1,4.0,I-NTMCP l=1,1.0,PURSUER_WIN
maze8,0,l1,102,0,11.0,I-NTMCP l=1,1.0,EVADER_REACHED_GOAL
maze8,0,l1,102,1,3.0,I-NTMCP l=1,1.0,PURSUER_WIN
maze8,0,l1,102,1,2.0,I-NTMCP l=1,1.0,PURSUER_WIN
maze8,0,l1,102,0,11.0,I-NTMCP l=1,1.0,EVADER_REACHED_GOAL
maze8,0,l1,102,0,11.0,I-NTMCP l=1,1.0,EVADER_REACHED_GOAL
maze8,0,l1,102,0,12.0,I-NTMCP l=1,1.0,EVADER_REACHED_GOAL
maze8,0,l1,102,1,2.0,I-NTMCP l=1,1.0,PURSUER_WIN
maze8,0,l1,102,1,4.0,I-NTMCP l=1,1.0,PURSUER_WIN
maze8,0,l1,102,1,3.0,I-NTMCP l=1,1.0,PURSUER_WIN
maze8,0,l1,102,1,3.0,I-NTMCP l=1,1.0,PURSUER_WIN
maze8,0,l1,102,0,11.0,I-NTMCP l=1,1.0,EVADER_REACHED_GOAL
maze8,0,l1,102,1,8.0,I-NTMCP l=1,1.0,PURSUER_WIN
maze8,0,l1,102,1,8.0,I-NTMCP l=1,1.0,PURSUER_WIN
maze8,0,l1,102,0,13.0,I-NTMCP l=1,1.0,EVADER_REACHED_GOAL
maze8,0,l1,102,0,11.0,I-NTMCP l=1,1.0,EVADER_REACHED_GOAL
maze8,0,l1,102,0,12.0,I-NTMCP l=1,1.0,EVADER_REACHED_GOAL
maze8,0,l1,102,1,3.0,I-NTMCP l=1,1.0,PURSUER_WIN
maze8,0,l1,102,0,9.0,I-NTMCP l=1,1.0,EVADER_REACHED_GOAL
maze8,0,l1,102,1,3.0,I-NTMCP l=1,1.0,PURSUER_WIN
maze8,0,l1,102,0,11.0,I-NTMCP l=1,1.0,EVADER_REACHED_GOAL
maze8,0,l1,102,1,3.0,I-NTMCP l=1,1.0,PURSUER_WIN
maze8,0,l1,102,0,11.0,I-NTMCP l=1,1.0,EVADER_REACHED_GOAL
maze8,0,l1,102,0,9.0,I-NTMCP l=1,1.0,EVADER_REACHED_GOAL
maze8,0,l1,102,1,9.0,I-NTMCP l=1,1.0,PURSUER_WIN
maze8,0,l1,102,1,3.0,I-NTMCP l=1,1.0,PURSUER_WIN
maze8,0,l1,102,1,10.0,I-NTMCP l=1,1.0,PURSUER_WIN
maze8,0,l1,102,0,12.0,I-NTMCP l=1,1.0,EVADER_REACHED_GOAL
maze8,0,l1,102,1,8.0,I-NTMCP l=1,1.0,PURSUER_WIN
maze8,0,l1,102,1,14.0,I-NTMCP l=1,1.0,PURSUER_WIN
maze8,0,l1,102,1,2.0,I-NTMCP l=1,1.0,PURSUER_WIN
maze8,0,l1,102,1,2.0,I-NTMCP l=1,1.0,PURSUER_WIN
maze8,0,l1,102,0,9.0,I-NTMCP l=1,1.0,EVADER_REACHED_GOAL
maze8,0,l1,102,0,10.0,I-NTMCP l=1,1.0,EVADER_REACHED_GOAL
maze8,0,l1,102,0,10.0,I-NTMCP l=1,1.0,EVADER_REACHED_GOAL
maze8,0,l1,102,1,8.0,I-NTMCP l=1,1.0,PURSUER_WIN
maze8,0,l1,102,1,9.0,I-NTMCP l=1,1.0,PURSUER_WIN
maze8,0,l1,102,1,3.0,I-NTMCP l=1,1.0,PURSUER_WIN
maze8,0,l1,102,1,4.0,I-NTMCP l=1,1.0,PURSUER_WIN
maze8,0,l1,102,1,8.0,I-NTMCP l=1,1.0,PURSUER_WIN
maze8,0,l1,102,0,11.0,I-NTMCP l=1,1.0,EVADER_REACHED_GOAL
maze8,0,l1,102,1,6.0,I-NTMCP l=1,1.0,PURSUER_WIN
maze8,0,l1,102,0,13.0,I-NTMCP l=1,1.0,EVADER_REACHED_GOAL
maze8,0,l1,102,0,11.0,I-NTMCP l=1,1.0,EVADER_REACHED_GOAL
maze8,0,l1,102,1,4.0,I-NTMCP l=1,1.0,PURSUER_WIN
maze8,0,l1,102,1,3.0,I-NTMCP l=1,1.0,PURSUER_WIN
maze8,0,l1,102,1,2.0,I-NTMCP l=1,1.0,PURSUER_WIN
maze8,0,l1,102,0,11.0,I-NTMCP l=1,1.0,EVADER_REACHED_GOAL
maze8,0,l1,103,1,8.0,I-NTMCP l=1,1.0,PURSUER_WIN
maze8,0,l1,103,0,11.0,I-NTMCP l=1,1.0,EVADER_REACHED_GOAL
maze8,0,l1,103,1,2.0,I-NTMCP l=1,1.0,PURSUER_WIN
maze8,0,l1,103,1,3.0,I-NTMCP l=1,1.0,PURSUER_WIN
maze8,0,l1,103,1,3.0,I-NTMCP l=1,1.0,PURSUER_WIN
maze8,0,l1,103,1,10.0,I-NTMCP l=1,1.0,PURSUER_WIN
maze8,0,l1,103,1,8.0,I-NTMCP l=1,1.0,PURSUER_WIN
maze8,0,l1,103,1,3.0,I-NTMCP l=1,1.0,PURSUER_WIN
maze8,0,l1,103,0,10.0,I-NTMCP l=1,1.0,EVADER_REACHED_GOAL
maze8,0,l1,103,1,8.0,I-NTMCP l=1,1.0,PURSUER_WIN
maze8,0,l1,103,1,8.0,I-NTMCP l=1,1.0,PURSUER_WIN
maze8,0,l1,103,1,3.0,I-NTMCP l=1,1.0,PURSUER_WIN
maze8,0,l1,103,1,3.0,I-NTMCP l=1,1.0,PURSUER_WIN
maze8,0,l1,103,1,8.0,I-NTMCP l=1,1.0,PURSUER_WIN
maze8,0,l1,103,0,11.0,I-NTMCP l=1,1.0,EVADER_REACHED_GOAL
maze8,0,l1,103,1,3.0,I-NTMCP l=1,1.0,PURSUER_WIN
maze8,0,l1,103,1,3.0,I-NTMCP l=1,1.0,PURSUER_WIN
maze8,0,l1,103,1,2.0,I-NTMCP l=1,1.0,PURSUER_WIN
maze8,0,l1,103,1,9.0,I-NTMCP l=1,1.0,PURSUER_WIN
maze8,0,l1,103,1,2.0,I-NTMCP l=1,1.0,PURSUER_WIN
maze8,0,l1,103,0,20.0,I-NTMCP l=1,1.0,EVADER_REACHED_GOAL
maze8,0,l1,103,1,8.0,I-NTMCP l=1,1.0,PURSUER_WIN
maze8,0,l1,103,1,4.0,I-NTMCP l=1,1.0,PURSUER_WIN
maze8,0,l1,103,0,13.0,I-NTMCP l=1,1.0,EVADER_REACHED_GOAL
maze8,0,l1,103,1,10.0,I-NTMCP l=1,1.0,PURSUER_WIN
maze8,0,l1,103,1,3.0,I-NTMCP l=1,1.0,PURSUER_WIN
maze8,0,l1,103,1,3.0,I-NTMCP l=1,1.0,PURSUER_WIN
maze8,0,l1,103,1,8.0,I-NTMCP l=1,1.0,PURSUER_WIN
maze8,0,l1,103,1,3.0,I-NTMCP l=1,1.0,PURSUER_WIN
maze8,0,l1,103,1,3.0,I-NTMCP l=1,1.0,PURSUER_WIN
maze8,0,l1,103,1,2.0,I-NTMCP l=1,1.0,PURSUER_WIN
maze8,0,l1,103,1,2.0,I-NTMCP l=1,1.0,PURSUER_WIN
maze8,0,l1,103,0,10.0,I-NTMCP l=1,1.0,EVADER_REACHED_GOAL
maze8,0,l1,103,1,10.0,I-NTMCP l=1,1.0,PURSUER_WIN
maze8,0,l1,103,1,6.0,I-NTMCP l=1,1.0,PURSUER_WIN
maze8,0,l1,103,1,3.0,I-NTMCP l=1,1.0,PURSUER_WIN
maze8,0,l1,103,0,9.0,I-NTMCP l=1,1.0,EVADER_REACHED_GOAL
maze8,0,l1,103,0,13.0,I-NTMCP l=1,1.0,EVADER_REACHED_GOAL
maze8,0,l1,103,1,15.0,I-NTMCP l=1,1.0,PURSUER_WIN
maze8,0,l1,103,0,9.0,I-NTMCP l=1,1.0,EVADER_REACHED_GOAL
maze8,0,l1,103,1,10.0,I-NTMCP l=1,1.0,PURSUER_WIN
maze8,0,l1,103,0,12.0,I-NTMCP l=1,1.0,EVADER_REACHED_GOAL
maze8,0,l1,103,0,11.0,I-NTMCP l=1,1.0,EVADER_REACHED_GOAL
maze8,0,l1,103,0,12.0,I-NTMCP l=1,1.0,EVADER_REACHED_GOAL
maze8,0,l1,103,0,10.0,I-NTMCP l=1,1.0,EVADER_REACHED_GOAL
maze8,0,l1,103,1,8.0,I-NTMCP l=1,1.0,PURSUER_WIN
maze8,0,l1,103,1,8.0,I-NTMCP l=1,1.0,PURSUER_WIN
maze8,0,l1,103,0,10.0,I-NTMCP l=1,1.0,EVADER_REACHED_GOAL
maze8,0,l1,103,1,2.0,I-NTMCP l=1,1.0,PURSUER_WIN
maze8,0,l1,103,1,13.0,I-NTMCP l=1,1.0,PURSUER_WIN
maze8,0,l1,104,0,9.0,I-NTMCP l=1,1.0,EVADER_REACHED_GOAL
maze8,0,l1,104,1,8.0,I-NTMCP l=1,1.0,PURSUER_WIN
maze8,0,l1,104,0,12.0,I-NTMCP l=1,1.0,EVADER_REACHED_GOAL
maze8,0,l1,104,0,11.0,I-NTMCP l=1,1.0,EVADER_REACHED_GOAL
maze8,0,l1,104,1,3.0,I-NTMCP l=1,1.0,PURSUER_WIN
maze8,0,l1,104,1,3.0,I-NTMCP l=1,1.0,PURSUER_WIN
maze8,0,l1,104,0,11.0,I-NTMCP l=1,1.0,EVADER_REACHED_GOAL
maze8,0,l1,104,0,9.0,I-NTMCP l=1,1.0,EVADER_REACHED_GOAL
maze8,0,l1,104,0,10.0,I-NTMCP l=1,1.0,EVADER_REACHED_GOAL
maze8,0,l1,104,0,11.0,I-NTMCP l=1,1.0,EVADER_REACHED_GOAL
maze8,0,l1,104,1,8.0,I-NTMCP l=1,1.0,PURSUER_WIN
maze8,0,l1,104,0,11.0,I-NTMCP l=1,1.0,EVADER_REACHED_GOAL
maze8,0,l1,104,1,3.0,I-NTMCP l=1,1.0,PURSUER_WIN
maze8,0,l1,104,0,13.0,I-NTMCP l=1,1.0,EVADER_REACHED_GOAL
maze8,0,l1,104,1,3.0,I-NTMCP l=1,1.0,PURSUER_WIN
maze8,0,l1,104,1,5.0,I-NTMCP l=1,1.0,PURSUER_WIN
maze8,0,l1,104,1,3.0,I-NTMCP l=1,1.0,PURSUER_WIN
maze8,0,l1,104,0,12.0,I-NTMCP l=1,1.0,EVADER_REACHED_GOAL
maze8,0,l1,104,1,14.0,I-NTMCP l=1,1.0,PURSUER_WIN
maze8,0,l1,104,1,8.0,I-NTMCP l=1,1.0,PURSUER_WIN
maze8,0,l1,104,0,10.0,I-NTMCP l=1,1.0,EVADER_REACHED_GOAL
maze8,0,l1,104,1,3.0,I-NTMCP l=1,1.0,PURSUER_WIN
maze8,0,l1,104,0,9.0,I-NTMCP l=1,1.0,EVADER_REACHED_GOAL
maze8,0,l1,104,1,2.0,I-NTMCP l=1,1.0,PURSUER_WIN
maze8,0,l1,104,1,10.0,I-NTMCP l=1,1.0,PURSUER_WIN
maze8,0,l1,104,0,11.0,I-NTMCP l=1,1.0,EVADER_REACHED_GOAL
maze8,0,l1,104,1,16.0,I-NTMCP l=1,1.0,PURSUER_WIN
maze8,0,l1,104,0,9.0,I-NTMCP l=1,1.0,EVADER_REACHED_GOAL
maze8,0,l1,104,1,3.0,I-NTMCP l=1,1.0,PURSUER_WIN
maze8,0,l1,104,1,8.0,I-NTMCP l=1,1.0,PURSUER_WIN
maze8,0,l1,104,1,6.0,I-NTMCP l=1,1.0,PURSUER_WIN
maze8,0,l1,104,0,11.0,I-NTMCP l=1,1.0,EVADER_REACHED_GOAL
maze8,0,l1,104,1,2.0,I-NTMCP l=1,1.0,PURSUER_WIN
maze8,0,l1,104,1,11.0,I-NTMCP l=1,1.0,PURSUER_WIN
maze8,0,l1,104,1,8.0,I-NTMCP l=1,1.0,PURSUER_WIN
maze8,0,l1,104,1,9.0,I-NTMCP l=1,1.0,PURSUER_WIN
maze8,0,l1,104,0,11.0,I-NTMCP l=1,1.0,EVADER_REACHED_GOAL
maze8,0,l1,104,1,13.0,I-NTMCP l=1,1.0,PURSUER_WIN
maze8,0,l1,104,0,11.0,I-NTMCP l=1,1.0,EVADER_REACHED_GOAL
maze8,0,l1,104,0,12.0,I-NTMCP l=1,1.0,EVADER_REACHED_GOAL
maze8,0,l1,104,1,3.0,I-NTMCP l=1,1.0,PURSUER_WIN
maze8,0,l1,104,0,10.0,I-NTMCP l=1,1.0,EVADER_REACHED_GOAL
maze8,0,l1,104,0,13.0,I-NTMCP l=1,1.0,EVADER_REACHED_GOAL
maze8,0,l1,104,0,12.0,I-NTMCP l=1,1.0,EVADER_REACHED_GOAL
maze8,0,l1,104,1,3.0,I-NTMCP l=1,1.0,PURSUER_WIN
maze8,0,l1,104,0,12.0,I-NTMCP l=1,1.0,EVADER_REACHED_GOAL
maze8,0,l1,104,1,3.0,I-NTMCP l=1,1.0,PURSUER_WIN
maze8,0,l1,104,0,12.0,I-NTMCP l=1,1.0,EVADER_REACHED_GOAL
maze8,0,l1,104,0,10.0,I-NTMCP l=1,1.0,EVADER_REACHED_GOAL
maze8,0,l1,104,1,3.0,I-NTMCP l=1,1.0,PURSUER_WIN
maze8,0,l1,105,0,20.0,I-NTMCP l=1,1.0,EVADER_REACHED_GOAL
maze8,0,l1,105,0,12.0,I-NTMCP l=1,1.0,EVADER_REACHED_GOAL
maze8,0,l1,105,0,11.0,I-NTMCP l=1,1.0,EVADER_REACHED_GOAL
maze8,0,l1,105,0,11.0,I-NTMCP l=1,1.0,EVADER_REACHED_GOAL
maze8,0,l1,105,1,3.0,I-NTMCP l=1,1.0,PURSUER_WIN
maze8,0,l1,105,0,11.0,I-NTMCP l=1,1.0,EVADER_REACHED_GOAL
maze8,0,l1,105,0,12.0,I-NTMCP l=1,1.0,EVADER_REACHED_GOAL
maze8,0,l1,105,1,6.0,I-NTMCP l=1,1.0,PURSUER_WIN
maze8,0,l1,105,0,10.0,I-NTMCP l=1,1.0,EVADER_REACHED_GOAL
maze8,0,l1,105,0,12.0,I-NTMCP l=1,1.0,EVADER_REACHED_GOAL
maze8,0,l1,105,1,9.0,I-NTMCP l=1,1.0,PURSUER_WIN
maze8,0,l1,105,1,3.0,I-NTMCP l=1,1.0,PURSUER_WIN
maze8,0,l1,105,1,3.0,I-NTMCP l=1,1.0,PURSUER_WIN
maze8,0,l1,105,1,5.0,I-NTMCP l=1,1.0,PURSUER_WIN
maze8,0,l1,105,0,11.0,I-NTMCP l=1,1.0,EVADER_REACHED_GOAL
maze8,0,l1,105,1,2.0,I-NTMCP l=1,1.0,PURSUER_WIN
maze8,0,l1,105,1,3.0,I-NTMCP l=1,1.0,PURSUER_WIN
maze8,0,l1,105,1,3.0,I-NTMCP l=1,1.0,PURSUER_WIN
maze8,0,l1,105,0,14.0,I-NTMCP l=1,1.0,EVADER_REACHED_GOAL
maze8,0,l1,105,0,10.0,I-NTMCP l=1,1.0,EVADER_REACHED_GOAL
maze8,0,l1,105,1,4.0,I-NTMCP l=1,1.0,PURSUER_WIN
maze8,0,l1,105,1,8.0,I-NTMCP l=1,1.0,PURSUER_WIN
maze8,0,l1,105,0,10.0,I-NTMCP l=1,1.0,EVADER_REACHED_GOAL
maze8,0,l1,105,0,11.0,I-NTMCP l=1,1.0,EVADER_REACHED_GOAL
maze8,0,l1,105,0,11.0,I-NTMCP l=1,1.0,EVADER_REACHED_GOAL
maze8,0,l1,105,0,9.0,I-NTMCP l=1,1.0,EVADER_REACHED_GOAL
maze8,0,l1,105,1,3.0,I-NTMCP l=1,1.0,PURSUER_WIN
maze8,0,l1,105,1,8.0,I-NTMCP l=1,1.0,PURSUER_WIN
maze8,0,l1,105,1,8.0,I-NTMCP l=1,1.0,PURSUER_WIN
maze8,0,l1,105,1,2.0,I-NTMCP l=1,1.0,PURSUER_WIN
maze8,0,l1,105,1,8.0,I-NTMCP l=1,1.0,PURSUER_WIN
maze8,0,l1,105,1,10.0,I-NTMCP l=1,1.0,PURSUER_WIN
maze8,0,l1,105,1,2.0,I-NTMCP l=1,1.0,PURSUER_WIN
maze8,0,l1,105,1,3.0,I-NTMCP l=1,1.0,PURSUER_WIN
maze8,0,l1,105,1,2.0,I-NTMCP l=1,1.0,PURSUER_WIN
maze8,0,l1,105,1,15.0,I-NTMCP l=1,1.0,PURSUER_WIN
maze8,0,l1,105,1,10.0,I-NTMCP l=1,1.0,PURSUER_WIN
maze8,0,l1,105,0,10.0,I-NTMCP l=1,1.0,EVADER_REACHED_GOAL
maze8,0,l1,105,0,11.0,I-NTMCP l=1,1.0,EVADER_REACHED_GOAL
maze8,0,l1,105,0,9.0,I-NTMCP l=1,1.0,EVADER_REACHED_GOAL
maze8,0,l1,105,0,11.0,I-NTMCP l=1,1.0,EVADER_REACHED_GOAL
maze8,0,l1,105,0,13.0,I-NTMCP l=1,1.0,EVADER_REACHED_GOAL
maze8,0,l1,105,0,11.0,I-NTMCP l=1,1.0,EVADER_REACHED_GOAL
maze8,0,l1,105,0,10.0,I-NTMCP l=1,1.0,EVADER_REACHED_GOAL
maze8,0,l1,105,1,8.0,I-NTMCP l=1,1.0,PURSUER_WIN
maze8,0,l1,105,0,11.0,I-NTMCP l=1,1.0,EVADER_REACHED_GOAL
maze8,0,l1,105,0,11.0,I-NTMCP l=1,1.0,EVADER_REACHED_GOAL
maze8,0,l1,105,1,3.0,I-NTMCP l=1,1.0,PURSUER_WIN
maze8,0,l1,105,1,2.0,I-NTMCP l=1,1.0,PURSUER_WIN
maze8,0,l1,105,0,9.0,I-NTMCP l=1,1.0,EVADER_REACHED_GOAL
maze8,0,l1,106,0,11.0,I-NTMCP l=1,1.0,EVADER_REACHED_GOAL
maze8,0,l1,106,0,10.0,I-NTMCP l=1,1.0,EVADER_REACHED_GOAL
maze8,0,l1,106,0,22.0,I-NTMCP l=1,1.0,EVADER_REACHED_GOAL
maze8,0,l1,106,1,4.0,I-NTMCP l=1,1.0,PURSUER_WIN
maze8,0,l1,106,0,10.0,I-NTMCP l=1,1.0,EVADER_REACHED_GOAL
maze8,0,l1,106,1,2.0,I-NTMCP l=1,1.0,PURSUER_WIN
maze8,0,l1,106,1,8.0,I-NTMCP l=1,1.0,PURSUER_WIN
maze8,0,l1,106,1,3.0,I-NTMCP l=1,1.0,PURSUER_WIN
maze8,0,l1,106,1,5.0,I-NTMCP l=1,1.0,PURSUER_WIN
maze8,0,l1,106,0,11.0,I-NTMCP l=1,1.0,EVADER_REACHED_GOAL
maze8,0,l1,106,1,11.0,I-NTMCP l=1,1.0,PURSUER_WIN
maze8,0,l1,106,0,12.0,I-NTMCP l=1,1.0,EVADER_REACHED_GOAL
maze8,0,l1,106,0,9.0,I-NTMCP l=1,1.0,EVADER_REACHED_GOAL
maze8,0,l1,106,1,3.0,I-NTMCP l=1,1.0,PURSUER_WIN
maze8,0,l1,106,1,3.0,I-NTMCP l=1,1.0,PURSUER_WIN
maze8,0,l1,106,0,11.0,I-NTMCP l=1,1.0,EVADER_REACHED_GOAL
maze8,0,l1,106,1,10.0,I-NTMCP l=1,1.0,PURSUER_WIN
maze8,0,l1,106,1,3.0,I-NTMCP l=1,1.0,PURSUER_WIN
maze8,0,l1,106,1,3.0,I-NTMCP l=1,1.0,PURSUER_WIN
maze8,0,l1,106,1,5.0,I-NTMCP l=1,1.0,PURSUER_WIN
maze8,0,l1,106,1,8.0,I-NTMCP l=1,1.0,PURSUER_WIN
maze8,0,l1,106,1,2.0,I-NTMCP l=1,1.0,PURSUER_WIN
maze8,0,l1,106,0,11.0,I-NTMCP l=1,1.0,EVADER_REACHED_GOAL
maze8,0,l1,106,1,9.0,I-NTMCP l=1,1.0,PURSUER_WIN
maze8,0,l1,106,0,12.0,I-NTMCP l=1,1.0,EVADER_REACHED_GOAL
maze8,0,l1,106,1,3.0,I-NTMCP l=1,1.0,PURSUER_WIN
maze8,0,l1,106,0,13.0,I-NTMCP l=1,1.0,EVADER_REACHED_GOAL
maze8,0,l1,106,1,6.0,I-NTMCP l=1,1.0,PURSUER_WIN
maze8,0,l1,106,1,3.0,I-NTMCP l=1,1.0,PURSUER_WIN
maze8,0,l1,106,0,11.0,I-NTMCP l=1,1.0,EVADER_REACHED_GOAL
maze8,0,l1,106,0,12.0,I-NTMCP l=1,1.0,EVADER_REACHED_GOAL
maze8,0,l1,106,0,11.0,I-NTMCP l=1,1.0,EVADER_REACHED_GOAL
maze8,0,l1,106,0,11.0,I-NTMCP l=1,1.0,EVADER_REACHED_GOAL
maze8,0,l1,106,1,3.0,I-NTMCP l=1,1.0,PURSUER_WIN
maze8,0,l1,106,1,3.0,I-NTMCP l=1,1.0,PURSUER_WIN
maze8,0,l1,106,1,3.0,I-NTMCP l=1,1.0,PURSUER_WIN
maze8,0,l1,106,1,3.0,I-NTMCP l=1,1.0,PURSUER_WIN
maze8,0,l1,106,1,12.0,I-NTMCP l=1,1.0,PURSUER_WIN
maze8,0,l1,106,0,11.0,I-NTMCP l=1,1.0,EVADER_REACHED_GOAL
maze8,0,l1,106,1,2.0,I-NTMCP l=1,1.0,PURSUER_WIN
maze8,0,l1,106,1,2.0,I-NTMCP l=1,1.0,PURSUER_WIN
maze8,0,l1,106,1,2.0,I-NTMCP l=1,1.0,PURSUER_WIN
maze8,0,l1,106,1,15.0,I-NTMCP l=1,1.0,PURSUER_WIN
maze8,0,l1,106,1,3.0,I-NTMCP l=1,1.0,PURSUER_WIN
maze8,0,l1,106,1,4.0,I-NTMCP l=1,1.0,PURSUER_WIN
maze8,0,l1,106,1,8.0,I-NTMCP l=1,1.0,PURSUER_WIN
maze8,0,l1,106,0,9.0,I-NTMCP l=1,1.0,EVADER_REACHED_GOAL
maze8,0,l1,106,1,8.0,I-NTMCP l=1,1.0,PURSUER_WIN
maze8,0,l1,106,1,3.0,I-NTMCP l=1,1.0,PURSUER_WIN
maze8,0,l1,106,1,2.0,I-NTMCP l=1,1.0,PURSUER_WIN
maze8,0,l1,107,0,11.0,I-NTMCP l=1,1.0,EVADER_REACHED_GOAL
maze8,0,l1,107,1,3.0,I-NTMCP l=1,1.0,PURSUER_WIN
maze8,0,l1,107,0,11.0,I-NTMCP l=1,1.0,EVADER_REACHED_GOAL
maze8,0,l1,107,0,11.0,I-NTMCP l=1,1.0,EVADER_REACHED_GOAL
maze8,0,l1,107,1,3.0,I-NTMCP l=1,1.0,PURSUER_WIN
maze8,0,l1,107,1,3.0,I-NTMCP l=1,1.0,PURSUER_WIN
maze8,0,l1,107,1,4.0,I-NTMCP l=1,1.0,PURSUER_WIN
maze8,0,l1,107,1,3.0,I-NTMCP l=1,1.0,PURSUER_WIN
maze8,0,l1,107,1,3.0,I-NTMCP l=1,1.0,PURSUER_WIN
maze8,0,l1,107,0,11.0,I-NTMCP l=1,1.0,EVADER_REACHED_GOAL
maze8,0,l1,107,1,3.0,I-NTMCP l=1,1.0,PURSUER_WIN
maze8,0,l1,107,0,12.0,I-NTMCP l=1,1.0,EVADER_REACHED_GOAL
maze8,0,l1,107,1,8.0,I-NTMCP l=1,1.0,PURSUER_WIN
maze8,0,l1,107,1,3.0,I-NTMCP l=1,1.0,PURSUER_WIN
maze8,0,l1,107,1,10.0,I-NTMCP l=1,1.0,PURSUER_WIN
maze8,0,l1,107,0,11.0,I-NTMCP l=1,1.0,EVADER_REACHED_GOAL
maze8,0,l1,107,1,3.0,I-NTMCP l=1,1.0,PURSUER_WIN
maze8,0,l1,107,0,11.0,I-NTMCP l=1,1.0,EVADER_REACHED_GOAL
maze8,0,l1,107,0,11.0,I-NTMCP l=1,1.0,EVADER_REACHED_GOAL
maze8,0,l1,107,1,8.0,I-NTMCP l=1,1.0,PURSUER_WIN
maze8,0,l1,107,1,9.0,I-NTMCP l=1,1.0,PURSUER_WIN
maze8,0,l1,107,1,8.0,I-NTMCP l=1,1.0,PURSUER_WIN
maze8,0,l1,107,1,3.0,I-NTMCP l=1,1.0,PURSUER_WIN
maze8,0,l1,107,1,3.0,I-NTMCP l=1,1.0,PURSUER_WIN
maze8,0,l1,107,1,8.0,I-NTMCP l=1,1.0,PURSUER_WIN
maze8,0,l1,107,1,3.0,I-NTMCP l=1,1.0,PURSUER_WIN
maze8,0,l1,107,1,3.0,I-NTMCP l=1,1.0,PURSUER_WIN
maze8,0,l1,107,0,10.0,I-NTMCP l=1,1.0,EVADER_REACHED_GOAL
maze8,0,l1,107,1,8.0,I-NTMCP l=1,1.0,PURSUER_WIN
maze8,0,l1,107,1,3.0,I-NTMCP l=1,1.0,PURSUER_WIN
maze8,0,l1,107,1,2.0,I-NTMCP l=1,1.0,PURSUER_WIN
maze8,0,l1,107,0,10.0,I-NTMCP l=1,1.0,EVADER_REACHED_GOAL
maze8,0,l1,107,1,2.0,I-NTMCP l=1,1.0,PURSUER_WIN
maze8,0,l1,107,1,3.0,I-NTMCP l=1,1.0,PURSUER_WIN
maze8,0,l1,107,0,10.0,I-NTMCP l=1,1.0,EVADER_REACHED_GOAL
maze8,0,l1,107,1,3.0,I-NTMCP l=1,1.0,PURSUER_WIN
maze8,0,l1,107,0,13.0,I-NTMCP l=1,1.0,EVADER_REACHED_GOAL
maze8,0,l1,107,1,2.0,I-NTMCP l=1,1.0,PURSUER_WIN
maze8,0,l1,107,1,3.0,I-NTMCP l=1,1.0,PURSUER_WIN
maze8,0,l1,107,1,8.0,I-NTMCP l=1,1.0,PURSUER_WIN
maze8,0,l1,107,0,9.0,I-NTMCP l=1,1.0,EVADER_REACHED_GOAL
maze8,0,l1,107,1,3.0,I-NTMCP l=1,1.0,PURSUER_WIN
maze8,0,l1,107,1,3.0,I-NTMCP l=1,1.0,PURSUER_WIN
maze8,0,l1,107,1,2.0,I-NTMCP l=1,1.0,PURSUER_WIN
maze8,0,l1,107,1,8.0,I-NTMCP l=1,1.0,PURSUER_WIN
maze8,0,l1,107,0,12.0,I-NTMCP l=1,1.0,EVADER_REACHED_GOAL
maze8,0,l1,107,0,13.0,I-NTMCP l=1,1.0,EVADER_REACHED_GOAL
maze8,0,l1,107,0,11.0,I-NTMCP l=1,1.0,EVADER_REACHED_GOAL
maze8,0,l1,107,0,12.0,I-NTMCP l=1,1.0,EVADER_REACHED_GOAL
maze8,0,l1,107,1,3.0,I-NTMCP l=1,1.0,PURSUER_WIN
maze8,0,l1,108,0,9.0,I-NTMCP l=1,1.0,EVADER_REACHED_GOAL
maze8,0,l1,108,1,10.0,I-NTMCP l=1,1.0,PURSUER_WIN
maze8,0,l1,108,0,10.0,I-NTMCP l=1,1.0,EVADER_REACHED_GOAL
maze8,0,l1,108,1,3.0,I-NTMCP l=1,1.0,PURSUER_WIN
maze8,0,l1,108,0,12.0,I-NTMCP l=1,1.0,EVADER_REACHED_GOAL
maze8,0,l1,108,1,3.0,I-NTMCP l=1,1.0,PURSUER_WIN
maze8,0,l1,108,0,9.0,I-NTMCP l=1,1.0,EVADER_REACHED_GOAL
maze8,0,l1,108,1,13.0,I-NTMCP l=1,1.0,PURSUER_WIN
maze8,0,l1,108,1,2.0,I-NTMCP l=1,1.0,PURSUER_WIN
maze8,0,l1,108,0,9.0,I-NTMCP l=1,1.0,EVADER_REACHED_GOAL
maze8,0,l1,108,1,8.0,I-NTMCP l=1,1.0,PURSUER_WIN
maze8,0,l1,108,1,10.0,I-NTMCP l=1,1.0,PURSUER_WIN
maze8,0,l1,108,0,9.0,I-NTMCP l=1,1.0,EVADER_REACHED_GOAL
maze8,0,l1,108,1,3.0,I-NTMCP l=1,1.0,PURSUER_WIN
maze8,0,l1,108,1,3.0,I-NTMCP l=1,1.0,PURSUER_WIN
maze8,0,l1,108,1,2.0,I-NTMCP l=1,1.0,PURSUER_WIN
maze8,0,l1,108,1,3.0,I-NTMCP l=1,1.0,PURSUER_WIN
maze8,0,l1,108,0,9.0,I-NTMCP l=1,1.0,EVADER_REACHED_GOAL
maze8,0,l1,108,0,12.0,I-NTMCP l=1,1.0,EVADER_REACHED_GOAL
maze8,0,l1,108,0,11.0,I-NTMCP l=1,1.0,EVADER_REACHED_GOAL
maze8,0,l1,108,1,3.0,I-NTMCP l=1,1.0,PURSUER_WIN
maze8,0,l1,108,0,10.0,I-NTMCP l=1,1.0,EVADER_REACHED_GOAL
maze8,0,l1,108,0,12.0,I-NTMCP l=1,1.0,EVADER_REACHED_GOAL
maze8,0,l1,108,0,12.0,I-NTMCP l=1,1.0,EVADER_REACHED_GOAL
maze8,0,l1,108,0,9.0,I-NTMCP l=1,1.0,EVADER_REACHED_GOAL
maze8,0,l1,108,1,8.0,I-NTMCP l=1,1.0,PURSUER_WIN
maze8,0,l1,108,1,2.0,I-NTMCP l=1,1.0,PURSUER_WIN
maze8,0,l1,108,1,10.0,I-NTMCP l=1,1.0,PURSUER_WIN
maze8,0,l1,108,0,10.0,I-NTMCP l=1,1.0,EVADER_REACHED_GOAL
maze8,0,l1,108,0,11.0,I-NTMCP l=1,1.0,EVADER_REACHED_GOAL
maze8,0,l1,108,1,9.0,I-NTMCP l=1,1.0,PURSUER_WIN
maze8,0,l1,108,0,11.0,I-NTMCP l=1,1.0,EVADER_REACHED_GOAL
maze8,0,l1,108,0,11.0,I-NTMCP l=1,1.0,EVADER_REACHED_GOAL
maze8,0,l1,108,1,3.0,I-NTMCP l=1,1.0,PURSUER_WIN
maze8,0,l1,108,1,13.0,I-NTMCP l=1,1.0,PURSUER_WIN
maze8,0,l1,108,0,12.0,I-NTMCP l=1,1.0,EVADER_REACHED_GOAL
maze8,0,l1,108,0,10.0,I-NTMCP l=1,1.0,EVADER_REACHED_GOAL
maze8,0,l1,108,0,9.0,I-NTMCP l=1,1.0,EVADER_REACHED_GOAL
maze8,0,l1,108,0,9.0,I-NTMCP l=1,1.0,EVADER_REACHED_GOAL
maze8,0,l1,108,1,3.0,I-NTMCP l=1,1.0,PURSUER_WIN
maze8,0,l1,108,1,3.0,I-NTMCP l=1,1.0,PURSUER_WIN
maze8,0,l1,108,1,3.0,I-NTMCP l=1,1.0,PURSUER_WIN
maze8,0,l1,108,1,6.0,I-NTMCP l=1,1.0,PURSUER_WIN
maze8,0,l1,108,0,9.0,I-NTMCP l=1,1.0,EVADER_REACHED_GOAL
maze8,0,l1,108,0,11.0,I-NTMCP l=1,1.0,EVADER_REACHED_GOAL
maze8,0,l1,108,1,9.0,I-NTMCP l=1,1.0,PURSUER_WIN
maze8,0,l1,108,1,3.0,I-NTMCP l=1,1.0,PURSUER_WIN
maze8,0,l1,108,0,10.0,I-NTMCP l=1,1.0,EVADER_REACHED_GOAL
maze8,0,l1,108,0,12.0,I-NTMCP l=1,1.0,EVADER_REACHED_GOAL
maze8,0,l1,108,1,10.0,I-NTMCP l=1,1.0,PURSUER_WIN
maze8,0,l1,109,0,12.0,I-NTMCP l=1,1.0,EVADER_REACHED_GOAL
maze8,0,l1,109,1,2.0,I-NTMCP l=1,1.0,PURSUER_WIN
maze8,0,l1,109,0,11.0,I-NTMCP l=1,1.0,EVADER_REACHED_GOAL
maze8,0,l1,109,1,8.0,I-NTMCP l=1,1.0,PURSUER_WIN
maze8,0,l1,109,1,3.0,I-NTMCP l=1,1.0,PURSUER_WIN
maze8,0,l1,109,1,8.0,I-NTMCP l=1,1.0,PURSUER_WIN
maze8,0,l1,109,1,3.0,I-NTMCP l=1,1.0,PURSUER_WIN
maze8,0,l1,109,1,9.0,I-NTMCP l=1,1.0,PURSUER_WIN
maze8,0,l1,109,1,8.0,I-NTMCP l=1,1.0,PURSUER_WIN
maze8,0,l1,109,1,3.0,I-NTMCP l=1,1.0,PURSUER_WIN
maze8,0,l1,109,0,11.0,I-NTMCP l=1,1.0,EVADER_REACHED_GOAL
maze8,0,l1,109,0,11.0,I-NTMCP l=1,1.0,EVADER_REACHED_GOAL
maze8,0,l1,109,0,10.0,I-NTMCP l=1,1.0,EVADER_REACHED_GOAL
maze8,0,l1,109,0,9.0,I-NTMCP l=1,1.0,EVADER_REACHED_GOAL
maze8,0,l1,109,0,11.0,I-NTMCP l=1,1.0,EVADER_REACHED_GOAL
maze8,0,l1,109,1,9.0,I-NTMCP l=1,1.0,PURSUER_WIN
maze8,0,l1,109,1,2.0,I-NTMCP l=1,1.0,PURSUER_WIN
maze8,0,l1,109,0,11.0,I-NTMCP l=1,1.0,EVADER_REACHED_GOAL
maze8,0,l1,109,0,9.0,I-NTMCP l=1,1.0,EVADER_REACHED_GOAL
maze8,0,l1,109,0,10.0,I-NTMCP l=1,1.0,EVADER_REACHED_GOAL
maze8,0,l1,109,1,8.0,I-NTMCP l=1,1.0,PURSUER_WIN
maze8,0,l1,109,1,3.0,I-NTMCP l=1,1.0,PURSUER_WIN
maze8,0,l1,109,0,11.0,I-NTMCP l=1,1.0,EVADER_REACHED_GOAL
maze8,0,l1,109,1,2.0,I-NTMCP l=1,1.0,PURSUER_WIN
maze8,0,l1,109,0,11.0,I-NTMCP l=1,1.0,EVADER_REACHED_GOAL
maze8,0,l1,109,0,11.0,I-NTMCP l=1,1.0,EVADER_REACHED_GOAL
maze8,0,l1,109,0,11.0,I-NTMCP l=1,1.0,EVADER_REACHED_GOAL
maze8,0,l1,109,1,4.0,I-NTMCP l=1,1.0,PURSUER_WIN
maze8,0,l1,109,0,12.0,I-NTMCP l=1,1.0,EVADER_REACHED_GOAL
maze8,0,l1,109,0,9.0,I-NTMCP l=1,1.0,EVADER_REACHED_GOAL
maze8,0,l1,109,0,9.0,I-NTMCP l=1,1.0,EVADER_REACHED_GOAL
maze8,0,l1,109,0,11.0,I-NTMCP l=1,1.0,EVADER_REACHED_GOAL
maze8,0,l1,109,1,3.0,I-NTMCP l=1,1.0,PURSUER_WIN
maze8,0,l1,109,0,9.0,I-NTMCP l=1,1.0,EVADER_REACHED_GOAL
maze8,0,l1,109,0,9.0,I-NTMCP l=1,1.0,EVADER_REACHED_GOAL
maze8,0,l1,109,0,13.0,I-NTMCP l=1,1.0,EVADER_REACHED_GOAL
maze8,0,l1,109,1,3.0,I-NTMCP l=1,1.0,PURSUER_WIN
maze8,0,l1,109,1,9.0,I-NTMCP l=1,1.0,PURSUER_WIN
maze8,0,l1,109,0,9.0,I-NTMCP l=1,1.0,EVADER_REACHED_GOAL
maze8,0,l1,109,1,3.0,I-NTMCP l=1,1.0,PURSUER_WIN
maze8,0,l1,109,1,2.0,I-NTMCP l=1,1.0,PURSUER_WIN
maze8,0,l1,109,0,9.0,I-NTMCP l=1,1.0,EVADER_REACHED_GOAL
maze8,0,l1,109,0,13.0,I-NTMCP l=1,1.0,EVADER_REACHED_GOAL
maze8,0,l1,109,0,9.0,I-NTMCP l=1,1.0,EVADER_REACHED_GOAL
maze8,0,l1,109,0,13.0,I-NTMCP l=1,1.0,EVADER_REACHED_GOAL
maze8,0,l1,109,1,4.0,I-NTMCP l=1,1.0,PURSUER_WIN
maze8,0,l1,109,1,6.0,I-NTMCP l=1,1.0,PURSUER_WIN
maze8,0,l1,109,0,12.0,I-NTMCP l=1,1.0,EVADER_REACHED_GOAL
maze8,0,l1,109,1,8.0,I-NTMCP l=1,1.0,PURSUER_WIN
maze8,0,l1,109,1,10.0,I-NTMCP l=1,1.0,PURSUER_WIN
maze8,0,mixed,100,1,3.0,shortest path,,PURSUER_WIN
maze8,0,mixed,100,1,10.0,I-NTMCP l=1,1.0,PURSUER_WIN
maze8,0,mixed,100,0,11.0,I-NTMCP l=1,1.0,EVADER_REACHED_GOAL
maze8,0,mixed,100,1,3.0,shortest path,,PURSUER_WIN
maze8,0,mixed,100,0,9.0,I-NTMCP l=1,1.0,EVADER_REACHED_GOAL
maze8,0,mixed,100,0,13.0,I-NTMCP l=0,0.0,EVADER_REACHED_GOAL
maze8,0,mixed,100,0,11.0,I-NTMCP l=1,1.0,EVADER_REACHED_GOAL
maze8,0,mixed,100,1,30.0,random,,PURSUER_WIN
maze8,0,mixed,100,1,2.0,random,,PURSUER_WIN
maze8,0,mixed,100,1,6.0,random,,PURSUER_WIN
maze8,0,mixed,100,0,11.0,I-NTMCP l=1,1.0,EVADER_REACHED_GOAL
maze8,0,mixed,100,0,11.0,I-NTMCP l=0,0.0,EVADER_REACHED_GOAL
maze8,0,mixed,100,1,5.0,random,,PURSUER_WIN
maze8,0,mixed,100,1,6.0,shortest path,,PURSUER_WIN
maze8,0,mixed,100,0,9.0,I-NTMCP l=0,0.0,EVADER_REACHED_GOAL
maze8,0,mixed,100,0,15.0,shortest path,,EVADER_REACHED_GOAL
maze8,0,mixed,100,1,3.0,I-NTMCP l=0,0.0,PURSUER_WIN
maze8,0,mixed,100,1,14.0,shortest path,,PURSUER_WIN
maze8,0,mixed,100,1,10.0,shortest path,,PURSUER_WIN
maze8,0,mixed,100,1,12.0,shortest path,,PURSUER_WIN
maze8,0,mixed,100,0,16.0,shortest path,,EVADER_REACHED_GOAL
maze8,0,mixed,100,0,12.0,I-NTMCP l=0,0.0,EVADER_REACHED_GOAL
maze8,0,mixed,100,1,11.0,I-NTMCP l=0,0.0,PURSUER_WIN
maze8,0,mixed,100,1,2.0,I-NTMCP l=1,1.0,PURSUER_WIN
maze8,0,mixed,100,0,11.0,shortest path,,EVADER_REACHED_GOAL
maze8,0,mixed,100,1,2.0,I-NTMCP l=1,1.0,PURSUER_WIN
maze8,0,mixed,100,1,5.0,I-NTMCP l=1,1.0,PURSUER_WIN
maze8,0,mixed,100,0,10.0,I-NTMCP l=0,0.0,EVADER_REACHED_GOAL
maze8,0,mixed,100,1,4.0,I-NTMCP l=1,1.0,PURSUER_WIN
maze8,0,mixed,100,1,3.0,shortest path,,PURSUER_WIN
maze8,0,mixed,100,1,2.0,random,,PURSUER_WIN
maze8,0,mixed,100,0,12.0,shortest path,,EVADER_REACHED_GOAL
maze8,0,mixed,100,1,16.0,random,,PURSUER_WIN
maze8,0,mixed,100,1,2.0,I-NTMCP l=1,1.0,PURSUER_WIN
maze8,0,mixed,100,1,1.0,shortest path,,PURSUER_WIN
maze8,0,mixed,100,1,4.0,shortest path,,PURSUER_WIN
maze8,0,mixed,100,1,3.0,shortest path,,PURSUER_WIN
maze8,0,mixed,100,1,1.0,shortest path,,PURSUER_WIN
maze8,0,mixed,100,1,9.0,random,,PURSUER_WIN
maze8,0,mixed,100,0,10.0,shortest path,,EVADER_REACHED_GOAL
maze8,0,mixed,100,1,8.0,I-NTMCP l=1,1.0,PURSUER_WIN
maze8,0,mixed,100,1,3.0,I-NTMCP l=1,1.0,PURSUER_WIN
maze8,0,mixed,100,1,1.0,shortest path,,PURSUER_WIN
maze8,0,mixed,100,1,1.0,random,,PURSUER_WIN
maze8,0,mixed,100,1,3.0,shortest path,,PURSUER_WIN
maze8,0,mixed,100,0,11.0,I-NTMCP l=0,0.0,EVADER_REACHED_GOAL
maze8,0,mixed,100,1,3.0,I-NTMCP l=0,0.0,PURSUER_WIN
maze8,0,mixed,100,1,3.0,I-NTMCP l=0,0.0,PURSUER_WIN
maze8,0,mixed,100,0,12.0,I-NTMCP l=0,0.0,EVADER_REACHED_GOAL
maze8,0,mixed,100,1,3.0,I-NTMCP l=1,1.0,PURSUER_WIN
maze8,0,mixed,101,1,2.0,shortest path,,PURSUER_WIN
maze8,0,mixed,101,1,3.0,I-NTMCP l=0,0.0,PURSUER_WIN
maze8,0,mixed,101,0,12.0,I-NTMCP l=1,1.0,EVADER_REACHED_GOAL
maze8,0,mixed,101,1,2.0,random,,PURSUER_WIN
maze8,0,mixed,101,0,11.0,shortest path,,EVADER_REACHED_GOAL
maze8,0,mixed,101,1,9.0,shortest path,,PURSUER_WIN
maze8,0,mixed,101,0,10.0,I-NTMCP l=0,0.0,EVADER_REACHED_GOAL
maze8,0,mixed,101,0,11.0,I-NTMCP l=1,1.0,EVADER_REACHED_GOAL
maze8,0,mixed,101,1,18.0,shortest path,,PURSUER_WIN
maze8,0,mixed,101,1,8.0,I-NTMCP l=0,0.0,PURSUER_WIN
maze8,0,mixed,101,1,3.0,I-NTMCP l=1,1.0,PURSUER_WIN
maze8,0,mixed,101,1,3.0,random,,PURSUER_WIN
maze8,0,mixed,101,1,8.0,I-NTMCP l=0,0.0,PURSUER_WIN
maze8,0,mixed,101,1,2.0,shortest path,,PURSUER_WIN
maze8,0,mixed,101,1,9.0,shortest path,,PURSUER_WIN
maze8,0,mixed,101,1,29.0,random,,PURSUER_WIN
maze8,0,mixed,101,1,10.0,I-NTMCP l=1,1.0,PURSUER_WIN
maze8,0,mixed,101,1,3.0,I-NTMCP l=0,0.0,PURSUER_WIN
maze8,0,mixed,101,1,3.0,shortest path,,PURSUER_WIN
maze8,0,mixed,101,1,14.0,I-NTMCP l=1,1.0,PURSUER_WIN
maze8,0,mixed,101,1,2.0,I-NTMCP l=0,0.0,PURSUER_WIN
maze8,0,mixed,101,1,6.0,shortest path,,PURSUER_WIN
maze8,0,mixed,101,1,3.0,I-NTMCP l=1,1.0,PURSUER_WIN
maze8,0,mixed,101,0,9.0,I-NTMCP l=1,1.0,EVADER_REACHED_GOAL
maze8,0,mixed,101,1,12.0,shortest path,,PURSUER_WIN
maze8,0,mixed,101,1,5.0,random,,PURSUER_WIN
maze8,0,mixed,101,0,11.0,I-NTMCP l=1,1.0,EVADER_REACHED_GOAL
maze8,0,mixed,101,1,3.0,I-NTMCP l=1,1.0,PURSUER_WIN
maze8,0,mixed,101,0,11.0,I-NTMCP l=0,0.0,EVADER_REACHED_GOAL
maze8,0,mixed,101,1,3.0,shortest path,,PURSUER_WIN
maze8,0,mixed,101,1,13.0,random,,PURSUER_WIN
maze8,0,mixed,101,0,12.0,I-NTMCP l=0,0.0,EVADER_REACHED_GOAL
maze8,0,mixed,101,1,3.0,I-NTMCP l=0,0.0,PURSUER_WIN
maze8,0,mixed,101,1,3.0,I-NTMCP l=1,1.0,PURSUER_WIN
maze8,0,mixed,101,0,12.0,I-NTMCP l=1,1.0,EVADER_REACHED_GOAL
maze8,0,mixed,101,0,20.0,shortest path,,EVADER_REACHED_GOAL
maze8,0,mixed,101,1,2.0,I-NTMCP l=1,1.0,PURSUER_WIN
maze8,0,mixed,101,1,1.0,random,,PURSUER_WIN
maze8,0,mixed,101,1,15.0,I-NTMCP l=1,1.0,PURSUER_WIN
maze8,0,mixed,101,1,8.0,I-NTMCP l=1,1.0,PURSUER_WIN
maze8,0,mixed,101,1,3.0,random,,PURSUER_WIN
maze8,0,mixed,101,0,9.0,I-NTMCP l=1,1.0,EVADER_REACHED_GOAL
maze8,0,mixed,101,1,25.0,shortest path,,PURSUER_WIN
maze8,0,mixed,101,1,3.0,random,,PURSUER_WIN
maze8,0,mixed,101,0,11.0,I-NTMCP l=0,0.0,EVADER_REACHED_GOAL
maze8,0,mixed,101,1,23.0,random,,PURSUER_WIN
maze8,0,mixed,101,1,3.0,I-NTMCP l=0,0.0,PURSUER_WIN
maze8,0,mixed,101,1,8.0,I-NTMCP l=0,0.0,PURSUER_WIN
maze8,0,mixed,101,1,5.0,random,,PURSUER_WIN
maze8,0,mixed,101,1,2.0,I-NTMCP l=0,0.0,PURSUER_WIN
maze8,0,mixed,102,0,18.0,shortest path,,EVADER_REACHED_GOAL
maze8,0,mixed,102,1,3.0,I-NTMCP l=0,0.0,PURSUER_WIN
maze8,0,mixed,102,1,8.0,shortest path,,PURSUER_WIN
maze8,0,mixed,102,1,4.0,shortest path,,PURSUER_WIN
maze8,0,mixed,102,1,2.0,I-NTMCP l=1,1.0,PURSUER_WIN
maze8,0,mixed,102,1,3.0,I-NTMCP l=0,0.0,PURSUER_WIN
maze8,0,mixed,102,0,12.0,I-NTMCP l=1,1.0,EVADER_REACHED_GOAL
maze8,0,mixed,102,1,3.0,random,,PURSUER_WIN
maze8,0,mixed,102,1,14.0,shortest path,,PURSUER_WIN
maze8,0,mixed,102,1,4.0,I-NTMCP l=1,1.0,PURSUER_WIN
maze8,0,mixed,102,0,12.0,I-NTMCP l=1,1.0,EVADER_REACHED_GOAL
maze8,0,mixed,102,1,3.0,shortest path,,PURSUER_WIN
maze8,0,mixed,102,1,3.0,shortest path,,PURSUER_WIN
maze8,0,mixed,102,0,40.0,random,,OTHER_LOSS_OR_TIMEOUT
maze8,0,mixed,102,1,1.0,random,,PURSUER_WIN
maze8,0,mixed,102,1,4.0,shortest path,,PURSUER_WIN
maze8,0,mixed,102,1,8.0,I-NTMCP l=1,1.0,PURSUER_WIN
maze8,0,mixed,102,1,12.0,shortest path,,PURSUER_WIN
maze8,0,mixed,102,0,14.0,shortest path,,EVADER_REACHED_GOAL
maze8,0,mixed,102,0,12.0,I-NTMCP l=1,1.0,EVADER_REACHED_GOAL
maze8,0,mixed,102,0,12.0,I-NTMCP l=1,1.0,EVADER_REACHED_GOAL
maze8,0,mixed,102,1,8.0,I-NTMCP l=1,1.0,PURSUER_WIN
maze8,0,mixed,102,1,1.0,random,,PURSUER_WIN
maze8,0,mixed,102,0,12.0,shortest path,,EVADER_REACHED_GOAL
maze8,0,mixed,102,1,5.0,random,,PURSUER_WIN
maze8,0,mixed,102,0,12.0,I-NTMCP l=0,0.0,EVADER_REACHED_GOAL
maze8,0,mixed,102,1,3.0,I-NTMCP l=1,1.0,PURSUER_WIN
maze8,0,mixed,102,1,13.0,shortest path,,PURSUER_WIN
maze8,0,mixed,102,1,3.0,I-NTMCP l=1,1.0,PURSUER_WIN
maze8,0,mixed,102,1,8.0,I-NTMCP l=1,1.0,PURSUER_WIN
maze8,0,mixed,102,1,3.0,I-NTMCP l=1,1.0,PURSUER_WIN
maze8,0,mixed,102,1,3.0,shortest path,,PURSUER_WIN
maze8,0,mixed,102,1,25.0,shortest path,,PURSUER_WIN
maze8,0,mixed,102,1,10.0,I-NTMCP l=0,0.0,PURSUER_WIN
maze8,0,mixed,102,1,10.0,shortest path,,PURSUER_WIN
maze8,0,mixed,102,1,8.0,random,,PURSUER_WIN
maze8,0,mixed,102,1,13.0,shortest path,,PURSUER_WIN
maze8,0,mixed,102,0,11.0,I-NTMCP l=0,0.0,EVADER_REACHED_GOAL
maze8,0,mixed,102,0,11.0,I-NTMCP l=1,1.0,EVADER_REACHED_GOAL
maze8,0,mixed,102,1,16.0,shortest path,,PURSUER_WIN
maze8,0,mixed,102,1,8.0,I-NTMCP l=1,1.0,PURSUER_WIN
maze8,0,mixed,102,1,3.0,I-NTMCP l=0,0.0,PURSUER_WIN
maze8,0,mixed,102,0,11.0,I-NTMCP l=0,0.0,EVADER_REACHED_GOAL
maze8,0,mixed,102,1,4.0,I-NTMCP l=1,1.0,PURSUER_WIN
maze8,0,mixed,102,1,3.0,I-NTMCP l=1,1.0,PURSUER_WIN
maze8,0,mixed,102,1,3.0,shortest path,,PURSUER_WIN
maze8,0,mixed,102,0,12.0,I-NTMCP l=1,1.0,EVADER_REACHED_GOAL
maze8,0,mixed,102,1,3.0,shortest path,,PURSUER_WIN
maze8,0,mixed,102,1,16.0,shortest path,,PURSUER_WIN
maze8,0,mixed,102,1,1.0,shortest path,,PURSUER_WIN
maze8,0,mixed,103,1,8.0,I-NTMCP l=1,1.0,PURSUER_WIN
maze8,0,mixed,103,1,4.0,shortest path,,PURSUER_WIN
maze8,0,mixed,103,1,30.0,random,,PURSUER_WIN
maze8,0,mixed,103,1,21.0,random,,PURSUER_WIN
maze8,0,mixed,103,0,12.0,I-NTMCP l=1,1.0,EVADER_REACHED_GOAL
maze8,0,mixed,103,0,9.0,I-NTMCP l=1,1.0,EVADER_REACHED_GOAL
maze8,0,mixed,103,1,3.0,I-NTMCP l=0,0.0,PURSUER_WIN
maze8,0,mixed,103,1,17.0,random,,PURSUER_WIN
maze8,0,mixed,103,0,12.0,I-NTMCP l=1,1.0,EVADER_REACHED_GOAL
maze8,0,mixed,103,1,14.0,random,,PURSUER_WIN
maze8,0,mixed,103,1,1.0,shortest path,,PURSUER_WIN
maze8,0,mixed,103,0,11.0,shortest path,,EVADER_REACHED_GOAL
maze8,0,mixed,103,1,34.0,random,,PURSUER_WIN
maze8,0,mixed,103,1,3.0,random,,PURSUER_WIN
maze8,0,mixed,103,0,11.0,shortest path,,EVADER_REACHED_GOAL
maze8,0,mixed,103,1,4.0,random,,PURSUER_WIN
maze8,0,mixed,103,0,13.0,shortest path,,EVADER_REACHED_GOAL
maze8,0,mixed,103,1,2.0,I-NTMCP l=0,0.0,PURSUER_WIN
maze8,0,mixed,103,1,14.0,shortest path,,PURSUER_WIN
maze8,0,mixed,103,0,13.0,I-NTMCP l=1,1.0,EVADER_REACHED_GOAL
maze8,0,mixed,103,0,11.0,I-NTMCP l=1,1.0,EVADER_REACHED_GOAL
maze8,0,mixed,103,0,19.0,shortest path,,EVADER_REACHED_GOAL
maze8,0,mixed,103,1,17.0,shortest path,,PURSUER_WIN
maze8,0,mixed,103,1,19.0,random,,PURSUER_WIN
maze8,0,mixed,103,1,3.0,I-NTMCP l=0,0.0,PURSUER_WIN
maze8,0,mixed,103,1,8.0,shortest path,,PURSUER_WIN
maze8,0,mixed,103,0,13.0,shortest path,,EVADER_REACHED_GOAL
maze8,0,mixed,103,0,11.0,I-NTMCP l=1,1.0,EVADER_REACHED_GOAL
maze8,0,mixed,103,0,9.0,I-NTMCP l=0,0.0,EVADER_REACHED_GOAL
maze8,0,mixed,103,1,2.0,I-NTMCP l=0,0.0,PURSUER_WIN
maze8,0,mixed,103,1,2.0,shortest path,,PURSUER_WIN
maze8,0,mixed,103,0,10.0,I-NTMCP l=1,1.0,EVADER_REACHED_GOAL
maze8,0,mixed,103,0,14.0,shortest path,,EVADER_REACHED_GOAL
maze8,0,mixed,103,0,11.0,I-NTMCP l=0,0.0,EVADER_REACHED_GOAL
maze8,0,mixed,103,1,2.0,random,,PURSUER_WIN
maze8,0,mixed,103,1,3.0,I-NTMCP l=1,1.0,PURSUER_WIN
maze8,0,mixed,103,1,17.0,shortest path,,PURSUER_WIN
maze8,0,mixed,103,0,13.0,shortest path,,EVADER_REACHED_GOAL
maze8,0,mixed,103,1,3.0,I-NTMCP l=1,1.0,PURSUER_WIN
maze8,0,mixed,103,0,10.0,I-NTMCP l=0,0.0,EVADER_REACHED_GOAL
maze8,0,mixed,103,1,3.0,random,,PURSUER_WIN
maze8,0,mixed,103,0,12.0,I-NTMCP l=1,1.0,EVADER_REACHED_GOAL
maze8,0,mixed,103,0,14.0,I-NTMCP l=0,0.0,EVADER_REACHED_GOAL
maze8,0,mixed,103,1,4.0,random,,PURSUER_WIN
maze8,0,mixed,103,1,10.0,random,,PURSUER_WIN
maze8,0,mixed,103,0,11.0,I-NTMCP l=0,0.0,EVADER_REACHED_GOAL
maze8,0,mixed,103,1,9.0,I-NTMCP l=1,1.0,PURSUER_WIN
maze8,0,mixed,103,1,7.0,random,,PURSUER_WIN
maze8,0,mixed,103,1,2.0,random,,PURSUER_WIN
maze8,0,mixed,103,0,11.0,I-NTMCP l=1,1.0,EVADER_REACHED_GOAL
maze8,0,mixed,104,1,14.0,random,,PURSUER_WIN
maze8,0,mixed,104,1,9.0,shortest path,,PURSUER_WIN
maze8,0,mixed,104,1,2.0,shortest path,,PURSUER_WIN
maze8,0,mixed,104,0,11.0,I-NTMCP l=1,1.0,EVADER_REACHED_GOAL
maze8,0,mixed,104,1,6.0,I-NTMCP l=0,0.0,PURSUER_WIN
maze8,0,mixed,104,1,7.0,random,,PURSUER_WIN
maze8,0,mixed,104,1,3.0,shortest path,,PURSUER_WIN
maze8,0,mixed,104,1,3.0,random,,PURSUER_WIN
maze8,0,mixed,104,1,3.0,shortest path,,PURSUER_WIN
maze8,0,mixed,104,1,2.0,random,,PURSUER_WIN
maze8,0,mixed,104,0,20.0,shortest path,,EVADER_REACHED_GOAL
maze8,0,mixed,104,1,3.0,random,,PURSUER_WIN
maze8,0,mixed,104,1,15.0,random,,PURSUER_WIN
maze8,0,mixed,104,1,8.0,I-NTMCP l=0,0.0,PURSUER_WIN
maze8,0,mixed,104,0,11.0,I-NTMCP l=0,0.0,EVADER_REACHED_GOAL
maze8,0,mixed,104,1,3.0,random,,PURSUER_WIN
maze8,0,mixed,104,1,2.0,shortest path,,PURSUER_WIN
maze8,0,mixed,104,1,3.0,I-NTMCP l=0,0.0,PURSUER_WIN
maze8,0,mixed,104,1,2.0,I-NTMCP l=1,1.0,PURSUER_WIN
maze8,0,mixed,104,0,11.0,I-NTMCP l=0,0.0,EVADER_REACHED_GOAL
maze8,0,mixed,104,1,12.0,shortest path,,PURSUER_WIN
maze8,0,mixed,104,1,3.0,I-NTMCP l=0,0.0,PURSUER_WIN
maze8,0,mixed,104,1,10.0,I-NTMCP l=1,1.0,PURSUER_WIN
maze8,0,mixed,104,1,3.0,random,,PURSUER_WIN
maze8,0,mixed,104,0,11.0,I-NTMCP l=1,1.0,EVADER_REACHED_GOAL
maze8,0,mixed,104,0,11.0,I-NTMCP l=1,1.0,EVADER_REACHED_GOAL
maze8,0,mixed,104,1,7.0,shortest path,,PURSUER_WIN
maze8,0,mixed,104,1,12.0,I-NTMCP l=0,0.0,PURSUER_WIN
maze8,0,mixed,104,1,3.0,shortest path,,PURSUER_WIN
maze8,0,mixed,104,1,15.0,random,,PURSUER_WIN
maze8,0,mixed,104,1,3.0,random,,PURSUER_WIN
maze8,0,mixed,104,1,7.0,random,,PURSUER_WIN
maze8,0,mixed,104,1,4.0,random,,PURSUER_WIN
maze8,0,mixed,104,1,8.0,shortest path,,PURSUER_WIN
maze8,0,mixed,104,1,2.0,I-NTMCP l=0,0.0,PURSUER_WIN
maze8,0,mixed,104,0,11.0,I-NTMCP l=1,1.0,EVADER_REACHED_GOAL
maze8,0,mixed,104,0,11.0,I-NTMCP l=0,0.0,EVADER_REACHED_GOAL
maze8,0,mixed,104,1,4.0,random,,PURSUER_WIN
maze8,0,mixed,104,0,9.0,I-NTMCP l=0,0.0,EVADER_REACHED_GOAL
maze8,0,mixed,104,1,7.0,shortest path,,PURSUER_WIN
maze8,0,mixed,104,1,1.0,random,,PURSUER_WIN
maze8,0,mixed,104,1,4.0,random,,PURSUER_WIN
maze8,0,mixed,104,1,3.0,I-NTMCP l=1,1.0,PURSUER_WIN
maze8,0,mixed,104,0,11.0,I-NTMCP l=1,1.0,EVADER_REACHED_GOAL
maze8,0,mixed,104,1,2.0,shortest path,,PURSUER_WIN
maze8,0,mixed,104,0,40.0,shortest path,,OTHER_LOSS_OR_TIMEOUT
maze8,0,mixed,104,0,12.0,shortest path,,EVADER_REACHED_GOAL
maze8,0,mixed,104,1,10.0,shortest path,,PURSUER_WIN
maze8,0,mixed,104,1,7.0,shortest path,,PURSUER_WIN
maze8,0,mixed,104,1,18.0,random,,PURSUER_WIN
maze8,0,mixed,105,1,10.0,I-NTMCP l=0,0.0,PURSUER_WIN
maze8,0,mixed,105,1,23.0,random,,PURSUER_WIN
maze8,0,mixed,105,1,3.0,random,,PURSUER_WIN
maze8,0,mixed,105,1,3.0,I-NTMCP l=0,0.0,PURSUER_WIN
maze8,0,mixed,105,1,3.0,I-NTMCP l=0,0.0,PURSUER_WIN
maze8,0,mixed,105,1,2.0,I-NTMCP l=0,0.0,PURSUER_WIN
maze8,0,mixed,105,1,8.0,shortest path,,PURSUER_WIN
maze8,0,mixed,105,1,8.0,I-NTMCP l=0,0.0,PURSUER_WIN
maze8,0,mixed,105,1,3.0,shortest path,,PURSUER_WIN
maze8,0,mixed,105,1,2.0,shortest path,,PURSUER_WIN
maze8,0,mixed,105,1,1.0,random,,PURSUER_WIN
maze8,0,mixed,105,1,3.0,I-NTMCP l=1,1.0,PURSUER_WIN
maze8,0,mixed,105,1,3.0,I-NTMCP l=0,0.0,PURSUER_WIN
maze8,0,mixed,105,1,10.0,shortest path,,PURSUER_WIN
maze8,0,mixed,105,1,8.0,I-NTMCP l=1,1.0,PURSUER_WIN
maze8,0,mixed,105,1,8.0,I-NTMCP l=1,1.0,PURSUER_WIN
maze8,0,mixed,105,0,12.0,I-NTMCP l=1,1.0,EVADER_REACHED_GOAL
maze8,0,mixed,105,1,2.0,I-NTMCP l=1,1.0,PURSUER_WIN
maze8,0,mixed,105,1,3.0,shortest path,,PURSUER_WIN
maze8,0,mixed,105,0,13.0,shortest path,,EVADER_REACHED_GOAL
maze8,0,mixed,105,1,2.0,I-NTMCP l=0,0.0,PURSUER_WIN
maze8,0,mixed,105,0,9.0,I-NTMCP l=0,0.0,EVADER_REACHED_GOAL
maze8,0,mixed,105,1,3.0,random,,PURSUER_WIN
maze8,0,mixed,105,0,11.0,I-NTMCP l=0,0.0,EVADER_REACHED_GOAL
maze8,0,mixed,105,1,25.0,random,,PURSUER_WIN
maze8,0,mixed,105,0,12.0,I-NTMCP l=0,0.0,EVADER_REACHED_GOAL
maze8,0,mixed,105,1,5.0,shortest path,,PURSUER_WIN
maze8,0,mixed,105,1,9.0,I-NTMCP l=1,1.0,PURSUER_WIN
maze8,0,mixed,105,1,8.0,I-NTMCP l=1,1.0,PURSUER_WIN
maze8,0,mixed,105,0,10.0,I-NTMCP l=1,1.0,EVADER_REACHED_GOAL
maze8,0,mixed,105,1,8.0,I-NTMCP l=0,0.0,PURSUER_WIN
maze8,0,mixed,105,1,5.0,random,,PURSUER_WIN
maze8,0,mixed,105,1,3.0,I-NTMCP l=1,1.0,PURSUER_WIN
maze8,0,mixed,105,0,10.0,I-NTMCP l=0,0.0,EVADER_REACHED_GOAL
maze8,0,mixed,105,1,4.0,I-NTMCP l=0,0.0,PURSUER_WIN
maze8,0,mixed,105,1,3.0,I-NTMCP l=0,0.0,PURSUER_WIN
maze8,0,mixed,105,1,8.0,shortest path,,PURSUER_WIN
maze8,0,mixed,105,1,4.0,random,,PURSUER_WIN
maze8,0,mixed,105,1,9.0,I-NTMCP l=1,1.0,PURSUER_WIN
maze8,0,mixed,105,1,3.0,I-NTMCP l=1,1.0,PURSUER_WIN
maze8,0,mixed,105,1,2.0,I-NTMCP l=0,0.0,PURSUER_WIN
maze8,0,mixed,105,1,2.0,random,,PURSUER_WIN
maze8,0,mixed,105,1,31.0,shortest path,,PURSUER_WIN
maze8,0,mixed,105,0,13.0,shortest path,,EVADER_REACHED_GOAL
maze8,0,mixed,105,1,1.0,random,,PURSUER_WIN
maze8,0,mixed,105,0,9.0,shortest path,,EVADER_REACHED_GOAL
maze8,0,mixed,105,0,11.0,I-NTMCP l=0,0.0,EVADER_REACHED_GOAL
maze8,0,mixed,105,1,9.0,I-NTMCP l=1,1.0,PURSUER_WIN
maze8,0,mixed,105,1,10.0,I-NTMCP l=1,1.0,PURSUER_WIN
maze8,0,mixed,105,1,12.0,shortest path,,PURSUER_WIN
maze8,0,mixed,106,0,11.0,I-NTMCP l=1,1.0,EVADER_REACHED_GOAL
maze8,0,mixed,106,0,40.0,random,,OTHER_LOSS_OR_TIMEOUT
maze8,0,mixed,106,1,10.0,I-NTMCP l=1,1.0,PURSUER_WIN
maze8,0,mixed,106,1,2.0,random,,PURSUER_WIN
maze8,0,mixed,106,1,2.0,I-NTMCP l=0,0.0,PURSUER_WIN
maze8,0,mixed,106,1,22.0,random,,PURSUER_WIN
maze8,0,mixed,106,1,3.0,shortest path,,PURSUER_WIN
maze8,0,mixed,106,0,10.0,I-NTMCP l=1,1.0,EVADER_REACHED_GOAL
maze8,0,mixed,106,0,12.0,I-NTMCP l=0,0.0,EVADER_REACHED_GOAL
maze8,0,mixed,106,1,3.0,I-NTMCP l=1,1.0,PURSUER_WIN
maze8,0,mixed,106,0,9.0,I-NTMCP l=1,1.0,EVADER_REACHED_GOAL
maze8,0,mixed,106,0,11.0,I-NTMCP l=0,0.0,EVADER_REACHED_GOAL
maze8,0,mixed,106,0,14.0,shortest path,,EVADER_REACHED_GOAL
maze8,0,mixed,106,0,11.0,I-NTMCP l=1,1.0,EVADER_REACHED_GOAL
maze8,0,mixed,106,0,11.0,I-NTMCP l=0,0.0,EVADER_REACHED_GOAL
maze8,0,mixed,106,1,10.0,I-NTMCP l=1,1.0,PURSUER_WIN
maze8,0,mixed,106,1,3.0,shortest path,,PURSUER_WIN
maze8,0,mixed,106,1,14.0,shortest path,,PURSUER_WIN
maze8,0,mixed,106,1,9.0,I-NTMCP l=0,0.0,PURSUER_WIN
maze8,0,mixed,106,0,11.0,I-NTMCP l=0,0.0,EVADER_REACHED_GOAL
maze8,0,mixed,106,1,6.0,I-NTMCP l=1,1.0,PURSUER_WIN
maze8,0,mixed,106,0,13.0,I-NTMCP l=0,0.0,EVADER_REACHED_GOAL
maze8,0,mixed,106,1,18.0,random,,PURSUER_WIN
maze8,0,mixed,106,0,10.0,I-NTMCP l=0,0.0,EVADER_REACHED_GOAL
maze8,0,mixed,106,1,8.0,I-NTMCP l=0,0.0,PURSUER_WIN
maze8,0,mixed,106,0,9.0,I-NTMCP l=0,0.0,EVADER_REACHED_GOAL
maze8,0,mixed,106,0,13.0,shortest path,,EVADER_REACHED_GOAL
maze8,0,mixed,106,0,15.0,shortest path,,EVADER_REACHED_GOAL
maze8,0,mixed,106,1,2.0,I-NTMCP l=1,1.0,PURSUER_WIN
maze8,0,mixed,106,1,15.0,random,,PURSUER_WIN
maze8,0,mixed,106,1,19.0,random,,PURSUER_WIN
maze8,0,mixed,106,1,23.0,random,,PURSUER_WIN
maze8,0,mixed,106,0,11.0,I-NTMCP l=0,0.0,EVADER_REACHED_GOAL
maze8,0,mixed,106,1,10.0,random,,PURSUER_WIN
maze8,0,mixed,106,1,3.0,shortest path,,PURSUER_WIN
maze8,0,mixed,106,1,10.0,I-NTMCP l=0,0.0,PURSUER_WIN
maze8,0,mixed,106,1,9.0,I-NTMCP l=1,1.0,PURSUER_WIN
maze8,0,mixed,106,0,12.0,I-NTMCP l=0,0.0,EVADER_REACHED_GOAL
maze8,0,mixed,106,0,11.0,I-NTMCP l=0,0.0,EVADER_REACHED_GOAL
maze8,0,mixed,106,1,2.0,I-NTMCP l=1,1.0,PURSUER_WIN
maze8,0,mixed,106,0,12.0,I-NTMCP l=1,1.0,EVADER_REACHED_GOAL
maze8,0,mixed,106,1,3.0,I-NTMCP l=1,1.0,PURSUER_WIN
maze8,0,mixed,106,0,11.0,shortest path,,EVADER_REACHED_GOAL
maze8,0,mixed,106,1,12.0,shortest path,,PURSUER_WIN
maze8,0,mixed,106,1,3.0,shortest path,,PURSUER_WIN
maze8,0,mixed,106,1,10.0,I-NTMCP l=1,1.0,PURSUER_WIN
maze8,0,mixed,106,1,5.0,shortest path,,PURSUER_WIN
maze8,0,mixed,106,0,11.0,shortest path,,EVADER_REACHED_GOAL
maze8,0,mixed,106,1,10.0,shortest path,,PURSUER_WIN
maze8,0,mixed,106,1,6.0,shortest path,,PURSUER_WIN
maze8,0,mixed,107,1,18.0,shortest path,,PURSUER_WIN
maze8,0,mixed,107,1,5.0,I-NTMCP l=1,1.0,PURSUER_WIN
maze8,0,mixed,107,0,11.0,I-NTMCP l=1,1.0,EVADER_REACHED_GOAL
maze8,0,mixed,107,0,13.0,I-NTMCP l=0,0.0,EVADER_REACHED_GOAL
maze8,0,mixed,107,1,2.0,shortest path,,PURSUER_WIN
maze8,0,mixed,107,0,12.0,I-NTMCP l=1,1.0,EVADER_REACHED_GOAL
maze8,0,mixed,107,1,1.0,random,,PURSUER_WIN
maze8,0,mixed,107,1,3.0,I-NTMCP l=0,0.0,PURSUER_WIN
maze8,0,mixed,107,1,3.0,I-NTMCP l=0,0.0,PURSUER_WIN
maze8,0,mixed,107,1,8.0,random,,PURSUER_WIN
maze8,0,mixed,107,1,3.0,I-NTMCP l=0,0.0,PURSUER_WIN
maze8,0,mixed,107,0,9.0,I-NTMCP l=0,0.0,EVADER_REACHED_GOAL
maze8,0,mixed,107,0,11.0,shortest path,,EVADER_REACHED_GOAL
maze8,0,mixed,107,1,13.0,shortest path,,PURSUER_WIN
maze8,0,mixed,107,0,25.0,shortest path,,EVADER_REACHED_GOAL
maze8,0,mixed,107,1,10.0,shortest path,,PURSUER_WIN
maze8,0,mixed,107,1,3.0,shortest path,,PURSUER_WIN
maze8,0,mixed,107,1,14.0,shortest path,,PURSUER_WIN
maze8,0,mixed,107,1,2.0,I-NTMCP l=0,0.0,PURSUER_WIN
maze8,0,mixed,107,1,8.0,random,,PURSUER_WIN
maze8,0,mixed,107,1,2.0,random,,PURSUER_WIN
maze8,0,mixed,107,1,12.0,shortest path,,PURSUER_WIN
maze8,0,mixed,107,1,4.0,random,,PURSUER_WIN
maze8,0,mixed,107,1,12.0,I-NTMCP l=1,1.0,PURSUER_WIN
maze8,0,mixed,107,1,18.0,shortest path,,PURSUER_WIN
maze8,0,mixed,107,1,9.0,shortest path,,PURSUER_WIN
maze8,0,mixed,107,1,3.0,I-NTMCP l=1,1.0,PURSUER_WIN
maze8,0,mixed,107,1,8.0,I-NTMCP l=0,0.0,PURSUER_WIN
maze8,0,mixed,107,1,14.0,random,,PURSUER_WIN
maze8,0,mixed,107,0,11.0,shortest path,,EVADER_REACHED_GOAL
maze8,0,mixed,107,0,9.0,I-NTMCP l=0,0.0,EVADER_REACHED_GOAL
maze8,0,mixed,107,0,10.0,I-NTMCP l=1,1.0,EVADER_REACHED_GOAL
maze8,0,mixed,107,0,11.0,I-NTMCP l=1,1.0,EVADER_REACHED_GOAL
maze8,0,mixed,107,1,3.0,shortest path,,PURSUER_WIN
maze8,0,mixed,107,1,24.0,random,,PURSUER_WIN
maze8,0,mixed,107,1,9.0,I-NTMCP l=0,0.0,PURSUER_WIN
maze8,0,mixed,107,0,14.0,I-NTMCP l=1,1.0,EVADER_REACHED_GOAL
maze8,0,mixed,107,1,8.0,I-NTMCP l=0,0.0,PURSUER_WIN
maze8,0,mixed,107,1,3.0,I-NTMCP l=0,0.0,PURSUER_WIN
maze8,0,mixed,107,1,3.0,random,,PURSUER_WIN
maze8,0,mixed,107,1,3.0,I-NTMCP l=1,1.0,PURSUER_WIN
maze8,0,mixed,107,1,8.0,I-NTMCP l=0,0.0,PURSUER_WIN
maze8,0,mixed,107,1,3.0,shortest path,,PURSUER_WIN
maze8,0,mixed,107,1,3.0,shortest path,,PURSUER_WIN
maze8,0,mixed,107,1,7.0,shortest path,,PURSUER_WIN
maze8,0,mixed,107,1,2.0,random,,PURSUER_WIN
maze8,0,mixed,107,1,10.0,I-NTMCP l=1,1.0,PURSUER_WIN
maze8,0,mixed,107,1,3.0,shortest path,,PURSUER_WIN
maze8,0,mixed,107,1,3.0,shortest path,,PURSUER_WIN
maze8,0,mixed,107,1,10.0,I-NTMCP l=0,0.0,PURSUER_WIN
maze8,0,mixed,108,1,8.0,shortest path,,PURSUER_WIN
maze8,0,mixed,108,1,15.0,random,,PURSUER_WIN
maze8,0,mixed,108,1,8.0,I-NTMCP l=1,1.0,PURSUER_WIN
maze8,0,mixed,108,0,13.0,I-NTMCP l=0,0.0,EVADER_REACHED_GOAL
maze8,0,mixed,108,1,8.0,I-NTMCP l=1,1.0,PURSUER_WIN
maze8,0,mixed,108,1,9.0,shortest path,,PURSUER_WIN
maze8,0,mixed,108,0,40.0,random,,OTHER_LOSS_OR_TIMEOUT
maze8,0,mixed,108,0,13.0,I-NTMCP l=0,0.0,EVADER_REACHED_GOAL
maze8,0,mixed,108,1,2.0,shortest path,,PURSUER_WIN
maze8,0,mixed,108,1,3.0,shortest path,,PURSUER_WIN
maze8,0,mixed,108,0,15.0,shortest path,,EVADER_REACHED_GOAL
maze8,0,mixed,108,1,11.0,I-NTMCP l=0,0.0,PURSUER_WIN
maze8,0,mixed,108,1,3.0,shortest path,,PURSUER_WIN
maze8,0,mixed,108,1,24.0,random,,PURSUER_WIN
maze8,0,mixed,108,0,10.0,shortest path,,EVADER_REACHED_GOAL
maze8,0,mixed,108,1,8.0,random,,PURSUER_WIN
maze8,0,mixed,108,1,10.0,I-NTMCP l=1,1.0,PURSUER_WIN
maze8,0,mixed,108,1,5.0,random,,PURSUER_WIN
maze8,0,mixed,108,0,11.0,I-NTMCP l=0,0.0,EVADER_REACHED_GOAL
maze8,0,mixed,108,0,10.0,I-NTMCP l=1,1.0,EVADER_REACHED_GOAL
maze8,0,mixed,108,1,7.0,shortest path,,PURSUER_WIN
maze8,0,mixed,108,1,5.0,random,,PURSUER_WIN
maze8,0,mixed,108,1,11.0,I-NTMCP l=1,1.0,PURSUER_WIN
maze8,0,mixed,108,1,3.0,random,,PURSUER_WIN
maze8,0,mixed,108,0,10.0,I-NTMCP l=0,0.0,EVADER_REACHED_GOAL
maze8,0,mixed,108,0,10.0,I-NTMCP l=0,0.0,EVADER_REACHED_GOAL
maze8,0,mixed,108,1,2.0,shortest path,,PURSUER_WIN
maze8,0,mixed,108,1,6.0,shortest path,,PURSUER_WIN
maze8,0,mixed,108,1,2.0,I-NTMCP l=1,1.0,PURSUER_WIN
maze8,0,mixed,108,1,2.0,shortest path,,PURSUER_WIN
maze8,0,mixed,108,1,4.0,random,,PURSUER_WIN
maze8,0,mixed,108,1,8.0,random,,PURSUER_WIN
maze8,0,mixed,108,1,9.0,I-NTMCP l=1,1.0,PURSUER_WIN
maze8,0,mixed,108,1,23.0,random,,PURSUER_WIN
maze8,0,mixed,108,0,13.0,I-NTMCP l=1,1.0,EVADER_REACHED_GOAL
maze8,0,mixed,108,1,5.0,shortest path,,PURSUER_WIN
maze8,0,mixed,108,0,11.0,I-NTMCP l=0,0.0,EVADER_REACHED_GOAL
maze8,0,mixed,108,1,1.0,shortest path,,PURSUER_WIN
maze8,0,mixed,108,0,10.0,I-NTMCP l=1,1.0,EVADER_REACHED_GOAL
maze8,0,mixed,108,1,15.0,random,,PURSUER_WIN
maze8,0,mixed,108,0,11.0,I-NTMCP l=0,0.0,EVADER_REACHED_GOAL
maze8,0,mixed,108,1,3.0,shortest path,,PURSUER_WIN
maze8,0,mixed,108,1,7.0,shortest path,,PURSUER_WIN
maze8,0,mixed,108,1,10.0,I-NTMCP l=0,0.0,PURSUER_WIN
maze8,0,mixed,108,1,16.0,shortest path,,PURSUER_WIN
maze8,0,mixed,108,1,2.0,random,,PURSUER_WIN
maze8,0,mixed,108,1,9.0,shortest path,,PURSUER_WIN
maze8,0,mixed,108,1,4.0,I-NTMCP l=1,1.0,PURSUER_WIN
maze8,0,mixed,108,1,2.0,I-NTMCP l=1,1.0,PURSUER_WIN
maze8,0,mixed,108,1,7.0,shortest path,,PURSUER_WIN
maze8,0,mixed,109,0,12.0,I-NTMCP l=0,0.0,EVADER_REACHED_GOAL
maze8,0,mixed,109,0,19.0,shortest path,,EVADER_REACHED_GOAL
maze8,0,mixed,109,0,10.0,I-NTMCP l=1,1.0,EVADER_REACHED_GOAL
maze8,0,mixed,109,1,2.0,I-NTMCP l=1,1.0,PURSUER_WIN
maze8,0,mixed,109,1,3.0,random,,PURSUER_WIN
maze8,0,mixed,109,1,2.0,random,,PURSUER_WIN
maze8,0,mixed,109,1,3.0,shortest path,,PURSUER_WIN
maze8,0,mixed,109,1,3.0,I-NTMCP l=1,1.0,PURSUER_WIN
maze8,0,mixed,109,0,11.0,I-NTMCP l=0,0.0,EVADER_REACHED_GOAL
maze8,0,mixed,109,1,12.0,random,,PURSUER_WIN
maze8,0,mixed,109,1,11.0,shortest path,,PURSUER_WIN
maze8,0,mixed,109,0,11.0,I-NTMCP l=1,1.0,EVADER_REACHED_GOAL
maze8,0,mixed,109,0,10.0,I-NTMCP l=0,0.0,EVADER_REACHED_GOAL
maze8,0,mixed,109,0,12.0,I-NTMCP l=1,1.0,EVADER_REACHED_GOAL
maze8,0,mixed,109,1,2.0,shortest path,,PURSUER_WIN
maze8,0,mixed,109,0,9.0,I-NTMCP l=0,0.0,EVADER_REACHED_GOAL
maze8,0,mixed,109,1,10.0,I-NTMCP l=0,0.0,PURSUER_WIN
maze8,0,mixed,109,1,20.0,random,,PURSUER_WIN
maze8,0,mixed,109,1,3.0,shortest path,,PURSUER_WIN
maze8,0,mixed,109,1,28.0,random,,PURSUER_WIN
maze8,0,mixed,109,1,3.0,I-NTMCP l=0,0.0,PURSUER_WIN
maze8,0,mixed,109,1,2.0,shortest path,,PURSUER_WIN
maze8,0,mixed,109,0,10.0,shortest path,,EVADER_REACHED_GOAL
maze8,0,mixed,109,1,13.0,shortest path,,PURSUER_WIN
maze8,0,mixed,109,1,3.0,I-NTMCP l=1,1.0,PURSUER_WIN
maze8,0,mixed,109,1,3.0,I-NTMCP l=1,1.0,PURSUER_WIN
maze8,0,mixed,109,0,17.0,shortest path,,EVADER_REACHED_GOAL
maze8,0,mixed,109,1,2.0,I-NTMCP l=1,1.0,PURSUER_WIN
maze8,0,mixed,109,0,10.0,I-NTMCP l=0,0.0,EVADER_REACHED_GOAL
maze8,0,mixed,109,1,3.0,shortest path,,PURSUER_WIN
maze8,0,mixed,109,1,3.0,shortest path,,PURSUER_WIN
maze8,0,mixed,109,1,26.0,random,,PURSUER_WIN
maze8,0,mixed,109,1,20.0,random,,PURSUER_WIN
maze8,0,mixed,109,0,10.0,I-NTMCP l=1,1.0,EVADER_REACHED_GOAL
maze8,0,mixed,109,0,13.0,I-NTMCP l=1,1.0,EVADER_REACHED_GOAL
maze8,0,mixed,109,0,10.0,I-NTMCP l=1,1.0,EVADER_REACHED_GOAL
maze8,0,mixed,109,1,11.0,random,,PURSUER_WIN
maze8,0,mixed,109,0,13.0,I-NTMCP l=0,0.0,EVADER_REACHED_GOAL
maze8,0,mixed,109,1,3.0,shortest path,,PURSUER_WIN
maze8,0,mixed,109,1,3.0,I-NTMCP l=1,1.0,PURSUER_WIN
maze8,0,mixed,109,1,1.0,random,,PURSUER_WIN
maze8,0,mixed,109,1,3.0,random,,PURSUER_WIN
maze8,0,mixed,109,0,10.0,I-NTMCP l=0,0.0,EVADER_REACHED_GOAL
maze8,0,mixed,109,1,3.0,I-NTMCP l=1,1.0,PURSUER_WIN
maze8,0,mixed,109,1,8.0,I-NTMCP l=0,0.0,PURSUER_WIN
maze8,0,mixed,109,0,10.0,I-NTMCP l=1,1.0,EVADER_REACHED_GOAL
maze8,0,mixed,109,1,4.0,random,,PURSUER_WIN
maze8,0,mixed,109,1,1.0,random,,PURSUER_WIN
maze8,0,mixed,109,1,3.0,I-NTMCP l=1,1.0,PURSUER_WIN
maze8,0,mixed,109,1,3.0,random,,PURSUER_WIN
maze8,1,l0,100,1,3.0,I-NTMCP l=0,0.0,PURSUER_WIN
maze8,1,l0,100,0,11.0,I-NTMCP l=0,0.0,EVADER_REACHED_GOAL
maze8,1,l0,100,1,3.0,I-NTMCP l=0,0.0,PURSUER_WIN
maze8,1,l0,100,1,2.0,I-NTMCP l=0,0.0,PURSUER_WIN
maze8,1,l0,100,1,3.0,I-NTMCP l=0,0.0,PURSUER_WIN
maze8,1,l0,100,1,4.0,I-NTMCP l=0,0.0,PURSUER_WIN
maze8,1,l0,100,1,3.0,I-NTMCP l=0,0.0,PURSUER_WIN
maze8,1,l0,100,0,13.0,I-NTMCP l=0,0.0,EVADER_REACHED_GOAL
maze8,1,l0,100,1,3.0,I-NTMCP l=0,0.0,PURSUER_WIN
maze8,1,l0,100,1,10.0,I-NTMCP l=0,0.0,PURSUER_WIN
maze8,1,l0,100,1,10.0,I-NTMCP l=0,0.0,PURSUER_WIN
maze8,1,l0,100,0,11.0,I-NTMCP l=0,0.0,EVADER_REACHED_GOAL
maze8,1,l0,100,0,11.0,I-NTMCP l=0,0.0,EVADER_REACHED_GOAL
maze8,1,l0,100,0,12.0,I-NTMCP l=0,0.0,EVADER_REACHED_GOAL
maze8,1,l0,100,0,12.0,I-NTMCP l=0,0.0,EVADER_REACHED_GOAL
maze8,1,l0,100,1,2.0,I-NTMCP l=0,0.0,PURSUER_WIN
maze8,1,l0,100,1,3.0,I-NTMCP l=0,0.0,PURSUER_WIN
maze8,1,l0,100,0,11.0,I-NTMCP l=0,0.0,EVADER_REACHED_GOAL
maze8,1,l0,100,1,3.0,I-NTMCP l=0,0.0,PURSUER_WIN
maze8,1,l0,100,1,3.0,I-NTMCP l=0,0.0,PURSUER_WIN
maze8,1,l0,100,1,3.0,I-NTMCP l=0,0.0,PURSUER_WIN
maze8,1,l0,100,1,9.0,I-NTMCP l=0,0.0,PURSUER_WIN
maze8,1,l0,100,0,11.0,I-NTMCP l=0,0.0,EVADER_REACHED_GOAL
maze8,1,l0,100,1,8.0,I-NTMCP l=0,0.0,PURSUER_WIN
maze8,1,l0,100,0,11.0,I-NTMCP l=0,0.0,EVADER_REACHED_GOAL
maze8,1,l0,100,1,3.0,I-NTMCP l=0,0.0,PURSUER_WIN
maze8,1,l0,100,1,2.0,I-NTMCP l=0,0.0,PURSUER_WIN
maze8,1,l0,100,0,11.0,I-NTMCP l=0,0.0,EVADER_REACHED_GOAL
maze8,1,l0,100,1,8.0,I-NTMCP l=0,0.0,PURSUER_WIN
maze8,1,l0,100,1,9.0,I-NTMCP l=0,0.0,PURSUER_WIN
maze8,1,l0,100,0,10.0,I-NTMCP l=0,0.0,EVADER_REACHED_GOAL
maze8,1,l0,100,1,3.0,I-NTMCP l=0,0.0,PURSUER_WIN
maze8,1,l0,100,0,11.0,I-NTMCP l=0,0.0,EVADER_REACHED_GOAL
maze8,1,l0,100,0,10.0,I-NTMCP l=0,0.0,EVADER_REACHED_GOAL
maze8,1,l0,100,0,10.0,I-NTMCP l=0,0.0,EVADER_REACHED_GOAL
maze8,1,l0,100,1,12.0,I-NTMCP l=0,0.0,PURSUER_WIN
maze8,1,l0,100,1,3.0,I-NTMCP l=0,0.0,PURSUER_WIN
maze8,1,l0,100,0,12.0,I-NTMCP l=0,0.0,EVADER_REACHED_GOAL
maze8,1,l0,100,1,4.0,I-NTMCP l=0,0.0,PURSUER_WIN
maze8,1,l0,100,1,6.0,I-NTMCP l=0,0.0,PURSUER_WIN
maze8,1,l0,100,0,13.0,I-NTMCP l=0,0.0,EVADER_REACHED_GOAL
maze8,1,l0,100,1,8.0,I-NTMCP l=0,0.0,PURSUER_WIN
maze8,1,l0,100,1,3.0,I-NTMCP l=0,0.0,PURSUER_WIN
maze8,1,l0,100,0,11.0,I-NTMCP l=0,0.0,EVADER_REACHED_GOAL
maze8,1,l0,100,1,8.0,I-NTMCP l=0,0.0,PURSUER_WIN
maze8,1,l0,100,1,2.0,I-NTMCP l=0,0.0,PURSUER_WIN
maze8,1,l0,100,0,12.0,I-NTMCP l=0,0.0,EVADER_REACHED_GOAL
maze8,1,l0,100,0,12.0,I-NTMCP l=0,0.0,EVADER_REACHED_GOAL
maze8,1,l0,100,0,13.0,I-NTMCP l=0,0.0,EVADER_REACHED_GOAL
maze8,1,l0,100,1,2.0,I-NTMCP l=0,0.0,PURSUER_WIN
maze8,1,l0,101,1,2.0,I-NTMCP l=0,0.0,PURSUER_WIN
maze8,1,l0,101,0,13.0,I-NTMCP l=0,0.0,EVADER_REACHED_GOAL
maze8,1,l0,101,1,3.0,I-NTMCP l=0,0.0,PURSUER_WIN
maze8,1,l0,101,1,9.0,I-NTMCP l=0,0.0,PURSUER_WIN
maze8,1,l0,101,1,8.0,I-NTMCP l=0,0.0,PURSUER_WIN
maze8,1,l0,101,1,3.0,I-NTMCP l=0,0.0,PURSUER_WIN
maze8,1,l0,101,1,3.0,I-NTMCP l=0,0.0,PURSUER_WIN
maze8,1,l0,101,1,2.0,I-NTMCP l=0,0.0,PURSUER_WIN
maze8,1,l0,101,1,2.0,I-NTMCP l=0,0.0,PURSUER_WIN
maze8,1,l0,101,0,11.0,I-NTMCP l=0,0.0,EVADER_REACHED_GOAL
maze8,1,l0,101,0,11.0,I-NTMCP l=0,0.0,EVADER_REACHED_GOAL
maze8,1,l0,101,0,13.0,I-NTMCP l=0,0.0,EVADER_REACHED_GOAL
maze8,1,l0,101,1,3.0,I-NTMCP l=0,0.0,PURSUER_WIN
maze8,1,l0,101,1,3.0,I-NTMCP l=0,0.0,PURSUER_WIN
maze8,1,l0,101,1,3.0,I-NTMCP l=0,0.0,PURSUER_WIN
maze8,1,l0,101,1,4.0,I-NTMCP l=0,0.0,PURSUER_WIN
maze8,1,l0,101,1,2.0,I-NTMCP l=0,0.0,PURSUER_WIN
maze8,1,l0,101,0,9.0,I-NTMCP l=0,0.0,EVADER_REACHED_GOAL
maze8,1,l0,101,1,8.0,I-NTMCP l=0,0.0,PURSUER_WIN
maze8,1,l0,101,1,3.0,I-NTMCP l=0,0.0,PURSUER_WIN
maze8,1,l0,101,1,2.0,I-NTMCP l=0,0.0,PURSUER_WIN
maze8,1,l0,101,1,3.0,I-NTMCP l=0,0.0,PURSUER_WIN
maze8,1,l0,101,1,3.0,I-NTMCP l=0,0.0,PURSUER_WIN
maze8,1,l0,101,0,12.0,I-NTMCP l=0,0.0,EVADER_REACHED_GOAL
maze8,1,l0,101,0,11.0,I-NTMCP l=0,0.0,EVADER_REACHED_GOAL
maze8,1,l0,101,1,3.0,I-NTMCP l=0,0.0,PURSUER_WIN
maze8,1,l0,101,1,3.0,I-NTMCP l=0,0.0,PURSUER_WIN
maze8,1,l0,101,1,11.0,I-NTMCP l=0,0.0,PURSUER_WIN
maze8,1,l0,101,1,3.0,I-NTMCP l=0,0.0,PURSUER_WIN
maze8,1,l0,101,1,3.0,I-NTMCP l=0,0.0,PURSUER_WIN
maze8,1,l0,101,1,8.0,I-NTMCP l=0,0.0,PURSUER_WIN
maze8,1,l0,101,0,12.0,I-NTMCP l=0,0.0,EVADER_REACHED_GOAL
maze8,1,l0,101,1,3.0,I-NTMCP l=0,0.0,PURSUER_WIN
maze8,1,l0,101,1,1.0,I-NTMCP l=0,0.0,PURSUER_WIN
maze8,1,l0,101,1,1.0,I-NTMCP l=0,0.0,PURSUER_WIN
maze8,1,l0,101,1,3.0,I-NTMCP l=0,0.0,PURSUER_WIN
maze8,1,l0,101,1,6.0,I-NTMCP l=0,0.0,PURSUER_WIN
maze8,1,l0,101,1,3.0,I-NTMCP l=0,0.0,PURSUER_WIN
maze8,1,l0,101,1,2.0,I-NTMCP l=0,0.0,PURSUER_WIN
maze8,1,l0,101,0,11.0,I-NTMCP l=0,0.0,EVADER_REACHED_GOAL
maze8,1,l0,101,1,11.0,I-NTMCP l=0,0.0,PURSUER_WIN
maze8,1,l0,101,1,4.0,I-NTMCP l=0,0.0,PURSUER_WIN
maze8,1,l0,101,1,4.0,I-NTMCP l=0,0.0,PURSUER_WIN
maze8,1,l0,101,1,8.0,I-NTMCP l=0,0.0,PURSUER_WIN
maze8,1,l0,101,1,11.0,I-NTMCP l=0,0.0,PURSUER_WIN
maze8,1,l0,101,1,3.0,I-NTMCP l=0,0.0,PURSUER_WIN
maze8,1,l0,101,1,3.0,I-NTMCP l=0,0.0,PURSUER_WIN
maze8,1,l0,101,0,12.0,I-NTMCP l=0,0.0,EVADER_REACHED_GOAL
maze8,1,l0,101,1,3.0,I-NTMCP l=0,0.0,PURSUER_WIN
maze8,1,l0,101,1,4.0,I-NTMCP l=0,0.0,PURSUER_WIN
maze8,1,l0,102,0,13.0,I-NTMCP l=0,0.0,EVADER_REACHED_GOAL
maze8,1,l0,102,1,2.0,I-NTMCP l=0,0.0,PURSUER_WIN
maze8,1,l0,102,0,11.0,I-NTMCP l=0,0.0,EVADER_REACHED_GOAL
maze8,1,l0,102,1,5.0,I-NTMCP l=0,0.0,PURSUER_WIN
maze8,1,l0,102,1,3.0,I-NTMCP l=0,0.0,PURSUER_WIN
maze8,1,l0,102,1,4.0,I-NTMCP l=0,0.0,PURSUER_WIN
maze8,1,l0,102,1,3.0,I-NTMCP l=0,0.0,PURSUER_WIN
maze8,1,l0,102,1,3.0,I-NTMCP l=0,0.0,PURSUER_WIN
maze8,1,l0,102,1,3.0,I-NTMCP l=0,0.0,PURSUER_WIN
maze8,1,l0,102,0,12.0,I-NTMCP l=0,0.0,EVADER_REACHED_GOAL
maze8,1,l0,102,1,3.0,I-NTMCP l=0,0.0,PURSUER_WIN
maze8,1,l0,102,0,9.0,I-NTMCP l=0,0.0,EVADER_REACHED_GOAL
maze8,1,l0,102,1,8.0,I-NTMCP l=0,0.0,PURSUER_WIN
maze8,1,l0,102,0,10.0,I-NTMCP l=0,0.0,EVADER_REACHED_GOAL
maze8,1,l0,102,0,11.0,I-NTMCP l=0,0.0,EVADER_REACHED_GOAL
maze8,1,l0,102,1,3.0,I-NTMCP l=0,0.0,PURSUER_WIN
maze8,1,l0,102,0,11.0,I-NTMCP l=0,0.0,EVADER_REACHED_GOAL
maze8,1,l0,102,1,3.0,I-NTMCP l=0,0.0,PURSUER_WIN
maze8,1,l0,102,1,10.0,I-NTMCP l=0,0.0,PURSUER_WIN
maze8,1,l0,102,0,11.0,I-NTMCP l=0,0.0,EVADER_REACHED_GOAL
maze8,1,l0,102,1,12.0,I-NTMCP l=0,0.0,PURSUER_WIN
maze8,1,l0,102,1,8.0,I-NTMCP l=0,0.0,PURSUER_WIN
maze8,1,l0,102,1,3.0,I-NTMCP l=0,0.0,PURSUER_WIN
maze8,1,l0,102,1,15.0,I-NTMCP l=0,0.0,PURSUER_WIN
maze8,1,l0,102,1,1.0,I-NTMCP l=0,0.0,PURSUER_WIN
maze8,1,l0,102,1,3.0,I-NTMCP l=0,0.0,PURSUER_WIN
maze8,1,l0,102,1,4.0,I-NTMCP l=0,0.0,PURSUER_WIN
maze8,1,l0,102,1,3.0,I-NTMCP l=0,0.0,PURSUER_WIN
maze8,1,l0,102,0,11.0,I-NTMCP l=0,0.0,EVADER_REACHED_GOAL
maze8,1,l0,102,0,11.0,I-NTMCP l=0,0.0,EVADER_REACHED_GOAL
maze8,1,l0,102,1,4.0,I-NTMCP l=0,0.0,PURSUER_WIN
maze8,1,l0,102,0,12.0,I-NTMCP l=0,0.0,EVADER_REACHED_GOAL
maze8,1,l0,102,1,3.0,I-NTMCP l=0,0.0,PURSUER_WIN
maze8,1,l0,102,1,8.0,I-NTMCP l=0,0.0,PURSUER_WIN
maze8,1,l0,102,1,8.0,I-NTMCP l=0,0.0,PURSUER_WIN
maze8,1,l0,102,1,8.0,I-NTMCP l=0,0.0,PURSUER_WIN
maze8,1,l0,102,1,9.0,I-NTMCP l=0,0.0,PURSUER_WIN
maze8,1,l0,102,1,3.0,I-NTMCP l=0,0.0,PURSUER_WIN
maze8,1,l0,102,0,9.0,I-NTMCP l=0,0.0,EVADER_REACHED_GOAL
maze8,1,l0,102,0,11.0,I-NTMCP l=0,0.0,EVADER_REACHED_GOAL
maze8,1,l0,102,1,3.0,I-NTMCP l=0,0.0,PURSUER_WIN
maze8,1,l0,102,0,13.0,I-NTMCP l=0,0.0,EVADER_REACHED_GOAL
maze8,1,l0,102,0,10.0,I-NTMCP l=0,0.0,EVADER_REACHED_GOAL
maze8,1,l0,102,1,9.0,I-NTMCP l=0,0.0,PURSUER_WIN
maze8,1,l0,102,1,3.0,I-NTMCP l=0,0.0,PURSUER_WIN
maze8,1,l0,102,1,11.0,I-NTMCP l=0,0.0,PURSUER_WIN
maze8,1,l0,102,0,10.0,I-NTMCP l=0,0.0,EVADER_REACHED_GOAL
maze8,1,l0,102,1,3.0,I-NTMCP l=0,0.0,PURSUER_WIN
maze8,1,l0,102,1,5.0,I-NTMCP l=0,0.0,PURSUER_WIN
maze8,1,l0,102,1,10.0,I-NTMCP l=0,0.0,PURSUER_WIN
maze8,1,l0,103,1,8.0,I-NTMCP l=0,0.0,PURSUER_WIN
maze8,1,l0,103,1,3.0,I-NTMCP l=0,0.0,PURSUER_WIN
maze8,1,l0,103,0,10.0,I-NTMCP l=0,0.0,EVADER_REACHED_GOAL
maze8,1,l0,103,1,8.0,I-NTMCP l=0,0.0,PURSUER_WIN
maze8,1,l0,103,0,9.0,I-NTMCP l=0,0.0,EVADER_REACHED_GOAL
maze8,1,l0,103,1,7.0,I-NTMCP l=0,0.0,PURSUER_WIN
maze8,1,l0,103,1,3.0,I-NTMCP l=0,0.0,PURSUER_WIN
maze8,1,l0,103,1,3.0,I-NTMCP l=0,0.0,PURSUER_WIN
maze8,1,l0,103,0,10.0,I-NTMCP l=0,0.0,EVADER_REACHED_GOAL
maze8,1,l0,103,1,3.0,I-NTMCP l=0,0.0,PURSUER_WIN
maze8,1,l0,103,0,12.0,I-NTMCP l=0,0.0,EVADER_REACHED_GOAL
maze8,1,l0,103,1,11.0,I-NTMCP l=0,0.0,PURSUER_WIN
maze8,1,l0,103,0,12.0,I-NTMCP l=0,0.0,EVADER_REACHED_GOAL
maze8,1,l0,103,1,6.0,I-NTMCP l=0,0.0,PURSUER_WIN
maze8,1,l0,103,0,11.0,I-NTMCP l=0,0.0,EVADER_REACHED_GOAL
maze8,1,l0,103,1,5.0,I-NTMCP l=0,0.0,PURSUER_WIN
maze8,1,l0,103,1,9.0,I-NTMCP l=0,0.0,PURSUER_WIN
maze8,1,l0,103,0,11.0,I-NTMCP l=0,0.0,EVADER_REACHED_GOAL
maze8,1,l0,103,0,10.0,I-NTMCP l=0,0.0,EVADER_REACHED_GOAL
maze8,1,l0,103,1,3.0,I-NTMCP l=0,0.0,PURSUER_WIN
maze8,1,l0,103,1,2.0,I-NTMCP l=0,0.0,PURSUER_WIN
maze8,1,l0,103,1,14.0,I-NTMCP l=0,0.0,PURSUER_WIN
maze8,1,l0,103,1,3.0,I-NTMCP l=0,0.0,PURSUER_WIN
maze8,1,l0,103,0,11.0,I-NTMCP l=0,0.0,EVADER_REACHED_GOAL
maze8,1,l0,103,1,8.0,I-NTMCP l=0,0.0,PURSUER_WIN
maze8,1,l0,103,1,5.0,I-NTMCP l=0,0.0,PURSUER_WIN
maze8,1,l0,103,1,3.0,I-NTMCP l=0,0.0,PURSUER_WIN
maze8,1,l0,103,0,9.0,I-NTMCP l=0,0.0,EVADER_REACHED_GOAL
maze8,1,l0,103,0,20.0,I-NTMCP l=0,0.0,EVADER_REACHED_GOAL
maze8,1,l0,103,0,11.0,I-NTMCP l=0,0.0,EVADER_REACHED_GOAL
maze8,1,l0,103,1,3.0,I-NTMCP l=0,0.0,PURSUER_WIN
maze8,1,l0,103,1,10.0,I-NTMCP l=0,0.0,PURSUER_WIN
maze8,1,l0,103,1,3.0,I-NTMCP l=0,0.0,PURSUER_WIN
maze8,1,l0,103,1,3.0,I-NTMCP l=0,0.0,PURSUER_WIN
maze8,1,l0,103,1,9.0,I-NTMCP l=0,0.0,PURSUER_WIN
maze8,1,l0,103,1,3.0,I-NTMCP l=0,0.0,PURSUER_WIN
maze8,1,l0,103,0,11.0,I-NTMCP l=0,0.0,EVADER_REACHED_GOAL
maze8,1,l0,103,1,8.0,I-NTMCP l=0,0.0,PURSUER_WIN
maze8,1,l0,103,0,11.0,I-NTMCP l=0,0.0,EVADER_REACHED_GOAL
maze8,1,l0,103,1,3.0,I-NTMCP l=0,0.0,PURSUER_WIN
maze8,1,l0,103,0,10.0,I-NTMCP l=0,0.0,EVADER_REACHED_GOAL
maze8,1,l0,103,1,3.0,I-NTMCP l=0,0.0,PURSUER_WIN
maze8,1,l0,103,1,3.0,I-NTMCP l=0,0.0,PURSUER_WIN
maze8,1,l0,103,1,10.0,I-NTMCP l=0,0.0,PURSUER_WIN
maze8,1,l0,103,1,3.0,I-NTMCP l=0,0.0,PURSUER_WIN
maze8,1,l0,103,1,8.0,I-NTMCP l=0,0.0,PURSUER_WIN
maze8,1,l0,103,1,16.0,I-NTMCP l=0,0.0,PURSUER_WIN
maze8,1,l0,103,1,3.0,I-NTMCP l=0,0.0,PURSUER_WIN
maze8,1,l0,103,1,2.0,I-NTMCP l=0,0.0,PURSUER_WIN
maze8,1,l0,103,1,3.0,I-NTMCP l=0,0.0,PURSUER_WIN
maze8,1,l0,104,1,8.0,I-NTMCP l=0,0.0,PURSUER_WIN
maze8,1,l0,104,0,12.0,I-NTMCP l=0,0.0,EVADER_REACHED_GOAL
maze8,1,l0,104,1,3.0,I-NTMCP l=0,0.0,PURSUER_WIN
maze8,1,l0,104,1,8.0,I-NTMCP l=0,0.0,PURSUER_WIN
maze8,1,l0,104,1,3.0,I-NTMCP l=0,0.0,PURSUER_WIN
maze8,1,l0,104,1,14.0,I-NTMCP l=0,0.0,PURSUER_WIN
maze8,1,l0,104,1,3.0,I-NTMCP l=0,0.0,PURSUER_WIN
maze8,1,l0,104,0,10.0,I-NTMCP l=0,0.0,EVADER_REACHED_GOAL
maze8,1,l0,104,1,3.0,I-NTMCP l=0,0.0,PURSUER_WIN
maze8,1,l0,104,1,3.0,I-NTMCP l=0,0.0,PURSUER_WIN
maze8,1,l0,104,0,11.0,I-NTMCP l=0,0.0,EVADER_REACHED_GOAL
maze8,1,l0,104,1,4.0,I-NTMCP l=0,0.0,PURSUER_WIN
maze8,1,l0,104,0,9.0,I-NTMCP l=0,0.0,EVADER_REACHED_GOAL
maze8,1,l0,104,1,1.0,I-NTMCP l=0,0.0,PURSUER_WIN
maze8,1,l0,104,0,10.0,I-NTMCP l=0,0.0,EVADER_REACHED_GOAL
maze8,1,l0,104,1,3.0,I-NTMCP l=0,0.0,PURSUER_WIN
maze8,1,l0,104,1,5.0,I-NTMCP l=0,0.0,PURSUER_WIN
maze8,1,l0,104,1,9.0,I-NTMCP l=0,0.0,PURSUER_WIN
maze8,1,l0,104,1,4.0,I-NTMCP l=0,0.0,PURSUER_WIN
maze8,1,l0,104,1,3.0,I-NTMCP l=0,0.0,PURSUER_WIN
maze8,1,l0,104,1,3.0,I-NTMCP l=0,0.0,PURSUER_WIN
maze8,1,l0,104,1,3.0,I-NTMCP l=0,0.0,PURSUER_WIN
maze8,1,l0,104,1,3.0,I-NTMCP l=0,0.0,PURSUER_WIN
maze8,1,l0,104,1,3.0,I-NTMCP l=0,0.0,PURSUER_WIN
maze8,1,l0,104,0,13.0,I-NTMCP l=0,0.0,EVADER_REACHED_GOAL
maze8,1,l0,104,1,3.0,I-NTMCP l=0,0.0,PURSUER_WIN
maze8,1,l0,104,1,3.0,I-NTMCP l=0,0.0,PURSUER_WIN
maze8,1,l0,104,1,2.0,I-NTMCP l=0,0.0,PURSUER_WIN
maze8,1,l0,104,1,3.0,I-NTMCP l=0,0.0,PURSUER_WIN
maze8,1,l0,104,1,9.0,I-NTMCP l=0,0.0,PURSUER_WIN
maze8,1,l0,104,1,1.0,I-NTMCP l=0,0.0,PURSUER_WIN
maze8,1,l0,104,1,3.0,I-NTMCP l=0,0.0,PURSUER_WIN
maze8,1,l0,104,0,11.0,I-NTMCP l=0,0.0,EVADER_REACHED_GOAL
maze8,1,l0,104,1,2.0,I-NTMCP l=0,0.0,PURSUER_WIN
maze8,1,l0,104,0,9.0,I-NTMCP l=0,0.0,EVADER_REACHED_GOAL
maze8,1,l0,104,1,10.0,I-NTMCP l=0,0.0,PURSUER_WIN
maze8,1,l0,104,0,11.0,I-NTMCP l=0,0.0,EVADER_REACHED_GOAL
maze8,1,l0,104,0,11.0,I-NTMCP l=0,0.0,EVADER_REACHED_GOAL
maze8,1,l0,104,1,3.0,I-NTMCP l=0,0.0,PURSUER_WIN
maze8,1,l0,104,1,11.0,I-NTMCP l=0,0.0,PURSUER_WIN
maze8,1,l0,104,1,3.0,I-NTMCP l=0,0.0,PURSUER_WIN
maze8,1,l0,104,1,3.0,I-NTMCP l=0,0.0,PURSUER_WIN
maze8,1,l0,104,1,3.0,I-NTMCP l=0,0.0,PURSUER_WIN
maze8,1,l0,104,1,2.0,I-NTMCP l=0,0.0,PURSUER_WIN
maze8,1,l0,104,1,3.0,I-NTMCP l=0,0.0,PURSUER_WIN
maze8,1,l0,104,1,2.0,I-NTMCP l=0,0.0,PURSUER_WIN
maze8,1,l0,104,0,9.0,I-NTMCP l=0,0.0,EVADER_REACHED_GOAL
maze8,1,l0,104,1,3.0,I-NTMCP l=0,0.0,PURSUER_WIN
maze8,1,l0,104,1,3.0,I-NTMCP l=0,0.0,PURSUER_WIN
maze8,1,l0,104,0,11.0,I-NTMCP l=0,0.0,EVADER_REACHED_GOAL
maze8,1,l0,105,1,8.0,I-NTMCP l=0,0.0,PURSUER_WIN
maze8,1,l0,105,0,11.0,I-NTMCP l=0,0.0,EVADER_REACHED_GOAL
maze8,1,l0,105,1,8.0,I-NTMCP l=0,0.0,PURSUER_WIN
maze8,1,l0,105,0,13.0,I-NTMCP l=0,0.0,EVADER_REACHED_GOAL
maze8,1,l0,105,1,4.0,I-NTMCP l=0,0.0,PURSUER_WIN
maze8,1,l0,105,1,8.0,I-NTMCP l=0,0.0,PURSUER_WIN
maze8,1,l0,105,1,8.0,I-NTMCP l=0,0.0,PURSUER_WIN
maze8,1,l0,105,1,10.0,I-NTMCP l=0,0.0,PURSUER_WIN
maze8,1,l0,105,0,11.0,I-NTMCP l=0,0.0,EVADER_REACHED_GOAL
maze8,1,l0,105,0,13.0,I-NTMCP l=0,0.0,EVADER_REACHED_GOAL
maze8,1,l0,105,0,11.0,I-NTMCP l=0,0.0,EVADER_REACHED_GOAL
maze8,1,l0,105,1,1.0,I-NTMCP l=0,0.0,PURSUER_WIN
maze8,1,l0,105,1,3.0,I-NTMCP l=0,0.0,PURSUER_WIN
maze8,1,l0,105,0,11.0,I-NTMCP l=0,0.0,EVADER_REACHED_GOAL
maze8,1,l0,105,1,3.0,I-NTMCP l=0,0.0,PURSUER_WIN
maze8,1,l0,105,1,8.0,I-NTMCP l=0,0.0,PURSUER_WIN
maze8,1,l0,105,1,4.0,I-NTMCP l=0,0.0,PURSUER_WIN
maze8,1,l0,105,1,2.0,I-NTMCP l=0,0.0,PURSUER_WIN
maze8,1,l0,105,1,10.0,I-NTMCP l=0,0.0,PURSUER_WIN
maze8,1,l0,105,1,10.0,I-NTMCP l=0,0.0,PURSUER_WIN
maze8,1,l0,105,0,12.0,I-NTMCP l=0,0.0,EVADER_REACHED_GOAL
maze8,1,l0,105,1,10.0,I-NTMCP l=0,0.0,PURSUER_WIN
maze8,1,l0,105,1,11.0,I-NTMCP l=0,0.0,PURSUER_WIN
maze8,1,l0,105,0,11.0,I-NTMCP l=0,0.0,EVADER_REACHED_GOAL
maze8,1,l0,105,0,13.0,I-NTMCP l=0,0.0,EVADER_REACHED_GOAL
maze8,1,l0,105,1,9.0,I-NTMCP l=0,0.0,PURSUER_WIN
maze8,1,l0,105,1,3.0,I-NTMCP l=0,0.0,PURSUER_WIN
maze8,1,l0,105,1,4.0,I-NTMCP l=0,0.0,PURSUER_WIN
maze8,1,l0,105,0,12.0,I-NTMCP l=0,0.0,EVADER_REACHED_GOAL
maze8,1,l0,105,1,3.0,I-NTMCP l=0,0.0,PURSUER_WIN
maze8,1,l0,105,1,3.0,I-NTMCP l=0,0.0,PURSUER_WIN
maze8,1,l0,105,1,3.0,I-NTMCP l=0,0.0,PURSUER_WIN
maze8,1,l0,105,1,3.0,I-NTMCP l=0,0.0,PURSUER_WIN
maze8,1,l0,105,1,3.0,I-NTMCP l=0,0.0,PURSUER_WIN
maze8,1,l0,105,1,10.0,I-NTMCP l=0,0.0,PURSUER_WIN
maze8,1,l0,105,1,1.0,I-NTMCP l=0,0.0,PURSUER_WIN
maze8,1,l0,105,0,10.0,I-NTMCP l=0,0.0,EVADER_REACHED_GOAL
maze8,1,l0,105,0,10.0,I-NTMCP l=0,0.0,EVADER_REACHED_GOAL
maze8,1,l0,105,0,10.0,I-NTMCP l=0,0.0,EVADER_REACHED_GOAL
maze8,1,l0,105,0,13.0,I-NTMCP l=0,0.0,EVADER_REACHED_GOAL
maze8,1,l0,105,1,10.0,I-NTMCP l=0,0.0,PURSUER_WIN
maze8,1,l0,105,0,11.0,I-NTMCP l=0,0.0,EVADER_REACHED_GOAL
maze8,1,l0,105,1,2.0,I-NTMCP l=0,0.0,PURSUER_WIN
maze8,1,l0,105,1,3.0,I-NTMCP l=0,0.0,PURSUER_WIN
maze8,1,l0,105,1,3.0,I-NTMCP l=0,0.0,PURSUER_WIN
maze8,1,l0,105,1,9.0,I-NTMCP l=0,0.0,PURSUER_WIN
maze8,1,l0,105,0,11.0,I-NTMCP l=0,0.0,EVADER_REACHED_GOAL
maze8,1,l0,105,0,12.0,I-NTMCP l=0,0.0,EVADER_REACHED_GOAL
maze8,1,l0,105,1,11.0,I-NTMCP l=0,0.0,PURSUER_WIN
maze8,1,l0,105,1,10.0,I-NTMCP l=0,0.0,PURSUER_WIN
maze8,1,l0,106,0,11.0,I-NTMCP l=0,0.0,EVADER_REACHED_GOAL
maze8,1,l0,106,1,4.0,I-NTMCP l=0,0.0,PURSUER_WIN
maze8,1,l0,106,1,3.0,I-NTMCP l=0,0.0,PURSUER_WIN
maze8,1,l0,106,0,13.0,I-NTMCP l=0,0.0,EVADER_REACHED_GOAL
maze8,1,l0,106,1,9.0,I-NTMCP l=0,0.0,PURSUER_WIN
maze8,1,l0,106,1,5.0,I-NTMCP l=0,0.0,PURSUER_WIN
maze8,1,l0,106,1,8.0,I-NTMCP l=0,0.0,PURSUER_WIN
maze8,1,l0,106,0,9.0,I-NTMCP l=0,0.0,EVADER_REACHED_GOAL
maze8,1,l0,106,0,11.0,I-NTMCP l=0,0.0,EVADER_REACHED_GOAL
maze8,1,l0,106,1,8.0,I-NTMCP l=0,0.0,PURSUER_WIN
maze8,1,l0,106,1,3.0,I-NTMCP l=0,0.0,PURSUER_WIN
maze8,1,l0,106,1,4.0,I-NTMCP l=0,0.0,PURSUER_WIN
maze8,1,l0,106,1,10.0,I-NTMCP l=0,0.0,PURSUER_WIN
maze8,1,l0,106,0,12.0,I-NTMCP l=0,0.0,EVADER_REACHED_GOAL
maze8,1,l0,106,1,2.0,I-NTMCP l=0,0.0,PURSUER_WIN
maze8,1,l0,106,1,4.0,I-NTMCP l=0,0.0,PURSUER_WIN
maze8,1,l0,106,1,14.0,I-NTMCP l=0,0.0,PURSUER_WIN
maze8,1,l0,106,1,11.0,I-NTMCP l=0,0.0,PURSUER_WIN
maze8,1,l0,106,0,11.0,I-NTMCP l=0,0.0,EVADER_REACHED_GOAL
maze8,1,l0,106,1,2.0,I-NTMCP l=0,0.0,PURSUER_WIN
maze8,1,l0,106,1,3.0,I-NTMCP l=0,0.0,PURSUER_WIN
maze8,1,l0,106,1,13.0,I-NTMCP l=0,0.0,PURSUER_WIN
maze8,1,l0,106,0,12.0,I-NTMCP l=0,0.0,EVADER_REACHED_GOAL
maze8,1,l0,106,0,11.0,I-NTMCP l=0,0.0,EVADER_REACHED_GOAL
maze8,1,l0,106,1,3.0,I-NTMCP l=0,0.0,PURSUER_WIN
maze8,1,l0,106,0,12.0,I-NTMCP l=0,0.0,EVADER_REACHED_GOAL
maze8,1,l0,106,0,9.0,I-NTMCP l=0,0.0,EVADER_REACHED_GOAL
maze8,1,l0,106,0,10.0,I-NTMCP l=0,0.0,EVADER_REACHED_GOAL
maze8,1,l0,106,1,3.0,I-NTMCP l=0,0.0,PURSUER_WIN
maze8,1,l0,106,1,3.0,I-NTMCP l=0,0.0,PURSUER_WIN
maze8,1,l0,106,0,12.0,I-NTMCP l=0,0.0,EVADER_REACHED_GOAL
maze8,1,l0,106,1,3.0,I-NTMCP l=0,0.0,PURSUER_WIN
maze8,1,l0,106,1,9.0,I-NTMCP l=0,0.0,PURSUER_WIN
maze8,1,l0,106,1,4.0,I-NTMCP l=0,0.0,PURSUER_WIN
maze8,1,l0,106,1,6.0,I-NTMCP l=0,0.0,PURSUER_WIN
maze8,1,l0,106,1,3.0,I-NTMCP l=0,0.0,PURSUER_WIN
maze8,1,l0,106,1,12.0,I-NTMCP l=0,0.0,PURSUER_WIN
maze8,1,l0,106,1,2.0,I-NTMCP l=0,0.0,PURSUER_WIN
maze8,1,l0,106,0,11.0,I-NTMCP l=0,0.0,EVADER_REACHED_GOAL
maze8,1,l0,106,1,8.0,I-NTMCP l=0,0.0,PURSUER_WIN
maze8,1,l0,106,0,9.0,I-NTMCP l=0,0.0,EVADER_REACHED_GOAL
maze8,1,l0,106,1,3.0,I-NTMCP l=0,0.0,PURSUER_WIN
maze8,1,l0,106,1,2.0,I-NTMCP l=0,0.0,PURSUER_WIN
maze8,1,l0,106,1,8.0,I-NTMCP l=0,0.0,PURSUER_WIN
maze8,1,l0,106,1,3.0,I-NTMCP l=0,0.0,PURSUER_WIN
maze8,1,l0,106,1,4.0,I-NTMCP l=0,0.0,PURSUER_WIN
maze8,1,l0,106,1,3.0,I-NTMCP l=0,0.0,PURSUER_WIN
maze8,1,l0,106,0,11.0,I-NTMCP l=0,0.0,EVADER_REACHED_GOAL
maze8,1,l0,106,1,3.0,I-NTMCP l=0,0.0,PURSUER_WIN
maze8,1,l0,106,1,5.0,I-NTMCP l=0,0.0,PURSUER_WIN
maze8,1,l0,107,0,11.0,I-NTMCP l=0,0.0,EVADER_REACHED_GOAL
maze8,1,l0,107,1,9.0,I-NTMCP l=0,0.0,PURSUER_WIN
maze8,1,l0,107,0,11.0,I-NTMCP l=0,0.0,EVADER_REACHED_GOAL
maze8,1,l0,107,1,3.0,I-NTMCP l=0,0.0,PURSUER_WIN
maze8,1,l0,107,1,3.0,I-NTMCP l=0,0.0,PURSUER_WIN
maze8,1,l0,107,1,3.0,I-NTMCP l=0,0.0,PURSUER_WIN
maze8,1,l0,107,1,3.0,I-NTMCP l=0,0.0,PURSUER_WIN
maze8,1,l0,107,1,10.0,I-NTMCP l=0,0.0,PURSUER_WIN
maze8,1,l0,107,1,3.0,I-NTMCP l=0,0.0,PURSUER_WIN
maze8,1,l0,107,1,12.0,I-NTMCP l=0,0.0,PURSUER_WIN
maze8,1,l0,107,0,10.0,I-NTMCP l=0,0.0,EVADER_REACHED_GOAL
maze8,1,l0,107,1,9.0,I-NTMCP l=0,0.0,PURSUER_WIN
maze8,1,l0,107,0,9.0,I-NTMCP l=0,0.0,EVADER_REACHED_GOAL
maze8,1,l0,107,1,2.0,I-NTMCP l=0,0.0,PURSUER_WIN
maze8,1,l0,107,1,13.0,I-NTMCP l=0,0.0,PURSUER_WIN
maze8,1,l0,107,1,3.0,I-NTMCP l=0,0.0,PURSUER_WIN
maze8,1,l0,107,0,12.0,I-NTMCP l=0,0.0,EVADER_REACHED_GOAL
maze8,1,l0,107,1,1.0,I-NTMCP l=0,0.0,PURSUER_WIN
maze8,1,l0,107,1,8.0,I-NTMCP l=0,0.0,PURSUER_WIN
maze8,1,l0,107,0,10.0,I-NTMCP l=0,0.0,EVADER_REACHED_GOAL
maze8,1,l0,107,1,2.0,I-NTMCP l=0,0.0,PURSUER_WIN
maze8,1,l0,107,1,3.0,I-NTMCP l=0,0.0,PURSUER_WIN
maze8,1,l0,107,0,11.0,I-NTMCP l=0,0.0,EVADER_REACHED_GOAL
maze8,1,l0,107,1,4.0,I-NTMCP l=0,0.0,PURSUER_WIN
maze8,1,l0,107,1,4.0,I-NTMCP l=0,0.0,PURSUER_WIN
maze8,1,l0,107,0,13.0,I-NTMCP l=0,0.0,EVADER_REACHED_GOAL
maze8,1,l0,107,1,3.0,I-NTMCP l=0,0.0,PURSUER_WIN
maze8,1,l0,107,1,4.0,I-NTMCP l=0,0.0,PURSUER_WIN
maze8,1,l0,107,1,8.0,I-NTMCP l=0,0.0,PURSUER_WIN
maze8,1,l0,107,1,4.0,I-NTMCP l=0,0.0,PURSUER_WIN
maze8,1,l0,107,1,15.0,I-NTMCP l=0,0.0,PURSUER_WIN
maze8,1,l0,107,1,11.0,I-NTMCP l=0,0.0,PURSUER_WIN
maze8,1,l0,107,0,12.0,I-NTMCP l=0,0.0,EVADER_REACHED_GOAL
maze8,1,l0,107,1,8.0,I-NTMCP l=0,0.0,PURSUER_WIN
maze8,1,l0,107,1,3.0,I-NTMCP l=0,0.0,PURSUER_WIN
maze8,1,l0,107,0,12.0,I-NTMCP l=0,0.0,EVADER_REACHED_GOAL
maze8,1,l0,107,1,4.0,I-NTMCP l=0,0.0,PURSUER_WIN
maze8,1,l0,107,1,3.0,I-NTMCP l=0,0.0,PURSUER_WIN
maze8,1,l0,107,1,1.0,I-NTMCP l=0,0.0,PURSUER_WIN
maze8,1,l0,107,0,13.0,I-NTMCP l=0,0.0,EVADER_REACHED_GOAL
maze8,1,l0,107,1,4.0,I-NTMCP l=0,0.0,PURSUER_WIN
maze8,1,l0,107,1,2.0,I-NTMCP l=0,0.0,PURSUER_WIN
maze8,1,l0,107,1,8.0,I-NTMCP l=0,0.0,PURSUER_WIN
maze8,1,l0,107,1,2.0,I-NTMCP l=0,0.0,PURSUER_WIN
maze8,1,l0,107,0,9.0,I-NTMCP l=0,0.0,EVADER_REACHED_GOAL
maze8,1,l0,107,0,10.0,I-NTMCP l=0,0.0,EVADER_REACHED_GOAL
maze8,1,l0,107,1,2.0,I-NTMCP l=0,0.0,PURSUER_WIN
maze8,1,l0,107,1,10.0,I-NTMCP l=0,0.0,PURSUER_WIN
maze8,1,l0,107,1,3.0,I-NTMCP l=0,0.0,PURSUER_WIN
maze8,1,l0,107,1,3.0,I-NTMCP l=0,0.0,PURSUER_WIN
maze8,1,l0,108,1,3.0,I-NTMCP l=0,0.0,PURSUER_WIN
maze8,1,l0,108,1,2.0,I-NTMCP l=0,0.0,PURSUER_WIN
maze8,1,l0,108,1,3.0,I-NTMCP l=0,0.0,PURSUER_WIN
maze8,1,l0,108,0,11.0,I-NTMCP l=0,0.0,EVADER_REACHED_GOAL
maze8,1,l0,108,1,5.0,I-NTMCP l=0,0.0,PURSUER_WIN
maze8,1,l0,108,1,2.0,I-NTMCP l=0,0.0,PURSUER_WIN
maze8,1,l0,108,1,8.0,I-NTMCP l=0,0.0,PURSUER_WIN
maze8,1,l0,108,0,12.0,I-NTMCP l=0,0.0,EVADER_REACHED_GOAL
maze8,1,l0,108,1,3.0,I-NTMCP l=0,0.0,PURSUER_WIN
maze8,1,l0,108,1,3.0,I-NTMCP l=0,0.0,PURSUER_WIN
maze8,1,l0,108,1,4.0,I-NTMCP l=0,0.0,PURSUER_WIN
maze8,1,l0,108,1,3.0,I-NTMCP l=0,0.0,PURSUER_WIN
maze8,1,l0,108,0,10.0,I-NTMCP l=0,0.0,EVADER_REACHED_GOAL
maze8,1,l0,108,1,3.0,I-NTMCP l=0,0.0,PURSUER_WIN
maze8,1,l0,108,1,10.0,I-NTMCP l=0,0.0,PURSUER_WIN
maze8,1,l0,108,1,9.0,I-NTMCP l=0,0.0,PURSUER_WIN
maze8,1,l0,108,1,8.0,I-NTMCP l=0,0.0,PURSUER_WIN
maze8,1,l0,108,1,3.0,I-NTMCP l=0,0.0,PURSUER_WIN
maze8,1,l0,108,1,2.0,I-NTMCP l=0,0.0,PURSUER_WIN
maze8,1,l0,108,1,3.0,I-NTMCP l=0,0.0,PURSUER_WIN
maze8,1,l0,108,1,9.0,I-NTMCP l=0,0.0,PURSUER_WIN
maze8,1,l0,108,1,4.0,I-NTMCP l=0,0.0,PURSUER_WIN
maze8,1,l0,108,1,8.0,I-NTMCP l=0,0.0,PURSUER_WIN
maze8,1,l0,108,1,9.0,I-NTMCP l=0,0.0,PURSUER_WIN
maze8,1,l0,108,1,2.0,I-NTMCP l=0,0.0,PURSUER_WIN
maze8,1,l0,108,1,3.0,I-NTMCP l=0,0.0,PURSUER_WIN
maze8,1,l0,108,1,3.0,I-NTMCP l=0,0.0,PURSUER_WIN
maze8,1,l0,108,0,11.0,I-NTMCP l=0,0.0,EVADER_REACHED_GOAL
maze8,1,l0,108,1,8.0,I-NTMCP l=0,0.0,PURSUER_WIN
maze8,1,l0,108,0,11.0,I-NTMCP l=0,0.0,EVADER_REACHED_GOAL
maze8,1,l0,108,1,4.0,I-NTMCP l=0,0.0,PURSUER_WIN
maze8,1,l0,108,1,3.0,I-NTMCP l=0,0.0,PURSUER_WIN
maze8,1,l0,108,1,6.0,I-NTMCP l=0,0.0,PURSUER_WIN
maze8,1,l0,108,0,9.0,I-NTMCP l=0,0.0,EVADER_REACHED_GOAL
maze8,1,l0,108,0,11.0,I-NTMCP l=0,0.0,EVADER_REACHED_GOAL
maze8,1,l0,108,0,11.0,I-NTMCP l=0,0.0,EVADER_REACHED_GOAL
maze8,1,l0,108,0,11.0,I-NTMCP l=0,0.0,EVADER_REACHED_GOAL
maze8,1,l0,108,1,2.0,I-NTMCP l=0,0.0,PURSUER_WIN
maze8,1,l0,108,1,8.0,I-NTMCP l=0,0.0,PURSUER_WIN
maze8,1,l0,108,1,8.0,I-NTMCP l=0,0.0,PURSUER_WIN
maze8,1,l0,108,0,11.0,I-NTMCP l=0,0.0,EVADER_REACHED_GOAL
maze8,1,l0,108,1,1.0,I-NTMCP l=0,0.0,PURSUER_WIN
maze8,1,l0,108,1,4.0,I-NTMCP l=0,0.0,PURSUER_WIN
maze8,1,l0,108,1,1.0,I-NTMCP l=0,0.0,PURSUER_WIN
maze8,1,l0,108,1,8.0,I-NTMCP l=0,0.0,PURSUER_WIN
maze8,1,l0,108,1,3.0,I-NTMCP l=0,0.0,PURSUER_WIN
maze8,1,l0,108,1,3.0,I-NTMCP l=0,0.0,PURSUER_WIN
maze8,1,l0,108,1,3.0,I-NTMCP l=0,0.0,PURSUER_WIN
maze8,1,l0,108,1,2.0,I-NTMCP l=0,0.0,PURSUER_WIN
maze8,1,l0,108,1,3.0,I-NTMCP l=0,0.0,PURSUER_WIN
maze8,1,l0,109,1,11.0,I-NTMCP l=0,0.0,PURSUER_WIN
maze8,1,l0,109,1,3.0,I-NTMCP l=0,0.0,PURSUER_WIN
maze8,1,l0,109,1,8.0,I-NTMCP l=0,0.0,PURSUER_WIN
maze8,1,l0,109,0,11.0,I-NTMCP l=0,0.0,EVADER_REACHED_GOAL
maze8,1,l0,109,1,3.0,I-NTMCP l=0,0.0,PURSUER_WIN
maze8,1,l0,109,1,11.0,I-NTMCP l=0,0.0,PURSUER_WIN
maze8,1,l0,109,0,11.0,I-NTMCP l=0,0.0,EVADER_REACHED_GOAL
maze8,1,l0,109,1,4.0,I-NTMCP l=0,0.0,PURSUER_WIN
maze8,1,l0,109,1,12.0,I-NTMCP l=0,0.0,PURSUER_WIN
maze8,1,l0,109,1,8.0,I-NTMCP l=0,0.0,PURSUER_WIN
maze8,1,l0,109,1,3.0,I-NTMCP l=0,0.0,PURSUER_WIN
maze8,1,l0,109,1,5.0,I-NTMCP l=0,0.0,PURSUER_WIN
maze8,1,l0,109,1,3.0,I-NTMCP l=0,0.0,PURSUER_WIN
maze8,1,l0,109,1,3.0,I-NTMCP l=0,0.0,PURSUER_WIN
maze8,1,l0,109,1,3.0,I-NTMCP l=0,0.0,PURSUER_WIN
maze8,1,l0,109,1,2.0,I-NTMCP l=0,0.0,PURSUER_WIN
maze8,1,l0,109,0,11.0,I-NTMCP l=0,0.0,EVADER_REACHED_GOAL
maze8,1,l0,109,1,11.0,I-NTMCP l=0,0.0,PURSUER_WIN
maze8,1,l0,109,0,11.0,I-NTMCP l=0,0.0,EVADER_REACHED_GOAL
maze8,1,l0,109,1,3.0,I-NTMCP l=0,0.0,PURSUER_WIN
maze8,1,l0,109,1,1.0,I-NTMCP l=0,0.0,PURSUER_WIN
maze8,1,l0,109,1,3.0,I-NTMCP l=0,0.0,PURSUER_WIN
maze8,1,l0,109,1,1.0,I-NTMCP l=0,0.0,PURSUER_WIN
maze8,1,l0,109,1,2.0,I-NTMCP l=0,0.0,PURSUER_WIN
maze8,1,l0,109,1,10.0,I-NTMCP l=0,0.0,PURSUER_WIN
maze8,1,l0,109,1,3.0,I-NTMCP l=0,0.0,PURSUER_WIN
maze8,1,l0,109,1,5.0,I-NTMCP l=0,0.0,PURSUER_WIN
maze8,1,l0,109,0,10.0,I-NTMCP l=0,0.0,EVADER_REACHED_GOAL
maze8,1,l0,109,1,8.0,I-NTMCP l=0,0.0,PURSUER_WIN
maze8,1,l0,109,1,2.0,I-NTMCP l=0,0.0,PURSUER_WIN
maze8,1,l0,109,1,8.0,I-NTMCP l=0,0.0,PURSUER_WIN
maze8,1,l0,109,0,10.0,I-NTMCP l=0,0.0,EVADER_REACHED_GOAL
maze8,1,l0,109,1,3.0,I-NTMCP l=0,0.0,PURSUER_WIN
maze8,1,l0,109,0,11.0,I-NTMCP l=0,0.0,EVADER_REACHED_GOAL
maze8,1,l0,109,0,10.0,I-NTMCP l=0,0.0,EVADER_REACHED_GOAL
maze8,1,l0,109,0,12.0,I-NTMCP l=0,0.0,EVADER_REACHED_GOAL
maze8,1,l0,109,0,10.0,I-NTMCP l=0,0.0,EVADER_REACHED_GOAL
maze8,1,l0,109,1,10.0,I-NTMCP l=0,0.0,PURSUER_WIN
maze8,1,l0,109,1,5.0,I-NTMCP l=0,0.0,PURSUER_WIN
maze8,1,l0,109,0,9.0,I-NTMCP l=0,0.0,EVADER_REACHED_GOAL
maze8,1,l0,109,1,3.0,I-NTMCP l=0,0.0,PURSUER_WIN
maze8,1,l0,109,1,8.0,I-NTMCP l=0,0.0,PURSUER_WIN
maze8,1,l0,109,1,3.0,I-NTMCP l=0,0.0,PURSUER_WIN
maze8,1,l0,109,1,8.0,I-NTMCP l=0,0.0,PURSUER_WIN
maze8,1,l0,109,0,9.0,I-NTMCP l=0,0.0,EVADER_REACHED_GOAL
maze8,1,l0,109,1,4.0,I-NTMCP l=0,0.0,PURSUER_WIN
maze8,1,l0,109,1,3.0,I-NTMCP l=0,0.0,PURSUER_WIN
maze8,1,l0,109,1,3.0,I-NTMCP l=0,0.0,PURSUER_WIN
maze8,1,l0,109,1,3.0,I-NTMCP l=0,0.0,PURSUER_WIN
maze8,1,l0,109,0,11.0,I-NTMCP l=0,0.0,EVADER_REACHED_GOAL
maze8,1,l1,100,1,3.0,I-NTMCP l=1,1.0,PURSUER_WIN
maze8,1,l1,100,1,4.0,I-NTMCP l=1,1.0,PURSUER_WIN
maze8,1,l1,100,1,8.0,I-NTMCP l=1,1.0,PURSUER_WIN
maze8,1,l1,100,1,10.0,I-NTMCP l=1,1.0,PURSUER_WIN
maze8,1,l1,100,1,2.0,I-NTMCP l=1,1.0,PURSUER_WIN
maze8,1,l1,100,1,10.0,I-NTMCP l=1,1.0,PURSUER_WIN
maze8,1,l1,100,0,11.0,I-NTMCP l=1,1.0,EVADER_REACHED_GOAL
maze8,1,l1,100,1,11.0,I-NTMCP l=1,1.0,PURSUER_WIN
maze8,1,l1,100,1,3.0,I-NTMCP l=1,1.0,PURSUER_WIN
maze8,1,l1,100,1,3.0,I-NTMCP l=1,1.0,PURSUER_WIN
maze8,1,l1,100,1,10.0,I-NTMCP l=1,1.0,PURSUER_WIN
maze8,1,l1,100,1,3.0,I-NTMCP l=1,1.0,PURSUER_WIN
maze8,1,l1,100,1,4.0,I-NTMCP l=1,1.0,PURSUER_WIN
maze8,1,l1,100,1,6.0,I-NTMCP l=1,1.0,PURSUER_WIN
maze8,1,l1,100,1,3.0,I-NTMCP l=1,1.0,PURSUER_WIN
maze8,1,l1,100,0,11.0,I-NTMCP l=1,1.0,EVADER_REACHED_GOAL
maze8,1,l1,100,1,10.0,I-NTMCP l=1,1.0,PURSUER_WIN
maze8,1,l1,100,1,3.0,I-NTMCP l=1,1.0,PURSUER_WIN
maze8,1,l1,100,1,3.0,I-NTMCP l=1,1.0,PURSUER_WIN
maze8,1,l1,100,0,16.0,I-NTMCP l=1,1.0,EVADER_REACHED_GOAL
maze8,1,l1,100,1,2.0,I-NTMCP l=1,1.0,PURSUER_WIN
maze8,1,l1,100,1,3.0,I-NTMCP l=1,1.0,PURSUER_WIN
maze8,1,l1,100,0,12.0,I-NTMCP l=1,1.0,EVADER_REACHED_GOAL
maze8,1,l1,100,0,10.0,I-NTMCP l=1,1.0,EVADER_REACHED_GOAL
maze8,1,l1,100,1,12.0,I-NTMCP l=1,1.0,PURSUER_WIN
maze8,1,l1,100,1,3.0,I-NTMCP l=1,1.0,PURSUER_WIN
maze8,1,l1,100,1,3.0,I-NTMCP l=1,1.0,PURSUER_WIN
maze8,1,l1,100,1,2.0,I-NTMCP l=1,1.0,PURSUER_WIN
maze8,1,l1,100,1,10.0,I-NTMCP l=1,1.0,PURSUER_WIN
maze8,1,l1,100,0,12.0,I-NTMCP l=1,1.0,EVADER_REACHED_GOAL
maze8,1,l1,100,0,11.0,I-NTMCP l=1,1.0,EVADER_REACHED_GOAL
maze8,1,l1,100,1,2.0,I-NTMCP l=1,1.0,PURSUER_WIN
maze8,1,l1,100,1,3.0,I-NTMCP l=1,1.0,PURSUER_WIN
maze8,1,l1,100,0,11.0,I-NTMCP l=1,1.0,EVADER_REACHED_GOAL
maze8,1,l1,100,1,11.0,I-NTMCP l=1,1.0,PURSUER_WIN
maze8,1,l1,100,0,11.0,I-NTMCP l=1,1.0,EVADER_REACHED_GOAL
maze8,1,l1,100,1,9.0,I-NTMCP l=1,1.0,PURSUER_WIN
maze8,1,l1,100,1,9.0,I-NTMCP l=1,1.0,PURSUER_WIN
maze8,1,l1,100,1,2.0,I-NTMCP l=1,1.0,PURSUER_WIN
maze8,1,l1,100,0,11.0,I-NTMCP l=1,1.0,EVADER_REACHED_GOAL
maze8,1,l1,100,1,2.0,I-NTMCP l=1,1.0,PURSUER_WIN
maze8,1,l1,100,0,10.0,I-NTMCP l=1,1.0,EVADER_REACHED_GOAL
maze8,1,l1,100,1,8.0,I-NTMCP l=1,1.0,PURSUER_WIN
maze8,1,l1,100,0,11.0,I-NTMCP l=1,1.0,EVADER_REACHED_GOAL
maze8,1,l1,100,1,16.0,I-NTMCP l=1,1.0,PURSUER_WIN
maze8,1,l1,100,0,13.0,I-NTMCP l=1,1.0,EVADER_REACHED_GOAL
maze8,1,l1,100,0,13.0,I-NTMCP l=1,1.0,EVADER_REACHED_GOAL
maze8,1,l1,100,1,3.0,I-NTMCP l=1,1.0,PURSUER_WIN
maze8,1,l1,100,1,2.0,I-NTMCP l=1,1.0,PURSUER_WIN
maze8,1,l1,100,1,3.0,I-NTMCP l=1,1.0,PURSUER_WIN
maze8,1,l1,101,1,2.0,I-NTMCP l=1,1.0,PURSUER_WIN
maze8,1,l1,101,1,3.0,I-NTMCP l=1,1.0,PURSUER_WIN
maze8,1,l1,101,1,3.0,I-NTMCP l=1,1.0,PURSUER_WIN
maze8,1,l1,101,1,9.0,I-NTMCP l=1,1.0,PURSUER_WIN
maze8,1,l1,101,1,9.0,I-NTMCP l=1,1.0,PURSUER_WIN
maze8,1,l1,101,1,8.0,I-NTMCP l=1,1.0,PURSUER_WIN
maze8,1,l1,101,1,8.0,I-NTMCP l=1,1.0,PURSUER_WIN
maze8,1,l1,101,0,9.0,I-NTMCP l=1,1.0,EVADER_REACHED_GOAL
maze8,1,l1,101,1,9.0,I-NTMCP l=1,1.0,PURSUER_WIN
maze8,1,l1,101,1,3.0,I-NTMCP l=1,1.0,PURSUER_WIN
maze8,1,l1,101,1,3.0,I-NTMCP l=1,1.0,PURSUER_WIN
maze8,1,l1,101,0,11.0,I-NTMCP l=1,1.0,EVADER_REACHED_GOAL
maze8,1,l1,101,1,4.0,I-NTMCP l=1,1.0,PURSUER_WIN
maze8,1,l1,101,1,9.0,I-NTMCP l=1,1.0,PURSUER_WIN
maze8,1,l1,101,1,3.0,I-NTMCP l=1,1.0,PURSUER_WIN
maze8,1,l1,101,1,3.0,I-NTMCP l=1,1.0,PURSUER_WIN
maze8,1,l1,101,1,8.0,I-NTMCP l=1,1.0,PURSUER_WIN
maze8,1,l1,101,1,3.0,I-NTMCP l=1,1.0,PURSUER_WIN
maze8,1,l1,101,1,3.0,I-NTMCP l=1,1.0,PURSUER_WIN
maze8,1,l1,101,1,5.0,I-NTMCP l=1,1.0,PURSUER_WIN
maze8,1,l1,101,1,5.0,I-NTMCP l=1,1.0,PURSUER_WIN
maze8,1,l1,101,1,4.0,I-NTMCP l=1,1.0,PURSUER_WIN
maze8,1,l1,101,1,4.0,I-NTMCP l=1,1.0,PURSUER_WIN
maze8,1,l1,101,1,3.0,I-NTMCP l=1,1.0,PURSUER_WIN
maze8,1,l1,101,0,9.0,I-NTMCP l=1,1.0,EVADER_REACHED_GOAL
maze8,1,l1,101,0,11.0,I-NTMCP l=1,1.0,EVADER_REACHED_GOAL
maze8,1,l1,101,1,2.0,I-NTMCP l=1,1.0,PURSUER_WIN
maze8,1,l1,101,0,14.0,I-NTMCP l=1,1.0,EVADER_REACHED_GOAL
maze8,1,l1,101,0,13.0,I-NTMCP l=1,1.0,EVADER_REACHED_GOAL
maze8,1,l1,101,1,3.0,I-NTMCP l=1,1.0,PURSUER_WIN
maze8,1,l1,101,1,4.0,I-NTMCP l=1,1.0,PURSUER_WIN
maze8,1,l1,101,0,10.0,I-NTMCP l=1,1.0,EVADER_REACHED_GOAL
maze8,1,l1,101,1,8.0,I-NTMCP l=1,1.0,PURSUER_WIN
maze8,1,l1,101,1,3.0,I-NTMCP l=1,1.0,PURSUER_WIN
maze8,1,l1,101,1,3.0,I-NTMCP l=1,1.0,PURSUER_WIN
maze8,1,l1,101,1,9.0,I-NTMCP l=1,1.0,PURSUER_WIN
maze8,1,l1,101,1,10.0,I-NTMCP l=1,1.0,PURSUER_WIN
maze8,1,l1,101,1,3.0,I-NTMCP l=1,1.0,PURSUER_WIN
maze8,1,l1,101,0,10.0,I-NTMCP l=1,1.0,EVADER_REACHED_GOAL
maze8,1,l1,101,1,3.0,I-NTMCP l=1,1.0,PURSUER_WIN
maze8,1,l1,101,1,3.0,I-NTMCP l=1,1.0,PURSUER_WIN
maze8,1,l1,101,1,3.0,I-NTMCP l=1,1.0,PURSUER_WIN
maze8,1,l1,101,0,11.0,I-NTMCP l=1,1.0,EVADER_REACHED_GOAL
maze8,1,l1,101,1,11.0,I-NTMCP l=1,1.0,PURSUER_WIN
maze8,1,l1,101,1,3.0,I-NTMCP l=1,1.0,PURSUER_WIN
maze8,1,l1,101,1,9.0,I-NTMCP l=1,1.0,PURSUER_WIN
maze8,1,l1,101,1,8.0,I-NTMCP l=1,1.0,PURSUER_WIN
maze8,1,l1,101,1,3.0,I-NTMCP l=1,1.0,PURSUER_WIN
maze8,1,l1,101,1,2.0,I-NTMCP l=1,1.0,PURSUER_WIN
maze8,1,l1,101,1,8.0,I-NTMCP l=1,1.0,PURSUER_WIN
maze8,1,l1,102,0,13.0,I-NTMCP l=1,1.0,EVADER_REACHED_GOAL
maze8,1,l1,102,1,4.0,I-NTMCP l=1,1.0,PURSUER_WIN
maze8,1,l1,102,0,10.0,I-NTMCP l=1,1.0,EVADER_REACHED_GOAL
maze8,1,l1,102,1,2.0,I-NTMCP l=1,1.0,PURSUER_WIN
maze8,1,l1,102,1,3.0,I-NTMCP l=1,1.0,PURSUER_WIN
maze8,1,l1,102,1,3.0,I-NTMCP l=1,1.0,PURSUER_WIN
maze8,1,l1,102,1,3.0,I-NTMCP l=1,1.0,PURSUER_WIN
maze8,1,l1,102,1,3.0,I-NTMCP l=1,1.0,PURSUER_WIN
maze8,1,l1,102,1,4.0,I-NTMCP l=1,1.0,PURSUER_WIN
maze8,1,l1,102,1,3.0,I-NTMCP l=1,1.0,PURSUER_WIN
maze8,1,l1,102,0,10.0,I-NTMCP l=1,1.0,EVADER_REACHED_GOAL
maze8,1,l1,102,1,3.0,I-NTMCP l=1,1.0,PURSUER_WIN
maze8,1,l1,102,1,2.0,I-NTMCP l=1,1.0,PURSUER_WIN
maze8,1,l1,102,0,10.0,I-NTMCP l=1,1.0,EVADER_REACHED_GOAL
maze8,1,l1,102,0,11.0,I-NTMCP l=1,1.0,EVADER_REACHED_GOAL
maze8,1,l1,102,0,15.0,I-NTMCP l=1,1.0,EVADER_REACHED_GOAL
maze8,1,l1,102,1,3.0,I-NTMCP l=1,1.0,PURSUER_WIN
maze8,1,l1,102,0,10.0,I-NTMCP l=1,1.0,EVADER_REACHED_GOAL
maze8,1,l1,102,0,33.0,I-NTMCP l=1,1.0,EVADER_REACHED_GOAL
maze8,1,l1,102,1,3.0,I-NTMCP l=1,1.0,PURSUER_WIN
maze8,1,l1,102,1,8.0,I-NTMCP l=1,1.0,PURSUER_WIN
maze8,1,l1,102,1,8.0,I-NTMCP l=1,1.0,PURSUER_WIN
maze8,1,l1,102,1,3.0,I-NTMCP l=1,1.0,PURSUER_WIN
maze8,1,l1,102,0,11.0,I-NTMCP l=1,1.0,EVADER_REACHED_GOAL
maze8,1,l1,102,0,11.0,I-NTMCP l=1,1.0,EVADER_REACHED_GOAL
maze8,1,l1,102,1,9.0,I-NTMCP l=1,1.0,PURSUER_WIN
maze8,1,l1,102,1,3.0,I-NTMCP l=1,1.0,PURSUER_WIN
maze8,1,l1,102,1,3.0,I-NTMCP l=1,1.0,PURSUER_WIN
maze8,1,l1,102,0,11.0,I-NTMCP l=1,1.0,EVADER_REACHED_GOAL
maze8,1,l1,102,1,5.0,I-NTMCP l=1,1.0,PURSUER_WIN
maze8,1,l1,102,1,2.0,I-NTMCP l=1,1.0,PURSUER_WIN
maze8,1,l1,102,1,2.0,I-NTMCP l=1,1.0,PURSUER_WIN
maze8,1,l1,102,1,3.0,I-NTMCP l=1,1.0,PURSUER_WIN
maze8,1,l1,102,1,3.0,I-NTMCP l=1,1.0,PURSUER_WIN
maze8,1,l1,102,1,3.0,I-NTMCP l=1,1.0,PURSUER_WIN
maze8,1,l1,102,0,10.0,I-NTMCP l=1,1.0,EVADER_REACHED_GOAL
maze8,1,l1,102,1,2.0,I-NTMCP l=1,1.0,PURSUER_WIN
maze8,1,l1,102,0,9.0,I-NTMCP l=1,1.0,EVADER_REACHED_GOAL
maze8,1,l1,102,1,3.0,I-NTMCP l=1,1.0,PURSUER_WIN
maze8,1,l1,102,1,2.0,I-NTMCP l=1,1.0,PURSUER_WIN
maze8,1,l1,102,1,10.0,I-NTMCP l=1,1.0,PURSUER_WIN
maze8,1,l1,102,0,10.0,I-NTMCP l=1,1.0,EVADER_REACHED_GOAL
maze8,1,l1,102,0,11.0,I-NTMCP l=1,1.0,EVADER_REACHED_GOAL
maze8,1,l1,102,0,10.0,I-NTMCP l=1,1.0,EVADER_REACHED_GOAL
maze8,1,l1,102,1,3.0,I-NTMCP l=1,1.0,PURSUER_WIN
maze8,1,l1,102,0,12.0,I-NTMCP l=1,1.0,EVADER_REACHED_GOAL
maze8,1,l1,102,1,8.0,I-NTMCP l=1,1.0,PURSUER_WIN
maze8,1,l1,102,1,3.0,I-NTMCP l=1,1.0,PURSUER_WIN
maze8,1,l1,102,1,8.0,I-NTMCP l=1,1.0,PURSUER_WIN
maze8,1,l1,102,1,3.0,I-NTMCP l=1,1.0,PURSUER_WIN
maze8,1,l1,103,1,8.0,I-NTMCP l=1,1.0,PURSUER_WIN
maze8,1,l1,103,1,3.0,I-NTMCP l=1,1.0,PURSUER_WIN
maze8,1,l1,103,1,2.0,I-NTMCP l=1,1.0,PURSUER_WIN
maze8,1,l1,103,0,12.0,I-NTMCP l=1,1.0,EVADER_REACHED_GOAL
maze8,1,l1,103,1,11.0,I-NTMCP l=1,1.0,PURSUER_WIN
maze8,1,l1,103,1,4.0,I-NTMCP l=1,1.0,PURSUER_WIN
maze8,1,l1,103,1,3.0,I-NTMCP l=1,1.0,PURSUER_WIN
maze8,1,l1,103,1,8.0,I-NTMCP l=1,1.0,PURSUER_WIN
maze8,1,l1,103,1,3.0,I-NTMCP l=1,1.0,PURSUER_WIN
maze8,1,l1,103,0,11.0,I-NTMCP l=1,1.0,EVADER_REACHED_GOAL
maze8,1,l1,103,1,2.0,I-NTMCP l=1,1.0,PURSUER_WIN
maze8,1,l1,103,1,2.0,I-NTMCP l=1,1.0,PURSUER_WIN
maze8,1,l1,103,0,9.0,I-NTMCP l=1,1.0,EVADER_REACHED_GOAL
maze8,1,l1,103,1,3.0,I-NTMCP l=1,1.0,PURSUER_WIN
maze8,1,l1,103,1,9.0,I-NTMCP l=1,1.0,PURSUER_WIN
maze8,1,l1,103,1,10.0,I-NTMCP l=1,1.0,PURSUER_WIN
maze8,1,l1,103,1,8.0,I-NTMCP l=1,1.0,PURSUER_WIN
maze8,1,l1,103,1,3.0,I-NTMCP l=1,1.0,PURSUER_WIN
maze8,1,l1,103,1,10.0,I-NTMCP l=1,1.0,PURSUER_WIN
maze8,1,l1,103,1,3.0,I-NTMCP l=1,1.0,PURSUER_WIN
maze8,1,l1,103,1,8.0,I-NTMCP l=1,1.0,PURSUER_WIN
maze8,1,l1,103,1,8.0,I-NTMCP l=1,1.0,PURSUER_WIN
maze8,1,l1,103,1,8.0,I-NTMCP l=1,1.0,PURSUER_WIN
maze8,1,l1,103,1,3.0,I-NTMCP l=1,1.0,PURSUER_WIN
maze8,1,l1,103,0,10.0,I-NTMCP l=1,1.0,EVADER_REACHED_GOAL
maze8,1,l1,103,0,10.0,I-NTMCP l=1,1.0,EVADER_REACHED_GOAL
maze8,1,l1,103,1,12.0,I-NTMCP l=1,1.0,PURSUER_WIN
maze8,1,l1,103,0,11.0,I-NTMCP l=1,1.0,EVADER_REACHED_GOAL
maze8,1,l1,103,1,3.0,I-NTMCP l=1,1.0,PURSUER_WIN
maze8,1,l1,103,0,11.0,I-NTMCP l=1,1.0,EVADER_REACHED_GOAL
maze8,1,l1,103,0,11.0,I-NTMCP l=1,1.0,EVADER_REACHED_GOAL
maze8,1,l1,103,1,8.0,I-NTMCP l=1,1.0,PURSUER_WIN
maze8,1,l1,103,1,4.0,I-NTMCP l=1,1.0,PURSUER_WIN
maze8,1,l1,103,1,8.0,I-NTMCP l=1,1.0,PURSUER_WIN
maze8,1,l1,103,1,3.0,I-NTMCP l=1,1.0,PURSUER_WIN
maze8,1,l1,103,1,10.0,I-NTMCP l=1,1.0,PURSUER_WIN
maze8,1,l1,103,1,7.0,I-NTMCP l=1,1.0,PURSUER_WIN
maze8,1,l1,103,1,3.0,I-NTMCP l=1,1.0,PURSUER_WIN
maze8,1,l1,103,0,11.0,I-NTMCP l=1,1.0,EVADER_REACHED_GOAL
maze8,1,l1,103,0,11.0,I-NTMCP l=1,1.0,EVADER_REACHED_GOAL
maze8,1,l1,103,0,11.0,I-NTMCP l=1,1.0,EVADER_REACHED_GOAL
maze8,1,l1,103,1,9.0,I-NTMCP l=1,1.0,PURSUER_WIN
maze8,1,l1,103,1,3.0,I-NTMCP l=1,1.0,PURSUER_WIN
maze8,1,l1,103,0,9.0,I-NTMCP l=1,1.0,EVADER_REACHED_GOAL
maze8,1,l1,103,1,9.0,I-NTMCP l=1,1.0,PURSUER_WIN
maze8,1,l1,103,1,3.0,I-NTMCP l=1,1.0,PURSUER_WIN
maze8,1,l1,103,1,7.0,I-NTMCP l=1,1.0,PURSUER_WIN
maze8,1,l1,103,1,3.0,I-NTMCP l=1,1.0,PURSUER_WIN
maze8,1,l1,103,1,3.0,I-NTMCP l=1,1.0,PURSUER_WIN
maze8,1,l1,103,1,12.0,I-NTMCP l=1,1.0,PURSUER_WIN
maze8,1,l1,104,0,9.0,I-NTMCP l=1,1.0,EVADER_REACHED_GOAL
maze8,1,l1,104,0,10.0,I-NTMCP l=1,1.0,EVADER_REACHED_GOAL
maze8,1,l1,104,1,3.0,I-NTMCP l=1,1.0,PURSUER_WIN
maze8,1,l1,104,0,9.0,I-NTMCP l=1,1.0,EVADER_REACHED_GOAL
maze8,1,l1,104,1,4.0,I-NTMCP l=1,1.0,PURSUER_WIN
maze8,1,l1,104,1,8.0,I-NTMCP l=1,1.0,PURSUER_WIN
maze8,1,l1,104,0,11.0,I-NTMCP l=1,1.0,EVADER_REACHED_GOAL
maze8,1,l1,104,0,11.0,I-NTMCP l=1,1.0,EVADER_REACHED_GOAL
maze8,1,l1,104,1,9.0,I-NTMCP l=1,1.0,PURSUER_WIN
maze8,1,l1,104,1,3.0,I-NTMCP l=1,1.0,PURSUER_WIN
maze8,1,l1,104,0,9.0,I-NTMCP l=1,1.0,EVADER_REACHED_GOAL
maze8,1,l1,104,1,4.0,I-NTMCP l=1,1.0,PURSUER_WIN
maze8,1,l1,104,0,10.0,I-NTMCP l=1,1.0,EVADER_REACHED_GOAL
maze8,1,l1,104,1,9.0,I-NTMCP l=1,1.0,PURSUER_WIN
maze8,1,l1,104,1,3.0,I-NTMCP l=1,1.0,PURSUER_WIN
maze8,1,l1,104,1,3.0,I-NTMCP l=1,1.0,PURSUER_WIN
maze8,1,l1,104,1,4.0,I-NTMCP l=1,1.0,PURSUER_WIN
maze8,1,l1,104,0,11.0,I-NTMCP l=1,1.0,EVADER_REACHED_GOAL
maze8,1,l1,104,0,13.0,I-NTMCP l=1,1.0,EVADER_REACHED_GOAL
maze8,1,l1,104,1,3.0,I-NTMCP l=1,1.0,PURSUER_WIN
maze8,1,l1,104,0,13.0,I-NTMCP l=1,1.0,EVADER_REACHED_GOAL
maze8,1,l1,104,1,2.0,I-NTMCP l=1,1.0,PURSUER_WIN
maze8,1,l1,104,1,8.0,I-NTMCP l=1,1.0,PURSUER_WIN
maze8,1,l1,104,0,12.0,I-NTMCP l=1,1.0,EVADER_REACHED_GOAL
maze8,1,l1,104,1,2.0,I-NTMCP l=1,1.0,PURSUER_WIN
maze8,1,l1,104,0,11.0,I-NTMCP l=1,1.0,EVADER_REACHED_GOAL
maze8,1,l1,104,1,3.0,I-NTMCP l=1,1.0,PURSUER_WIN
maze8,1,l1,104,1,3.0,I-NTMCP l=1,1.0,PURSUER_WIN
maze8,1,l1,104,1,3.0,I-NTMCP l=1,1.0,PURSUER_WIN
maze8,1,l1,104,1,2.0,I-NTMCP l=1,1.0,PURSUER_WIN
maze8,1,l1,104,1,2.0,I-NTMCP l=1,1.0,PURSUER_WIN
maze8,1,l1,104,0,11.0,I-NTMCP l=1,1.0,EVADER_REACHED_GOAL
maze8,1,l1,104,1,3.0,I-NTMCP l=1,1.0,PURSUER_WIN
maze8,1,l1,104,1,11.0,I-NTMCP l=1,1.0,PURSUER_WIN
maze8,1,l1,104,0,10.0,I-NTMCP l=1,1.0,EVADER_REACHED_GOAL
maze8,1,l1,104,1,3.0,I-NTMCP l=1,1.0,PURSUER_WIN
maze8,1,l1,104,1,3.0,I-NTMCP l=1,1.0,PURSUER_WIN
maze8,1,l1,104,1,5.0,I-NTMCP l=1,1.0,PURSUER_WIN
maze8,1,l1,104,0,12.0,I-NTMCP l=1,1.0,EVADER_REACHED_GOAL
maze8,1,l1,104,0,13.0,I-NTMCP l=1,1.0,EVADER_REACHED_GOAL
maze8,1,l1,104,1,8.0,I-NTMCP l=1,1.0,PURSUER_WIN
maze8,1,l1,104,1,9.0,I-NTMCP l=1,1.0,PURSUER_WIN
maze8,1,l1,104,0,11.0,I-NTMCP l=1,1.0,EVADER_REACHED_GOAL
maze8,1,l1,104,1,3.0,I-NTMCP l=1,1.0,PURSUER_WIN
maze8,1,l1,104,1,3.0,I-NTMCP l=1,1.0,PURSUER_WIN
maze8,1,l1,104,1,2.0,I-NTMCP l=1,1.0,PURSUER_WIN
maze8,1,l1,104,1,8.0,I-NTMCP l=1,1.0,PURSUER_WIN
maze8,1,l1,104,0,11.0,I-NTMCP l=1,1.0,EVADER_REACHED_GOAL
maze8,1,l1,104,1,11.0,I-NTMCP l=1,1.0,PURSUER_WIN
maze8,1,l1,104,1,3.0,I-NTMCP l=1,1.0,PURSUER_WIN
maze8,1,l1,105,1,8.0,I-NTMCP l=1,1.0,PURSUER_WIN
maze8,1,l1,105,1,3.0,I-NTMCP l=1,1.0,PURSUER_WIN
maze8,1,l1,105,1,2.0,I-NTMCP l=1,1.0,PURSUER_WIN
maze8,1,l1,105,1,2.0,I-NTMCP l=1,1.0,PURSUER_WIN
maze8,1,l1,105,1,3.0,I-NTMCP l=1,1.0,PURSUER_WIN
maze8,1,l1,105,1,6.0,I-NTMCP l=1,1.0,PURSUER_WIN
maze8,1,l1,105,0,10.0,I-NTMCP l=1,1.0,EVADER_REACHED_GOAL
maze8,1,l1,105,1,3.0,I-NTMCP l=1,1.0,PURSUER_WIN
maze8,1,l1,105,1,10.0,I-NTMCP l=1,1.0,PURSUER_WIN
maze8,1,l1,105,1,3.0,I-NTMCP l=1,1.0,PURSUER_WIN
maze8,1,l1,105,0,10.0,I-NTMCP l=1,1.0,EVADER_REACHED_GOAL
maze8,1,l1,105,1,10.0,I-NTMCP l=1,1.0,PURSUER_WIN
maze8,1,l1,105,1,2.0,I-NTMCP l=1,1.0,PURSUER_WIN
maze8,1,l1,105,0,11.0,I-NTMCP l=1,1.0,EVADER_REACHED_GOAL
maze8,1,l1,105,1,8.0,I-NTMCP l=1,1.0,PURSUER_WIN
maze8,1,l1,105,1,3.0,I-NTMCP l=1,1.0,PURSUER_WIN
maze8,1,l1,105,1,8.0,I-NTMCP l=1,1.0,PURSUER_WIN
maze8,1,l1,105,1,4.0,I-NTMCP l=1,1.0,PURSUER_WIN
maze8,1,l1,105,1,3.0,I-NTMCP l=1,1.0,PURSUER_WIN
maze8,1,l1,105,0,13.0,I-NTMCP l=1,1.0,EVADER_REACHED_GOAL
maze8,1,l1,105,1,10.0,I-NTMCP l=1,1.0,PURSUER_WIN
maze8,1,l1,105,0,13.0,I-NTMCP l=1,1.0,EVADER_REACHED_GOAL
maze8,1,l1,105,1,10.0,I-NTMCP l=1,1.0,PURSUER_WIN
maze8,1,l1,105,1,8.0,I-NTMCP l=1,1.0,PURSUER_WIN
maze8,1,l1,105,1,8.0,I-NTMCP l=1,1.0,PURSUER_WIN
maze8,1,l1,105,1,3.0,I-NTMCP l=1,1.0,PURSUER_WIN
maze8,1,l1,105,0,11.0,I-NTMCP l=1,1.0,EVADER_REACHED_GOAL
maze8,1,l1,105,0,11.0,I-NTMCP l=1,1.0,EVADER_REACHED_GOAL
maze8,1,l1,105,1,2.0,I-NTMCP l=1,1.0,PURSUER_WIN
maze8,1,l1,105,1,8.0,I-NTMCP l=1,1.0,PURSUER_WIN
maze8,1,l1,105,0,10.0,I-NTMCP l=1,1.0,EVADER_REACHED_GOAL
maze8,1,l1,105,1,3.0,I-NTMCP l=1,1.0,PURSUER_WIN
maze8,1,l1,105,1,8.0,I-NTMCP l=1,1.0,PURSUER_WIN
maze8,1,l1,105,1,7.0,I-NTMCP l=1,1.0,PURSUER_WIN
maze8,1,l1,105,1,10.0,I-NTMCP l=1,1.0,PURSUER_WIN
maze8,1,l1,105,1,2.0,I-NTMCP l=1,1.0,PURSUER_WIN
maze8,1,l1,105,1,3.0,I-NTMCP l=1,1.0,PURSUER_WIN
maze8,1,l1,105,1,3.0,I-NTMCP l=1,1.0,PURSUER_WIN
maze8,1,l1,105,0,11.0,I-NTMCP l=1,1.0,EVADER_REACHED_GOAL
maze8,1,l1,105,1,2.0,I-NTMCP l=1,1.0,PURSUER_WIN
maze8,1,l1,105,0,10.0,I-NTMCP l=1,1.0,EVADER_REACHED_GOAL
maze8,1,l1,105,1,2.0,I-NTMCP l=1,1.0,PURSUER_WIN
maze8,1,l1,105,1,3.0,I-NTMCP l=1,1.0,PURSUER_WIN
maze8,1,l1,105,1,13.0,I-NTMCP l=1,1.0,PURSUER_WIN
maze8,1,l1,105,0,10.0,I-NTMCP l=1,1.0,EVADER_REACHED_GOAL
maze8,1,l1,105,1,8.0,I-NTMCP l=1,1.0,PURSUER_WIN
maze8,1,l1,105,0,11.0,I-NTMCP l=1,1.0,EVADER_REACHED_GOAL
maze8,1,l1,105,1,3.0,I-NTMCP l=1,1.0,PURSUER_WIN
maze8,1,l1,105,0,11.0,I-NTMCP l=1,1.0,EVADER_REACHED_GOAL
maze8,1,l1,105,1,3.0,I-NTMCP l=1,1.0,PURSUER_WIN
maze8,1,l1,106,0,11.0,I-NTMCP l=1,1.0,EVADER_REACHED_GOAL
maze8,1,l1,106,1,4.0,I-NTMCP l=1,1.0,PURSUER_WIN
maze8,1,l1,106,1,3.0,I-NTMCP l=1,1.0,PURSUER_WIN
maze8,1,l1,106,1,2.0,I-NTMCP l=1,1.0,PURSUER_WIN
maze8,1,l1,106,1,9.0,I-NTMCP l=1,1.0,PURSUER_WIN
maze8,1,l1,106,1,3.0,I-NTMCP l=1,1.0,PURSUER_WIN
maze8,1,l1,106,1,3.0,I-NTMCP l=1,1.0,PURSUER_WIN
maze8,1,l1,106,1,2.0,I-NTMCP l=1,1.0,PURSUER_WIN
maze8,1,l1,106,1,2.0,I-NTMCP l=1,1.0,PURSUER_WIN
maze8,1,l1,106,1,2.0,I-NTMCP l=1,1.0,PURSUER_WIN
maze8,1,l1,106,1,10.0,I-NTMCP l=1,1.0,PURSUER_WIN
maze8,1,l1,106,1,8.0,I-NTMCP l=1,1.0,PURSUER_WIN
maze8,1,l1,106,1,10.0,I-NTMCP l=1,1.0,PURSUER_WIN
maze8,1,l1,106,1,3.0,I-NTMCP l=1,1.0,PURSUER_WIN
maze8,1,l1,106,1,4.0,I-NTMCP l=1,1.0,PURSUER_WIN
maze8,1,l1,106,1,3.0,I-NTMCP l=1,1.0,PURSUER_WIN
maze8,1,l1,106,1,5.0,I-NTMCP l=1,1.0,PURSUER_WIN
maze8,1,l1,106,1,8.0,I-NTMCP l=1,1.0,PURSUER_WIN
maze8,1,l1,106,1,10.0,I-NTMCP l=1,1.0,PURSUER_WIN
maze8,1,l1,106,1,8.0,I-NTMCP l=1,1.0,PURSUER_WIN
maze8,1,l1,106,1,3.0,I-NTMCP l=1,1.0,PURSUER_WIN
maze8,1,l1,106,1,8.0,I-NTMCP l=1,1.0,PURSUER_WIN
maze8,1,l1,106,1,3.0,I-NTMCP l=1,1.0,PURSUER_WIN
maze8,1,l1,106,1,5.0,I-NTMCP l=1,1.0,PURSUER_WIN
maze8,1,l1,106,1,3.0,I-NTMCP l=1,1.0,PURSUER_WIN
maze8,1,l1,106,0,12.0,I-NTMCP l=1,1.0,EVADER_REACHED_GOAL
maze8,1,l1,106,1,9.0,I-NTMCP l=1,1.0,PURSUER_WIN
maze8,1,l1,106,0,11.0,I-NTMCP l=1,1.0,EVADER_REACHED_GOAL
maze8,1,l1,106,1,9.0,I-NTMCP l=1,1.0,PURSUER_WIN
maze8,1,l1,106,0,11.0,I-NTMCP l=1,1.0,EVADER_REACHED_GOAL
maze8,1,l1,106,0,11.0,I-NTMCP l=1,1.0,EVADER_REACHED_GOAL
maze8,1,l1,106,1,6.0,I-NTMCP l=1,1.0,PURSUER_WIN
maze8,1,l1,106,1,3.0,I-NTMCP l=1,1.0,PURSUER_WIN
maze8,1,l1,106,1,2.0,I-NTMCP l=1,1.0,PURSUER_WIN
maze8,1,l1,106,1,9.0,I-NTMCP l=1,1.0,PURSUER_WIN
maze8,1,l1,106,1,2.0,I-NTMCP l=1,1.0,PURSUER_WIN
maze8,1,l1,106,1,4.0,I-NTMCP l=1,1.0,PURSUER_WIN
maze8,1,l1,106,1,8.0,I-NTMCP l=1,1.0,PURSUER_WIN
maze8,1,l1,106,1,5.0,I-NTMCP l=1,1.0,PURSUER_WIN
maze8,1,l1,106,0,11.0,I-NTMCP l=1,1.0,EVADER_REACHED_GOAL
maze8,1,l1,106,1,4.0,I-NTMCP l=1,1.0,PURSUER_WIN
maze8,1,l1,106,0,11.0,I-NTMCP l=1,1.0,EVADER_REACHED_GOAL
maze8,1,l1,106,1,9.0,I-NTMCP l=1,1.0,PURSUER_WIN
maze8,1,l1,106,0,12.0,I-NTMCP l=1,1.0,EVADER_REACHED_GOAL
maze8,1,l1,106,0,12.0,I-NTMCP l=1,1.0,EVADER_REACHED_GOAL
maze8,1,l1,106,1,3.0,I-NTMCP l=1,1.0,PURSUER_WIN
maze8,1,l1,106,1,5.0,I-NTMCP l=1,1.0,PURSUER_WIN
maze8,1,l1,106,1,3.0,I-NTMCP l=1,1.0,PURSUER_WIN
maze8,1,l1,106,0,11.0,I-NTMCP l=1,1.0,EVADER_REACHED_GOAL
maze8,1,l1,106,1,3.0,I-NTMCP l=1,1.0,PURSUER_WIN
maze8,1,l1,107,0,11.0,I-NTMCP l=1,1.0,EVADER_REACHED_GOAL
maze8,1,l1,107,1,2.0,I-NTMCP l=1,1.0,PURSUER_WIN
maze8,1,l1,107,1,2.0,I-NTMCP l=1,1.0,PURSUER_WIN
maze8,1,l1,107,1,4.0,I-NTMCP l=1,1.0,PURSUER_WIN
maze8,1,l1,107,1,4.0,I-NTMCP l=1,1.0,PURSUER_WIN
maze8,1,l1,107,0,10.0,I-NTMCP l=1,1.0,EVADER_REACHED_GOAL
maze8,1,l1,107,1,3.0,I-NTMCP l=1,1.0,PURSUER_WIN
maze8,1,l1,107,1,2.0,I-NTMCP l=1,1.0,PURSUER_WIN
maze8,1,l1,107,0,9.0,I-NTMCP l=1,1.0,EVADER_REACHED_GOAL
maze8,1,l1,107,1,2.0,I-NTMCP l=1,1.0,PURSUER_WIN
maze8,1,l1,107,1,10.0,I-NTMCP l=1,1.0,PURSUER_WIN
maze8,1,l1,107,0,12.0,I-NTMCP l=1,1.0,EVADER_REACHED_GOAL
maze8,1,l1,107,0,12.0,I-NTMCP l=1,1.0,EVADER_REACHED_GOAL
maze8,1,l1,107,1,2.0,I-NTMCP l=1,1.0,PURSUER_WIN
maze8,1,l1,107,1,3.0,I-NTMCP l=1,1.0,PURSUER_WIN
maze8,1,l1,107,0,11.0,I-NTMCP l=1,1.0,EVADER_REACHED_GOAL
maze8,1,l1,107,0,9.0,I-NTMCP l=1,1.0,EVADER_REACHED_GOAL
maze8,1,l1,107,1,3.0,I-NTMCP l=1,1.0,PURSUER_WIN
maze8,1,l1,107,1,2.0,I-NTMCP l=1,1.0,PURSUER_WIN
maze8,1,l1,107,1,3.0,I-NTMCP l=1,1.0,PURSUER_WIN
maze8,1,l1,107,1,4.0,I-NTMCP l=1,1.0,PURSUER_WIN
maze8,1,l1,107,0,10.0,I-NTMCP l=1,1.0,EVADER_REACHED_GOAL
maze8,1,l1,107,1,2.0,I-NTMCP l=1,1.0,PURSUER_WIN
maze8,1,l1,107,1,4.0,I-NTMCP l=1,1.0,PURSUER_WIN
maze8,1,l1,107,1,3.0,I-NTMCP l=1,1.0,PURSUER_WIN
maze8,1,l1,107,1,14.0,I-NTMCP l=1,1.0,PURSUER_WIN
maze8,1,l1,107,1,2.0,I-NTMCP l=1,1.0,PURSUER_WIN
maze8,1,l1,107,1,3.0,I-NTMCP l=1,1.0,PURSUER_WIN
maze8,1,l1,107,1,3.0,I-NTMCP l=1,1.0,PURSUER_WIN
maze8,1,l1,107,0,11.0,I-NTMCP l=1,1.0,EVADER_REACHED_GOAL
maze8,1,l1,107,1,3.0,I-NTMCP l=1,1.0,PURSUER_WIN
maze8,1,l1,107,0,11.0,I-NTMCP l=1,1.0,EVADER_REACHED_GOAL
maze8,1,l1,107,0,13.0,I-NTMCP l=1,1.0,EVADER_REACHED_GOAL
maze8,1,l1,107,0,12.0,I-NTMCP l=1,1.0,EVADER_REACHED_GOAL
maze8,1,l1,107,1,2.0,I-NTMCP l=1,1.0,PURSUER_WIN
maze8,1,l1,107,1,8.0,I-NTMCP l=1,1.0,PURSUER_WIN
maze8,1,l1,107,1,11.0,I-NTMCP l=1,1.0,PURSUER_WIN
maze8,1,l1,107,1,3.0,I-NTMCP l=1,1.0,PURSUER_WIN
maze8,1,l1,107,1,10.0,I-NTMCP l=1,1.0,PURSUER_WIN
maze8,1,l1,107,1,3.0,I-NTMCP l=1,1.0,PURSUER_WIN
maze8,1,l1,107,1,3.0,I-NTMCP l=1,1.0,PURSUER_WIN
maze8,1,l1,107,1,3.0,I-NTMCP l=1,1.0,PURSUER_WIN
maze8,1,l1,107,1,12.0,I-NTMCP l=1,1.0,PURSUER_WIN
maze8,1,l1,107,0,11.0,I-NTMCP l=1,1.0,EVADER_REACHED_GOAL
maze8,1,l1,107,1,3.0,I-NTMCP l=1,1.0,PURSUER_WIN
maze8,1,l1,107,1,3.0,I-NTMCP l=1,1.0,PURSUER_WIN
maze8,1,l1,107,1,9.0,I-NTMCP l=1,1.0,PURSUER_WIN
maze8,1,l1,107,1,2.0,I-NTMCP l=1,1.0,PURSUER_WIN
maze8,1,l1,107,0,11.0,I-NTMCP l=1,1.0,EVADER_REACHED_GOAL
maze8,1,l1,107,1,12.0,I-NTMCP l=1,1.0,PURSUER_WIN
maze8,1,l1,108,1,3.0,I-NTMCP l=1,1.0,PURSUER_WIN
maze8,1,l1,108,1,9.0,I-NTMCP l=1,1.0,PURSUER_WIN
maze8,1,l1,108,1,2.0,I-NTMCP l=1,1.0,PURSUER_WIN
maze8,1,l1,108,0,12.0,I-NTMCP l=1,1.0,EVADER_REACHED_GOAL
maze8,1,l1,108,0,9.0,I-NTMCP l=1,1.0,EVADER_REACHED_GOAL
maze8,1,l1,108,0,13.0,I-NTMCP l=1,1.0,EVADER_REACHED_GOAL
maze8,1,l1,108,1,9.0,I-NTMCP l=1,1.0,PURSUER_WIN
maze8,1,l1,108,1,4.0,I-NTMCP l=1,1.0,PURSUER_WIN
maze8,1,l1,108,1,2.0,I-NTMCP l=1,1.0,PURSUER_WIN
maze8,1,l1,108,0,11.0,I-NTMCP l=1,1.0,EVADER_REACHED_GOAL
maze8,1,l1,108,0,11.0,I-NTMCP l=1,1.0,EVADER_REACHED_GOAL
maze8,1,l1,108,0,10.0,I-NTMCP l=1,1.0,EVADER_REACHED_GOAL
maze8,1,l1,108,1,4.0,I-NTMCP l=1,1.0,PURSUER_WIN
maze8,1,l1,108,0,10.0,I-NTMCP l=1,1.0,EVADER_REACHED_GOAL
maze8,1,l1,108,1,2.0,I-NTMCP l=1,1.0,PURSUER_WIN
maze8,1,l1,108,1,3.0,I-NTMCP l=1,1.0,PURSUER_WIN
maze8,1,l1,108,0,11.0,I-NTMCP l=1,1.0,EVADER_REACHED_GOAL
maze8,1,l1,108,0,13.0,I-NTMCP l=1,1.0,EVADER_REACHED_GOAL
maze8,1,l1,108,1,10.0,I-NTMCP l=1,1.0,PURSUER_WIN
maze8,1,l1,108,1,9.0,I-NTMCP l=1,1.0,PURSUER_WIN
maze8,1,l1,108,1,3.0,I-NTMCP l=1,1.0,PURSUER_WIN
maze8,1,l1,108,1,10.0,I-NTMCP l=1,1.0,PURSUER_WIN
maze8,1,l1,108,1,2.0,I-NTMCP l=1,1.0,PURSUER_WIN
maze8,1,l1,108,1,3.0,I-NTMCP l=1,1.0,PURSUER_WIN
maze8,1,l1,108,0,11.0,I-NTMCP l=1,1.0,EVADER_REACHED_GOAL
maze8,1,l1,108,0,20.0,I-NTMCP l=1,1.0,EVADER_REACHED_GOAL
maze8,1,l1,108,0,10.0,I-NTMCP l=1,1.0,EVADER_REACHED_GOAL
maze8,1,l1,108,0,11.0,I-NTMCP l=1,1.0,EVADER_REACHED_GOAL
maze8,1,l1,108,1,8.0,I-NTMCP l=1,1.0,PURSUER_WIN
maze8,1,l1,108,0,13.0,I-NTMCP l=1,1.0,EVADER_REACHED_GOAL
maze8,1,l1,108,1,11.0,I-NTMCP l=1,1.0,PURSUER_WIN
maze8,1,l1,108,1,3.0,I-NTMCP l=1,1.0,PURSUER_WIN
maze8,1,l1,108,1,3.0,I-NTMCP l=1,1.0,PURSUER_WIN
maze8,1,l1,108,0,12.0,I-NTMCP l=1,1.0,EVADER_REACHED_GOAL
maze8,1,l1,108,1,2.0,I-NTMCP l=1,1.0,PURSUER_WIN
maze8,1,l1,108,1,8.0,I-NTMCP l=1,1.0,PURSUER_WIN
maze8,1,l1,108,1,3.0,I-NTMCP l=1,1.0,PURSUER_WIN
maze8,1,l1,108,1,4.0,I-NTMCP l=1,1.0,PURSUER_WIN
maze8,1,l1,108,1,6.0,I-NTMCP l=1,1.0,PURSUER_WIN
maze8,1,l1,108,1,3.0,I-NTMCP l=1,1.0,PURSUER_WIN
maze8,1,l1,108,1,2.0,I-NTMCP l=1,1.0,PURSUER_WIN
maze8,1,l1,108,0,9.0,I-NTMCP l=1,1.0,EVADER_REACHED_GOAL
maze8,1,l1,108,1,3.0,I-NTMCP l=1,1.0,PURSUER_WIN
maze8,1,l1,108,1,3.0,I-NTMCP l=1,1.0,PURSUER_WIN
maze8,1,l1,108,1,8.0,I-NTMCP l=1,1.0,PURSUER_WIN
maze8,1,l1,108,1,8.0,I-NTMCP l=1,1.0,PURSUER_WIN
maze8,1,l1,108,1,3.0,I-NTMCP l=1,1.0,PURSUER_WIN
maze8,1,l1,108,0,10.0,I-NTMCP l=1,1.0,EVADER_REACHED_GOAL
maze8,1,l1,108,1,3.0,I-NTMCP l=1,1.0,PURSUER_WIN
maze8,1,l1,108,1,3.0,I-NTMCP l=1,1.0,PURSUER_WIN
maze8,1,l1,109,1,12.0,I-NTMCP l=1,1.0,PURSUER_WIN
maze8,1,l1,109,1,8.0,I-NTMCP l=1,1.0,PURSUER_WIN
maze8,1,l1,109,0,11.0,I-NTMCP l=1,1.0,EVADER_REACHED_GOAL
maze8,1,l1,109,1,3.0,I-NTMCP l=1,1.0,PURSUER_WIN
maze8,1,l1,109,1,3.0,I-NTMCP l=1,1.0,PURSUER_WIN
maze8,1,l1,109,1,3.0,I-NTMCP l=1,1.0,PURSUER_WIN
maze8,1,l1,109,0,12.0,I-NTMCP l=1,1.0,EVADER_REACHED_GOAL
maze8,1,l1,109,1,5.0,I-NTMCP l=1,1.0,PURSUER_WIN
maze8,1,l1,109,0,12.0,I-NTMCP l=1,1.0,EVADER_REACHED_GOAL
maze8,1,l1,109,0,11.0,I-NTMCP l=1,1.0,EVADER_REACHED_GOAL
maze8,1,l1,109,1,11.0,I-NTMCP l=1,1.0,PURSUER_WIN
maze8,1,l1,109,1,2.0,I-NTMCP l=1,1.0,PURSUER_WIN
maze8,1,l1,109,1,8.0,I-NTMCP l=1,1.0,PURSUER_WIN
maze8,1,l1,109,0,11.0,I-NTMCP l=1,1.0,EVADER_REACHED_GOAL
maze8,1,l1,109,0,12.0,I-NTMCP l=1,1.0,EVADER_REACHED_GOAL
maze8,1,l1,109,0,12.0,I-NTMCP l=1,1.0,EVADER_REACHED_GOAL
maze8,1,l1,109,0,12.0,I-NTMCP l=1,1.0,EVADER_REACHED_GOAL
maze8,1,l1,109,0,11.0,I-NTMCP l=1,1.0,EVADER_REACHED_GOAL
maze8,1,l1,109,1,3.0,I-NTMCP l=1,1.0,PURSUER_WIN
maze8,1,l1,109,1,6.0,I-NTMCP l=1,1.0,PURSUER_WIN
maze8,1,l1,109,0,11.0,I-NTMCP l=1,1.0,EVADER_REACHED_GOAL
maze8,1,l1,109,1,3.0,I-NTMCP l=1,1.0,PURSUER_WIN
maze8,1,l1,109,1,2.0,I-NTMCP l=1,1.0,PURSUER_WIN
maze8,1,l1,109,1,3.0,I-NTMCP l=1,1.0,PURSUER_WIN
maze8,1,l1,109,1,4.0,I-NTMCP l=1,1.0,PURSUER_WIN
maze8,1,l1,109,1,7.0,I-NTMCP l=1,1.0,PURSUER_WIN
maze8,1,l1,109,0,11.0,I-NTMCP l=1,1.0,EVADER_REACHED_GOAL
maze8,1,l1,109,1,2.0,I-NTMCP l=1,1.0,PURSUER_WIN
maze8,1,l1,109,0,12.0,I-NTMCP l=1,1.0,EVADER_REACHED_GOAL
maze8,1,l1,109,0,11.0,I-NTMCP l=1,1.0,EVADER_REACHED_GOAL
maze8,1,l1,109,0,10.0,I-NTMCP l=1,1.0,EVADER_REACHED_GOAL
maze8,1,l1,109,0,11.0,I-NTMCP l=1,1.0,EVADER_REACHED_GOAL
maze8,1,l1,109,1,8.0,I-NTMCP l=1,1.0,PURSUER_WIN
maze8,1,l1,109,1,8.0,I-NTMCP l=1,1.0,PURSUER_WIN
maze8,1,l1,109,1,2.0,I-NTMCP l=1,1.0,PURSUER_WIN
maze8,1,l1,109,1,3.0,I-NTMCP l=1,1.0,PURSUER_WIN
maze8,1,l1,109,1,8.0,I-NTMCP l=1,1.0,PURSUER_WIN
maze8,1,l1,109,1,9.0,I-NTMCP l=1,1.0,PURSUER_WIN
maze8,1,l1,109,1,11.0,I-NTMCP l=1,1.0,PURSUER_WIN
maze8,1,l1,109,1,3.0,I-NTMCP l=1,1.0,PURSUER_WIN
maze8,1,l1,109,0,14.0,I-NTMCP l=1,1.0,EVADER_REACHED_GOAL
maze8,1,l1,109,1,3.0,I-NTMCP l=1,1.0,PURSUER_WIN
maze8,1,l1,109,1,9.0,I-NTMCP l=1,1.0,PURSUER_WIN
maze8,1,l1,109,1,10.0,I-NTMCP l=1,1.0,PURSUER_WIN
maze8,1,l1,109,1,3.0,I-NTMCP l=1,1.0,PURSUER_WIN
maze8,1,l1,109,1,2.0,I-NTMCP l=1,1.0,PURSUER_WIN
maze8,1,l1,109,1,2.0,I-NTMCP l=1,1.0,PURSUER_WIN
maze8,1,l1,109,1,2.0,I-NTMCP l=1,1.0,PURSUER_WIN
maze8,1,l1,109,1,3.0,I-NTMCP l=1,1.0,PURSUER_WIN
maze8,1,l1,109,1,15.0,I-NTMCP l=1,1.0,PURSUER_WIN
maze8,1,mixed,100,1,3.0,shortest path,,PURSUER_WIN
maze8,1,mixed,100,1,3.0,I-NTMCP l=1,1.0,PURSUER_WIN
maze8,1,mixed,100,0,10.0,I-NTMCP l=1,1.0,EVADER_REACHED_GOAL
maze8,1,mixed,100,1,10.0,shortest path,,PURSUER_WIN
maze8,1,mixed,100,1,3.0,I-NTMCP l=1,1.0,PURSUER_WIN
maze8,1,mixed,100,1,10.0,I-NTMCP l=0,0.0,PURSUER_WIN
maze8,1,mixed,100,0,9.0,I-NTMCP l=1,1.0,EVADER_REACHED_GOAL
maze8,1,mixed,100,1,3.0,random,,PURSUER_WIN
maze8,1,mixed,100,1,27.0,random,,PURSUER_WIN
maze8,1,mixed,100,1,30.0,random,,PURSUER_WIN
maze8,1,mixed,100,0,10.0,I-NTMCP l=1,1.0,EVADER_REACHED_GOAL
maze8,1,mixed,100,1,9.0,I-NTMCP l=0,0.0,PURSUER_WIN
maze8,1,mixed,100,1,4.0,random,,PURSUER_WIN
maze8,1,mixed,100,1,8.0,shortest path,,PURSUER_WIN
maze8,1,mixed,100,1,3.0,I-NTMCP l=0,0.0,PURSUER_WIN
maze8,1,mixed,100,1,3.0,shortest path,,PURSUER_WIN
maze8,1,mixed,100,1,3.0,I-NTMCP l=0,0.0,PURSUER_WIN
maze8,1,mixed,100,1,15.0,shortest path,,PURSUER_WIN
maze8,1,mixed,100,1,3.0,shortest path,,PURSUER_WIN
maze8,1,mixed,100,1,18.0,shortest path,,PURSUER_WIN
maze8,1,mixed,100,0,9.0,shortest path,,EVADER_REACHED_GOAL
maze8,1,mixed,100,1,5.0,I-NTMCP l=0,0.0,PURSUER_WIN
maze8,1,mixed,100,1,4.0,I-NTMCP l=0,0.0,PURSUER_WIN
maze8,1,mixed,100,1,3.0,I-NTMCP l=1,1.0,PURSUER_WIN
maze8,1,mixed,100,1,8.0,shortest path,,PURSUER_WIN
maze8,1,mixed,100,1,4.0,I-NTMCP l=1,1.0,PURSUER_WIN
maze8,1,mixed,100,1,2.0,I-NTMCP l=1,1.0,PURSUER_WIN
maze8,1,mixed,100,1,3.0,I-NTMCP l=0,0.0,PURSUER_WIN
maze8,1,mixed,100,1,11.0,I-NTMCP l=1,1.0,PURSUER_WIN
maze8,1,mixed,100,1,4.0,shortest path,,PURSUER_WIN
maze8,1,mixed,100,1,2.0,random,,PURSUER_WIN
maze8,1,mixed,100,0,15.0,shortest path,,EVADER_REACHED_GOAL
maze8,1,mixed,100,1,3.0,random,,PURSUER_WIN
maze8,1,mixed,100,1,2.0,I-NTMCP l=1,1.0,PURSUER_WIN
maze8,1,mixed,100,1,3.0,shortest path,,PURSUER_WIN
maze8,1,mixed,100,1,3.0,shortest path,,PURSUER_WIN
maze8,1,mixed,100,1,3.0,shortest path,,PURSUER_WIN
maze8,1,mixed,100,1,3.0,shortest path,,PURSUER_WIN
maze8,1,mixed,100,1,10.0,random,,PURSUER_WIN
maze8,1,mixed,100,1,7.0,shortest path,,PURSUER_WIN
maze8,1,mixed,100,0,10.0,I-NTMCP l=1,1.0,EVADER_REACHED_GOAL
maze8,1,mixed,100,1,10.0,I-NTMCP l=1,1.0,PURSUER_WIN
maze8,1,mixed,100,1,3.0,shortest path,,PURSUER_WIN
maze8,1,mixed,100,1,2.0,random,,PURSUER_WIN
maze8,1,mixed,100,0,11.0,shortest path,,EVADER_REACHED_GOAL
maze8,1,mixed,100,1,3.0,I-NTMCP l=0,0.0,PURSUER_WIN
maze8,1,mixed,100,1,3.0,I-NTMCP l=0,0.0,PURSUER_WIN
maze8,1,mixed,100,1,12.0,I-NTMCP l=0,0.0,PURSUER_WIN
maze8,1,mixed,100,0,12.0,I-NTMCP l=0,0.0,EVADER_REACHED_GOAL
maze8,1,mixed,100,1,10.0,I-NTMCP l=1,1.0,PURSUER_WIN
maze8,1,mixed,101,1,2.0,shortest path,,PURSUER_WIN
maze8,1,mixed,101,0,9.0,I-NTMCP l=0,0.0,EVADER_REACHED_GOAL
maze8,1,mixed,101,1,8.0,I-NTMCP l=1,1.0,PURSUER_WIN
maze8,1,mixed,101,1,11.0,random,,PURSUER_WIN
maze8,1,mixed,101,1,6.0,shortest path,,PURSUER_WIN
maze8,1,mixed,101,1,3.0,shortest path,,PURSUER_WIN
maze8,1,mixed,101,1,3.0,I-NTMCP l=0,0.0,PURSUER_WIN
maze8,1,mixed,101,0,10.0,I-NTMCP l=1,1.0,EVADER_REACHED_GOAL
maze8,1,mixed,101,1,2.0,shortest path,,PURSUER_WIN
maze8,1,mixed,101,1,8.0,I-NTMCP l=0,0.0,PURSUER_WIN
maze8,1,mixed,101,1,2.0,I-NTMCP l=1,1.0,PURSUER_WIN
maze8,1,mixed,101,1,3.0,random,,PURSUER_WIN
maze8,1,mixed,101,0,11.0,I-NTMCP l=0,0.0,EVADER_REACHED_GOAL
maze8,1,mixed,101,1,5.0,shortest path,,PURSUER_WIN
maze8,1,mixed,101,1,1.0,shortest path,,PURSUER_WIN
maze8,1,mixed,101,1,3.0,random,,PURSUER_WIN
maze8,1,mixed,101,1,3.0,I-NTMCP l=1,1.0,PURSUER_WIN
maze8,1,mixed,101,1,3.0,I-NTMCP l=0,0.0,PURSUER_WIN
maze8,1,mixed,101,1,8.0,shortest path,,PURSUER_WIN
maze8,1,mixed,101,0,11.0,I-NTMCP l=1,1.0,EVADER_REACHED_GOAL
maze8,1,mixed,101,1,9.0,I-NTMCP l=0,0.0,PURSUER_WIN
maze8,1,mixed,101,0,10.0,shortest path,,EVADER_REACHED_GOAL
maze8,1,mixed,101,0,11.0,I-NTMCP l=1,1.0,EVADER_REACHED_GOAL
maze8,1,mixed,101,0,12.0,I-NTMCP l=1,1.0,EVADER_REACHED_GOAL
maze8,1,mixed,101,1,3.0,shortest path,,PURSUER_WIN
maze8,1,mixed,101,1,40.0,random,,PURSUER_WIN
maze8,1,mixed,101,0,9.0,I-NTMCP l=1,1.0,EVADER_REACHED_GOAL
maze8,1,mixed,101,1,3.0,I-NTMCP l=1,1.0,PURSUER_WIN
maze8,1,mixed,101,1,8.0,I-NTMCP l=0,0.0,PURSUER_WIN
maze8,1,mixed,101,1,8.0,shortest path,,PURSUER_WIN
maze8,1,mixed,101,0,40.0,random,,OTHER_LOSS_OR_TIMEOUT
maze8,1,mixed,101,0,12.0,I-NTMCP l=0,0.0,EVADER_REACHED_GOAL
maze8,1,mixed,101,1,4.0,I-NTMCP l=0,0.0,PURSUER_WIN
maze8,1,mixed,101,1,3.0,I-NTMCP l=1,1.0,PURSUER_WIN
maze8,1,mixed,101,0,10.0,I-NTMCP l=1,1.0,EVADER_REACHED_GOAL
maze8,1,mixed,101,1,10.0,shortest path,,PURSUER_WIN
maze8,1,mixed,101,0,11.0,I-NTMCP l=1,1.0,EVADER_REACHED_GOAL
maze8,1,mixed,101,1,30.0,random,,PURSUER_WIN
maze8,1,mixed,101,0,11.0,I-NTMCP l=1,1.0,EVADER_REACHED_GOAL
maze8,1,mixed,101,0,13.0,I-NTMCP l=1,1.0,EVADER_REACHED_GOAL
maze8,1,mixed,101,1,3.0,random,,PURSUER_WIN
maze8,1,mixed,101,0,11.0,I-NTMCP l=1,1.0,EVADER_REACHED_GOAL
maze8,1,mixed,101,1,2.0,shortest path,,PURSUER_WIN
maze8,1,mixed,101,1,5.0,random,,PURSUER_WIN
maze8,1,mixed,101,0,14.0,I-NTMCP l=0,0.0,EVADER_REACHED_GOAL
maze8,1,mixed,101,1,14.0,random,,PURSUER_WIN
maze8,1,mixed,101,1,8.0,I-NTMCP l=0,0.0,PURSUER_WIN
maze8,1,mixed,101,1,10.0,I-NTMCP l=0,0.0,PURSUER_WIN
maze8,1,mixed,101,0,40.0,random,,OTHER_LOSS_OR_TIMEOUT
maze8,1,mixed,101,0,9.0,I-NTMCP l=0,0.0,EVADER_REACHED_GOAL
maze8,1,mixed,102,1,3.0,shortest path,,PURSUER_WIN
maze8,1,mixed,102,1,9.0,I-NTMCP l=0,0.0,PURSUER_WIN
maze8,1,mixed,102,1,8.0,shortest path,,PURSUER_WIN
maze8,1,mixed,102,1,4.0,shortest path,,PURSUER_WIN
maze8,1,mixed,102,0,11.0,I-NTMCP l=1,1.0,EVADER_REACHED_GOAL
maze8,1,mixed,102,1,3.0,I-NTMCP l=0,0.0,PURSUER_WIN
maze8,1,mixed,102,0,11.0,I-NTMCP l=1,1.0,EVADER_REACHED_GOAL
maze8,1,mixed,102,1,26.0,random,,PURSUER_WIN
maze8,1,mixed,102,1,3.0,shortest path,,PURSUER_WIN
maze8,1,mixed,102,1,2.0,I-NTMCP l=1,1.0,PURSUER_WIN
maze8,1,mixed,102,0,10.0,I-NTMCP l=1,1.0,EVADER_REACHED_GOAL
maze8,1,mixed,102,0,11.0,shortest path,,EVADER_REACHED_GOAL
maze8,1,mixed,102,1,2.0,shortest path,,PURSUER_WIN
maze8,1,mixed,102,1,14.0,random,,PURSUER_WIN
maze8,1,mixed,102,1,6.0,random,,PURSUER_WIN
maze8,1,mixed,102,1,16.0,shortest path,,PURSUER_WIN
maze8,1,mixed,102,0,11.0,I-NTMCP l=1,1.0,EVADER_REACHED_GOAL
maze8,1,mixed,102,0,12.0,shortest path,,EVADER_REACHED_GOAL
maze8,1,mixed,102,1,8.0,shortest path,,PURSUER_WIN
maze8,1,mixed,102,1,3.0,I-NTMCP l=1,1.0,PURSUER_WIN
maze8,1,mixed,102,1,9.0,I-NTMCP l=1,1.0,PURSUER_WIN
maze8,1,mixed,102,0,22.0,I-NTMCP l=1,1.0,EVADER_REACHED_GOAL
maze8,1,mixed,102,1,21.0,random,,PURSUER_WIN
maze8,1,mixed,102,1,3.0,shortest path,,PURSUER_WIN
maze8,1,mixed,102,1,15.0,random,,PURSUER_WIN
maze8,1,mixed,102,0,10.0,I-NTMCP l=0,0.0,EVADER_REACHED_GOAL
maze8,1,mixed,102,0,12.0,I-NTMCP l=1,1.0,EVADER_REACHED_GOAL
maze8,1,mixed,102,1,6.0,shortest path,,PURSUER_WIN
maze8,1,mixed,102,1,3.0,I-NTMCP l=1,1.0,PURSUER_WIN
maze8,1,mixed,102,1,2.0,I-NTMCP l=1,1.0,PURSUER_WIN
maze8,1,mixed,102,1,11.0,I-NTMCP l=1,1.0,PURSUER_WIN
maze8,1,mixed,102,1,10.0,shortest path,,PURSUER_WIN
maze8,1,mixed,102,1,3.0,shortest path,,PURSUER_WIN
maze8,1,mixed,102,1,3.0,I-NTMCP l=0,0.0,PURSUER_WIN
maze8,1,mixed,102,1,3.0,shortest path,,PURSUER_WIN
maze8,1,mixed,102,1,32.0,random,,PURSUER_WIN
maze8,1,mixed,102,1,3.0,shortest path,,PURSUER_WIN
maze8,1,mixed,102,1,8.0,I-NTMCP l=0,0.0,PURSUER_WIN
maze8,1,mixed,102,1,10.0,I-NTMCP l=1,1.0,PURSUER_WIN
maze8,1,mixed,102,0,12.0,shortest path,,EVADER_REACHED_GOAL
maze8,1,mixed,102,1,2.0,I-NTMCP l=1,1.0,PURSUER_WIN
maze8,1,mixed,102,0,11.0,I-NTMCP l=0,0.0,EVADER_REACHED_GOAL
maze8,1,mixed,102,1,4.0,I-NTMCP l=0,0.0,PURSUER_WIN
maze8,1,mixed,102,1,4.0,I-NTMCP l=1,1.0,PURSUER_WIN
maze8,1,mixed,102,0,12.0,I-NTMCP l=1,1.0,EVADER_REACHED_GOAL
maze8,1,mixed,102,1,4.0,shortest path,,PURSUER_WIN
maze8,1,mixed,102,1,3.0,I-NTMCP l=1,1.0,PURSUER_WIN
maze8,1,mixed,102,0,15.0,shortest path,,EVADER_REACHED_GOAL
maze8,1,mixed,102,0,19.0,shortest path,,EVADER_REACHED_GOAL
maze8,1,mixed,102,1,15.0,shortest path,,PURSUER_WIN
maze8,1,mixed,103,1,8.0,I-NTMCP l=1,1.0,PURSUER_WIN
maze8,1,mixed,103,1,3.0,shortest path,,PURSUER_WIN
maze8,1,mixed,103,1,2.0,random,,PURSUER_WIN
maze8,1,mixed,103,1,8.0,random,,PURSUER_WIN
maze8,1,mixed,103,0,11.0,I-NTMCP l=1,1.0,EVADER_REACHED_GOAL
maze8,1,mixed,103,1,10.0,I-NTMCP l=1,1.0,PURSUER_WIN
maze8,1,mixed,103,1,2.0,I-NTMCP l=0,0.0,PURSUER_WIN
maze8,1,mixed,103,1,1.0,random,,PURSUER_WIN
maze8,1,mixed,103,0,12.0,I-NTMCP l=1,1.0,EVADER_REACHED_GOAL
maze8,1,mixed,103,0,40.0,random,,OTHER_LOSS_OR_TIMEOUT
maze8,1,mixed,103,0,14.0,shortest path,,EVADER_REACHED_GOAL
maze8,1,mixed,103,0,17.0,shortest path,,EVADER_REACHED_GOAL
maze8,1,mixed,103,0,40.0,random,,OTHER_LOSS_OR_TIMEOUT
maze8,1,mixed,103,1,9.0,random,,PURSUER_WIN
maze8,1,mixed,103,1,5.0,shortest path,,PURSUER_WIN
maze8,1,mixed,103,1,3.0,random,,PURSUER_WIN
maze8,1,mixed,103,1,9.0,shortest path,,PURSUER_WIN
maze8,1,mixed,103,0,10.0,I-NTMCP l=0,0.0,EVADER_REACHED_GOAL
maze8,1,mixed,103,1,1.0,shortest path,,PURSUER_WIN
maze8,1,mixed,103,1,3.0,I-NTMCP l=1,1.0,PURSUER_WIN
maze8,1,mixed,103,1,5.0,I-NTMCP l=1,1.0,PURSUER_WIN
maze8,1,mixed,103,1,19.0,shortest path,,PURSUER_WIN
maze8,1,mixed,103,0,11.0,shortest path,,EVADER_REACHED_GOAL
maze8,1,mixed,103,1,9.0,random,,PURSUER_WIN
maze8,1,mixed,103,1,3.0,I-NTMCP l=0,0.0,PURSUER_WIN
maze8,1,mixed,103,0,10.0,shortest path,,EVADER_REACHED_GOAL
maze8,1,mixed,103,1,4.0,shortest path,,PURSUER_WIN
maze8,1,mixed,103,0,11.0,I-NTMCP l=1,1.0,EVADER_REACHED_GOAL
maze8,1,mixed,103,1,3.0,I-NTMCP l=0,0.0,PURSUER_WIN
maze8,1,mixed,103,1,3.0,I-NTMCP l=0,0.0,PURSUER_WIN
maze8,1,mixed,103,1,9.0,shortest path,,PURSUER_WIN
maze8,1,mixed,103,1,8.0,I-NTMCP l=1,1.0,PURSUER_WIN
maze8,1,mixed,103,1,7.0,shortest path,,PURSUER_WIN
maze8,1,mixed,103,1,3.0,I-NTMCP l=0,0.0,PURSUER_WIN
maze8,1,mixed,103,1,8.0,random,,PURSUER_WIN
maze8,1,mixed,103,1,3.0,I-NTMCP l=1,1.0,PURSUER_WIN
maze8,1,mixed,103,1,5.0,shortest path,,PURSUER_WIN
maze8,1,mixed,103,1,4.0,shortest path,,PURSUER_WIN
maze8,1,mixed,103,1,4.0,I-NTMCP l=1,1.0,PURSUER_WIN
maze8,1,mixed,103,1,3.0,I-NTMCP l=0,0.0,PURSUER_WIN
maze8,1,mixed,103,1,3.0,random,,PURSUER_WIN
maze8,1,mixed,103,1,11.0,I-NTMCP l=1,1.0,PURSUER_WIN
maze8,1,mixed,103,1,6.0,I-NTMCP l=0,0.0,PURSUER_WIN
maze8,1,mixed,103,1,11.0,random,,PURSUER_WIN
maze8,1,mixed,103,1,21.0,random,,PURSUER_WIN
maze8,1,mixed,103,0,9.0,I-NTMCP l=0,0.0,EVADER_REACHED_GOAL
maze8,1,mixed,103,1,3.0,I-NTMCP l=1,1.0,PURSUER_WIN
maze8,1,mixed,103,1,1.0,random,,PURSUER_WIN
maze8,1,mixed,103,1,12.0,random,,PURSUER_WIN
maze8,1,mixed,103,0,10.0,I-NTMCP l=1,1.0,EVADER_REACHED_GOAL
maze8,1,mixed,104,1,9.0,random,,PURSUER_WIN
maze8,1,mixed,104,1,7.0,shortest path,,PURSUER_WIN
maze8,1,mixed,104,0,10.0,shortest path,,EVADER_REACHED_GOAL
maze8,1,mixed,104,0,9.0,I-NTMCP l=1,1.0,EVADER_REACHED_GOAL
maze8,1,mixed,104,1,3.0,I-NTMCP l=0,0.0,PURSUER_WIN
maze8,1,mixed,104,1,4.0,random,,PURSUER_WIN
maze8,1,mixed,104,1,5.0,shortest path,,PURSUER_WIN
maze8,1,mixed,104,1,2.0,random,,PURSUER_WIN
maze8,1,mixed,104,0,11.0,shortest path,,EVADER_REACHED_GOAL
maze8,1,mixed,104,1,19.0,random,,PURSUER_WIN
maze8,1,mixed,104,1,8.0,shortest path,,PURSUER_WIN
maze8,1,mixed,104,1,26.0,random,,PURSUER_WIN
maze8,1,mixed,104,1,24.0,random,,PURSUER_WIN
maze8,1,mixed,104,1,3.0,I-NTMCP l=0,0.0,PURSUER_WIN
maze8,1,mixed,104,1,10.0,I-NTMCP l=0,0.0,PURSUER_WIN
maze8,1,mixed,104,1,29.0,random,,PURSUER_WIN
maze8,1,mixed,104,1,4.0,shortest path,,PURSUER_WIN
maze8,1,mixed,104,0,13.0,I-NTMCP l=0,0.0,EVADER_REACHED_GOAL
maze8,1,mixed,104,1,5.0,I-NTMCP l=1,1.0,PURSUER_WIN
maze8,1,mixed,104,0,10.0,I-NTMCP l=0,0.0,EVADER_REACHED_GOAL
maze8,1,mixed,104,1,3.0,shortest path,,PURSUER_WIN
maze8,1,mixed,104,1,3.0,I-NTMCP l=0,0.0,PURSUER_WIN
maze8,1,mixed,104,1,3.0,I-NTMCP l=1,1.0,PURSUER_WIN
maze8,1,mixed,104,0,40.0,random,,OTHER_LOSS_OR_TIMEOUT
maze8,1,mixed,104,1,2.0,I-NTMCP l=1,1.0,PURSUER_WIN
maze8,1,mixed,104,0,11.0,I-NTMCP l=1,1.0,EVADER_REACHED_GOAL
maze8,1,mixed,104,1,3.0,shortest path,,PURSUER_WIN
maze8,1,mixed,104,1,3.0,I-NTMCP l=0,0.0,PURSUER_WIN
maze8,1,mixed,104,0,16.0,shortest path,,EVADER_REACHED_GOAL
maze8,1,mixed,104,1,29.0,random,,PURSUER_WIN
maze8,1,mixed,104,1,20.0,random,,PURSUER_WIN
maze8,1,mixed,104,1,17.0,random,,PURSUER_WIN
maze8,1,mixed,104,1,4.0,random,,PURSUER_WIN
maze8,1,mixed,104,1,12.0,shortest path,,PURSUER_WIN
maze8,1,mixed,104,0,13.0,I-NTMCP l=0,0.0,EVADER_REACHED_GOAL
maze8,1,mixed,104,1,10.0,I-NTMCP l=1,1.0,PURSUER_WIN
maze8,1,mixed,104,0,12.0,I-NTMCP l=0,0.0,EVADER_REACHED_GOAL
maze8,1,mixed,104,1,8.0,random,,PURSUER_WIN
maze8,1,mixed,104,1,9.0,I-NTMCP l=0,0.0,PURSUER_WIN
maze8,1,mixed,104,1,2.0,shortest path,,PURSUER_WIN
maze8,1,mixed,104,1,27.0,random,,PURSUER_WIN
maze8,1,mixed,104,1,3.0,random,,PURSUER_WIN
maze8,1,mixed,104,1,3.0,I-NTMCP l=1,1.0,PURSUER_WIN
maze8,1,mixed,104,1,3.0,I-NTMCP l=1,1.0,PURSUER_WIN
maze8,1,mixed,104,0,15.0,shortest path,,EVADER_REACHED_GOAL
maze8,1,mixed,104,0,19.0,shortest path,,EVADER_REACHED_GOAL
maze8,1,mixed,104,0,25.0,shortest path,,EVADER_REACHED_GOAL
maze8,1,mixed,104,1,8.0,shortest path,,PURSUER_WIN
maze8,1,mixed,104,1,9.0,shortest path,,PURSUER_WIN
maze8,1,mixed,104,1,21.0,random,,PURSUER_WIN
maze8,1,mixed,105,1,8.0,I-NTMCP l=0,0.0,PURSUER_WIN
maze8,1,mixed,105,1,5.0,random,,PURSUER_WIN
maze8,1,mixed,105,1,14.0,random,,PURSUER_WIN
maze8,1,mixed,105,1,10.0,I-NTMCP l=0,0.0,PURSUER_WIN
maze8,1,mixed,105,1,11.0,I-NTMCP l=0,0.0,PURSUER_WIN
maze8,1,mixed,105,0,9.0,I-NTMCP l=0,0.0,EVADER_REACHED_GOAL
maze8,1,mixed,105,1,4.0,shortest path,,PURSUER_WIN
maze8,1,mixed,105,0,12.0,I-NTMCP l=0,0.0,EVADER_REACHED_GOAL
maze8,1,mixed,105,1,3.0,shortest path,,PURSUER_WIN
maze8,1,mixed,105,1,10.0,shortest path,,PURSUER_WIN
maze8,1,mixed,105,1,9.0,random,,PURSUER_WIN
maze8,1,mixed,105,1,8.0,I-NTMCP l=1,1.0,PURSUER_WIN
maze8,1,mixed,105,1,3.0,I-NTMCP l=0,0.0,PURSUER_WIN
maze8,1,mixed,105,1,3.0,shortest path,,PURSUER_WIN
maze8,1,mixed,105,1,3.0,I-NTMCP l=1,1.0,PURSUER_WIN
maze8,1,mixed,105,1,4.0,I-NTMCP l=1,1.0,PURSUER_WIN
maze8,1,mixed,105,1,4.0,I-NTMCP l=1,1.0,PURSUER_WIN
maze8,1,mixed,105,1,3.0,I-NTMCP l=1,1.0,PURSUER_WIN
maze8,1,mixed,105,1,9.0,shortest path,,PURSUER_WIN
maze8,1,mixed,105,1,3.0,shortest path,,PURSUER_WIN
maze8,1,mixed,105,1,2.0,I-NTMCP l=0,0.0,PURSUER_WIN
maze8,1,mixed,105,1,2.0,I-NTMCP l=0,0.0,PURSUER_WIN
maze8,1,mixed,105,1,24.0,random,,PURSUER_WIN
maze8,1,mixed,105,1,10.0,I-NTMCP l=0,0.0,PURSUER_WIN
maze8,1,mixed,105,1,3.0,random,,PURSUER_WIN
maze8,1,mixed,105,1,3.0,I-NTMCP l=0,0.0,PURSUER_WIN
maze8,1,mixed,105,1,9.0,shortest path,,PURSUER_WIN
maze8,1,mixed,105,1,2.0,I-NTMCP l=1,1.0,PURSUER_WIN
maze8,1,mixed,105,1,3.0,I-NTMCP l=1,1.0,PURSUER_WIN
maze8,1,mixed,105,1,3.0,I-NTMCP l=1,1.0,PURSUER_WIN
maze8,1,mixed,105,1,4.0,I-NTMCP l=0,0.0,PURSUER_WIN
maze8,1,mixed,105,1,9.0,random,,PURSUER_WIN
maze8,1,mixed,105,1,3.0,I-NTMCP l=1,1.0,PURSUER_WIN
maze8,1,mixed,105,1,3.0,I-NTMCP l=0,0.0,PURSUER_WIN
maze8,1,mixed,105,1,3.0,I-NTMCP l=0,0.0,PURSUER_WIN
maze8,1,mixed,105,0,12.0,I-NTMCP l=0,0.0,EVADER_REACHED_GOAL
maze8,1,mixed,105,1,11.0,shortest path,,PURSUER_WIN
maze8,1,mixed,105,1,2.0,random,,PURSUER_WIN
maze8,1,mixed,105,1,3.0,I-NTMCP l=1,1.0,PURSUER_WIN
maze8,1,mixed,105,1,8.0,I-NTMCP l=1,1.0,PURSUER_WIN
maze8,1,mixed,105,0,11.0,I-NTMCP l=0,0.0,EVADER_REACHED_GOAL
maze8,1,mixed,105,1,4.0,random,,PURSUER_WIN
maze8,1,mixed,105,1,18.0,shortest path,,PURSUER_WIN
maze8,1,mixed,105,1,4.0,shortest path,,PURSUER_WIN
maze8,1,mixed,105,1,9.0,random,,PURSUER_WIN
maze8,1,mixed,105,0,11.0,shortest path,,EVADER_REACHED_GOAL
maze8,1,mixed,105,1,4.0,I-NTMCP l=0,0.0,PURSUER_WIN
maze8,1,mixed,105,1,6.0,I-NTMCP l=1,1.0,PURSUER_WIN
maze8,1,mixed,105,1,3.0,I-NTMCP l=1,1.0,PURSUER_WIN
maze8,1,mixed,105,1,3.0,shortest path,,PURSUER_WIN
maze8,1,mixed,106,0,11.0,I-NTMCP l=1,1.0,EVADER_REACHED_GOAL
maze8,1,mixed,106,1,5.0,random,,PURSUER_WIN
maze8,1,mixed,106,1,8.0,I-NTMCP l=1,1.0,PURSUER_WIN
maze8,1,mixed,106,1,13.0,random,,PURSUER_WIN
maze8,1,mixed,106,0,11.0,I-NTMCP l=0,0.0,EVADER_REACHED_GOAL
maze8,1,mixed,106,1,27.0,random,,PURSUER_WIN
maze8,1,mixed,106,1,10.0,shortest path,,PURSUER_WIN
maze8,1,mixed,106,1,3.0,I-NTMCP l=1,1.0,PURSUER_WIN
maze8,1,mixed,106,1,3.0,I-NTMCP l=0,0.0,PURSUER_WIN
maze8,1,mixed,106,1,3.0,I-NTMCP l=1,1.0,PURSUER_WIN
maze8,1,mixed,106,1,8.0,I-NTMCP l=1,1.0,PURSUER_WIN
maze8,1,mixed,106,1,3.0,I-NTMCP l=0,0.0,PURSUER_WIN
maze8,1,mixed,106,1,2.0,shortest path,,PURSUER_WIN
maze8,1,mixed,106,0,10.0,I-NTMCP l=1,1.0,EVADER_REACHED_GOAL
maze8,1,mixed,106,1,8.0,I-NTMCP l=0,0.0,PURSUER_WIN
maze8,1,mixed,106,1,3.0,I-NTMCP l=1,1.0,PURSUER_WIN
maze8,1,mixed,106,1,3.0,shortest path,,PURSUER_WIN
maze8,1,mixed,106,1,6.0,shortest path,,PURSUER_WIN
maze8,1,mixed,106,1,11.0,I-NTMCP l=0,0.0,PURSUER_WIN
maze8,1,mixed,106,0,9.0,I-NTMCP l=0,0.0,EVADER_REACHED_GOAL
maze8,1,mixed,106,0,12.0,I-NTMCP l=1,1.0,EVADER_REACHED_GOAL
maze8,1,mixed,106,1,4.0,I-NTMCP l=0,0.0,PURSUER_WIN
maze8,1,mixed,106,1,36.0,random,,PURSUER_WIN
maze8,1,mixed,106,1,12.0,I-NTMCP l=0,0.0,PURSUER_WIN
maze8,1,mixed,106,1,8.0,I-NTMCP l=0,0.0,PURSUER_WIN
maze8,1,mixed,106,1,9.0,I-NTMCP l=0,0.0,PURSUER_WIN
maze8,1,mixed,106,1,5.0,shortest path,,PURSUER_WIN
maze8,1,mixed,106,1,5.0,shortest path,,PURSUER_WIN
maze8,1,mixed,106,0,11.0,I-NTMCP l=1,1.0,EVADER_REACHED_GOAL
maze8,1,mixed,106,1,22.0,random,,PURSUER_WIN
maze8,1,mixed,106,1,10.0,random,,PURSUER_WIN
maze8,1,mixed,106,1,15.0,random,,PURSUER_WIN
maze8,1,mixed,106,1,1.0,I-NTMCP l=0,0.0,PURSUER_WIN
maze8,1,mixed,106,1,15.0,random,,PURSUER_WIN
maze8,1,mixed,106,1,2.0,shortest path,,PURSUER_WIN
maze8,1,mixed,106,1,8.0,I-NTMCP l=0,0.0,PURSUER_WIN
maze8,1,mixed,106,1,8.0,I-NTMCP l=1,1.0,PURSUER_WIN
maze8,1,mixed,106,1,2.0,I-NTMCP l=0,0.0,PURSUER_WIN
maze8,1,mixed,106,1,3.0,I-NTMCP l=0,0.0,PURSUER_WIN
maze8,1,mixed,106,0,11.0,I-NTMCP l=1,1.0,EVADER_REACHED_GOAL
maze8,1,mixed,106,1,3.0,I-NTMCP l=1,1.0,PURSUER_WIN
maze8,1,mixed,106,1,3.0,I-NTMCP l=1,1.0,PURSUER_WIN
maze8,1,mixed,106,1,10.0,shortest path,,PURSUER_WIN
maze8,1,mixed,106,1,8.0,shortest path,,PURSUER_WIN
maze8,1,mixed,106,1,10.0,shortest path,,PURSUER_WIN
maze8,1,mixed,106,1,3.0,I-NTMCP l=1,1.0,PURSUER_WIN
maze8,1,mixed,106,0,14.0,shortest path,,EVADER_REACHED_GOAL
maze8,1,mixed,106,1,7.0,shortest path,,PURSUER_WIN
maze8,1,mixed,106,0,20.0,shortest path,,EVADER_REACHED_GOAL
maze8,1,mixed,106,1,3.0,shortest path,,PURSUER_WIN
maze8,1,mixed,107,0,17.0,shortest path,,EVADER_REACHED_GOAL
maze8,1,mixed,107,0,14.0,I-NTMCP l=1,1.0,EVADER_REACHED_GOAL
maze8,1,mixed,107,1,4.0,I-NTMCP l=1,1.0,PURSUER_WIN
maze8,1,mixed,107,1,3.0,I-NTMCP l=0,0.0,PURSUER_WIN
maze8,1,mixed,107,0,13.0,shortest path,,EVADER_REACHED_GOAL
maze8,1,mixed,107,1,13.0,I-NTMCP l=1,1.0,PURSUER_WIN
maze8,1,mixed,107,1,3.0,random,,PURSUER_WIN
maze8,1,mixed,107,0,11.0,I-NTMCP l=0,0.0,EVADER_REACHED_GOAL
maze8,1,mixed,107,1,3.0,I-NTMCP l=0,0.0,PURSUER_WIN
maze8,1,mixed,107,1,23.0,random,,PURSUER_WIN
maze8,1,mixed,107,1,3.0,I-NTMCP l=0,0.0,PURSUER_WIN
maze8,1,mixed,107,1,8.0,I-NTMCP l=0,0.0,PURSUER_WIN
maze8,1,mixed,107,1,3.0,shortest path,,PURSUER_WIN
maze8,1,mixed,107,1,7.0,shortest path,,PURSUER_WIN
maze8,1,mixed,107,1,1.0,shortest path,,PURSUER_WIN
maze8,1,mixed,107,1,6.0,shortest path,,PURSUER_WIN
maze8,1,mixed,107,0,12.0,shortest path,,EVADER_REACHED_GOAL
maze8,1,mixed,107,0,11.0,shortest path,,EVADER_REACHED_GOAL
maze8,1,mixed,107,0,11.0,I-NTMCP l=0,0.0,EVADER_REACHED_GOAL
maze8,1,mixed,107,1,1.0,random,,PURSUER_WIN
maze8,1,mixed,107,1,3.0,random,,PURSUER_WIN
maze8,1,mixed,107,0,11.0,shortest path,,EVADER_REACHED_GOAL
maze8,1,mixed,107,0,40.0,random,,OTHER_LOSS_OR_TIMEOUT
maze8,1,mixed,107,1,10.0,I-NTMCP l=1,1.0,PURSUER_WIN
maze8,1,mixed,107,1,10.0,shortest path,,PURSUER_WIN
maze8,1,mixed,107,1,3.0,shortest path,,PURSUER_WIN
maze8,1,mixed,107,1,9.0,I-NTMCP l=1,1.0,PURSUER_WIN
maze8,1,mixed,107,1,9.0,I-NTMCP l=0,0.0,PURSUER_WIN
maze8,1,mixed,107,1,3.0,random,,PURSUER_WIN
maze8,1,mixed,107,1,5.0,shortest path,,PURSUER_WIN
maze8,1,mixed,107,1,10.0,I-NTMCP l=0,0.0,PURSUER_WIN
maze8,1,mixed,107,1,8.0,I-NTMCP l=1,1.0,PURSUER_WIN
maze8,1,mixed,107,0,13.0,I-NTMCP l=1,1.0,EVADER_REACHED_GOAL
maze8,1,mixed,107,1,8.0,shortest path,,PURSUER_WIN
maze8,1,mixed,107,1,12.0,random,,PURSUER_WIN
maze8,1,mixed,107,1,9.0,I-NTMCP l=0,0.0,PURSUER_WIN
maze8,1,mixed,107,1,2.0,I-NTMCP l=1,1.0,PURSUER_WIN
maze8,1,mixed,107,1,12.0,I-NTMCP l=0,0.0,PURSUER_WIN
maze8,1,mixed,107,1,8.0,I-NTMCP l=0,0.0,PURSUER_WIN
maze8,1,mixed,107,1,3.0,random,,PURSUER_WIN
maze8,1,mixed,107,1,3.0,I-NTMCP l=1,1.0,PURSUER_WIN
maze8,1,mixed,107,0,12.0,I-NTMCP l=0,0.0,EVADER_REACHED_GOAL
maze8,1,mixed,107,1,11.0,shortest path,,PURSUER_WIN
maze8,1,mixed,107,1,1.0,shortest path,,PURSUER_WIN
maze8,1,mixed,107,1,4.0,shortest path,,PURSUER_WIN
maze8,1,mixed,107,1,32.0,random,,PURSUER_WIN
maze8,1,mixed,107,1,3.0,I-NTMCP l=1,1.0,PURSUER_WIN
maze8,1,mixed,107,1,4.0,shortest path,,PURSUER_WIN
maze8,1,mixed,107,1,12.0,shortest path,,PURSUER_WIN
maze8,1,mixed,107,0,11.0,I-NTMCP l=0,0.0,EVADER_REACHED_GOAL
maze8,1,mixed,108,1,3.0,shortest path,,PURSUER_WIN
maze8,1,mixed,108,1,9.0,random,,PURSUER_WIN
maze8,1,mixed,108,1,2.0,I-NTMCP l=1,1.0,PURSUER_WIN
maze8,1,mixed,108,1,11.0,I-NTMCP l=0,0.0,PURSUER_WIN
maze8,1,mixed,108,1,8.0,I-NTMCP l=1,1.0,PURSUER_WIN
maze8,1,mixed,108,1,3.0,shortest path,,PURSUER_WIN
maze8,1,mixed,108,1,3.0,random,,PURSUER_WIN
maze8,1,mixed,108,1,3.0,I-NTMCP l=0,0.0,PURSUER_WIN
maze8,1,mixed,108,1,4.0,shortest path,,PURSUER_WIN
maze8,1,mixed,108,1,18.0,shortest path,,PURSUER_WIN
maze8,1,mixed,108,1,3.0,shortest path,,PURSUER_WIN
maze8,1,mixed,108,1,8.0,I-NTMCP l=0,0.0,PURSUER_WIN
maze8,1,mixed,108,1,10.0,shortest path,,PURSUER_WIN
maze8,1,mixed,108,1,19.0,random,,PURSUER_WIN
maze8,1,mixed,108,1,8.0,shortest path,,PURSUER_WIN
maze8,1,mixed,108,1,9.0,random,,PURSUER_WIN
maze8,1,mixed,108,1,4.0,I-NTMCP l=1,1.0,PURSUER_WIN
maze8,1,mixed,108,1,34.0,random,,PURSUER_WIN
maze8,1,mixed,108,1,3.0,I-NTMCP l=0,0.0,PURSUER_WIN
maze8,1,mixed,108,1,8.0,I-NTMCP l=1,1.0,PURSUER_WIN
maze8,1,mixed,108,0,15.0,shortest path,,EVADER_REACHED_GOAL
maze8,1,mixed,108,1,35.0,random,,PURSUER_WIN
maze8,1,mixed,108,1,8.0,I-NTMCP l=1,1.0,PURSUER_WIN
maze8,1,mixed,108,1,1.0,random,,PURSUER_WIN
maze8,1,mixed,108,0,9.0,I-NTMCP l=0,0.0,EVADER_REACHED_GOAL
maze8,1,mixed,108,1,10.0,I-NTMCP l=0,0.0,PURSUER_WIN
maze8,1,mixed,108,1,5.0,shortest path,,PURSUER_WIN
maze8,1,mixed,108,1,3.0,shortest path,,PURSUER_WIN
maze8,1,mixed,108,1,3.0,I-NTMCP l=1,1.0,PURSUER_WIN
maze8,1,mixed,108,1,3.0,shortest path,,PURSUER_WIN
maze8,1,mixed,108,1,15.0,random,,PURSUER_WIN
maze8,1,mixed,108,1,2.0,random,,PURSUER_WIN
maze8,1,mixed,108,0,9.0,I-NTMCP l=1,1.0,EVADER_REACHED_GOAL
maze8,1,mixed,108,0,40.0,random,,OTHER_LOSS_OR_TIMEOUT
maze8,1,mixed,108,1,8.0,I-NTMCP l=1,1.0,PURSUER_WIN
maze8,1,mixed,108,1,5.0,shortest path,,PURSUER_WIN
maze8,1,mixed,108,1,3.0,I-NTMCP l=0,0.0,PURSUER_WIN
maze8,1,mixed,108,1,3.0,shortest path,,PURSUER_WIN
maze8,1,mixed,108,1,3.0,I-NTMCP l=1,1.0,PURSUER_WIN
maze8,1,mixed,108,1,4.0,random,,PURSUER_WIN
maze8,1,mixed,108,0,12.0,I-NTMCP l=0,0.0,EVADER_REACHED_GOAL
maze8,1,mixed,108,1,4.0,shortest path,,PURSUER_WIN
maze8,1,mixed,108,1,3.0,shortest path,,PURSUER_WIN
maze8,1,mixed,108,1,4.0,I-NTMCP l=0,0.0,PURSUER_WIN
maze8,1,mixed,108,1,3.0,shortest path,,PURSUER_WIN
maze8,1,mixed,108,1,21.0,random,,PURSUER_WIN
maze8,1,mixed,108,1,3.0,shortest path,,PURSUER_WIN
maze8,1,mixed,108,1,4.0,I-NTMCP l=1,1.0,PURSUER_WIN
maze8,1,mixed,108,0,11.0,I-NTMCP l=1,1.0,EVADER_REACHED_GOAL
maze8,1,mixed,108,1,27.0,shortest path,,PURSUER_WIN
maze8,1,mixed,109,1,11.0,I-NTMCP l=0,0.0,PURSUER_WIN
maze8,1,mixed,109,1,3.0,shortest path,,PURSUER_WIN
maze8,1,mixed,109,1,9.0,I-NTMCP l=1,1.0,PURSUER_WIN
maze8,1,mixed,109,0,11.0,I-NTMCP l=1,1.0,EVADER_REACHED_GOAL
maze8,1,mixed,109,1,7.0,random,,PURSUER_WIN
maze8,1,mixed,109,1,1.0,random,,PURSUER_WIN
maze8,1,mixed,109,0,11.0,shortest path,,EVADER_REACHED_GOAL
maze8,1,mixed,109,1,9.0,I-NTMCP l=1,1.0,PURSUER_WIN
maze8,1,mixed,109,1,2.0,I-NTMCP l=0,0.0,PURSUER_WIN
maze8,1,mixed,109,1,31.0,random,,PURSUER_WIN
maze8,1,mixed,109,0,19.0,shortest path,,EVADER_REACHED_GOAL
maze8,1,mixed,109,1,8.0,I-NTMCP l=1,1.0,PURSUER_WIN
maze8,1,mixed,109,1,1.0,I-NTMCP l=0,0.0,PURSUER_WIN
maze8,1,mixed,109,0,11.0,I-NTMCP l=1,1.0,EVADER_REACHED_GOAL
maze8,1,mixed,109,0,11.0,shortest path,,EVADER_REACHED_GOAL
maze8,1,mixed,109,1,3.0,I-NTMCP l=0,0.0,PURSUER_WIN
maze8,1,mixed,109,1,3.0,I-NTMCP l=0,0.0,PURSUER_WIN
maze8,1,mixed,109,1,5.0,random,,PURSUER_WIN
maze8,1,mixed,109,1,8.0,shortest path,,PURSUER_WIN
maze8,1,mixed,109,1,1.0,random,,PURSUER_WIN
maze8,1,mixed,109,1,8.0,I-NTMCP l=0,0.0,PURSUER_WIN
maze8,1,mixed,109,1,4.0,shortest path,,PURSUER_WIN
maze8,1,mixed,109,1,12.0,shortest path,,PURSUER_WIN
maze8,1,mixed,109,1,3.0,shortest path,,PURSUER_WIN
maze8,1,mixed,109,0,11.0,I-NTMCP l=1,1.0,EVADER_REACHED_GOAL
maze8,1,mixed,109,1,5.0,I-NTMCP l=1,1.0,PURSUER_WIN
maze8,1,mixed,109,0,13.0,shortest path,,EVADER_REACHED_GOAL
maze8,1,mixed,109,1,8.0,I-NTMCP l=1,1.0,PURSUER_WIN
maze8,1,mixed,109,1,8.0,I-NTMCP l=0,0.0,PURSUER_WIN
maze8,1,mixed,109,1,4.0,shortest path,,PURSUER_WIN
maze8,1,mixed,109,1,7.0,shortest path,,PURSUER_WIN
maze8,1,mixed,109,1,3.0,random,,PURSUER_WIN
maze8,1,mixed,109,1,9.0,random,,PURSUER_WIN
maze8,1,mixed,109,1,8.0,I-NTMCP l=1,1.0,PURSUER_WIN
maze8,1,mixed,109,1,3.0,I-NTMCP l=1,1.0,PURSUER_WIN
maze8,1,mixed,109,1,8.0,I-NTMCP l=1,1.0,PURSUER_WIN
maze8,1,mixed,109,1,14.0,random,,PURSUER_WIN
maze8,1,mixed,109,1,2.0,I-NTMCP l=0,0.0,PURSUER_WIN
maze8,1,mixed,109,0,12.0,shortest path,,EVADER_REACHED_GOAL
maze8,1,mixed,109,0,10.0,I-NTMCP l=1,1.0,EVADER_REACHED_GOAL
maze8,1,mixed,109,1,7.0,random,,PURSUER_WIN
maze8,1,mixed,109,1,8.0,random,,PURSUER_WIN
maze8,1,mixed,109,1,9.0,I-NTMCP l=0,0.0,PURSUER_WIN
maze8,1,mixed,109,1,3.0,I-NTMCP l=1,1.0,PURSUER_WIN
maze8,1,mixed,109,0,11.0,I-NTMCP l=0,0.0,EVADER_REACHED_GOAL
maze8,1,mixed,109,1,5.0,I-NTMCP l=1,1.0,PURSUER_WIN
maze8,1,mixed,109,1,16.0,random,,PURSUER_WIN
maze8,1,mixed,109,1,3.0,random,,PURSUER_WIN
maze8,1,mixed,109,1,2.0,I-NTMCP l=1,1.0,PURSUER_WIN
maze8,1,mixed,109,1,1.0,random,,PURSUER_WIN
maze8,2,l0,100,1,3.0,I-NTMCP l=0,0.0,PURSUER_WIN
maze8,2,l0,100,1,5.0,I-NTMCP l=0,0.0,PURSUER_WIN
maze8,2,l0,100,0,11.0,I-NTMCP l=0,0.0,EVADER_REACHED_GOAL
maze8,2,l0,100,1,8.0,I-NTMCP l=0,0.0,PURSUER_WIN
maze8,2,l0,100,1,4.0,I-NTMCP l=0,0.0,PURSUER_WIN
maze8,2,l0,100,0,11.0,I-NTMCP l=0,0.0,EVADER_REACHED_GOAL
maze8,2,l0,100,1,3.0,I-NTMCP l=0,0.0,PURSUER_WIN
maze8,2,l0,100,0,11.0,I-NTMCP l=0,0.0,EVADER_REACHED_GOAL
maze8,2,l0,100,1,4.0,I-NTMCP l=0,0.0,PURSUER_WIN
maze8,2,l0,100,1,8.0,I-NTMCP l=0,0.0,PURSUER_WIN
maze8,2,l0,100,0,12.0,I-NTMCP l=0,0.0,EVADER_REACHED_GOAL
maze8,2,l0,100,0,10.0,I-NTMCP l=0,0.0,EVADER_REACHED_GOAL
maze8,2,l0,100,0,12.0,I-NTMCP l=0,0.0,EVADER_REACHED_GOAL
maze8,2,l0,100,1,3.0,I-NTMCP l=0,0.0,PURSUER_WIN
maze8,2,l0,100,1,11.0,I-NTMCP l=0,0.0,PURSUER_WIN
maze8,2,l0,100,1,3.0,I-NTMCP l=0,0.0,PURSUER_WIN
maze8,2,l0,100,1,2.0,I-NTMCP l=0,0.0,PURSUER_WIN
maze8,2,l0,100,1,4.0,I-NTMCP l=0,0.0,PURSUER_WIN
maze8,2,l0,100,0,11.0,I-NTMCP l=0,0.0,EVADER_REACHED_GOAL
maze8,2,l0,100,1,2.0,I-NTMCP l=0,0.0,PURSUER_WIN
maze8,2,l0,100,1,5.0,I-NTMCP l=0,0.0,PURSUER_WIN
maze8,2,l0,100,1,5.0,I-NTMCP l=0,0.0,PURSUER_WIN
maze8,2,l0,100,1,3.0,I-NTMCP l=0,0.0,PURSUER_WIN
maze8,2,l0,100,0,10.0,I-NTMCP l=0,0.0,EVADER_REACHED_GOAL
maze8,2,l0,100,1,1.0,I-NTMCP l=0,0.0,PURSUER_WIN
maze8,2,l0,100,0,11.0,I-NTMCP l=0,0.0,EVADER_REACHED_GOAL
maze8,2,l0,100,1,6.0,I-NTMCP l=0,0.0,PURSUER_WIN
maze8,2,l0,100,0,11.0,I-NTMCP l=0,0.0,EVADER_REACHED_GOAL
maze8,2,l0,100,0,13.0,I-NTMCP l=0,0.0,EVADER_REACHED_GOAL
maze8,2,l0,100,1,3.0,I-NTMCP l=0,0.0,PURSUER_WIN
maze8,2,l0,100,0,11.0,I-NTMCP l=0,0.0,EVADER_REACHED_GOAL
maze8,2,l0,100,1,5.0,I-NTMCP l=0,0.0,PURSUER_WIN
maze8,2,l0,100,1,9.0,I-NTMCP l=0,0.0,PURSUER_WIN
maze8,2,l0,100,0,9.0,I-NTMCP l=0,0.0,EVADER_REACHED_GOAL
maze8,2,l0,100,1,3.0,I-NTMCP l=0,0.0,PURSUER_WIN
maze8,2,l0,100,0,11.0,I-NTMCP l=0,0.0,EVADER_REACHED_GOAL
maze8,2,l0,100,0,10.0,I-NTMCP l=0,0.0,EVADER_REACHED_GOAL
maze8,2,l0,100,1,3.0,I-NTMCP l=0,0.0,PURSUER_WIN
maze8,2,l0,100,1,3.0,I-NTMCP l=0,0.0,PURSUER_WIN
maze8,2,l0,100,1,3.0,I-NTMCP l=0,0.0,PURSUER_WIN
maze8,2,l0,100,1,8.0,I-NTMCP l=0,0.0,PURSUER_WIN
maze8,2,l0,100,1,3.0,I-NTMCP l=0,0.0,PURSUER_WIN
maze8,2,l0,100,1,4.0,I-NTMCP l=0,0.0,PURSUER_WIN
maze8,2,l0,100,1,10.0,I-NTMCP l=0,0.0,PURSUER_WIN
maze8,2,l0,100,1,4.0,I-NTMCP l=0,0.0,PURSUER_WIN
maze8,2,l0,100,1,8.0,I-NTMCP l=0,0.0,PURSUER_WIN
maze8,2,l0,100,0,20.0,I-NTMCP l=0,0.0,EVADER_REACHED_GOAL
maze8,2,l0,100,0,9.0,I-NTMCP l=0,0.0,EVADER_REACHED_GOAL
maze8,2,l0,100,1,1.0,I-NTMCP l=0,0.0,PURSUER_WIN
maze8,2,l0,100,1,3.0,I-NTMCP l=0,0.0,PURSUER_WIN
maze8,2,l0,101,1,2.0,I-NTMCP l=0,0.0,PURSUER_WIN
maze8,2,l0,101,0,11.0,I-NTMCP l=0,0.0,EVADER_REACHED_GOAL
maze8,2,l0,101,1,3.0,I-NTMCP l=0,0.0,PURSUER_WIN
maze8,2,l0,101,0,13.0,I-NTMCP l=0,0.0,EVADER_REACHED_GOAL
maze8,2,l0,101,1,3.0,I-NTMCP l=0,0.0,PURSUER_WIN
maze8,2,l0,101,1,3.0,I-NTMCP l=0,0.0,PURSUER_WIN
maze8,2,l0,101,0,11.0,I-NTMCP l=0,0.0,EVADER_REACHED_GOAL
maze8,2,l0,101,1,2.0,I-NTMCP l=0,0.0,PURSUER_WIN
maze8,2,l0,101,0,11.0,I-NTMCP l=0,0.0,EVADER_REACHED_GOAL
maze8,2,l0,101,0,9.0,I-NTMCP l=0,0.0,EVADER_REACHED_GOAL
maze8,2,l0,101,1,3.0,I-NTMCP l=0,0.0,PURSUER_WIN
maze8,2,l0,101,0,11.0,I-NTMCP l=0,0.0,EVADER_REACHED_GOAL
maze8,2,l0,101,0,11.0,I-NTMCP l=0,0.0,EVADER_REACHED_GOAL
maze8,2,l0,101,0,11.0,I-NTMCP l=0,0.0,EVADER_REACHED_GOAL
maze8,2,l0,101,1,4.0,I-NTMCP l=0,0.0,PURSUER_WIN
maze8,2,l0,101,0,10.0,I-NTMCP l=0,0.0,EVADER_REACHED_GOAL
maze8,2,l0,101,1,4.0,I-NTMCP l=0,0.0,PURSUER_WIN
maze8,2,l0,101,1,16.0,I-NTMCP l=0,0.0,PURSUER_WIN
maze8,2,l0,101,0,11.0,I-NTMCP l=0,0.0,EVADER_REACHED_GOAL
maze8,2,l0,101,1,3.0,I-NTMCP l=0,0.0,PURSUER_WIN
maze8,2,l0,101,1,3.0,I-NTMCP l=0,0.0,PURSUER_WIN
maze8,2,l0,101,0,9.0,I-NTMCP l=0,0.0,EVADER_REACHED_GOAL
maze8,2,l0,101,0,11.0,I-NTMCP l=0,0.0,EVADER_REACHED_GOAL
maze8,2,l0,101,0,14.0,I-NTMCP l=0,0.0,EVADER_REACHED_GOAL
maze8,2,l0,101,0,10.0,I-NTMCP l=0,0.0,EVADER_REACHED_GOAL
maze8,2,l0,101,1,1.0,I-NTMCP l=0,0.0,PURSUER_WIN
maze8,2,l0,101,0,11.0,I-NTMCP l=0,0.0,EVADER_REACHED_GOAL
maze8,2,l0,101,1,3.0,I-NTMCP l=0,0.0,PURSUER_WIN
maze8,2,l0,101,1,2.0,I-NTMCP l=0,0.0,PURSUER_WIN
maze8,2,l0,101,1,3.0,I-NTMCP l=0,0.0,PURSUER_WIN
maze8,2,l0,101,1,8.0,I-NTMCP l=0,0.0,PURSUER_WIN
maze8,2,l0,101,0,10.0,I-NTMCP l=0,0.0,EVADER_REACHED_GOAL
maze8,2,l0,101,1,5.0,I-NTMCP l=0,0.0,PURSUER_WIN
maze8,2,l0,101,1,8.0,I-NTMCP l=0,0.0,PURSUER_WIN
maze8,2,l0,101,1,8.0,I-NTMCP l=0,0.0,PURSUER_WIN
maze8,2,l0,101,1,10.0,I-NTMCP l=0,0.0,PURSUER_WIN
maze8,2,l0,101,1,2.0,I-NTMCP l=0,0.0,PURSUER_WIN
maze8,2,l0,101,1,3.0,I-NTMCP l=0,0.0,PURSUER_WIN
maze8,2,l0,101,0,12.0,I-NTMCP l=0,0.0,EVADER_REACHED_GOAL
maze8,2,l0,101,1,3.0,I-NTMCP l=0,0.0,PURSUER_WIN
maze8,2,l0,101,1,8.0,I-NTMCP l=0,0.0,PURSUER_WIN
maze8,2,l0,101,1,8.0,I-NTMCP l=0,0.0,PURSUER_WIN
maze8,2,l0,101,0,11.0,I-NTMCP l=0,0.0,EVADER_REACHED_GOAL
maze8,2,l0,101,1,3.0,I-NTMCP l=0,0.0,PURSUER_WIN
maze8,2,l0,101,0,11.0,I-NTMCP l=0,0.0,EVADER_REACHED_GOAL
maze8,2,l0,101,1,2.0,I-NTMCP l=0,0.0,PURSUER_WIN
maze8,2,l0,101,1,10.0,I-NTMCP l=0,0.0,PURSUER_WIN
maze8,2,l0,101,0,11.0,I-NTMCP l=0,0.0,EVADER_REACHED_GOAL
maze8,2,l0,101,1,3.0,I-NTMCP l=0,0.0,PURSUER_WIN
maze8,2,l0,101,0,11.0,I-NTMCP l=0,0.0,EVADER_REACHED_GOAL
maze8,2,l0,102,0,13.0,I-NTMCP l=0,0.0,EVADER_REACHED_GOAL
maze8,2,l0,102,0,10.0,I-NTMCP l=0,0.0,EVADER_REACHED_GOAL
maze8,2,l0,102,1,3.0,I-NTMCP l=0,0.0,PURSUER_WIN
maze8,2,l0,102,1,1.0,I-NTMCP l=0,0.0,PURSUER_WIN
maze8,2,l0,102,0,11.0,I-NTMCP l=0,0.0,EVADER_REACHED_GOAL
maze8,2,l0,102,1,8.0,I-NTMCP l=0,0.0,PURSUER_WIN
maze8,2,l0,102,1,3.0,I-NTMCP l=0,0.0,PURSUER_WIN
maze8,2,l0,102,1,3.0,I-NTMCP l=0,0.0,PURSUER_WIN
maze8,2,l0,102,0,11.0,I-NTMCP l=0,0.0,EVADER_REACHED_GOAL
maze8,2,l0,102,1,5.0,I-NTMCP l=0,0.0,PURSUER_WIN
maze8,2,l0,102,0,12.0,I-NTMCP l=0,0.0,EVADER_REACHED_GOAL
maze8,2,l0,102,1,6.0,I-NTMCP l=0,0.0,PURSUER_WIN
maze8,2,l0,102,0,10.0,I-NTMCP l=0,0.0,EVADER_REACHED_GOAL
maze8,2,l0,102,0,11.0,I-NTMCP l=0,0.0,EVADER_REACHED_GOAL
maze8,2,l0,102,1,3.0,I-NTMCP l=0,0.0,PURSUER_WIN
maze8,2,l0,102,1,13.0,I-NTMCP l=0,0.0,PURSUER_WIN
maze8,2,l0,102,1,8.0,I-NTMCP l=0,0.0,PURSUER_WIN
maze8,2,l0,102,0,11.0,I-NTMCP l=0,0.0,EVADER_REACHED_GOAL
maze8,2,l0,102,1,4.0,I-NTMCP l=0,0.0,PURSUER_WIN
maze8,2,l0,102,0,11.0,I-NTMCP l=0,0.0,EVADER_REACHED_GOAL
maze8,2,l0,102,1,3.0,I-NTMCP l=0,0.0,PURSUER_WIN
maze8,2,l0,102,1,3.0,I-NTMCP l=0,0.0,PURSUER_WIN
maze8,2,l0,102,1,2.0,I-NTMCP l=0,0.0,PURSUER_WIN
maze8,2,l0,102,0,11.0,I-NTMCP l=0,0.0,EVADER_REACHED_GOAL
maze8,2,l0,102,1,2.0,I-NTMCP l=0,0.0,PURSUER_WIN
maze8,2,l0,102,1,3.0,I-NTMCP l=0,0.0,PURSUER_WIN
maze8,2,l0,102,1,2.0,I-NTMCP l=0,0.0,PURSUER_WIN
maze8,2,l0,102,0,12.0,I-NTMCP l=0,0.0,EVADER_REACHED_GOAL
maze8,2,l0,102,1,3.0,I-NTMCP l=0,0.0,PURSUER_WIN
maze8,2,l0,102,0,11.0,I-NTMCP l=0,0.0,EVADER_REACHED_GOAL
maze8,2,l0,102,1,8.0,I-NTMCP l=0,0.0,PURSUER_WIN
maze8,2,l0,102,1,8.0,I-NTMCP l=0,0.0,PURSUER_WIN
maze8,2,l0,102,0,12.0,I-NTMCP l=0,0.0,EVADER_REACHED_GOAL
maze8,2,l0,102,1,11.0,I-NTMCP l=0,0.0,PURSUER_WIN
maze8,2,l0,102,1,4.0,I-NTMCP l=0,0.0,PURSUER_WIN
maze8,2,l0,102,1,1.0,I-NTMCP l=0,0.0,PURSUER_WIN
maze8,2,l0,102,1,1.0,I-NTMCP l=0,0.0,PURSUER_WIN
maze8,2,l0,102,1,3.0,I-NTMCP l=0,0.0,PURSUER_WIN
maze8,2,l0,102,1,3.0,I-NTMCP l=0,0.0,PURSUER_WIN
maze8,2,l0,102,1,3.0,I-NTMCP l=0,0.0,PURSUER_WIN
maze8,2,l0,102,1,4.0,I-NTMCP l=0,0.0,PURSUER_WIN
maze8,2,l0,102,1,2.0,I-NTMCP l=0,0.0,PURSUER_WIN
maze8,2,l0,102,0,11.0,I-NTMCP l=0,0.0,EVADER_REACHED_GOAL
maze8,2,l0,102,1,3.0,I-NTMCP l=0,0.0,PURSUER_WIN
maze8,2,l0,102,1,3.0,I-NTMCP l=0,0.0,PURSUER_WIN
maze8,2,l0,102,0,10.0,I-NTMCP l=0,0.0,EVADER_REACHED_GOAL
maze8,2,l0,102,1,10.0,I-NTMCP l=0,0.0,PURSUER_WIN
maze8,2,l0,102,0,10.0,I-NTMCP l=0,0.0,EVADER_REACHED_GOAL
maze8,2,l0,102,1,9.0,I-NTMCP l=0,0.0,PURSUER_WIN
maze8,2,l0,102,1,1.0,I-NTMCP l=0,0.0,PURSUER_WIN
maze8,2,l0,103,1,9.0,I-NTMCP l=0,0.0,PURSUER_WIN
maze8,2,l0,103,1,10.0,I-NTMCP l=0,0.0,PURSUER_WIN
maze8,2,l0,103,0,11.0,I-NTMCP l=0,0.0,EVADER_REACHED_GOAL
maze8,2,l0,103,0,13.0,I-NTMCP l=0,0.0,EVADER_REACHED_GOAL
maze8,2,l0,103,0,11.0,I-NTMCP l=0,0.0,EVADER_REACHED_GOAL
maze8,2,l0,103,1,8.0,I-NTMCP l=0,0.0,PURSUER_WIN
maze8,2,l0,103,1,3.0,I-NTMCP l=0,0.0,PURSUER_WIN
maze8,2,l0,103,1,3.0,I-NTMCP l=0,0.0,PURSUER_WIN
maze8,2,l0,103,1,9.0,I-NTMCP l=0,0.0,PURSUER_WIN
maze8,2,l0,103,1,3.0,I-NTMCP l=0,0.0,PURSUER_WIN
maze8,2,l0,103,1,3.0,I-NTMCP l=0,0.0,PURSUER_WIN
maze8,2,l0,103,1,3.0,I-NTMCP l=0,0.0,PURSUER_WIN
maze8,2,l0,103,1,10.0,I-NTMCP l=0,0.0,PURSUER_WIN
maze8,2,l0,103,0,11.0,I-NTMCP l=0,0.0,EVADER_REACHED_GOAL
maze8,2,l0,103,1,4.0,I-NTMCP l=0,0.0,PURSUER_WIN
maze8,2,l0,103,1,5.0,I-NTMCP l=0,0.0,PURSUER_WIN
maze8,2,l0,103,0,9.0,I-NTMCP l=0,0.0,EVADER_REACHED_GOAL
maze8,2,l0,103,1,3.0,I-NTMCP l=0,0.0,PURSUER_WIN
maze8,2,l0,103,1,3.0,I-NTMCP l=0,0.0,PURSUER_WIN
maze8,2,l0,103,1,2.0,I-NTMCP l=0,0.0,PURSUER_WIN
maze8,2,l0,103,1,4.0,I-NTMCP l=0,0.0,PURSUER_WIN
maze8,2,l0,103,1,3.0,I-NTMCP l=0,0.0,PURSUER_WIN
maze8,2,l0,103,1,2.0,I-NTMCP l=0,0.0,PURSUER_WIN
maze8,2,l0,103,1,9.0,I-NTMCP l=0,0.0,PURSUER_WIN
maze8,2,l0,103,0,10.0,I-NTMCP l=0,0.0,EVADER_REACHED_GOAL
maze8,2,l0,103,1,3.0,I-NTMCP l=0,0.0,PURSUER_WIN
maze8,2,l0,103,0,13.0,I-NTMCP l=0,0.0,EVADER_REACHED_GOAL
maze8,2,l0,103,1,4.0,I-NTMCP l=0,0.0,PURSUER_WIN
maze8,2,l0,103,1,3.0,I-NTMCP l=0,0.0,PURSUER_WIN
maze8,2,l0,103,1,3.0,I-NTMCP l=0,0.0,PURSUER_WIN
maze8,2,l0,103,1,8.0,I-NTMCP l=0,0.0,PURSUER_WIN
maze8,2,l0,103,1,1.0,I-NTMCP l=0,0.0,PURSUER_WIN
maze8,2,l0,103,1,4.0,I-NTMCP l=0,0.0,PURSUER_WIN
maze8,2,l0,103,1,3.0,I-NTMCP l=0,0.0,PURSUER_WIN
maze8,2,l0,103,1,8.0,I-NTMCP l=0,0.0,PURSUER_WIN
maze8,2,l0,103,1,3.0,I-NTMCP l=0,0.0,PURSUER_WIN
maze8,2,l0,103,1,2.0,I-NTMCP l=0,0.0,PURSUER_WIN
maze8,2,l0,103,0,11.0,I-NTMCP l=0,0.0,EVADER_REACHED_GOAL
maze8,2,l0,103,1,9.0,I-NTMCP l=0,0.0,PURSUER_WIN
maze8,2,l0,103,1,2.0,I-NTMCP l=0,0.0,PURSUER_WIN
maze8,2,l0,103,1,10.0,I-NTMCP l=0,0.0,PURSUER_WIN
maze8,2,l0,103,0,20.0,I-NTMCP l=0,0.0,EVADER_REACHED_GOAL
maze8,2,l0,103,1,3.0,I-NTMCP l=0,0.0,PURSUER_WIN
maze8,2,l0,103,1,3.0,I-NTMCP l=0,0.0,PURSUER_WIN
maze8,2,l0,103,1,2.0,I-NTMCP l=0,0.0,PURSUER_WIN
maze8,2,l0,103,0,12.0,I-NTMCP l=0,0.0,EVADER_REACHED_GOAL
maze8,2,l0,103,1,6.0,I-NTMCP l=0,0.0,PURSUER_WIN
maze8,2,l0,103,1,8.0,I-NTMCP l=0,0.0,PURSUER_WIN
maze8,2,l0,103,1,9.0,I-NTMCP l=0,0.0,PURSUER_WIN
maze8,2,l0,103,1,3.0,I-NTMCP l=0,0.0,PURSUER_WIN
maze8,2,l0,104,1,9.0,I-NTMCP l=0,0.0,PURSUER_WIN
maze8,2,l0,104,1,8.0,I-NTMCP l=0,0.0,PURSUER_WIN
maze8,2,l0,104,1,3.0,I-NTMCP l=0,0.0,PURSUER_WIN
maze8,2,l0,104,0,12.0,I-NTMCP l=0,0.0,EVADER_REACHED_GOAL
maze8,2,l0,104,1,3.0,I-NTMCP l=0,0.0,PURSUER_WIN
maze8,2,l0,104,1,3.0,I-NTMCP l=0,0.0,PURSUER_WIN
maze8,2,l0,104,1,1.0,I-NTMCP l=0,0.0,PURSUER_WIN
maze8,2,l0,104,1,5.0,I-NTMCP l=0,0.0,PURSUER_WIN
maze8,2,l0,104,1,3.0,I-NTMCP l=0,0.0,PURSUER_WIN
maze8,2,l0,104,1,3.0,I-NTMCP l=0,0.0,PURSUER_WIN
maze8,2,l0,104,0,10.0,I-NTMCP l=0,0.0,EVADER_REACHED_GOAL
maze8,2,l0,104,0,11.0,I-NTMCP l=0,0.0,EVADER_REACHED_GOAL
maze8,2,l0,104,1,8.0,I-NTMCP l=0,0.0,PURSUER_WIN
maze8,2,l0,104,1,3.0,I-NTMCP l=0,0.0,PURSUER_WIN
maze8,2,l0,104,1,3.0,I-NTMCP l=0,0.0,PURSUER_WIN
maze8,2,l0,104,1,3.0,I-NTMCP l=0,0.0,PURSUER_WIN
maze8,2,l0,104,1,10.0,I-NTMCP l=0,0.0,PURSUER_WIN
maze8,2,l0,104,1,14.0,I-NTMCP l=0,0.0,PURSUER_WIN
maze8,2,l0,104,1,8.0,I-NTMCP l=0,0.0,PURSUER_WIN
maze8,2,l0,104,0,12.0,I-NTMCP l=0,0.0,EVADER_REACHED_GOAL
maze8,2,l0,104,1,18.0,I-NTMCP l=0,0.0,PURSUER_WIN
maze8,2,l0,104,0,12.0,I-NTMCP l=0,0.0,EVADER_REACHED_GOAL
maze8,2,l0,104,0,10.0,I-NTMCP l=0,0.0,EVADER_REACHED_GOAL
maze8,2,l0,104,1,4.0,I-NTMCP l=0,0.0,PURSUER_WIN
maze8,2,l0,104,1,2.0,I-NTMCP l=0,0.0,PURSUER_WIN
maze8,2,l0,104,0,10.0,I-NTMCP l=0,0.0,EVADER_REACHED_GOAL
maze8,2,l0,104,1,10.0,I-NTMCP l=0,0.0,PURSUER_WIN
maze8,2,l0,104,0,12.0,I-NTMCP l=0,0.0,EVADER_REACHED_GOAL
maze8,2,l0,104,0,12.0,I-NTMCP l=0,0.0,EVADER_REACHED_GOAL
maze8,2,l0,104,0,10.0,I-NTMCP l=0,0.0,EVADER_REACHED_GOAL
maze8,2,l0,104,0,11.0,I-NTMCP l=0,0.0,EVADER_REACHED_GOAL
maze8,2,l0,104,1,8.0,I-NTMCP l=0,0.0,PURSUER_WIN
maze8,2,l0,104,1,8.0,I-NTMCP l=0,0.0,PURSUER_WIN
maze8,2,l0,104,1,3.0,I-NTMCP l=0,0.0,PURSUER_WIN
maze8,2,l0,104,1,9.0,I-NTMCP l=0,0.0,PURSUER_WIN
maze8,2,l0,104,0,11.0,I-NTMCP l=0,0.0,EVADER_REACHED_GOAL
maze8,2,l0,104,1,2.0,I-NTMCP l=0,0.0,PURSUER_WIN
maze8,2,l0,104,1,4.0,I-NTMCP l=0,0.0,PURSUER_WIN
maze8,2,l0,104,1,3.0,I-NTMCP l=0,0.0,PURSUER_WIN
maze8,2,l0,104,0,9.0,I-NTMCP l=0,0.0,EVADER_REACHED_GOAL
maze8,2,l0,104,1,8.0,I-NTMCP l=0,0.0,PURSUER_WIN
maze8,2,l0,104,1,9.0,I-NTMCP l=0,0.0,PURSUER_WIN
maze8,2,l0,104,1,2.0,I-NTMCP l=0,0.0,PURSUER_WIN
maze8,2,l0,104,1,3.0,I-NTMCP l=0,0.0,PURSUER_WIN
maze8,2,l0,104,1,3.0,I-NTMCP l=0,0.0,PURSUER_WIN
maze8,2,l0,104,1,2.0,I-NTMCP l=0,0.0,PURSUER_WIN
maze8,2,l0,104,1,11.0,I-NTMCP l=0,0.0,PURSUER_WIN
maze8,2,l0,104,1,3.0,I-NTMCP l=0,0.0,PURSUER_WIN
maze8,2,l0,104,0,11.0,I-NTMCP l=0,0.0,EVADER_REACHED_GOAL
maze8,2,l0,104,1,6.0,I-NTMCP l=0,0.0,PURSUER_WIN
maze8,2,l0,105,1,10.0,I-NTMCP l=0,0.0,PURSUER_WIN
maze8,2,l0,105,1,11.0,I-NTMCP l=0,0.0,PURSUER_WIN
maze8,2,l0,105,1,3.0,I-NTMCP l=0,0.0,PURSUER_WIN
maze8,2,l0,105,1,8.0,I-NTMCP l=0,0.0,PURSUER_WIN
maze8,2,l0,105,0,11.0,I-NTMCP l=0,0.0,EVADER_REACHED_GOAL
maze8,2,l0,105,1,2.0,I-NTMCP l=0,0.0,PURSUER_WIN
maze8,2,l0,105,1,10.0,I-NTMCP l=0,0.0,PURSUER_WIN
maze8,2,l0,105,1,10.0,I-NTMCP l=0,0.0,PURSUER_WIN
maze8,2,l0,105,1,10.0,I-NTMCP l=0,0.0,PURSUER_WIN
maze8,2,l0,105,0,11.0,I-NTMCP l=0,0.0,EVADER_REACHED_GOAL
maze8,2,l0,105,0,12.0,I-NTMCP l=0,0.0,EVADER_REACHED_GOAL
maze8,2,l0,105,1,3.0,I-NTMCP l=0,0.0,PURSUER_WIN
maze8,2,l0,105,1,3.0,I-NTMCP l=0,0.0,PURSUER_WIN
maze8,2,l0,105,0,11.0,I-NTMCP l=0,0.0,EVADER_REACHED_GOAL
maze8,2,l0,105,1,15.0,I-NTMCP l=0,0.0,PURSUER_WIN
maze8,2,l0,105,0,9.0,I-NTMCP l=0,0.0,EVADER_REACHED_GOAL
maze8,2,l0,105,1,3.0,I-NTMCP l=0,0.0,PURSUER_WIN
maze8,2,l0,105,1,8.0,I-NTMCP l=0,0.0,PURSUER_WIN
maze8,2,l0,105,1,2.0,I-NTMCP l=0,0.0,PURSUER_WIN
maze8,2,l0,105,1,3.0,I-NTMCP l=0,0.0,PURSUER_WIN
maze8,2,l0,105,1,2.0,I-NTMCP l=0,0.0,PURSUER_WIN
maze8,2,l0,105,1,3.0,I-NTMCP l=0,0.0,PURSUER_WIN
maze8,2,l0,105,1,2.0,I-NTMCP l=0,0.0,PURSUER_WIN
maze8,2,l0,105,1,12.0,I-NTMCP l=0,0.0,PURSUER_WIN
maze8,2,l0,105,0,11.0,I-NTMCP l=0,0.0,EVADER_REACHED_GOAL
maze8,2,l0,105,1,9.0,I-NTMCP l=0,0.0,PURSUER_WIN
maze8,2,l0,105,1,8.0,I-NTMCP l=0,0.0,PURSUER_WIN
maze8,2,l0,105,1,3.0,I-NTMCP l=0,0.0,PURSUER_WIN
maze8,2,l0,105,1,8.0,I-NTMCP l=0,0.0,PURSUER_WIN
maze8,2,l0,105,1,3.0,I-NTMCP l=0,0.0,PURSUER_WIN
maze8,2,l0,105,1,11.0,I-NTMCP l=0,0.0,PURSUER_WIN
maze8,2,l0,105,1,3.0,I-NTMCP l=0,0.0,PURSUER_WIN
maze8,2,l0,105,1,3.0,I-NTMCP l=0,0.0,PURSUER_WIN
maze8,2,l0,105,1,9.0,I-NTMCP l=0,0.0,PURSUER_WIN
maze8,2,l0,105,1,3.0,I-NTMCP l=0,0.0,PURSUER_WIN
maze8,2,l0,105,0,12.0,I-NTMCP l=0,0.0,EVADER_REACHED_GOAL
maze8,2,l0,105,0,12.0,I-NTMCP l=0,0.0,EVADER_REACHED_GOAL
maze8,2,l0,105,1,3.0,I-NTMCP l=0,0.0,PURSUER_WIN
maze8,2,l0,105,1,1.0,I-NTMCP l=0,0.0,PURSUER_WIN
maze8,2,l0,105,1,3.0,I-NTMCP l=0,0.0,PURSUER_WIN
maze8,2,l0,105,1,3.0,I-NTMCP l=0,0.0,PURSUER_WIN
maze8,2,l0,105,1,3.0,I-NTMCP l=0,0.0,PURSUER_WIN
maze8,2,l0,105,1,3.0,I-NTMCP l=0,0.0,PURSUER_WIN
maze8,2,l0,105,1,3.0,I-NTMCP l=0,0.0,PURSUER_WIN
maze8,2,l0,105,1,3.0,I-NTMCP l=0,0.0,PURSUER_WIN
maze8,2,l0,105,1,9.0,I-NTMCP l=0,0.0,PURSUER_WIN
maze8,2,l0,105,1,3.0,I-NTMCP l=0,0.0,PURSUER_WIN
maze8,2,l0,105,0,11.0,I-NTMCP l=0,0.0,EVADER_REACHED_GOAL
maze8,2,l0,105,0,11.0,I-NTMCP l=0,0.0,EVADER_REACHED_GOAL
maze8,2,l0,105,0,11.0,I-NTMCP l=0,0.0,EVADER_REACHED_GOAL
maze8,2,l0,106,0,11.0,I-NTMCP l=0,0.0,EVADER_REACHED_GOAL
maze8,2,l0,106,1,4.0,I-NTMCP l=0,0.0,PURSUER_WIN
maze8,2,l0,106,0,10.0,I-NTMCP l=0,0.0,EVADER_REACHED_GOAL
maze8,2,l0,106,1,3.0,I-NTMCP l=0,0.0,PURSUER_WIN
maze8,2,l0,106,1,8.0,I-NTMCP l=0,0.0,PURSUER_WIN
maze8,2,l0,106,1,2.0,I-NTMCP l=0,0.0,PURSUER_WIN
maze8,2,l0,106,1,5.0,I-NTMCP l=0,0.0,PURSUER_WIN
maze8,2,l0,106,0,20.0,I-NTMCP l=0,0.0,EVADER_REACHED_GOAL
maze8,2,l0,106,0,11.0,I-NTMCP l=0,0.0,EVADER_REACHED_GOAL
maze8,2,l0,106,1,9.0,I-NTMCP l=0,0.0,PURSUER_WIN
maze8,2,l0,106,1,3.0,I-NTMCP l=0,0.0,PURSUER_WIN
maze8,2,l0,106,1,13.0,I-NTMCP l=0,0.0,PURSUER_WIN
maze8,2,l0,106,0,12.0,I-NTMCP l=0,0.0,EVADER_REACHED_GOAL
maze8,2,l0,106,1,3.0,I-NTMCP l=0,0.0,PURSUER_WIN
maze8,2,l0,106,1,1.0,I-NTMCP l=0,0.0,PURSUER_WIN
maze8,2,l0,106,1,10.0,I-NTMCP l=0,0.0,PURSUER_WIN
maze8,2,l0,106,1,4.0,I-NTMCP l=0,0.0,PURSUER_WIN
maze8,2,l0,106,1,5.0,I-NTMCP l=0,0.0,PURSUER_WIN
maze8,2,l0,106,0,12.0,I-NTMCP l=0,0.0,EVADER_REACHED_GOAL
maze8,2,l0,106,1,2.0,I-NTMCP l=0,0.0,PURSUER_WIN
maze8,2,l0,106,1,3.0,I-NTMCP l=0,0.0,PURSUER_WIN
maze8,2,l0,106,1,10.0,I-NTMCP l=0,0.0,PURSUER_WIN
maze8,2,l0,106,1,8.0,I-NTMCP l=0,0.0,PURSUER_WIN
maze8,2,l0,106,1,3.0,I-NTMCP l=0,0.0,PURSUER_WIN
maze8,2,l0,106,1,3.0,I-NTMCP l=0,0.0,PURSUER_WIN
maze8,2,l0,106,1,9.0,I-NTMCP l=0,0.0,PURSUER_WIN
maze8,2,l0,106,0,11.0,I-NTMCP l=0,0.0,EVADER_REACHED_GOAL
maze8,2,l0,106,1,10.0,I-NTMCP l=0,0.0,PURSUER_WIN
maze8,2,l0,106,1,3.0,I-NTMCP l=0,0.0,PURSUER_WIN
maze8,2,l0,106,1,8.0,I-NTMCP l=0,0.0,PURSUER_WIN
maze8,2,l0,106,1,2.0,I-NTMCP l=0,0.0,PURSUER_WIN
maze8,2,l0,106,0,10.0,I-NTMCP l=0,0.0,EVADER_REACHED_GOAL
maze8,2,l0,106,1,3.0,I-NTMCP l=0,0.0,PURSUER_WIN
maze8,2,l0,106,0,9.0,I-NTMCP l=0,0.0,EVADER_REACHED_GOAL
maze8,2,l0,106,0,11.0,I-NTMCP l=0,0.0,EVADER_REACHED_GOAL
maze8,2,l0,106,1,4.0,I-NTMCP l=0,0.0,PURSUER_WIN
maze8,2,l0,106,0,14.0,I-NTMCP l=0,0.0,EVADER_REACHED_GOAL
maze8,2,l0,106,0,12.0,I-NTMCP l=0,0.0,EVADER_REACHED_GOAL
maze8,2,l0,106,1,9.0,I-NTMCP l=0,0.0,PURSUER_WIN
maze8,2,l0,106,1,11.0,I-NTMCP l=0,0.0,PURSUER_WIN
maze8,2,l0,106,1,3.0,I-NTMCP l=0,0.0,PURSUER_WIN
maze8,2,l0,106,1,10.0,I-NTMCP l=0,0.0,PURSUER_WIN
maze8,2,l0,106,1,3.0,I-NTMCP l=0,0.0,PURSUER_WIN
maze8,2,l0,106,1,3.0,I-NTMCP l=0,0.0,PURSUER_WIN
maze8,2,l0,106,1,3.0,I-NTMCP l=0,0.0,PURSUER_WIN
maze8,2,l0,106,1,3.0,I-NTMCP l=0,0.0,PURSUER_WIN
maze8,2,l0,106,0,11.0,I-NTMCP l=0,0.0,EVADER_REACHED_GOAL
maze8,2,l0,106,0,10.0,I-NTMCP l=0,0.0,EVADER_REACHED_GOAL
maze8,2,l0,106,1,3.0,I-NTMCP l=0,0.0,PURSUER_WIN
maze8,2,l0,106,1,9.0,I-NTMCP l=0,0.0,PURSUER_WIN
maze8,2,l0,107,0,11.0,I-NTMCP l=0,0.0,EVADER_REACHED_GOAL
maze8,2,l0,107,1,2.0,I-NTMCP l=0,0.0,PURSUER_WIN
maze8,2,l0,107,1,3.0,I-NTMCP l=0,0.0,PURSUER_WIN
maze8,2,l0,107,0,13.0,I-NTMCP l=0,0.0,EVADER_REACHED_GOAL
maze8,2,l0,107,1,8.0,I-NTMCP l=0,0.0,PURSUER_WIN
maze8,2,l0,107,0,11.0,I-NTMCP l=0,0.0,EVADER_REACHED_GOAL
maze8,2,l0,107,1,3.0,I-NTMCP l=0,0.0,PURSUER_WIN
maze8,2,l0,107,1,2.0,I-NTMCP l=0,0.0,PURSUER_WIN
maze8,2,l0,107,1,10.0,I-NTMCP l=0,0.0,PURSUER_WIN
maze8,2,l0,107,1,3.0,I-NTMCP l=0,0.0,PURSUER_WIN
maze8,2,l0,107,1,4.0,I-NTMCP l=0,0.0,PURSUER_WIN
maze8,2,l0,107,1,4.0,I-NTMCP l=0,0.0,PURSUER_WIN
maze8,2,l0,107,0,10.0,I-NTMCP l=0,0.0,EVADER_REACHED_GOAL
maze8,2,l0,107,1,3.0,I-NTMCP l=0,0.0,PURSUER_WIN
maze8,2,l0,107,0,10.0,I-NTMCP l=0,0.0,EVADER_REACHED_GOAL
maze8,2,l0,107,1,3.0,I-NTMCP l=0,0.0,PURSUER_WIN
maze8,2,l0,107,0,9.0,I-NTMCP l=0,0.0,EVADER_REACHED_GOAL
maze8,2,l0,107,1,14.0,I-NTMCP l=0,0.0,PURSUER_WIN
maze8,2,l0,107,0,11.0,I-NTMCP l=0,0.0,EVADER_REACHED_GOAL
maze8,2,l0,107,0,12.0,I-NTMCP l=0,0.0,EVADER_REACHED_GOAL
maze8,2,l0,107,1,1.0,I-NTMCP l=0,0.0,PURSUER_WIN
maze8,2,l0,107,1,3.0,I-NTMCP l=0,0.0,PURSUER_WIN
maze8,2,l0,107,0,12.0,I-NTMCP l=0,0.0,EVADER_REACHED_GOAL
maze8,2,l0,107,0,11.0,I-NTMCP l=0,0.0,EVADER_REACHED_GOAL
maze8,2,l0,107,1,2.0,I-NTMCP l=0,0.0,PURSUER_WIN
maze8,2,l0,107,1,8.0,I-NTMCP l=0,0.0,PURSUER_WIN
maze8,2,l0,107,1,3.0,I-NTMCP l=0,0.0,PURSUER_WIN
maze8,2,l0,107,0,11.0,I-NTMCP l=0,0.0,EVADER_REACHED_GOAL
maze8,2,l0,107,1,2.0,I-NTMCP l=0,0.0,PURSUER_WIN
maze8,2,l0,107,1,2.0,I-NTMCP l=0,0.0,PURSUER_WIN
maze8,2,l0,107,0,14.0,I-NTMCP l=0,0.0,EVADER_REACHED_GOAL
maze8,2,l0,107,1,3.0,I-NTMCP l=0,0.0,PURSUER_WIN
maze8,2,l0,107,1,4.0,I-NTMCP l=0,0.0,PURSUER_WIN
maze8,2,l0,107,1,3.0,I-NTMCP l=0,0.0,PURSUER_WIN
maze8,2,l0,107,1,8.0,I-NTMCP l=0,0.0,PURSUER_WIN
maze8,2,l0,107,0,11.0,I-NTMCP l=0,0.0,EVADER_REACHED_GOAL
maze8,2,l0,107,1,3.0,I-NTMCP l=0,0.0,PURSUER_WIN
maze8,2,l0,107,1,3.0,I-NTMCP l=0,0.0,PURSUER_WIN
maze8,2,l0,107,1,3.0,I-NTMCP l=0,0.0,PURSUER_WIN
maze8,2,l0,107,1,1.0,I-NTMCP l=0,0.0,PURSUER_WIN
maze8,2,l0,107,0,11.0,I-NTMCP l=0,0.0,EVADER_REACHED_GOAL
maze8,2,l0,107,0,11.0,I-NTMCP l=0,0.0,EVADER_REACHED_GOAL
maze8,2,l0,107,0,11.0,I-NTMCP l=0,0.0,EVADER_REACHED_GOAL
maze8,2,l0,107,0,11.0,I-NTMCP l=0,0.0,EVADER_REACHED_GOAL
maze8,2,l0,107,1,2.0,I-NTMCP l=0,0.0,PURSUER_WIN
maze8,2,l0,107,1,1.0,I-NTMCP l=0,0.0,PURSUER_WIN
maze8,2,l0,107,1,8.0,I-NTMCP l=0,0.0,PURSUER_WIN
maze8,2,l0,107,1,3.0,I-NTMCP l=0,0.0,PURSUER_WIN
maze8,2,l0,107,1,8.0,I-NTMCP l=0,0.0,PURSUER_WIN
maze8,2,l0,107,1,3.0,I-NTMCP l=0,0.0,PURSUER_WIN
maze8,2,l0,108,1,3.0,I-NTMCP l=0,0.0,PURSUER_WIN
maze8,2,l0,108,1,9.0,I-NTMCP l=0,0.0,PURSUER_WIN
maze8,2,l0,108,1,3.0,I-NTMCP l=0,0.0,PURSUER_WIN
maze8,2,l0,108,1,3.0,I-NTMCP l=0,0.0,PURSUER_WIN
maze8,2,l0,108,0,11.0,I-NTMCP l=0,0.0,EVADER_REACHED_GOAL
maze8,2,l0,108,0,11.0,I-NTMCP l=0,0.0,EVADER_REACHED_GOAL
maze8,2,l0,108,1,3.0,I-NTMCP l=0,0.0,PURSUER_WIN
maze8,2,l0,108,0,13.0,I-NTMCP l=0,0.0,EVADER_REACHED_GOAL
maze8,2,l0,108,1,8.0,I-NTMCP l=0,0.0,PURSUER_WIN
maze8,2,l0,108,1,8.0,I-NTMCP l=0,0.0,PURSUER_WIN
maze8,2,l0,108,1,8.0,I-NTMCP l=0,0.0,PURSUER_WIN
maze8,2,l0,108,1,3.0,I-NTMCP l=0,0.0,PURSUER_WIN
maze8,2,l0,108,1,4.0,I-NTMCP l=0,0.0,PURSUER_WIN
maze8,2,l0,108,1,4.0,I-NTMCP l=0,0.0,PURSUER_WIN
maze8,2,l0,108,1,8.0,I-NTMCP l=0,0.0,PURSUER_WIN
maze8,2,l0,108,1,3.0,I-NTMCP l=0,0.0,PURSUER_WIN
maze8,2,l0,108,1,6.0,I-NTMCP l=0,0.0,PURSUER_WIN
maze8,2,l0,108,1,8.0,I-NTMCP l=0,0.0,PURSUER_WIN
maze8,2,l0,108,1,9.0,I-NTMCP l=0,0.0,PURSUER_WIN
maze8,2,l0,108,0,12.0,I-NTMCP l=0,0.0,EVADER_REACHED_GOAL
maze8,2,l0,108,0,9.0,I-NTMCP l=0,0.0,EVADER_REACHED_GOAL
maze8,2,l0,108,1,8.0,I-NTMCP l=0,0.0,PURSUER_WIN
maze8,2,l0,108,0,20.0,I-NTMCP l=0,0.0,EVADER_REACHED_GOAL
maze8,2,l0,108,0,12.0,I-NTMCP l=0,0.0,EVADER_REACHED_GOAL
maze8,2,l0,108,0,11.0,I-NTMCP l=0,0.0,EVADER_REACHED_GOAL
maze8,2,l0,108,1,2.0,I-NTMCP l=0,0.0,PURSUER_WIN
maze8,2,l0,108,1,3.0,I-NTMCP l=0,0.0,PURSUER_WIN
maze8,2,l0,108,1,5.0,I-NTMCP l=0,0.0,PURSUER_WIN
maze8,2,l0,108,0,12.0,I-NTMCP l=0,0.0,EVADER_REACHED_GOAL
maze8,2,l0,108,1,8.0,I-NTMCP l=0,0.0,PURSUER_WIN
maze8,2,l0,108,0,11.0,I-NTMCP l=0,0.0,EVADER_REACHED_GOAL
maze8,2,l0,108,1,8.0,I-NTMCP l=0,0.0,PURSUER_WIN
maze8,2,l0,108,1,2.0,I-NTMCP l=0,0.0,PURSUER_WIN
maze8,2,l0,108,0,11.0,I-NTMCP l=0,0.0,EVADER_REACHED_GOAL
maze8,2,l0,108,0,9.0,I-NTMCP l=0,0.0,EVADER_REACHED_GOAL
maze8,2,l0,108,0,9.0,I-NTMCP l=0,0.0,EVADER_REACHED_GOAL
maze8,2,l0,108,1,3.0,I-NTMCP l=0,0.0,PURSUER_WIN
maze8,2,l0,108,1,8.0,I-NTMCP l=0,0.0,PURSUER_WIN
maze8,2,l0,108,0,10.0,I-NTMCP l=0,0.0,EVADER_REACHED_GOAL
maze8,2,l0,108,1,3.0,I-NTMCP l=0,0.0,PURSUER_WIN
maze8,2,l0,108,1,3.0,I-NTMCP l=0,0.0,PURSUER_WIN
maze8,2,l0,108,0,11.0,I-NTMCP l=0,0.0,EVADER_REACHED_GOAL
maze8,2,l0,108,1,1.0,I-NTMCP l=0,0.0,PURSUER_WIN
maze8,2,l0,108,0,11.0,I-NTMCP l=0,0.0,EVADER_REACHED_GOAL
maze8,2,l0,108,0,10.0,I-NTMCP l=0,0.0,EVADER_REACHED_GOAL
maze8,2,l0,108,1,4.0,I-NTMCP l=0,0.0,PURSUER_WIN
maze8,2,l0,108,1,3.0,I-NTMCP l=0,0.0,PURSUER_WIN
maze8,2,l0,108,1,3.0,I-NTMCP l=0,0.0,PURSUER_WIN
maze8,2,l0,108,0,11.0,I-NTMCP l=0,0.0,EVADER_REACHED_GOAL
maze8,2,l0,108,1,2.0,I-NTMCP l=0,0.0,PURSUER_WIN
maze8,2,l0,109,0,12.0,I-NTMCP l=0,0.0,EVADER_REACHED_GOAL
maze8,2,l0,109,0,10.0,I-NTMCP l=0,0.0,EVADER_REACHED_GOAL
maze8,2,l0,109,1,3.0,I-NTMCP l=0,0.0,PURSUER_WIN
maze8,2,l0,109,1,10.0,I-NTMCP l=0,0.0,PURSUER_WIN
maze8,2,l0,109,1,4.0,I-NTMCP l=0,0.0,PURSUER_WIN
maze8,2,l0,109,1,2.0,I-NTMCP l=0,0.0,PURSUER_WIN
maze8,2,l0,109,1,8.0,I-NTMCP l=0,0.0,PURSUER_WIN
maze8,2,l0,109,1,4.0,I-NTMCP l=0,0.0,PURSUER_WIN
maze8,2,l0,109,1,2.0,I-NTMCP l=0,0.0,PURSUER_WIN
maze8,2,l0,109,0,10.0,I-NTMCP l=0,0.0,EVADER_REACHED_GOAL
maze8,2,l0,109,1,3.0,I-NTMCP l=0,0.0,PURSUER_WIN
maze8,2,l0,109,1,3.0,I-NTMCP l=0,0.0,PURSUER_WIN
maze8,2,l0,109,0,11.0,I-NTMCP l=0,0.0,EVADER_REACHED_GOAL
maze8,2,l0,109,0,11.0,I-NTMCP l=0,0.0,EVADER_REACHED_GOAL
maze8,2,l0,109,1,3.0,I-NTMCP l=0,0.0,PURSUER_WIN
maze8,2,l0,109,1,3.0,I-NTMCP l=0,0.0,PURSUER_WIN
maze8,2,l0,109,0,9.0,I-NTMCP l=0,0.0,EVADER_REACHED_GOAL
maze8,2,l0,109,1,3.0,I-NTMCP l=0,0.0,PURSUER_WIN
maze8,2,l0,109,1,3.0,I-NTMCP l=0,0.0,PURSUER_WIN
maze8,2,l0,109,0,12.0,I-NTMCP l=0,0.0,EVADER_REACHED_GOAL
maze8,2,l0,109,0,10.0,I-NTMCP l=0,0.0,EVADER_REACHED_GOAL
maze8,2,l0,109,0,10.0,I-NTMCP l=0,0.0,EVADER_REACHED_GOAL
maze8,2,l0,109,0,13.0,I-NTMCP l=0,0.0,EVADER_REACHED_GOAL
maze8,2,l0,109,1,8.0,I-NTMCP l=0,0.0,PURSUER_WIN
maze8,2,l0,109,1,1.0,I-NTMCP l=0,0.0,PURSUER_WIN
maze8,2,l0,109,0,11.0,I-NTMCP l=0,0.0,EVADER_REACHED_GOAL
maze8,2,l0,109,1,3.0,I-NTMCP l=0,0.0,PURSUER_WIN
maze8,2,l0,109,1,3.0,I-NTMCP l=0,0.0,PURSUER_WIN
maze8,2,l0,109,1,8.0,I-NTMCP l=0,0.0,PURSUER_WIN
maze8,2,l0,109,1,9.0,I-NTMCP l=0,0.0,PURSUER_WIN
maze8,2,l0,109,1,2.0,I-NTMCP l=0,0.0,PURSUER_WIN
maze8,2,l0,109,1,3.0,I-NTMCP l=0,0.0,PURSUER_WIN
maze8,2,l0,109,1,9.0,I-NTMCP l=0,0.0,PURSUER_WIN
maze8,2,l0,109,1,9.0,I-NTMCP l=0,0.0,PURSUER_WIN
maze8,2,l0,109,1,6.0,I-NTMCP l=0,0.0,PURSUER_WIN
maze8,2,l0,109,1,2.0,I-NTMCP l=0,0.0,PURSUER_WIN
maze8,2,l0,109,0,12.0,I-NTMCP l=0,0.0,EVADER_REACHED_GOAL
maze8,2,l0,109,1,3.0,I-NTMCP l=0,0.0,PURSUER_WIN
maze8,2,l0,109,1,3.0,I-NTMCP l=0,0.0,PURSUER_WIN
maze8,2,l0,109,1,3.0,I-NTMCP l=0,0.0,PURSUER_WIN
maze8,2,l0,109,1,3.0,I-NTMCP l=0,0.0,PURSUER_WIN
maze8,2,l0,109,0,10.0,I-NTMCP l=0,0.0,EVADER_REACHED_GOAL
maze8,2,l0,109,1,12.0,I-NTMCP l=0,0.0,PURSUER_WIN
maze8,2,l0,109,1,10.0,I-NTMCP l=0,0.0,PURSUER_WIN
maze8,2,l0,109,1,3.0,I-NTMCP l=0,0.0,PURSUER_WIN
maze8,2,l0,109,1,10.0,I-NTMCP l=0,0.0,PURSUER_WIN
maze8,2,l0,109,0,9.0,I-NTMCP l=0,0.0,EVADER_REACHED_GOAL
maze8,2,l0,109,1,3.0,I-NTMCP l=0,0.0,PURSUER_WIN
maze8,2,l0,109,1,2.0,I-NTMCP l=0,0.0,PURSUER_WIN
maze8,2,l0,109,1,12.0,I-NTMCP l=0,0.0,PURSUER_WIN
maze8,2,l1,100,1,3.0,I-NTMCP l=1,1.0,PURSUER_WIN
maze8,2,l1,100,1,10.0,I-NTMCP l=1,1.0,PURSUER_WIN
maze8,2,l1,100,1,2.0,I-NTMCP l=1,1.0,PURSUER_WIN
maze8,2,l1,100,0,9.0,I-NTMCP l=1,1.0,EVADER_REACHED_GOAL
maze8,2,l1,100,1,9.0,I-NTMCP l=1,1.0,PURSUER_WIN
maze8,2,l1,100,1,2.0,I-NTMCP l=1,1.0,PURSUER_WIN
maze8,2,l1,100,1,9.0,I-NTMCP l=1,1.0,PURSUER_WIN
maze8,2,l1,100,1,3.0,I-NTMCP l=1,1.0,PURSUER_WIN
maze8,2,l1,100,1,10.0,I-NTMCP l=1,1.0,PURSUER_WIN
maze8,2,l1,100,0,11.0,I-NTMCP l=1,1.0,EVADER_REACHED_GOAL
maze8,2,l1,100,0,11.0,I-NTMCP l=1,1.0,EVADER_REACHED_GOAL
maze8,2,l1,100,1,9.0,I-NTMCP l=1,1.0,PURSUER_WIN
maze8,2,l1,100,1,2.0,I-NTMCP l=1,1.0,PURSUER_WIN
maze8,2,l1,100,0,10.0,I-NTMCP l=1,1.0,EVADER_REACHED_GOAL
maze8,2,l1,100,1,10.0,I-NTMCP l=1,1.0,PURSUER_WIN
maze8,2,l1,100,1,8.0,I-NTMCP l=1,1.0,PURSUER_WIN
maze8,2,l1,100,1,3.0,I-NTMCP l=1,1.0,PURSUER_WIN
maze8,2,l1,100,0,11.0,I-NTMCP l=1,1.0,EVADER_REACHED_GOAL
maze8,2,l1,100,0,11.0,I-NTMCP l=1,1.0,EVADER_REACHED_GOAL
maze8,2,l1,100,1,3.0,I-NTMCP l=1,1.0,PURSUER_WIN
maze8,2,l1,100,1,8.0,I-NTMCP l=1,1.0,PURSUER_WIN
maze8,2,l1,100,1,5.0,I-NTMCP l=1,1.0,PURSUER_WIN
maze8,2,l1,100,1,2.0,I-NTMCP l=1,1.0,PURSUER_WIN
maze8,2,l1,100,0,10.0,I-NTMCP l=1,1.0,EVADER_REACHED_GOAL
maze8,2,l1,100,0,11.0,I-NTMCP l=1,1.0,EVADER_REACHED_GOAL
maze8,2,l1,100,0,11.0,I-NTMCP l=1,1.0,EVADER_REACHED_GOAL
maze8,2,l1,100,0,11.0,I-NTMCP l=1,1.0,EVADER_REACHED_GOAL
maze8,2,l1,100,1,3.0,I-NTMCP l=1,1.0,PURSUER_WIN
maze8,2,l1,100,1,3.0,I-NTMCP l=1,1.0,PURSUER_WIN
maze8,2,l1,100,1,9.0,I-NTMCP l=1,1.0,PURSUER_WIN
maze8,2,l1,100,0,10.0,I-NTMCP l=1,1.0,EVADER_REACHED_GOAL
maze8,2,l1,100,0,11.0,I-NTMCP l=1,1.0,EVADER_REACHED_GOAL
maze8,2,l1,100,0,10.0,I-NTMCP l=1,1.0,EVADER_REACHED_GOAL
maze8,2,l1,100,1,3.0,I-NTMCP l=1,1.0,PURSUER_WIN
maze8,2,l1,100,0,11.0,I-NTMCP l=1,1.0,EVADER_REACHED_GOAL
maze8,2,l1,100,0,11.0,I-NTMCP l=1,1.0,EVADER_REACHED_GOAL
maze8,2,l1,100,1,3.0,I-NTMCP l=1,1.0,PURSUER_WIN
maze8,2,l1,100,1,3.0,I-NTMCP l=1,1.0,PURSUER_WIN
maze8,2,l1,100,0,12.0,I-NTMCP l=1,1.0,EVADER_REACHED_GOAL
maze8,2,l1,100,1,3.0,I-NTMCP l=1,1.0,PURSUER_WIN
maze8,2,l1,100,1,3.0,I-NTMCP l=1,1.0,PURSUER_WIN
maze8,2,l1,100,1,8.0,I-NTMCP l=1,1.0,PURSUER_WIN
maze8,2,l1,100,1,3.0,I-NTMCP l=1,1.0,PURSUER_WIN
maze8,2,l1,100,1,3.0,I-NTMCP l=1,1.0,PURSUER_WIN
maze8,2,l1,100,0,9.0,I-NTMCP l=1,1.0,EVADER_REACHED_GOAL
maze8,2,l1,100,1,4.0,I-NTMCP l=1,1.0,PURSUER_WIN
maze8,2,l1,100,1,2.0,I-NTMCP l=1,1.0,PURSUER_WIN
maze8,2,l1,100,0,13.0,I-NTMCP l=1,1.0,EVADER_REACHED_GOAL
maze8,2,l1,100,1,11.0,I-NTMCP l=1,1.0,PURSUER_WIN
maze8,2,l1,100,0,11.0,I-NTMCP l=1,1.0,EVADER_REACHED_GOAL
maze8,2,l1,101,1,2.0,I-NTMCP l=1,1.0,PURSUER_WIN
maze8,2,l1,101,1,2.0,I-NTMCP l=1,1.0,PURSUER_WIN
maze8,2,l1,101,0,12.0,I-NTMCP l=1,1.0,EVADER_REACHED_GOAL
maze8,2,l1,101,1,3.0,I-NTMCP l=1,1.0,PURSUER_WIN
maze8,2,l1,101,1,2.0,I-NTMCP l=1,1.0,PURSUER_WIN
maze8,2,l1,101,1,3.0,I-NTMCP l=1,1.0,PURSUER_WIN
maze8,2,l1,101,1,9.0,I-NTMCP l=1,1.0,PURSUER_WIN
maze8,2,l1,101,1,2.0,I-NTMCP l=1,1.0,PURSUER_WIN
maze8,2,l1,101,1,8.0,I-NTMCP l=1,1.0,PURSUER_WIN
maze8,2,l1,101,1,3.0,I-NTMCP l=1,1.0,PURSUER_WIN
maze8,2,l1,101,1,2.0,I-NTMCP l=1,1.0,PURSUER_WIN
maze8,2,l1,101,1,3.0,I-NTMCP l=1,1.0,PURSUER_WIN
maze8,2,l1,101,1,3.0,I-NTMCP l=1,1.0,PURSUER_WIN
maze8,2,l1,101,1,3.0,I-NTMCP l=1,1.0,PURSUER_WIN
maze8,2,l1,101,1,11.0,I-NTMCP l=1,1.0,PURSUER_WIN
maze8,2,l1,101,1,2.0,I-NTMCP l=1,1.0,PURSUER_WIN
maze8,2,l1,101,0,9.0,I-NTMCP l=1,1.0,EVADER_REACHED_GOAL
maze8,2,l1,101,1,8.0,I-NTMCP l=1,1.0,PURSUER_WIN
maze8,2,l1,101,1,10.0,I-NTMCP l=1,1.0,PURSUER_WIN
maze8,2,l1,101,1,8.0,I-NTMCP l=1,1.0,PURSUER_WIN
maze8,2,l1,101,1,3.0,I-NTMCP l=1,1.0,PURSUER_WIN
maze8,2,l1,101,1,9.0,I-NTMCP l=1,1.0,PURSUER_WIN
maze8,2,l1,101,0,13.0,I-NTMCP l=1,1.0,EVADER_REACHED_GOAL
maze8,2,l1,101,1,2.0,I-NTMCP l=1,1.0,PURSUER_WIN
maze8,2,l1,101,1,10.0,I-NTMCP l=1,1.0,PURSUER_WIN
maze8,2,l1,101,1,10.0,I-NTMCP l=1,1.0,PURSUER_WIN
maze8,2,l1,101,1,10.0,I-NTMCP l=1,1.0,PURSUER_WIN
maze8,2,l1,101,1,2.0,I-NTMCP l=1,1.0,PURSUER_WIN
maze8,2,l1,101,1,3.0,I-NTMCP l=1,1.0,PURSUER_WIN
maze8,2,l1,101,1,2.0,I-NTMCP l=1,1.0,PURSUER_WIN
maze8,2,l1,101,1,2.0,I-NTMCP l=1,1.0,PURSUER_WIN
maze8,2,l1,101,0,11.0,I-NTMCP l=1,1.0,EVADER_REACHED_GOAL
maze8,2,l1,101,1,3.0,I-NTMCP l=1,1.0,PURSUER_WIN
maze8,2,l1,101,1,2.0,I-NTMCP l=1,1.0,PURSUER_WIN
maze8,2,l1,101,1,2.0,I-NTMCP l=1,1.0,PURSUER_WIN
maze8,2,l1,101,1,4.0,I-NTMCP l=1,1.0,PURSUER_WIN
maze8,2,l1,101,1,9.0,I-NTMCP l=1,1.0,PURSUER_WIN
maze8,2,l1,101,1,3.0,I-NTMCP l=1,1.0,PURSUER_WIN
maze8,2,l1,101,1,3.0,I-NTMCP l=1,1.0,PURSUER_WIN
maze8,2,l1,101,0,12.0,I-NTMCP l=1,1.0,EVADER_REACHED_GOAL
maze8,2,l1,101,1,3.0,I-NTMCP l=1,1.0,PURSUER_WIN
maze8,2,l1,101,1,2.0,I-NTMCP l=1,1.0,PURSUER_WIN
maze8,2,l1,101,1,5.0,I-NTMCP l=1,1.0,PURSUER_WIN
maze8,2,l1,101,1,11.0,I-NTMCP l=1,1.0,PURSUER_WIN
maze8,2,l1,101,1,2.0,I-NTMCP l=1,1.0,PURSUER_WIN
maze8,2,l1,101,1,3.0,I-NTMCP l=1,1.0,PURSUER_WIN
maze8,2,l1,101,1,8.0,I-NTMCP l=1,1.0,PURSUER_WIN
maze8,2,l1,101,1,3.0,I-NTMCP l=1,1.0,PURSUER_WIN
maze8,2,l1,101,1,3.0,I-NTMCP l=1,1.0,PURSUER_WIN
maze8,2,l1,101,0,13.0,I-NTMCP l=1,1.0,EVADER_REACHED_GOAL
maze8,2,l1,102,0,13.0,I-NTMCP l=1,1.0,EVADER_REACHED_GOAL
maze8,2,l1,102,1,3.0,I-NTMCP l=1,1.0,PURSUER_WIN
maze8,2,l1,102,1,3.0,I-NTMCP l=1,1.0,PURSUER_WIN
maze8,2,l1,102,1,3.0,I-NTMCP l=1,1.0,PURSUER_WIN
maze8,2,l1,102,1,3.0,I-NTMCP l=1,1.0,PURSUER_WIN
maze8,2,l1,102,1,3.0,I-NTMCP l=1,1.0,PURSUER_WIN
maze8,2,l1,102,1,3.0,I-NTMCP l=1,1.0,PURSUER_WIN
maze8,2,l1,102,1,3.0,I-NTMCP l=1,1.0,PURSUER_WIN
maze8,2,l1,102,0,12.0,I-NTMCP l=1,1.0,EVADER_REACHED_GOAL
maze8,2,l1,102,0,10.0,I-NTMCP l=1,1.0,EVADER_REACHED_GOAL
maze8,2,l1,102,0,11.0,I-NTMCP l=1,1.0,EVADER_REACHED_GOAL
maze8,2,l1,102,1,10.0,I-NTMCP l=1,1.0,PURSUER_WIN
maze8,2,l1,102,0,9.0,I-NTMCP l=1,1.0,EVADER_REACHED_GOAL
maze8,2,l1,102,1,7.0,I-NTMCP l=1,1.0,PURSUER_WIN
maze8,2,l1,102,1,10.0,I-NTMCP l=1,1.0,PURSUER_WIN
maze8,2,l1,102,1,10.0,I-NTMCP l=1,1.0,PURSUER_WIN
maze8,2,l1,102,1,8.0,I-NTMCP l=1,1.0,PURSUER_WIN
maze8,2,l1,102,0,10.0,I-NTMCP l=1,1.0,EVADER_REACHED_GOAL
maze8,2,l1,102,1,3.0,I-NTMCP l=1,1.0,PURSUER_WIN
maze8,2,l1,102,1,4.0,I-NTMCP l=1,1.0,PURSUER_WIN
maze8,2,l1,102,1,2.0,I-NTMCP l=1,1.0,PURSUER_WIN
maze8,2,l1,102,0,10.0,I-NTMCP l=1,1.0,EVADER_REACHED_GOAL
maze8,2,l1,102,1,9.0,I-NTMCP l=1,1.0,PURSUER_WIN
maze8,2,l1,102,1,8.0,I-NTMCP l=1,1.0,PURSUER_WIN
maze8,2,l1,102,1,8.0,I-NTMCP l=1,1.0,PURSUER_WIN
maze8,2,l1,102,1,3.0,I-NTMCP l=1,1.0,PURSUER_WIN
maze8,2,l1,102,0,11.0,I-NTMCP l=1,1.0,EVADER_REACHED_GOAL
maze8,2,l1,102,0,11.0,I-NTMCP l=1,1.0,EVADER_REACHED_GOAL
maze8,2,l1,102,0,9.0,I-NTMCP l=1,1.0,EVADER_REACHED_GOAL
maze8,2,l1,102,0,12.0,I-NTMCP l=1,1.0,EVADER_REACHED_GOAL
maze8,2,l1,102,0,11.0,I-NTMCP l=1,1.0,EVADER_REACHED_GOAL
maze8,2,l1,102,1,11.0,I-NTMCP l=1,1.0,PURSUER_WIN
maze8,2,l1,102,1,8.0,I-NTMCP l=1,1.0,PURSUER_WIN
maze8,2,l1,102,1,2.0,I-NTMCP l=1,1.0,PURSUER_WIN
maze8,2,l1,102,0,11.0,I-NTMCP l=1,1.0,EVADER_REACHED_GOAL
maze8,2,l1,102,1,2.0,I-NTMCP l=1,1.0,PURSUER_WIN
maze8,2,l1,102,1,9.0,I-NTMCP l=1,1.0,PURSUER_WIN
maze8,2,l1,102,1,8.0,I-NTMCP l=1,1.0,PURSUER_WIN
maze8,2,l1,102,0,9.0,I-NTMCP l=1,1.0,EVADER_REACHED_GOAL
maze8,2,l1,102,1,8.0,I-NTMCP l=1,1.0,PURSUER_WIN
maze8,2,l1,102,1,11.0,I-NTMCP l=1,1.0,PURSUER_WIN
maze8,2,l1,102,1,4.0,I-NTMCP l=1,1.0,PURSUER_WIN
maze8,2,l1,102,1,3.0,I-NTMCP l=1,1.0,PURSUER_WIN
maze8,2,l1,102,0,13.0,I-NTMCP l=1,1.0,EVADER_REACHED_GOAL
maze8,2,l1,102,1,4.0,I-NTMCP l=1,1.0,PURSUER_WIN
maze8,2,l1,102,0,12.0,I-NTMCP l=1,1.0,EVADER_REACHED_GOAL
maze8,2,l1,102,1,8.0,I-NTMCP l=1,1.0,PURSUER_WIN
maze8,2,l1,102,0,11.0,I-NTMCP l=1,1.0,EVADER_REACHED_GOAL
maze8,2,l1,102,1,6.0,I-NTMCP l=1,1.0,PURSUER_WIN
maze8,2,l1,102,1,4.0,I-NTMCP l=1,1.0,PURSUER_WIN
maze8,2,l1,103,1,8.0,I-NTMCP l=1,1.0,PURSUER_WIN
maze8,2,l1,103,1,3.0,I-NTMCP l=1,1.0,PURSUER_WIN
maze8,2,l1,103,1,3.0,I-NTMCP l=1,1.0,PURSUER_WIN
maze8,2,l1,103,0,11.0,I-NTMCP l=1,1.0,EVADER_REACHED_GOAL
maze8,2,l1,103,1,3.0,I-NTMCP l=1,1.0,PURSUER_WIN
maze8,2,l1,103,1,3.0,I-NTMCP l=1,1.0,PURSUER_WIN
maze8,2,l1,103,1,8.0,I-NTMCP l=1,1.0,PURSUER_WIN
maze8,2,l1,103,1,2.0,I-NTMCP l=1,1.0,PURSUER_WIN
maze8,2,l1,103,1,2.0,I-NTMCP l=1,1.0,PURSUER_WIN
maze8,2,l1,103,1,2.0,I-NTMCP l=1,1.0,PURSUER_WIN
maze8,2,l1,103,1,8.0,I-NTMCP l=1,1.0,PURSUER_WIN
maze8,2,l1,103,1,8.0,I-NTMCP l=1,1.0,PURSUER_WIN
maze8,2,l1,103,1,3.0,I-NTMCP l=1,1.0,PURSUER_WIN
maze8,2,l1,103,1,9.0,I-NTMCP l=1,1.0,PURSUER_WIN
maze8,2,l1,103,1,8.0,I-NTMCP l=1,1.0,PURSUER_WIN
maze8,2,l1,103,1,8.0,I-NTMCP l=1,1.0,PURSUER_WIN
maze8,2,l1,103,0,11.0,I-NTMCP l=1,1.0,EVADER_REACHED_GOAL
maze8,2,l1,103,1,8.0,I-NTMCP l=1,1.0,PURSUER_WIN
maze8,2,l1,103,1,4.0,I-NTMCP l=1,1.0,PURSUER_WIN
maze8,2,l1,103,1,3.0,I-NTMCP l=1,1.0,PURSUER_WIN
maze8,2,l1,103,1,8.0,I-NTMCP l=1,1.0,PURSUER_WIN
maze8,2,l1,103,1,3.0,I-NTMCP l=1,1.0,PURSUER_WIN
maze8,2,l1,103,1,2.0,I-NTMCP l=1,1.0,PURSUER_WIN
maze8,2,l1,103,1,3.0,I-NTMCP l=1,1.0,PURSUER_WIN
maze8,2,l1,103,1,8.0,I-NTMCP l=1,1.0,PURSUER_WIN
maze8,2,l1,103,1,8.0,I-NTMCP l=1,1.0,PURSUER_WIN
maze8,2,l1,103,1,8.0,I-NTMCP l=1,1.0,PURSUER_WIN
maze8,2,l1,103,1,3.0,I-NTMCP l=1,1.0,PURSUER_WIN
maze8,2,l1,103,1,3.0,I-NTMCP l=1,1.0,PURSUER_WIN
maze8,2,l1,103,0,11.0,I-NTMCP l=1,1.0,EVADER_REACHED_GOAL
maze8,2,l1,103,1,8.0,I-NTMCP l=1,1.0,PURSUER_WIN
maze8,2,l1,103,0,13.0,I-NTMCP l=1,1.0,EVADER_REACHED_GOAL
maze8,2,l1,103,0,12.0,I-NTMCP l=1,1.0,EVADER_REACHED_GOAL
maze8,2,l1,103,1,3.0,I-NTMCP l=1,1.0,PURSUER_WIN
maze8,2,l1,103,1,2.0,I-NTMCP l=1,1.0,PURSUER_WIN
maze8,2,l1,103,1,3.0,I-NTMCP l=1,1.0,PURSUER_WIN
maze8,2,l1,103,1,8.0,I-NTMCP l=1,1.0,PURSUER_WIN
maze8,2,l1,103,1,3.0,I-NTMCP l=1,1.0,PURSUER_WIN
maze8,2,l1,103,1,4.0,I-NTMCP l=1,1.0,PURSUER_WIN
maze8,2,l1,103,1,8.0,I-NTMCP l=1,1.0,PURSUER_WIN
maze8,2,l1,103,1,3.0,I-NTMCP l=1,1.0,PURSUER_WIN
maze8,2,l1,103,1,3.0,I-NTMCP l=1,1.0,PURSUER_WIN
maze8,2,l1,103,1,4.0,I-NTMCP l=1,1.0,PURSUER_WIN
maze8,2,l1,103,1,2.0,I-NTMCP l=1,1.0,PURSUER_WIN
maze8,2,l1,103,1,4.0,I-NTMCP l=1,1.0,PURSUER_WIN
maze8,2,l1,103,1,3.0,I-NTMCP l=1,1.0,PURSUER_WIN
maze8,2,l1,103,1,8.0,I-NTMCP l=1,1.0,PURSUER_WIN
maze8,2,l1,103,0,13.0,I-NTMCP l=1,1.0,EVADER_REACHED_GOAL
maze8,2,l1,103,1,3.0,I-NTMCP l=1,1.0,PURSUER_WIN
maze8,2,l1,103,1,3.0,I-NTMCP l=1,1.0,PURSUER_WIN
maze8,2,l1,104,1,8.0,I-NTMCP l=1,1.0,PURSUER_WIN
maze8,2,l1,104,1,3.0,I-NTMCP l=1,1.0,PURSUER_WIN
maze8,2,l1,104,1,3.0,I-NTMCP l=1,1.0,PURSUER_WIN
maze8,2,l1,104,1,10.0,I-NTMCP l=1,1.0,PURSUER_WIN
maze8,2,l1,104,1,3.0,I-NTMCP l=1,1.0,PURSUER_WIN
maze8,2,l1,104,1,2.0,I-NTMCP l=1,1.0,PURSUER_WIN
maze8,2,l1,104,1,3.0,I-NTMCP l=1,1.0,PURSUER_WIN
maze8,2,l1,104,1,3.0,I-NTMCP l=1,1.0,PURSUER_WIN
maze8,2,l1,104,1,6.0,I-NTMCP l=1,1.0,PURSUER_WIN
maze8,2,l1,104,1,4.0,I-NTMCP l=1,1.0,PURSUER_WIN
maze8,2,l1,104,1,4.0,I-NTMCP l=1,1.0,PURSUER_WIN
maze8,2,l1,104,0,9.0,I-NTMCP l=1,1.0,EVADER_REACHED_GOAL
maze8,2,l1,104,1,10.0,I-NTMCP l=1,1.0,PURSUER_WIN
maze8,2,l1,104,1,3.0,I-NTMCP l=1,1.0,PURSUER_WIN
maze8,2,l1,104,1,10.0,I-NTMCP l=1,1.0,PURSUER_WIN
maze8,2,l1,104,1,3.0,I-NTMCP l=1,1.0,PURSUER_WIN
maze8,2,l1,104,0,11.0,I-NTMCP l=1,1.0,EVADER_REACHED_GOAL
maze8,2,l1,104,1,3.0,I-NTMCP l=1,1.0,PURSUER_WIN
maze8,2,l1,104,1,6.0,I-NTMCP l=1,1.0,PURSUER_WIN
maze8,2,l1,104,1,3.0,I-NTMCP l=1,1.0,PURSUER_WIN
maze8,2,l1,104,0,12.0,I-NTMCP l=1,1.0,EVADER_REACHED_GOAL
maze8,2,l1,104,1,3.0,I-NTMCP l=1,1.0,PURSUER_WIN
maze8,2,l1,104,1,8.0,I-NTMCP l=1,1.0,PURSUER_WIN
maze8,2,l1,104,1,4.0,I-NTMCP l=1,1.0,PURSUER_WIN
maze8,2,l1,104,1,2.0,I-NTMCP l=1,1.0,PURSUER_WIN
maze8,2,l1,104,1,9.0,I-NTMCP l=1,1.0,PURSUER_WIN
maze8,2,l1,104,1,4.0,I-NTMCP l=1,1.0,PURSUER_WIN
maze8,2,l1,104,1,3.0,I-NTMCP l=1,1.0,PURSUER_WIN
maze8,2,l1,104,1,3.0,I-NTMCP l=1,1.0,PURSUER_WIN
maze8,2,l1,104,1,8.0,I-NTMCP l=1,1.0,PURSUER_WIN
maze8,2,l1,104,1,3.0,I-NTMCP l=1,1.0,PURSUER_WIN
maze8,2,l1,104,1,3.0,I-NTMCP l=1,1.0,PURSUER_WIN
maze8,2,l1,104,1,3.0,I-NTMCP l=1,1.0,PURSUER_WIN
maze8,2,l1,104,0,11.0,I-NTMCP l=1,1.0,EVADER_REACHED_GOAL
maze8,2,l1,104,1,8.0,I-NTMCP l=1,1.0,PURSUER_WIN
maze8,2,l1,104,1,8.0,I-NTMCP l=1,1.0,PURSUER_WIN
maze8,2,l1,104,1,8.0,I-NTMCP l=1,1.0,PURSUER_WIN
maze8,2,l1,104,0,10.0,I-NTMCP l=1,1.0,EVADER_REACHED_GOAL
maze8,2,l1,104,0,9.0,I-NTMCP l=1,1.0,EVADER_REACHED_GOAL
maze8,2,l1,104,1,3.0,I-NTMCP l=1,1.0,PURSUER_WIN
maze8,2,l1,104,1,10.0,I-NTMCP l=1,1.0,PURSUER_WIN
maze8,2,l1,104,1,5.0,I-NTMCP l=1,1.0,PURSUER_WIN
maze8,2,l1,104,0,11.0,I-NTMCP l=1,1.0,EVADER_REACHED_GOAL
maze8,2,l1,104,1,3.0,I-NTMCP l=1,1.0,PURSUER_WIN
maze8,2,l1,104,1,6.0,I-NTMCP l=1,1.0,PURSUER_WIN
maze8,2,l1,104,1,8.0,I-NTMCP l=1,1.0,PURSUER_WIN
maze8,2,l1,104,0,11.0,I-NTMCP l=1,1.0,EVADER_REACHED_GOAL
maze8,2,l1,104,1,10.0,I-NTMCP l=1,1.0,PURSUER_WIN
maze8,2,l1,104,1,10.0,I-NTMCP l=1,1.0,PURSUER_WIN
maze8,2,l1,104,1,9.0,I-NTMCP l=1,1.0,PURSUER_WIN
maze8,2,l1,105,1,11.0,I-NTMCP l=1,1.0,PURSUER_WIN
maze8,2,l1,105,1,2.0,I-NTMCP l=1,1.0,PURSUER_WIN
maze8,2,l1,105,1,3.0,I-NTMCP l=1,1.0,PURSUER_WIN
maze8,2,l1,105,1,3.0,I-NTMCP l=1,1.0,PURSUER_WIN
maze8,2,l1,105,0,12.0,I-NTMCP l=1,1.0,EVADER_REACHED_GOAL
maze8,2,l1,105,1,3.0,I-NTMCP l=1,1.0,PURSUER_WIN
maze8,2,l1,105,1,3.0,I-NTMCP l=1,1.0,PURSUER_WIN
maze8,2,l1,105,0,11.0,I-NTMCP l=1,1.0,EVADER_REACHED_GOAL
maze8,2,l1,105,1,3.0,I-NTMCP l=1,1.0,PURSUER_WIN
maze8,2,l1,105,1,8.0,I-NTMCP l=1,1.0,PURSUER_WIN
maze8,2,l1,105,0,11.0,I-NTMCP l=1,1.0,EVADER_REACHED_GOAL
maze8,2,l1,105,1,3.0,I-NTMCP l=1,1.0,PURSUER_WIN
maze8,2,l1,105,1,10.0,I-NTMCP l=1,1.0,PURSUER_WIN
maze8,2,l1,105,1,8.0,I-NTMCP l=1,1.0,PURSUER_WIN
maze8,2,l1,105,1,9.0,I-NTMCP l=1,1.0,PURSUER_WIN
maze8,2,l1,105,1,8.0,I-NTMCP l=1,1.0,PURSUER_WIN
maze8,2,l1,105,1,5.0,I-NTMCP l=1,1.0,PURSUER_WIN
maze8,2,l1,105,1,3.0,I-NTMCP l=1,1.0,PURSUER_WIN
maze8,2,l1,105,1,8.0,I-NTMCP l=1,1.0,PURSUER_WIN
maze8,2,l1,105,1,9.0,I-NTMCP l=1,1.0,PURSUER_WIN
maze8,2,l1,105,1,3.0,I-NTMCP l=1,1.0,PURSUER_WIN
maze8,2,l1,105,0,12.0,I-NTMCP l=1,1.0,EVADER_REACHED_GOAL
maze8,2,l1,105,1,3.0,I-NTMCP l=1,1.0,PURSUER_WIN
maze8,2,l1,105,1,4.0,I-NTMCP l=1,1.0,PURSUER_WIN
maze8,2,l1,105,1,8.0,I-NTMCP l=1,1.0,PURSUER_WIN
maze8,2,l1,105,0,11.0,I-NTMCP l=1,1.0,EVADER_REACHED_GOAL
maze8,2,l1,105,0,9.0,I-NTMCP l=1,1.0,EVADER_REACHED_GOAL
maze8,2,l1,105,1,3.0,I-NTMCP l=1,1.0,PURSUER_WIN
maze8,2,l1,105,1,3.0,I-NTMCP l=1,1.0,PURSUER_WIN
maze8,2,l1,105,0,11.0,I-NTMCP l=1,1.0,EVADER_REACHED_GOAL
maze8,2,l1,105,1,16.0,I-NTMCP l=1,1.0,PURSUER_WIN
maze8,2,l1,105,1,3.0,I-NTMCP l=1,1.0,PURSUER_WIN
maze8,2,l1,105,1,3.0,I-NTMCP l=1,1.0,PURSUER_WIN
maze8,2,l1,105,1,3.0,I-NTMCP l=1,1.0,PURSUER_WIN
maze8,2,l1,105,1,3.0,I-NTMCP l=1,1.0,PURSUER_WIN
maze8,2,l1,105,1,8.0,I-NTMCP l=1,1.0,PURSUER_WIN
maze8,2,l1,105,1,3.0,I-NTMCP l=1,1.0,PURSUER_WIN
maze8,2,l1,105,1,3.0,I-NTMCP l=1,1.0,PURSUER_WIN
maze8,2,l1,105,0,13.0,I-NTMCP l=1,1.0,EVADER_REACHED_GOAL
maze8,2,l1,105,0,12.0,I-NTMCP l=1,1.0,EVADER_REACHED_GOAL
maze8,2,l1,105,0,11.0,I-NTMCP l=1,1.0,EVADER_REACHED_GOAL
maze8,2,l1,105,1,3.0,I-NTMCP l=1,1.0,PURSUER_WIN
maze8,2,l1,105,0,12.0,I-NTMCP l=1,1.0,EVADER_REACHED_GOAL
maze8,2,l1,105,1,4.0,I-NTMCP l=1,1.0,PURSUER_WIN
maze8,2,l1,105,1,2.0,I-NTMCP l=1,1.0,PURSUER_WIN
maze8,2,l1,105,1,3.0,I-NTMCP l=1,1.0,PURSUER_WIN
maze8,2,l1,105,0,10.0,I-NTMCP l=1,1.0,EVADER_REACHED_GOAL
maze8,2,l1,105,0,11.0,I-NTMCP l=1,1.0,EVADER_REACHED_GOAL
maze8,2,l1,105,1,3.0,I-NTMCP l=1,1.0,PURSUER_WIN
maze8,2,l1,105,1,2.0,I-NTMCP l=1,1.0,PURSUER_WIN
maze8,2,l1,106,0,11.0,I-NTMCP l=1,1.0,EVADER_REACHED_GOAL
maze8,2,l1,106,1,4.0,I-NTMCP l=1,1.0,PURSUER_WIN
maze8,2,l1,106,1,3.0,I-NTMCP l=1,1.0,PURSUER_WIN
maze8,2,l1,106,1,3.0,I-NTMCP l=1,1.0,PURSUER_WIN
maze8,2,l1,106,1,2.0,I-NTMCP l=1,1.0,PURSUER_WIN
maze8,2,l1,106,1,14.0,I-NTMCP l=1,1.0,PURSUER_WIN
maze8,2,l1,106,1,8.0,I-NTMCP l=1,1.0,PURSUER_WIN
maze8,2,l1,106,1,3.0,I-NTMCP l=1,1.0,PURSUER_WIN
maze8,2,l1,106,1,3.0,I-NTMCP l=1,1.0,PURSUER_WIN
maze8,2,l1,106,1,2.0,I-NTMCP l=1,1.0,PURSUER_WIN
maze8,2,l1,106,1,8.0,I-NTMCP l=1,1.0,PURSUER_WIN
maze8,2,l1,106,1,3.0,I-NTMCP l=1,1.0,PURSUER_WIN
maze8,2,l1,106,0,9.0,I-NTMCP l=1,1.0,EVADER_REACHED_GOAL
maze8,2,l1,106,1,3.0,I-NTMCP l=1,1.0,PURSUER_WIN
maze8,2,l1,106,1,3.0,I-NTMCP l=1,1.0,PURSUER_WIN
maze8,2,l1,106,1,5.0,I-NTMCP l=1,1.0,PURSUER_WIN
maze8,2,l1,106,1,3.0,I-NTMCP l=1,1.0,PURSUER_WIN
maze8,2,l1,106,0,11.0,I-NTMCP l=1,1.0,EVADER_REACHED_GOAL
maze8,2,l1,106,1,3.0,I-NTMCP l=1,1.0,PURSUER_WIN
maze8,2,l1,106,1,3.0,I-NTMCP l=1,1.0,PURSUER_WIN
maze8,2,l1,106,0,11.0,I-NTMCP l=1,1.0,EVADER_REACHED_GOAL
maze8,2,l1,106,1,8.0,I-NTMCP l=1,1.0,PURSUER_WIN
maze8,2,l1,106,1,8.0,I-NTMCP l=1,1.0,PURSUER_WIN
maze8,2,l1,106,1,3.0,I-NTMCP l=1,1.0,PURSUER_WIN
maze8,2,l1,106,1,3.0,I-NTMCP l=1,1.0,PURSUER_WIN
maze8,2,l1,106,1,8.0,I-NTMCP l=1,1.0,PURSUER_WIN
maze8,2,l1,106,1,3.0,I-NTMCP l=1,1.0,PURSUER_WIN
maze8,2,l1,106,0,11.0,I-NTMCP l=1,1.0,EVADER_REACHED_GOAL
maze8,2,l1,106,1,3.0,I-NTMCP l=1,1.0,PURSUER_WIN
maze8,2,l1,106,1,3.0,I-NTMCP l=1,1.0,PURSUER_WIN
maze8,2,l1,106,1,3.0,I-NTMCP l=1,1.0,PURSUER_WIN
maze8,2,l1,106,1,3.0,I-NTMCP l=1,1.0,PURSUER_WIN
maze8,2,l1,106,1,4.0,I-NTMCP l=1,1.0,PURSUER_WIN
maze8,2,l1,106,0,13.0,I-NTMCP l=1,1.0,EVADER_REACHED_GOAL
maze8,2,l1,106,1,10.0,I-NTMCP l=1,1.0,PURSUER_WIN
maze8,2,l1,106,0,10.0,I-NTMCP l=1,1.0,EVADER_REACHED_GOAL
maze8,2,l1,106,0,20.0,I-NTMCP l=1,1.0,EVADER_REACHED_GOAL
maze8,2,l1,106,1,4.0,I-NTMCP l=1,1.0,PURSUER_WIN
maze8,2,l1,106,1,2.0,I-NTMCP l=1,1.0,PURSUER_WIN
maze8,2,l1,106,0,11.0,I-NTMCP l=1,1.0,EVADER_REACHED_GOAL
maze8,2,l1,106,1,2.0,I-NTMCP l=1,1.0,PURSUER_WIN
maze8,2,l1,106,1,4.0,I-NTMCP l=1,1.0,PURSUER_WIN
maze8,2,l1,106,1,10.0,I-NTMCP l=1,1.0,PURSUER_WIN
maze8,2,l1,106,1,3.0,I-NTMCP l=1,1.0,PURSUER_WIN
maze8,2,l1,106,1,8.0,I-NTMCP l=1,1.0,PURSUER_WIN
maze8,2,l1,106,1,8.0,I-NTMCP l=1,1.0,PURSUER_WIN
maze8,2,l1,106,1,9.0,I-NTMCP l=1,1.0,PURSUER_WIN
maze8,2,l1,106,0,12.0,I-NTMCP l=1,1.0,EVADER_REACHED_GOAL
maze8,2,l1,106,0,12.0,I-NTMCP l=1,1.0,EVADER_REACHED_GOAL
maze8,2,l1,106,0,11.0,I-NTMCP l=1,1.0,EVADER_REACHED_GOAL
maze8,2,l1,107,0,11.0,I-NTMCP l=1,1.0,EVADER_REACHED_GOAL
maze8,2,l1,107,0,10.0,I-NTMCP l=1,1.0,EVADER_REACHED_GOAL
maze8,2,l1,107,1,4.0,I-NTMCP l=1,1.0,PURSUER_WIN
maze8,2,l1,107,1,3.0,I-NTMCP l=1,1.0,PURSUER_WIN
maze8,2,l1,107,0,11.0,I-NTMCP l=1,1.0,EVADER_REACHED_GOAL
maze8,2,l1,107,1,2.0,I-NTMCP l=1,1.0,PURSUER_WIN
maze8,2,l1,107,1,4.0,I-NTMCP l=1,1.0,PURSUER_WIN
maze8,2,l1,107,0,11.0,I-NTMCP l=1,1.0,EVADER_REACHED_GOAL
maze8,2,l1,107,1,2.0,I-NTMCP l=1,1.0,PURSUER_WIN
maze8,2,l1,107,1,10.0,I-NTMCP l=1,1.0,PURSUER_WIN
maze8,2,l1,107,1,8.0,I-NTMCP l=1,1.0,PURSUER_WIN
maze8,2,l1,107,1,3.0,I-NTMCP l=1,1.0,PURSUER_WIN
maze8,2,l1,107,1,8.0,I-NTMCP l=1,1.0,PURSUER_WIN
maze8,2,l1,107,1,4.0,I-NTMCP l=1,1.0,PURSUER_WIN
maze8,2,l1,107,0,13.0,I-NTMCP l=1,1.0,EVADER_REACHED_GOAL
maze8,2,l1,107,1,3.0,I-NTMCP l=1,1.0,PURSUER_WIN
maze8,2,l1,107,0,11.0,I-NTMCP l=1,1.0,EVADER_REACHED_GOAL
maze8,2,l1,107,1,13.0,I-NTMCP l=1,1.0,PURSUER_WIN
maze8,2,l1,107,1,10.0,I-NTMCP l=1,1.0,PURSUER_WIN
maze8,2,l1,107,1,8.0,I-NTMCP l=1,1.0,PURSUER_WIN
maze8,2,l1,107,1,3.0,I-NTMCP l=1,1.0,PURSUER_WIN
maze8,2,l1,107,1,10.0,I-NTMCP l=1,1.0,PURSUER_WIN
maze8,2,l1,107,1,8.0,I-NTMCP l=1,1.0,PURSUER_WIN
maze8,2,l1,107,1,2.0,I-NTMCP l=1,1.0,PURSUER_WIN
maze8,2,l1,107,1,8.0,I-NTMCP l=1,1.0,PURSUER_WIN
maze8,2,l1,107,1,4.0,I-NTMCP l=1,1.0,PURSUER_WIN
maze8,2,l1,107,0,11.0,I-NTMCP l=1,1.0,EVADER_REACHED_GOAL
maze8,2,l1,107,1,5.0,I-NTMCP l=1,1.0,PURSUER_WIN
maze8,2,l1,107,1,3.0,I-NTMCP l=1,1.0,PURSUER_WIN
maze8,2,l1,107,1,3.0,I-NTMCP l=1,1.0,PURSUER_WIN
maze8,2,l1,107,1,4.0,I-NTMCP l=1,1.0,PURSUER_WIN
maze8,2,l1,107,1,3.0,I-NTMCP l=1,1.0,PURSUER_WIN
maze8,2,l1,107,1,3.0,I-NTMCP l=1,1.0,PURSUER_WIN
maze8,2,l1,107,1,12.0,I-NTMCP l=1,1.0,PURSUER_WIN
maze8,2,l1,107,1,10.0,I-NTMCP l=1,1.0,PURSUER_WIN
maze8,2,l1,107,0,11.0,I-NTMCP l=1,1.0,EVADER_REACHED_GOAL
maze8,2,l1,107,0,13.0,I-NTMCP l=1,1.0,EVADER_REACHED_GOAL
maze8,2,l1,107,1,3.0,I-NTMCP l=1,1.0,PURSUER_WIN
maze8,2,l1,107,0,11.0,I-NTMCP l=1,1.0,EVADER_REACHED_GOAL
maze8,2,l1,107,1,9.0,I-NTMCP l=1,1.0,PURSUER_WIN
maze8,2,l1,107,0,11.0,I-NTMCP l=1,1.0,EVADER_REACHED_GOAL
maze8,2,l1,107,1,2.0,I-NTMCP l=1,1.0,PURSUER_WIN
maze8,2,l1,107,1,4.0,I-NTMCP l=1,1.0,PURSUER_WIN
maze8,2,l1,107,0,12.0,I-NTMCP l=1,1.0,EVADER_REACHED_GOAL
maze8,2,l1,107,1,3.0,I-NTMCP l=1,1.0,PURSUER_WIN
maze8,2,l1,107,1,5.0,I-NTMCP l=1,1.0,PURSUER_WIN
maze8,2,l1,107,1,3.0,I-NTMCP l=1,1.0,PURSUER_WIN
maze8,2,l1,107,1,11.0,I-NTMCP l=1,1.0,PURSUER_WIN
maze8,2,l1,107,1,9.0,I-NTMCP l=1,1.0,PURSUER_WIN
maze8,2,l1,107,1,8.0,I-NTMCP l=1,1.0,PURSUER_WIN
maze8,2,l1,108,1,3.0,I-NTMCP l=1,1.0,PURSUER_WIN
maze8,2,l1,108,0,9.0,I-NTMCP l=1,1.0,EVADER_REACHED_GOAL
maze8,2,l1,108,1,3.0,I-NTMCP l=1,1.0,PURSUER_WIN
maze8,2,l1,108,1,8.0,I-NTMCP l=1,1.0,PURSUER_WIN
maze8,2,l1,108,1,6.0,I-NTMCP l=1,1.0,PURSUER_WIN
maze8,2,l1,108,1,3.0,I-NTMCP l=1,1.0,PURSUER_WIN
maze8,2,l1,108,1,3.0,I-NTMCP l=1,1.0,PURSUER_WIN
maze8,2,l1,108,1,3.0,I-NTMCP l=1,1.0,PURSUER_WIN
maze8,2,l1,108,1,8.0,I-NTMCP l=1,1.0,PURSUER_WIN
maze8,2,l1,108,1,3.0,I-NTMCP l=1,1.0,PURSUER_WIN
maze8,2,l1,108,1,2.0,I-NTMCP l=1,1.0,PURSUER_WIN
maze8,2,l1,108,1,5.0,I-NTMCP l=1,1.0,PURSUER_WIN
maze8,2,l1,108,1,3.0,I-NTMCP l=1,1.0,PURSUER_WIN
maze8,2,l1,108,1,3.0,I-NTMCP l=1,1.0,PURSUER_WIN
maze8,2,l1,108,1,9.0,I-NTMCP l=1,1.0,PURSUER_WIN
maze8,2,l1,108,1,9.0,I-NTMCP l=1,1.0,PURSUER_WIN
maze8,2,l1,108,1,3.0,I-NTMCP l=1,1.0,PURSUER_WIN
maze8,2,l1,108,1,3.0,I-NTMCP l=1,1.0,PURSUER_WIN
maze8,2,l1,108,1,4.0,I-NTMCP l=1,1.0,PURSUER_WIN
maze8,2,l1,108,0,9.0,I-NTMCP l=1,1.0,EVADER_REACHED_GOAL
maze8,2,l1,108,1,3.0,I-NTMCP l=1,1.0,PURSUER_WIN
maze8,2,l1,108,0,9.0,I-NTMCP l=1,1.0,EVADER_REACHED_GOAL
maze8,2,l1,108,0,11.0,I-NTMCP l=1,1.0,EVADER_REACHED_GOAL
maze8,2,l1,108,1,5.0,I-NTMCP l=1,1.0,PURSUER_WIN
maze8,2,l1,108,1,2.0,I-NTMCP l=1,1.0,PURSUER_WIN
maze8,2,l1,108,0,12.0,I-NTMCP l=1,1.0,EVADER_REACHED_GOAL
maze8,2,l1,108,1,3.0,I-NTMCP l=1,1.0,PURSUER_WIN
maze8,2,l1,108,1,4.0,I-NTMCP l=1,1.0,PURSUER_WIN
maze8,2,l1,108,1,8.0,I-NTMCP l=1,1.0,PURSUER_WIN
maze8,2,l1,108,0,12.0,I-NTMCP l=1,1.0,EVADER_REACHED_GOAL
maze8,2,l1,108,1,3.0,I-NTMCP l=1,1.0,PURSUER_WIN
maze8,2,l1,108,1,3.0,I-NTMCP l=1,1.0,PURSUER_WIN
maze8,2,l1,108,0,10.0,I-NTMCP l=1,1.0,EVADER_REACHED_GOAL
maze8,2,l1,108,1,3.0,I-NTMCP l=1,1.0,PURSUER_WIN
maze8,2,l1,108,0,12.0,I-NTMCP l=1,1.0,EVADER_REACHED_GOAL
maze8,2,l1,108,0,12.0,I-NTMCP l=1,1.0,EVADER_REACHED_GOAL
maze8,2,l1,108,1,9.0,I-NTMCP l=1,1.0,PURSUER_WIN
maze8,2,l1,108,0,12.0,I-NTMCP l=1,1.0,EVADER_REACHED_GOAL
maze8,2,l1,108,1,3.0,I-NTMCP l=1,1.0,PURSUER_WIN
maze8,2,l1,108,1,2.0,I-NTMCP l=1,1.0,PURSUER_WIN
maze8,2,l1,108,0,12.0,I-NTMCP l=1,1.0,EVADER_REACHED_GOAL
maze8,2,l1,108,1,3.0,I-NTMCP l=1,1.0,PURSUER_WIN
maze8,2,l1,108,1,3.0,I-NTMCP l=1,1.0,PURSUER_WIN
maze8,2,l1,108,1,3.0,I-NTMCP l=1,1.0,PURSUER_WIN
maze8,2,l1,108,1,3.0,I-NTMCP l=1,1.0,PURSUER_WIN
maze8,2,l1,108,1,2.0,I-NTMCP l=1,1.0,PURSUER_WIN
maze8,2,l1,108,1,6.0,I-NTMCP l=1,1.0,PURSUER_WIN
maze8,2,l1,108,1,9.0,I-NTMCP l=1,1.0,PURSUER_WIN
maze8,2,l1,108,0,14.0,I-NTMCP l=1,1.0,EVADER_REACHED_GOAL
maze8,2,l1,108,1,10.0,I-NTMCP l=1,1.0,PURSUER_WIN
maze8,2,l1,109,0,12.0,I-NTMCP l=1,1.0,EVADER_REACHED_GOAL
maze8,2,l1,109,1,2.0,I-NTMCP l=1,1.0,PURSUER_WIN
maze8,2,l1,109,1,3.0,I-NTMCP l=1,1.0,PURSUER_WIN
maze8,2,l1,109,0,11.0,I-NTMCP l=1,1.0,EVADER_REACHED_GOAL
maze8,2,l1,109,1,4.0,I-NTMCP l=1,1.0,PURSUER_WIN
maze8,2,l1,109,1,2.0,I-NTMCP l=1,1.0,PURSUER_WIN
maze8,2,l1,109,0,11.0,I-NTMCP l=1,1.0,EVADER_REACHED_GOAL
maze8,2,l1,109,0,9.0,I-NTMCP l=1,1.0,EVADER_REACHED_GOAL
maze8,2,l1,109,1,12.0,I-NTMCP l=1,1.0,PURSUER_WIN
maze8,2,l1,109,1,3.0,I-NTMCP l=1,1.0,PURSUER_WIN
maze8,2,l1,109,0,12.0,I-NTMCP l=1,1.0,EVADER_REACHED_GOAL
maze8,2,l1,109,0,11.0,I-NTMCP l=1,1.0,EVADER_REACHED_GOAL
maze8,2,l1,109,1,9.0,I-NTMCP l=1,1.0,PURSUER_WIN
maze8,2,l1,109,0,11.0,I-NTMCP l=1,1.0,EVADER_REACHED_GOAL
maze8,2,l1,109,1,5.0,I-NTMCP l=1,1.0,PURSUER_WIN
maze8,2,l1,109,0,11.0,I-NTMCP l=1,1.0,EVADER_REACHED_GOAL
maze8,2,l1,109,1,2.0,I-NTMCP l=1,1.0,PURSUER_WIN
maze8,2,l1,109,1,13.0,I-NTMCP l=1,1.0,PURSUER_WIN
maze8,2,l1,109,1,2.0,I-NTMCP l=1,1.0,PURSUER_WIN
maze8,2,l1,109,1,3.0,I-NTMCP l=1,1.0,PURSUER_WIN
maze8,2,l1,109,0,11.0,I-NTMCP l=1,1.0,EVADER_REACHED_GOAL
maze8,2,l1,109,0,12.0,I-NTMCP l=1,1.0,EVADER_REACHED_GOAL
maze8,2,l1,109,1,3.0,I-NTMCP l=1,1.0,PURSUER_WIN
maze8,2,l1,109,0,12.0,I-NTMCP l=1,1.0,EVADER_REACHED_GOAL
maze8,2,l1,109,1,3.0,I-NTMCP l=1,1.0,PURSUER_WIN
maze8,2,l1,109,1,2.0,I-NTMCP l=1,1.0,PURSUER_WIN
maze8,2,l1,109,1,10.0,I-NTMCP l=1,1.0,PURSUER_WIN
maze8,2,l1,109,0,9.0,I-NTMCP l=1,1.0,EVADER_REACHED_GOAL
maze8,2,l1,109,1,8.0,I-NTMCP l=1,1.0,PURSUER_WIN
maze8,2,l1,109,0,11.0,I-NTMCP l=1,1.0,EVADER_REACHED_GOAL
maze8,2,l1,109,1,3.0,I-NTMCP l=1,1.0,PURSUER_WIN
maze8,2,l1,109,1,5.0,I-NTMCP l=1,1.0,PURSUER_WIN
maze8,2,l1,109,1,3.0,I-NTMCP l=1,1.0,PURSUER_WIN
maze8,2,l1,109,0,11.0,I-NTMCP l=1,1.0,EVADER_REACHED_GOAL
maze8,2,l1,109,0,11.0,I-NTMCP l=1,1.0,EVADER_REACHED_GOAL
maze8,2,l1,109,0,12.0,I-NTMCP l=1,1.0,EVADER_REACHED_GOAL
maze8,2,l1,109,0,13.0,I-NTMCP l=1,1.0,EVADER_REACHED_GOAL
maze8,2,l1,109,0,11.0,I-NTMCP l=1,1.0,EVADER_REACHED_GOAL
maze8,2,l1,109,1,2.0,I-NTMCP l=1,1.0,PURSUER_WIN
maze8,2,l1,109,1,3.0,I-NTMCP l=1,1.0,PURSUER_WIN
maze8,2,l1,109,1,8.0,I-NTMCP l=1,1.0,PURSUER_WIN
maze8,2,l1,109,1,3.0,I-NTMCP l=1,1.0,PURSUER_WIN
maze8,2,l1,109,1,2.0,I-NTMCP l=1,1.0,PURSUER_WIN
maze8,2,l1,109,1,9.0,I-NTMCP l=1,1.0,PURSUER_WIN
maze8,2,l1,109,1,2.0,I-NTMCP l=1,1.0,PURSUER_WIN
maze8,2,l1,109,1,2.0,I-NTMCP l=1,1.0,PURSUER_WIN
maze8,2,l1,109,1,3.0,I-NTMCP l=1,1.0,PURSUER_WIN
maze8,2,l1,109,0,9.0,I-NTMCP l=1,1.0,EVADER_REACHED_GOAL
maze8,2,l1,109,1,9.0,I-NTMCP l=1,1.0,PURSUER_WIN
maze8,2,l1,109,1,3.0,I-NTMCP l=1,1.0,PURSUER_WIN
maze8,2,mixed,100,1,3.0,shortest path,,PURSUER_WIN
maze8,2,mixed,100,1,10.0,I-NTMCP l=1,1.0,PURSUER_WIN
maze8,2,mixed,100,0,11.0,I-NTMCP l=1,1.0,EVADER_REACHED_GOAL
maze8,2,mixed,100,1,10.0,shortest path,,PURSUER_WIN
maze8,2,mixed,100,1,4.0,I-NTMCP l=1,1.0,PURSUER_WIN
maze8,2,mixed,100,1,3.0,I-NTMCP l=0,0.0,PURSUER_WIN
maze8,2,mixed,100,1,12.0,I-NTMCP l=1,1.0,PURSUER_WIN
maze8,2,mixed,100,1,2.0,random,,PURSUER_WIN
maze8,2,mixed,100,1,3.0,random,,PURSUER_WIN
maze8,2,mixed,100,1,3.0,random,,PURSUER_WIN
maze8,2,mixed,100,1,6.0,I-NTMCP l=1,1.0,PURSUER_WIN
maze8,2,mixed,100,1,6.0,I-NTMCP l=0,0.0,PURSUER_WIN
maze8,2,mixed,100,1,3.0,random,,PURSUER_WIN
maze8,2,mixed,100,1,3.0,shortest path,,PURSUER_WIN
maze8,2,mixed,100,1,3.0,I-NTMCP l=0,0.0,PURSUER_WIN
maze8,2,mixed,100,1,9.0,shortest path,,PURSUER_WIN
maze8,2,mixed,100,0,11.0,I-NTMCP l=0,0.0,EVADER_REACHED_GOAL
maze8,2,mixed,100,1,23.0,shortest path,,PURSUER_WIN
maze8,2,mixed,100,1,8.0,shortest path,,PURSUER_WIN
maze8,2,mixed,100,0,16.0,shortest path,,EVADER_REACHED_GOAL
maze8,2,mixed,100,1,3.0,shortest path,,PURSUER_WIN
maze8,2,mixed,100,0,12.0,I-NTMCP l=0,0.0,EVADER_REACHED_GOAL
maze8,2,mixed,100,0,10.0,I-NTMCP l=0,0.0,EVADER_REACHED_GOAL
maze8,2,mixed,100,0,13.0,I-NTMCP l=1,1.0,EVADER_REACHED_GOAL
maze8,2,mixed,100,1,6.0,shortest path,,PURSUER_WIN
maze8,2,mixed,100,1,3.0,I-NTMCP l=1,1.0,PURSUER_WIN
maze8,2,mixed,100,1,4.0,I-NTMCP l=1,1.0,PURSUER_WIN
maze8,2,mixed,100,0,11.0,I-NTMCP l=0,0.0,EVADER_REACHED_GOAL
maze8,2,mixed,100,0,10.0,I-NTMCP l=1,1.0,EVADER_REACHED_GOAL
maze8,2,mixed,100,1,3.0,shortest path,,PURSUER_WIN
maze8,2,mixed,100,1,8.0,random,,PURSUER_WIN
maze8,2,mixed,100,1,11.0,shortest path,,PURSUER_WIN
maze8,2,mixed,100,0,40.0,random,,OTHER_LOSS_OR_TIMEOUT
maze8,2,mixed,100,1,3.0,I-NTMCP l=1,1.0,PURSUER_WIN
maze8,2,mixed,100,1,10.0,shortest path,,PURSUER_WIN
maze8,2,mixed,100,1,15.0,shortest path,,PURSUER_WIN
maze8,2,mixed,100,1,9.0,shortest path,,PURSUER_WIN
maze8,2,mixed,100,1,9.0,shortest path,,PURSUER_WIN
maze8,2,mixed,100,1,24.0,random,,PURSUER_WIN
maze8,2,mixed,100,0,17.0,shortest path,,EVADER_REACHED_GOAL
maze8,2,mixed,100,0,10.0,I-NTMCP l=1,1.0,EVADER_REACHED_GOAL
maze8,2,mixed,100,0,10.0,I-NTMCP l=1,1.0,EVADER_REACHED_GOAL
maze8,2,mixed,100,0,11.0,shortest path,,EVADER_REACHED_GOAL
maze8,2,mixed,100,1,3.0,random,,PURSUER_WIN
maze8,2,mixed,100,1,1.0,shortest path,,PURSUER_WIN
maze8,2,mixed,100,0,12.0,I-NTMCP l=0,0.0,EVADER_REACHED_GOAL
maze8,2,mixed,100,0,13.0,I-NTMCP l=0,0.0,EVADER_REACHED_GOAL
maze8,2,mixed,100,1,3.0,I-NTMCP l=0,0.0,PURSUER_WIN
maze8,2,mixed,100,1,3.0,I-NTMCP l=0,0.0,PURSUER_WIN
maze8,2,mixed,100,1,12.0,I-NTMCP l=1,1.0,PURSUER_WIN
maze8,2,mixed,101,1,2.0,shortest path,,PURSUER_WIN
maze8,2,mixed,101,1,3.0,I-NTMCP l=0,0.0,PURSUER_WIN
maze8,2,mixed,101,1,8.0,I-NTMCP l=1,1.0,PURSUER_WIN
maze8,2,mixed,101,1,3.0,random,,PURSUER_WIN
maze8,2,mixed,101,0,12.0,shortest path,,EVADER_REACHED_GOAL
maze8,2,mixed,101,1,3.0,shortest path,,PURSUER_WIN
maze8,2,mixed,101,1,11.0,I-NTMCP l=0,0.0,PURSUER_WIN
maze8,2,mixed,101,1,3.0,I-NTMCP l=1,1.0,PURSUER_WIN
maze8,2,mixed,101,1,3.0,shortest path,,PURSUER_WIN
maze8,2,mixed,101,0,11.0,I-NTMCP l=0,0.0,EVADER_REACHED_GOAL
maze8,2,mixed,101,0,13.0,I-NTMCP l=1,1.0,EVADER_REACHED_GOAL
maze8,2,mixed,101,1,6.0,random,,PURSUER_WIN
maze8,2,mixed,101,1,3.0,I-NTMCP l=0,0.0,PURSUER_WIN
maze8,2,mixed,101,0,11.0,shortest path,,EVADER_REACHED_GOAL
maze8,2,mixed,101,1,3.0,shortest path,,PURSUER_WIN
maze8,2,mixed,101,1,7.0,random,,PURSUER_WIN
maze8,2,mixed,101,0,13.0,I-NTMCP l=1,1.0,EVADER_REACHED_GOAL
maze8,2,mixed,101,1,2.0,I-NTMCP l=0,0.0,PURSUER_WIN
maze8,2,mixed,101,1,7.0,shortest path,,PURSUER_WIN
maze8,2,mixed,101,0,11.0,I-NTMCP l=1,1.0,EVADER_REACHED_GOAL
maze8,2,mixed,101,1,8.0,I-NTMCP l=0,0.0,PURSUER_WIN
maze8,2,mixed,101,1,9.0,shortest path,,PURSUER_WIN
maze8,2,mixed,101,1,3.0,I-NTMCP l=1,1.0,PURSUER_WIN
maze8,2,mixed,101,1,3.0,I-NTMCP l=1,1.0,PURSUER_WIN
maze8,2,mixed,101,1,3.0,shortest path,,PURSUER_WIN
maze8,2,mixed,101,1,9.0,random,,PURSUER_WIN
maze8,2,mixed,101,1,4.0,I-NTMCP l=1,1.0,PURSUER_WIN
maze8,2,mixed,101,1,3.0,I-NTMCP l=1,1.0,PURSUER_WIN
maze8,2,mixed,101,0,11.0,I-NTMCP l=0,0.0,EVADER_REACHED_GOAL
maze8,2,mixed,101,1,6.0,shortest path,,PURSUER_WIN
maze8,2,mixed,101,1,19.0,random,,PURSUER_WIN
maze8,2,mixed,101,1,3.0,I-NTMCP l=0,0.0,PURSUER_WIN
maze8,2,mixed,101,0,12.0,I-NTMCP l=0,0.0,EVADER_REACHED_GOAL
maze8,2,mixed,101,1,3.0,I-NTMCP l=1,1.0,PURSUER_WIN
maze8,2,mixed,101,1,3.0,I-NTMCP l=1,1.0,PURSUER_WIN
maze8,2,mixed,101,1,10.0,shortest path,,PURSUER_WIN
maze8,2,mixed,101,0,12.0,I-NTMCP l=1,1.0,EVADER_REACHED_GOAL
maze8,2,mixed,101,1,26.0,random,,PURSUER_WIN
maze8,2,mixed,101,0,9.0,I-NTMCP l=1,1.0,EVADER_REACHED_GOAL
maze8,2,mixed,101,1,11.0,I-NTMCP l=1,1.0,PURSUER_WIN
maze8,2,mixed,101,1,11.0,random,,PURSUER_WIN
maze8,2,mixed,101,1,5.0,I-NTMCP l=1,1.0,PURSUER_WIN
maze8,2,mixed,101,1,14.0,shortest path,,PURSUER_WIN
maze8,2,mixed,101,1,25.0,random,,PURSUER_WIN
maze8,2,mixed,101,1,3.0,I-NTMCP l=0,0.0,PURSUER_WIN
maze8,2,mixed,101,1,13.0,random,,PURSUER_WIN
maze8,2,mixed,101,1,10.0,I-NTMCP l=0,0.0,PURSUER_WIN
maze8,2,mixed,101,0,11.0,I-NTMCP l=0,0.0,EVADER_REACHED_GOAL
maze8,2,mixed,101,1,5.0,random,,PURSUER_WIN
maze8,2,mixed,101,1,10.0,I-NTMCP l=0,0.0,PURSUER_WIN
maze8,2,mixed,102,0,13.0,shortest path,,EVADER_REACHED_GOAL
maze8,2,mixed,102,1,2.0,I-NTMCP l=0,0.0,PURSUER_WIN
maze8,2,mixed,102,1,4.0,shortest path,,PURSUER_WIN
maze8,2,mixed,102,1,3.0,shortest path,,PURSUER_WIN
maze8,2,mixed,102,1,8.0,I-NTMCP l=1,1.0,PURSUER_WIN
maze8,2,mixed,102,1,2.0,I-NTMCP l=0,0.0,PURSUER_WIN
maze8,2,mixed,102,1,9.0,I-NTMCP l=1,1.0,PURSUER_WIN
maze8,2,mixed,102,1,26.0,random,,PURSUER_WIN
maze8,2,mixed,102,1,6.0,shortest path,,PURSUER_WIN
maze8,2,mixed,102,1,10.0,I-NTMCP l=1,1.0,PURSUER_WIN
maze8,2,mixed,102,1,3.0,I-NTMCP l=1,1.0,PURSUER_WIN
maze8,2,mixed,102,1,2.0,shortest path,,PURSUER_WIN
maze8,2,mixed,102,1,3.0,shortest path,,PURSUER_WIN
maze8,2,mixed,102,1,1.0,random,,PURSUER_WIN
maze8,2,mixed,102,1,1.0,random,,PURSUER_WIN
maze8,2,mixed,102,1,8.0,shortest path,,PURSUER_WIN
maze8,2,mixed,102,1,7.0,I-NTMCP l=1,1.0,PURSUER_WIN
maze8,2,mixed,102,1,5.0,shortest path,,PURSUER_WIN
maze8,2,mixed,102,1,3.0,shortest path,,PURSUER_WIN
maze8,2,mixed,102,0,11.0,I-NTMCP l=1,1.0,EVADER_REACHED_GOAL
maze8,2,mixed,102,0,11.0,I-NTMCP l=1,1.0,EVADER_REACHED_GOAL
maze8,2,mixed,102,0,13.0,I-NTMCP l=1,1.0,EVADER_REACHED_GOAL
maze8,2,mixed,102,1,27.0,random,,PURSUER_WIN
maze8,2,mixed,102,0,23.0,shortest path,,EVADER_REACHED_GOAL
maze8,2,mixed,102,1,3.0,random,,PURSUER_WIN
maze8,2,mixed,102,0,13.0,I-NTMCP l=0,0.0,EVADER_REACHED_GOAL
maze8,2,mixed,102,1,4.0,I-NTMCP l=1,1.0,PURSUER_WIN
maze8,2,mixed,102,1,3.0,shortest path,,PURSUER_WIN
maze8,2,mixed,102,1,3.0,I-NTMCP l=1,1.0,PURSUER_WIN
maze8,2,mixed,102,1,8.0,I-NTMCP l=1,1.0,PURSUER_WIN
maze8,2,mixed,102,0,11.0,I-NTMCP l=1,1.0,EVADER_REACHED_GOAL
maze8,2,mixed,102,1,3.0,shortest path,,PURSUER_WIN
maze8,2,mixed,102,1,4.0,shortest path,,PURSUER_WIN
maze8,2,mixed,102,1,5.0,I-NTMCP l=0,0.0,PURSUER_WIN
maze8,2,mixed,102,1,3.0,shortest path,,PURSUER_WIN
maze8,2,mixed,102,1,18.0,random,,PURSUER_WIN
maze8,2,mixed,102,1,16.0,shortest path,,PURSUER_WIN
maze8,2,mixed,102,0,12.0,I-NTMCP l=0,0.0,EVADER_REACHED_GOAL
maze8,2,mixed,102,0,11.0,I-NTMCP l=1,1.0,EVADER_REACHED_GOAL
maze8,2,mixed,102,1,15.0,shortest path,,PURSUER_WIN
maze8,2,mixed,102,1,8.0,I-NTMCP l=1,1.0,PURSUER_WIN
maze8,2,mixed,102,1,8.0,I-NTMCP l=0,0.0,PURSUER_WIN
maze8,2,mixed,102,1,8.0,I-NTMCP l=0,0.0,PURSUER_WIN
maze8,2,mixed,102,1,3.0,I-NTMCP l=1,1.0,PURSUER_WIN
maze8,2,mixed,102,0,10.0,I-NTMCP l=1,1.0,EVADER_REACHED_GOAL
maze8,2,mixed,102,1,3.0,shortest path,,PURSUER_WIN
maze8,2,mixed,102,1,4.0,I-NTMCP l=1,1.0,PURSUER_WIN
maze8,2,mixed,102,1,10.0,shortest path,,PURSUER_WIN
maze8,2,mixed,102,1,3.0,shortest path,,PURSUER_WIN
maze8,2,mixed,102,1,3.0,shortest path,,PURSUER_WIN
maze8,2,mixed,103,1,8.0,I-NTMCP l=1,1.0,PURSUER_WIN
maze8,2,mixed,103,1,4.0,shortest path,,PURSUER_WIN
maze8,2,mixed,103,1,12.0,random,,PURSUER_WIN
maze8,2,mixed,103,1,12.0,random,,PURSUER_WIN
maze8,2,mixed,103,1,3.0,I-NTMCP l=1,1.0,PURSUER_WIN
maze8,2,mixed,103,0,13.0,I-NTMCP l=1,1.0,EVADER_REACHED_GOAL
maze8,2,mixed,103,1,4.0,I-NTMCP l=0,0.0,PURSUER_WIN
maze8,2,mixed,103,1,3.0,random,,PURSUER_WIN
maze8,2,mixed,103,1,14.0,I-NTMCP l=1,1.0,PURSUER_WIN
maze8,2,mixed,103,1,2.0,random,,PURSUER_WIN
maze8,2,mixed,103,1,6.0,shortest path,,PURSUER_WIN
maze8,2,mixed,103,0,18.0,shortest path,,EVADER_REACHED_GOAL
maze8,2,mixed,103,1,6.0,random,,PURSUER_WIN
maze8,2,mixed,103,1,35.0,random,,PURSUER_WIN
maze8,2,mixed,103,0,10.0,shortest path,,EVADER_REACHED_GOAL
maze8,2,mixed,103,1,7.0,random,,PURSUER_WIN
maze8,2,mixed,103,1,5.0,shortest path,,PURSUER_WIN
maze8,2,mixed,103,1,3.0,I-NTMCP l=0,0.0,PURSUER_WIN
maze8,2,mixed,103,1,8.0,shortest path,,PURSUER_WIN
maze8,2,mixed,103,1,10.0,I-NTMCP l=1,1.0,PURSUER_WIN
maze8,2,mixed,103,1,3.0,I-NTMCP l=1,1.0,PURSUER_WIN
maze8,2,mixed,103,0,17.0,shortest path,,EVADER_REACHED_GOAL
maze8,2,mixed,103,1,5.0,shortest path,,PURSUER_WIN
maze8,2,mixed,103,1,19.0,random,,PURSUER_WIN
maze8,2,mixed,103,1,3.0,I-NTMCP l=0,0.0,PURSUER_WIN
maze8,2,mixed,103,1,3.0,shortest path,,PURSUER_WIN
maze8,2,mixed,103,1,8.0,shortest path,,PURSUER_WIN
maze8,2,mixed,103,1,15.0,I-NTMCP l=1,1.0,PURSUER_WIN
maze8,2,mixed,103,0,11.0,I-NTMCP l=0,0.0,EVADER_REACHED_GOAL
maze8,2,mixed,103,0,11.0,I-NTMCP l=0,0.0,EVADER_REACHED_GOAL
maze8,2,mixed,103,1,7.0,shortest path,,PURSUER_WIN
maze8,2,mixed,103,0,10.0,I-NTMCP l=1,1.0,EVADER_REACHED_GOAL
maze8,2,mixed,103,1,8.0,shortest path,,PURSUER_WIN
maze8,2,mixed,103,1,8.0,I-NTMCP l=0,0.0,PURSUER_WIN
maze8,2,mixed,103,1,17.0,random,,PURSUER_WIN
maze8,2,mixed,103,0,11.0,I-NTMCP l=1,1.0,EVADER_REACHED_GOAL
maze8,2,mixed,103,0,11.0,shortest path,,EVADER_REACHED_GOAL
maze8,2,mixed,103,1,3.0,shortest path,,PURSUER_WIN
maze8,2,mixed,103,1,3.0,I-NTMCP l=1,1.0,PURSUER_WIN
maze8,2,mixed,103,0,10.0,I-NTMCP l=0,0.0,EVADER_REACHED_GOAL
maze8,2,mixed,103,1,13.0,random,,PURSUER_WIN
maze8,2,mixed,103,1,6.0,I-NTMCP l=1,1.0,PURSUER_WIN
maze8,2,mixed,103,1,3.0,I-NTMCP l=0,0.0,PURSUER_WIN
maze8,2,mixed,103,1,4.0,random,,PURSUER_WIN
maze8,2,mixed,103,1,17.0,random,,PURSUER_WIN
maze8,2,mixed,103,0,12.0,I-NTMCP l=0,0.0,EVADER_REACHED_GOAL
maze8,2,mixed,103,0,11.0,I-NTMCP l=1,1.0,EVADER_REACHED_GOAL
maze8,2,mixed,103,1,3.0,random,,PURSUER_WIN
maze8,2,mixed,103,1,1.0,random,,PURSUER_WIN
maze8,2,mixed,103,1,8.0,I-NTMCP l=1,1.0,PURSUER_WIN
maze8,2,mixed,104,1,9.0,random,,PURSUER_WIN
maze8,2,mixed,104,0,11.0,shortest path,,EVADER_REACHED_GOAL
maze8,2,mixed,104,0,34.0,shortest path,,EVADER_REACHED_GOAL
maze8,2,mixed,104,1,3.0,I-NTMCP l=1,1.0,PURSUER_WIN
maze8,2,mixed,104,0,10.0,I-NTMCP l=0,0.0,EVADER_REACHED_GOAL
maze8,2,mixed,104,1,30.0,random,,PURSUER_WIN
maze8,2,mixed,104,1,10.0,shortest path,,PURSUER_WIN
maze8,2,mixed,104,1,20.0,random,,PURSUER_WIN
maze8,2,mixed,104,1,3.0,shortest path,,PURSUER_WIN
maze8,2,mixed,104,1,1.0,random,,PURSUER_WIN
maze8,2,mixed,104,1,3.0,shortest path,,PURSUER_WIN
maze8,2,mixed,104,1,6.0,random,,PURSUER_WIN
maze8,2,mixed,104,1,5.0,random,,PURSUER_WIN
maze8,2,mixed,104,1,12.0,I-NTMCP l=0,0.0,PURSUER_WIN
maze8,2,mixed,104,1,3.0,I-NTMCP l=0,0.0,PURSUER_WIN
maze8,2,mixed,104,1,13.0,random,,PURSUER_WIN
maze8,2,mixed,104,1,8.0,shortest path,,PURSUER_WIN
maze8,2,mixed,104,1,8.0,I-NTMCP l=0,0.0,PURSUER_WIN
maze8,2,mixed,104,1,4.0,I-NTMCP l=1,1.0,PURSUER_WIN
maze8,2,mixed,104,0,9.0,I-NTMCP l=0,0.0,EVADER_REACHED_GOAL
maze8,2,mixed,104,1,18.0,shortest path,,PURSUER_WIN
maze8,2,mixed,104,1,4.0,I-NTMCP l=0,0.0,PURSUER_WIN
maze8,2,mixed,104,0,20.0,I-NTMCP l=1,1.0,EVADER_REACHED_GOAL
maze8,2,mixed,104,1,16.0,random,,PURSUER_WIN
maze8,2,mixed,104,1,9.0,I-NTMCP l=1,1.0,PURSUER_WIN
maze8,2,mixed,104,1,3.0,I-NTMCP l=1,1.0,PURSUER_WIN
maze8,2,mixed,104,1,3.0,shortest path,,PURSUER_WIN
maze8,2,mixed,104,1,10.0,I-NTMCP l=0,0.0,PURSUER_WIN
maze8,2,mixed,104,1,9.0,shortest path,,PURSUER_WIN
maze8,2,mixed,104,1,8.0,random,,PURSUER_WIN
maze8,2,mixed,104,1,10.0,random,,PURSUER_WIN
maze8,2,mixed,104,1,1.0,random,,PURSUER_WIN
maze8,2,mixed,104,1,3.0,random,,PURSUER_WIN
maze8,2,mixed,104,0,12.0,shortest path,,EVADER_REACHED_GOAL
maze8,2,mixed,104,1,11.0,I-NTMCP l=0,0.0,PURSUER_WIN
maze8,2,mixed,104,1,8.0,I-NTMCP l=1,1.0,PURSUER_WIN
maze8,2,mixed,104,1,9.0,I-NTMCP l=0,0.0,PURSUER_WIN
maze8,2,mixed,104,1,12.0,random,,PURSUER_WIN
maze8,2,mixed,104,1,8.0,I-NTMCP l=0,0.0,PURSUER_WIN
maze8,2,mixed,104,1,10.0,shortest path,,PURSUER_WIN
maze8,2,mixed,104,1,6.0,random,,PURSUER_WIN
maze8,2,mixed,104,1,6.0,random,,PURSUER_WIN
maze8,2,mixed,104,1,3.0,I-NTMCP l=1,1.0,PURSUER_WIN
maze8,2,mixed,104,0,12.0,I-NTMCP l=1,1.0,EVADER_REACHED_GOAL
maze8,2,mixed,104,1,3.0,shortest path,,PURSUER_WIN
maze8,2,mixed,104,1,24.0,shortest path,,PURSUER_WIN
maze8,2,mixed,104,1,5.0,shortest path,,PURSUER_WIN
maze8,2,mixed,104,0,11.0,shortest path,,EVADER_REACHED_GOAL
maze8,2,mixed,104,1,9.0,shortest path,,PURSUER_WIN
maze8,2,mixed,104,1,37.0,random,,PURSUER_WIN
maze8,2,mixed,105,1,10.0,I-NTMCP l=0,0.0,PURSUER_WIN
maze8,2,mixed,105,1,37.0,random,,PURSUER_WIN
maze8,2,mixed,105,0,40.0,random,,OTHER_LOSS_OR_TIMEOUT
maze8,2,mixed,105,1,11.0,I-NTMCP l=0,0.0,PURSUER_WIN
maze8,2,mixed,105,1,10.0,I-NTMCP l=0,0.0,PURSUER_WIN
maze8,2,mixed,105,0,13.0,I-NTMCP l=0,0.0,EVADER_REACHED_GOAL
maze8,2,mixed,105,0,15.0,shortest path,,EVADER_REACHED_GOAL
maze8,2,mixed,105,1,3.0,I-NTMCP l=0,0.0,PURSUER_WIN
maze8,2,mixed,105,1,3.0,shortest path,,PURSUER_WIN
maze8,2,mixed,105,1,1.0,shortest path,,PURSUER_WIN
maze8,2,mixed,105,1,10.0,random,,PURSUER_WIN
maze8,2,mixed,105,0,11.0,I-NTMCP l=1,1.0,EVADER_REACHED_GOAL
maze8,2,mixed,105,0,10.0,I-NTMCP l=0,0.0,EVADER_REACHED_GOAL
maze8,2,mixed,105,1,8.0,shortest path,,PURSUER_WIN
maze8,2,mixed,105,0,12.0,I-NTMCP l=1,1.0,EVADER_REACHED_GOAL
maze8,2,mixed,105,1,3.0,I-NTMCP l=1,1.0,PURSUER_WIN
maze8,2,mixed,105,0,11.0,I-NTMCP l=1,1.0,EVADER_REACHED_GOAL
maze8,2,mixed,105,1,8.0,I-NTMCP l=1,1.0,PURSUER_WIN
maze8,2,mixed,105,1,3.0,shortest path,,PURSUER_WIN
maze8,2,mixed,105,0,17.0,shortest path,,EVADER_REACHED_GOAL
maze8,2,mixed,105,0,11.0,I-NTMCP l=0,0.0,EVADER_REACHED_GOAL
maze8,2,mixed,105,1,2.0,I-NTMCP l=0,0.0,PURSUER_WIN
maze8,2,mixed,105,1,12.0,random,,PURSUER_WIN
maze8,2,mixed,105,0,11.0,I-NTMCP l=0,0.0,EVADER_REACHED_GOAL
maze8,2,mixed,105,1,3.0,random,,PURSUER_WIN
maze8,2,mixed,105,1,5.0,I-NTMCP l=0,0.0,PURSUER_WIN
maze8,2,mixed,105,1,10.0,shortest path,,PURSUER_WIN
maze8,2,mixed,105,1,3.0,I-NTMCP l=1,1.0,PURSUER_WIN
maze8,2,mixed,105,1,2.0,I-NTMCP l=1,1.0,PURSUER_WIN
maze8,2,mixed,105,1,3.0,I-NTMCP l=1,1.0,PURSUER_WIN
maze8,2,mixed,105,1,3.0,I-NTMCP l=0,0.0,PURSUER_WIN
maze8,2,mixed,105,1,5.0,random,,PURSUER_WIN
maze8,2,mixed,105,1,3.0,I-NTMCP l=1,1.0,PURSUER_WIN
maze8,2,mixed,105,0,13.0,I-NTMCP l=0,0.0,EVADER_REACHED_GOAL
maze8,2,mixed,105,1,3.0,I-NTMCP l=0,0.0,PURSUER_WIN
maze8,2,mixed,105,1,8.0,I-NTMCP l=0,0.0,PURSUER_WIN
maze8,2,mixed,105,1,6.0,shortest path,,PURSUER_WIN
maze8,2,mixed,105,1,1.0,random,,PURSUER_WIN
maze8,2,mixed,105,1,3.0,I-NTMCP l=1,1.0,PURSUER_WIN
maze8,2,mixed,105,1,3.0,I-NTMCP l=1,1.0,PURSUER_WIN
maze8,2,mixed,105,0,11.0,I-NTMCP l=0,0.0,EVADER_REACHED_GOAL
maze8,2,mixed,105,1,14.0,random,,PURSUER_WIN
maze8,2,mixed,105,1,3.0,shortest path,,PURSUER_WIN
maze8,2,mixed,105,0,11.0,shortest path,,EVADER_REACHED_GOAL
maze8,2,mixed,105,1,1.0,random,,PURSUER_WIN
maze8,2,mixed,105,1,5.0,shortest path,,PURSUER_WIN
maze8,2,mixed,105,1,3.0,I-NTMCP l=0,0.0,PURSUER_WIN
maze8,2,mixed,105,1,8.0,I-NTMCP l=1,1.0,PURSUER_WIN
maze8,2,mixed,105,0,12.0,I-NTMCP l=1,1.0,EVADER_REACHED_GOAL
maze8,2,mixed,105,1,3.0,shortest path,,PURSUER_WIN
maze8,2,mixed,106,0,11.0,I-NTMCP l=1,1.0,EVADER_REACHED_GOAL
maze8,2,mixed,106,1,16.0,random,,PURSUER_WIN
maze8,2,mixed,106,1,3.0,I-NTMCP l=1,1.0,PURSUER_WIN
maze8,2,mixed,106,1,1.0,random,,PURSUER_WIN
maze8,2,mixed,106,1,2.0,I-NTMCP l=0,0.0,PURSUER_WIN
maze8,2,mixed,106,1,19.0,random,,PURSUER_WIN
maze8,2,mixed,106,1,14.0,shortest path,,PURSUER_WIN
maze8,2,mixed,106,1,10.0,I-NTMCP l=1,1.0,PURSUER_WIN
maze8,2,mixed,106,0,12.0,I-NTMCP l=0,0.0,EVADER_REACHED_GOAL
maze8,2,mixed,106,1,3.0,I-NTMCP l=1,1.0,PURSUER_WIN
maze8,2,mixed,106,1,2.0,I-NTMCP l=1,1.0,PURSUER_WIN
maze8,2,mixed,106,1,3.0,I-NTMCP l=0,0.0,PURSUER_WIN
maze8,2,mixed,106,1,9.0,shortest path,,PURSUER_WIN
maze8,2,mixed,106,0,11.0,I-NTMCP l=1,1.0,EVADER_REACHED_GOAL
maze8,2,mixed,106,1,2.0,I-NTMCP l=0,0.0,PURSUER_WIN
maze8,2,mixed,106,1,11.0,I-NTMCP l=1,1.0,PURSUER_WIN
maze8,2,mixed,106,1,3.0,shortest path,,PURSUER_WIN
maze8,2,mixed,106,0,12.0,shortest path,,EVADER_REACHED_GOAL
maze8,2,mixed,106,0,11.0,I-NTMCP l=0,0.0,EVADER_REACHED_GOAL
maze8,2,mixed,106,1,13.0,I-NTMCP l=0,0.0,PURSUER_WIN
maze8,2,mixed,106,1,8.0,I-NTMCP l=1,1.0,PURSUER_WIN
maze8,2,mixed,106,1,1.0,I-NTMCP l=0,0.0,PURSUER_WIN
maze8,2,mixed,106,1,4.0,random,,PURSUER_WIN
maze8,2,mixed,106,1,3.0,I-NTMCP l=0,0.0,PURSUER_WIN
maze8,2,mixed,106,1,2.0,I-NTMCP l=0,0.0,PURSUER_WIN
maze8,2,mixed,106,1,8.0,I-NTMCP l=0,0.0,PURSUER_WIN
maze8,2,mixed,106,0,13.0,shortest path,,EVADER_REACHED_GOAL
maze8,2,mixed,106,1,2.0,shortest path,,PURSUER_WIN
maze8,2,mixed,106,0,11.0,I-NTMCP l=1,1.0,EVADER_REACHED_GOAL
maze8,2,mixed,106,1,4.0,random,,PURSUER_WIN
maze8,2,mixed,106,1,2.0,random,,PURSUER_WIN
maze8,2,mixed,106,1,1.0,random,,PURSUER_WIN
maze8,2,mixed,106,0,12.0,I-NTMCP l=0,0.0,EVADER_REACHED_GOAL
maze8,2,mixed,106,1,9.0,random,,PURSUER_WIN
maze8,2,mixed,106,1,5.0,shortest path,,PURSUER_WIN
maze8,2,mixed,106,1,3.0,I-NTMCP l=0,0.0,PURSUER_WIN
maze8,2,mixed,106,1,3.0,I-NTMCP l=1,1.0,PURSUER_WIN
maze8,2,mixed,106,1,10.0,I-NTMCP l=0,0.0,PURSUER_WIN
maze8,2,mixed,106,1,3.0,I-NTMCP l=0,0.0,PURSUER_WIN
maze8,2,mixed,106,1,3.0,I-NTMCP l=1,1.0,PURSUER_WIN
maze8,2,mixed,106,1,2.0,I-NTMCP l=1,1.0,PURSUER_WIN
maze8,2,mixed,106,1,3.0,I-NTMCP l=1,1.0,PURSUER_WIN
maze8,2,mixed,106,0,16.0,shortest path,,EVADER_REACHED_GOAL
maze8,2,mixed,106,1,1.0,shortest path,,PURSUER_WIN
maze8,2,mixed,106,1,5.0,shortest path,,PURSUER_WIN
maze8,2,mixed,106,1,2.0,I-NTMCP l=1,1.0,PURSUER_WIN
maze8,2,mixed,106,1,9.0,shortest path,,PURSUER_WIN
maze8,2,mixed,106,1,5.0,shortest path,,PURSUER_WIN
maze8,2,mixed,106,1,2.0,shortest path,,PURSUER_WIN
maze8,2,mixed,106,1,3.0,shortest path,,PURSUER_WIN
maze8,2,mixed,107,0,13.0,shortest path,,EVADER_REACHED_GOAL
maze8,2,mixed,107,1,2.0,I-NTMCP l=1,1.0,PURSUER_WIN
maze8,2,mixed,107,1,14.0,I-NTMCP l=1,1.0,PURSUER_WIN
maze8,2,mixed,107,1,3.0,I-NTMCP l=0,0.0,PURSUER_WIN
maze8,2,mixed,107,1,3.0,shortest path,,PURSUER_WIN
maze8,2,mixed,107,1,3.0,I-NTMCP l=1,1.0,PURSUER_WIN
maze8,2,mixed,107,1,8.0,random,,PURSUER_WIN
maze8,2,mixed,107,1,3.0,I-NTMCP l=0,0.0,PURSUER_WIN
maze8,2,mixed,107,1,3.0,I-NTMCP l=0,0.0,PURSUER_WIN
maze8,2,mixed,107,1,8.0,random,,PURSUER_WIN
maze8,2,mixed,107,1,9.0,I-NTMCP l=0,0.0,PURSUER_WIN
maze8,2,mixed,107,1,5.0,I-NTMCP l=0,0.0,PURSUER_WIN
maze8,2,mixed,107,0,16.0,shortest path,,EVADER_REACHED_GOAL
maze8,2,mixed,107,1,3.0,shortest path,,PURSUER_WIN
maze8,2,mixed,107,1,6.0,shortest path,,PURSUER_WIN
maze8,2,mixed,107,1,7.0,shortest path,,PURSUER_WIN
maze8,2,mixed,107,1,6.0,shortest path,,PURSUER_WIN
maze8,2,mixed,107,1,5.0,shortest path,,PURSUER_WIN
maze8,2,mixed,107,1,3.0,I-NTMCP l=0,0.0,PURSUER_WIN
maze8,2,mixed,107,1,17.0,random,,PURSUER_WIN
maze8,2,mixed,107,1,3.0,random,,PURSUER_WIN
maze8,2,mixed,107,1,19.0,shortest path,,PURSUER_WIN
maze8,2,mixed,107,1,10.0,random,,PURSUER_WIN
maze8,2,mixed,107,1,8.0,I-NTMCP l=1,1.0,PURSUER_WIN
maze8,2,mixed,107,1,3.0,shortest path,,PURSUER_WIN
maze8,2,mixed,107,1,10.0,shortest path,,PURSUER_WIN
maze8,2,mixed,107,1,3.0,I-NTMCP l=1,1.0,PURSUER_WIN
maze8,2,mixed,107,1,3.0,I-NTMCP l=0,0.0,PURSUER_WIN
maze8,2,mixed,107,1,4.0,random,,PURSUER_WIN
maze8,2,mixed,107,1,4.0,shortest path,,PURSUER_WIN
maze8,2,mixed,107,1,3.0,I-NTMCP l=0,0.0,PURSUER_WIN
maze8,2,mixed,107,1,3.0,I-NTMCP l=1,1.0,PURSUER_WIN
maze8,2,mixed,107,1,3.0,I-NTMCP l=1,1.0,PURSUER_WIN
maze8,2,mixed,107,1,1.0,shortest path,,PURSUER_WIN
maze8,2,mixed,107,1,22.0,random,,PURSUER_WIN
maze8,2,mixed,107,1,3.0,I-NTMCP l=0,0.0,PURSUER_WIN
maze8,2,mixed,107,0,10.0,I-NTMCP l=1,1.0,EVADER_REACHED_GOAL
maze8,2,mixed,107,1,10.0,I-NTMCP l=0,0.0,PURSUER_WIN
maze8,2,mixed,107,1,3.0,I-NTMCP l=0,0.0,PURSUER_WIN
maze8,2,mixed,107,1,8.0,random,,PURSUER_WIN
maze8,2,mixed,107,1,3.0,I-NTMCP l=1,1.0,PURSUER_WIN
maze8,2,mixed,107,1,5.0,I-NTMCP l=0,0.0,PURSUER_WIN
maze8,2,mixed,107,0,14.0,shortest path,,EVADER_REACHED_GOAL
maze8,2,mixed,107,1,17.0,shortest path,,PURSUER_WIN
maze8,2,mixed,107,1,3.0,shortest path,,PURSUER_WIN
maze8,2,mixed,107,1,3.0,random,,PURSUER_WIN
maze8,2,mixed,107,1,3.0,I-NTMCP l=1,1.0,PURSUER_WIN
maze8,2,mixed,107,1,3.0,shortest path,,PURSUER_WIN
maze8,2,mixed,107,1,10.0,shortest path,,PURSUER_WIN
maze8,2,mixed,107,1,3.0,I-NTMCP l=0,0.0,PURSUER_WIN
maze8,2,mixed,108,1,3.0,shortest path,,PURSUER_WIN
maze8,2,mixed,108,1,10.0,random,,PURSUER_WIN
maze8,2,mixed,108,1,3.0,I-NTMCP l=1,1.0,PURSUER_WIN
maze8,2,mixed,108,1,8.0,I-NTMCP l=0,0.0,PURSUER_WIN
maze8,2,mixed,108,0,11.0,I-NTMCP l=1,1.0,EVADER_REACHED_GOAL
maze8,2,mixed,108,1,3.0,shortest path,,PURSUER_WIN
maze8,2,mixed,108,1,4.0,random,,PURSUER_WIN
maze8,2,mixed,108,0,13.0,I-NTMCP l=0,0.0,EVADER_REACHED_GOAL
maze8,2,mixed,108,1,1.0,shortest path,,PURSUER_WIN
maze8,2,mixed,108,1,8.0,shortest path,,PURSUER_WIN
maze8,2,mixed,108,1,3.0,shortest path,,PURSUER_WIN
maze8,2,mixed,108,0,13.0,I-NTMCP l=0,0.0,EVADER_REACHED_GOAL
maze8,2,mixed,108,1,5.0,shortest path,,PURSUER_WIN
maze8,2,mixed,108,0,40.0,random,,OTHER_LOSS_OR_TIMEOUT
maze8,2,mixed,108,1,10.0,shortest path,,PURSUER_WIN
maze8,2,mixed,108,1,1.0,random,,PURSUER_WIN
maze8,2,mixed,108,1,3.0,I-NTMCP l=1,1.0,PURSUER_WIN
maze8,2,mixed,108,1,1.0,random,,PURSUER_WIN
maze8,2,mixed,108,1,3.0,I-NTMCP l=0,0.0,PURSUER_WIN
maze8,2,mixed,108,1,3.0,I-NTMCP l=1,1.0,PURSUER_WIN
maze8,2,mixed,108,1,3.0,shortest path,,PURSUER_WIN
maze8,2,mixed,108,1,3.0,random,,PURSUER_WIN
maze8,2,mixed,108,0,11.0,I-NTMCP l=1,1.0,EVADER_REACHED_GOAL
maze8,2,mixed,108,1,4.0,random,,PURSUER_WIN
maze8,2,mixed,108,0,13.0,I-NTMCP l=0,0.0,EVADER_REACHED_GOAL
maze8,2,mixed,108,0,10.0,I-NTMCP l=0,0.0,EVADER_REACHED_GOAL
maze8,2,mixed,108,1,1.0,shortest path,,PURSUER_WIN
maze8,2,mixed,108,1,3.0,shortest path,,PURSUER_WIN
maze8,2,mixed,108,0,11.0,I-NTMCP l=1,1.0,EVADER_REACHED_GOAL
maze8,2,mixed,108,1,12.0,shortest path,,PURSUER_WIN
maze8,2,mixed,108,0,40.0,random,,OTHER_LOSS_OR_TIMEOUT
maze8,2,mixed,108,1,2.0,random,,PURSUER_WIN
maze8,2,mixed,108,0,12.0,I-NTMCP l=1,1.0,EVADER_REACHED_GOAL
maze8,2,mixed,108,1,20.0,random,,PURSUER_WIN
maze8,2,mixed,108,1,3.0,I-NTMCP l=1,1.0,PURSUER_WIN
maze8,2,mixed,108,1,3.0,shortest path,,PURSUER_WIN
maze8,2,mixed,108,1,3.0,I-NTMCP l=0,0.0,PURSUER_WIN
maze8,2,mixed,108,1,5.0,shortest path,,PURSUER_WIN
maze8,2,mixed,108,0,11.0,I-NTMCP l=1,1.0,EVADER_REACHED_GOAL
maze8,2,mixed,108,1,38.0,random,,PURSUER_WIN
maze8,2,mixed,108,0,10.0,I-NTMCP l=0,0.0,EVADER_REACHED_GOAL
maze8,2,mixed,108,1,1.0,shortest path,,PURSUER_WIN
maze8,2,mixed,108,1,3.0,shortest path,,PURSUER_WIN
maze8,2,mixed,108,1,8.0,I-NTMCP l=0,0.0,PURSUER_WIN
maze8,2,mixed,108,1,1.0,shortest path,,PURSUER_WIN
maze8,2,mixed,108,1,3.0,random,,PURSUER_WIN
maze8,2,mixed,108,0,11.0,shortest path,,EVADER_REACHED_GOAL
maze8,2,mixed,108,1,4.0,I-NTMCP l=1,1.0,PURSUER_WIN
maze8,2,mixed,108,1,3.0,I-NTMCP l=1,1.0,PURSUER_WIN
maze8,2,mixed,108,1,1.0,shortest path,,PURSUER_WIN
maze8,2,mixed,109,0,12.0,I-NTMCP l=0,0.0,EVADER_REACHED_GOAL
maze8,2,mixed,109,0,10.0,shortest path,,EVADER_REACHED_GOAL
maze8,2,mixed,109,1,3.0,I-NTMCP l=1,1.0,PURSUER_WIN
maze8,2,mixed,109,1,3.0,I-NTMCP l=1,1.0,PURSUER_WIN
maze8,2,mixed,109,1,13.0,random,,PURSUER_WIN
maze8,2,mixed,109,1,13.0,random,,PURSUER_WIN
maze8,2,mixed,109,1,8.0,shortest path,,PURSUER_WIN
maze8,2,mixed,109,1,4.0,I-NTMCP l=1,1.0,PURSUER_WIN
maze8,2,mixed,109,1,3.0,I-NTMCP l=0,0.0,PURSUER_WIN
maze8,2,mixed,109,1,3.0,random,,PURSUER_WIN
maze8,2,mixed,109,1,3.0,shortest path,,PURSUER_WIN
maze8,2,mixed,109,0,13.0,I-NTMCP l=1,1.0,EVADER_REACHED_GOAL
maze8,2,mixed,109,0,12.0,I-NTMCP l=0,0.0,EVADER_REACHED_GOAL
maze8,2,mixed,109,1,3.0,I-NTMCP l=1,1.0,PURSUER_WIN
maze8,2,mixed,109,1,6.0,shortest path,,PURSUER_WIN
maze8,2,mixed,109,1,4.0,I-NTMCP l=0,0.0,PURSUER_WIN
maze8,2,mixed,109,1,3.0,I-NTMCP l=0,0.0,PURSUER_WIN
maze8,2,mixed,109,1,2.0,random,,PURSUER_WIN
maze8,2,mixed,109,0,10.0,shortest path,,EVADER_REACHED_GOAL
maze8,2,mixed,109,1,3.0,random,,PURSUER_WIN
maze8,2,mixed,109,1,3.0,I-NTMCP l=0,0.0,PURSUER_WIN
maze8,2,mixed,109,0,15.0,shortest path,,EVADER_REACHED_GOAL
maze8,2,mixed,109,1,3.0,shortest path,,PURSUER_WIN
maze8,2,mixed,109,1,1.0,shortest path,,PURSUER_WIN
maze8,2,mixed,109,1,3.0,I-NTMCP l=1,1.0,PURSUER_WIN
maze8,2,mixed,109,1,8.0,I-NTMCP l=1,1.0,PURSUER_WIN
maze8,2,mixed,109,1,8.0,shortest path,,PURSUER_WIN
maze8,2,mixed,109,0,11.0,I-NTMCP l=1,1.0,EVADER_REACHED_GOAL
maze8,2,mixed,109,0,12.0,I-NTMCP l=0,0.0,EVADER_REACHED_GOAL
maze8,2,mixed,109,1,10.0,shortest path,,PURSUER_WIN
maze8,2,mixed,109,0,11.0,shortest path,,EVADER_REACHED_GOAL
maze8,2,mixed,109,1,32.0,random,,PURSUER_WIN
maze8,2,mixed,109,1,14.0,random,,PURSUER_WIN
maze8,2,mixed,109,1,9.0,I-NTMCP l=1,1.0,PURSUER_WIN
maze8,2,mixed,109,1,10.0,I-NTMCP l=1,1.0,PURSUER_WIN
maze8,2,mixed,109,0,15.0,I-NTMCP l=1,1.0,EVADER_REACHED_GOAL
maze8,2,mixed,109,1,3.0,random,,PURSUER_WIN
maze8,2,mixed,109,1,8.0,I-NTMCP l=0,0.0,PURSUER_WIN
maze8,2,mixed,109,1,16.0,shortest path,,PURSUER_WIN
maze8,2,mixed,109,1,3.0,I-NTMCP l=1,1.0,PURSUER_WIN
maze8,2,mixed,109,1,26.0,random,,PURSUER_WIN
maze8,2,mixed,109,1,3.0,random,,PURSUER_WIN
maze8,2,mixed,109,1,8.0,I-NTMCP l=0,0.0,PURSUER_WIN
maze8,2,mixed,109,1,12.0,I-NTMCP l=1,1.0,PURSUER_WIN
maze8,2,mixed,109,1,3.0,I-NTMCP l=0,0.0,PURSUER_WIN
maze8,2,mixed,109,1,3.0,I-NTMCP l=1,1.0,PURSUER_WIN
maze8,2,mixed,109,1,14.0,random,,PURSUER_WIN
maze8,2,mixed,109,1,9.0,random,,PURSUER_WIN
maze8,2,mixed,109,1,3.0,I-NTMCP l=1,1.0,PURSUER_WIN
maze8,2,mixed,109,1,3.0,random,,PURSUER_WIN
maze8,3,l0,100,1,3.0,I-NTMCP l=0,0.0,PURSUER_WIN
maze8,3,l0,100,1,3.0,I-NTMCP l=0,0.0,PURSUER_WIN
maze8,3,l0,100,0,11.0,I-NTMCP l=0,0.0,EVADER_REACHED_GOAL
maze8,3,l0,100,1,2.0,I-NTMCP l=0,0.0,PURSUER_WIN
maze8,3,l0,100,1,8.0,I-NTMCP l=0,0.0,PURSUER_WIN
maze8,3,l0,100,1,2.0,I-NTMCP l=0,0.0,PURSUER_WIN
maze8,3,l0,100,1,3.0,I-NTMCP l=0,0.0,PURSUER_WIN
maze8,3,l0,100,1,3.0,I-NTMCP l=0,0.0,PURSUER_WIN
maze8,3,l0,100,1,8.0,I-NTMCP l=0,0.0,PURSUER_WIN
maze8,3,l0,100,1,3.0,I-NTMCP l=0,0.0,PURSUER_WIN
maze8,3,l0,100,1,3.0,I-NTMCP l=0,0.0,PURSUER_WIN
maze8,3,l0,100,1,3.0,I-NTMCP l=0,0.0,PURSUER_WIN
maze8,3,l0,100,1,3.0,I-NTMCP l=0,0.0,PURSUER_WIN
maze8,3,l0,100,1,8.0,I-NTMCP l=0,0.0,PURSUER_WIN
maze8,3,l0,100,1,3.0,I-NTMCP l=0,0.0,PURSUER_WIN
maze8,3,l0,100,1,8.0,I-NTMCP l=0,0.0,PURSUER_WIN
maze8,3,l0,100,1,3.0,I-NTMCP l=0,0.0,PURSUER_WIN
maze8,3,l0,100,1,2.0,I-NTMCP l=0,0.0,PURSUER_WIN
maze8,3,l0,100,1,3.0,I-NTMCP l=0,0.0,PURSUER_WIN
maze8,3,l0,100,1,10.0,I-NTMCP l=0,0.0,PURSUER_WIN
maze8,3,l0,100,1,4.0,I-NTMCP l=0,0.0,PURSUER_WIN
maze8,3,l0,100,1,3.0,I-NTMCP l=0,0.0,PURSUER_WIN
maze8,3,l0,100,1,3.0,I-NTMCP l=0,0.0,PURSUER_WIN
maze8,3,l0,100,1,3.0,I-NTMCP l=0,0.0,PURSUER_WIN
maze8,3,l0,100,1,3.0,I-NTMCP l=0,0.0,PURSUER_WIN
maze8,3,l0,100,0,11.0,I-NTMCP l=0,0.0,EVADER_REACHED_GOAL
maze8,3,l0,100,0,11.0,I-NTMCP l=0,0.0,EVADER_REACHED_GOAL
maze8,3,l0,100,0,11.0,I-NTMCP l=0,0.0,EVADER_REACHED_GOAL
maze8,3,l0,100,1,2.0,I-NTMCP l=0,0.0,PURSUER_WIN
maze8,3,l0,100,0,10.0,I-NTMCP l=0,0.0,EVADER_REACHED_GOAL
maze8,3,l0,100,1,8.0,I-NTMCP l=0,0.0,PURSUER_WIN
maze8,3,l0,100,1,3.0,I-NTMCP l=0,0.0,PURSUER_WIN
maze8,3,l0,100,1,3.0,I-NTMCP l=0,0.0,PURSUER_WIN
maze8,3,l0,100,0,12.0,I-NTMCP l=0,0.0,EVADER_REACHED_GOAL
maze8,3,l0,100,1,4.0,I-NTMCP l=0,0.0,PURSUER_WIN
maze8,3,l0,100,0,12.0,I-NTMCP l=0,0.0,EVADER_REACHED_GOAL
maze8,3,l0,100,1,3.0,I-NTMCP l=0,0.0,PURSUER_WIN
maze8,3,l0,100,1,3.0,I-NTMCP l=0,0.0,PURSUER_WIN
maze8,3,l0,100,1,3.0,I-NTMCP l=0,0.0,PURSUER_WIN
maze8,3,l0,100,1,1.0,I-NTMCP l=0,0.0,PURSUER_WIN
maze8,3,l0,100,1,12.0,I-NTMCP l=0,0.0,PURSUER_WIN
maze8,3,l0,100,1,2.0,I-NTMCP l=0,0.0,PURSUER_WIN
maze8,3,l0,100,1,4.0,I-NTMCP l=0,0.0,PURSUER_WIN
maze8,3,l0,100,1,3.0,I-NTMCP l=0,0.0,PURSUER_WIN
maze8,3,l0,100,1,8.0,I-NTMCP l=0,0.0,PURSUER_WIN
maze8,3,l0,100,1,4.0,I-NTMCP l=0,0.0,PURSUER_WIN
maze8,3,l0,100,0,12.0,I-NTMCP l=0,0.0,EVADER_REACHED_GOAL
maze8,3,l0,100,1,11.0,I-NTMCP l=0,0.0,PURSUER_WIN
maze8,3,l0,100,0,11.0,I-NTMCP l=0,0.0,EVADER_REACHED_GOAL
maze8,3,l0,100,1,3.0,I-NTMCP l=0,0.0,PURSUER_WIN
maze8,3,l0,101,1,2.0,I-NTMCP l=0,0.0,PURSUER_WIN
maze8,3,l0,101,0,14.0,I-NTMCP l=0,0.0,EVADER_REACHED_GOAL
maze8,3,l0,101,0,12.0,I-NTMCP l=0,0.0,EVADER_REACHED_GOAL
maze8,3,l0,101,1,9.0,I-NTMCP l=0,0.0,PURSUER_WIN
maze8,3,l0,101,1,2.0,I-NTMCP l=0,0.0,PURSUER_WIN
maze8,3,l0,101,1,2.0,I-NTMCP l=0,0.0,PURSUER_WIN
maze8,3,l0,101,0,11.0,I-NTMCP l=0,0.0,EVADER_REACHED_GOAL
maze8,3,l0,101,1,13.0,I-NTMCP l=0,0.0,PURSUER_WIN
maze8,3,l0,101,0,11.0,I-NTMCP l=0,0.0,EVADER_REACHED_GOAL
maze8,3,l0,101,1,5.0,I-NTMCP l=0,0.0,PURSUER_WIN
maze8,3,l0,101,0,11.0,I-NTMCP l=0,0.0,EVADER_REACHED_GOAL
maze8,3,l0,101,1,3.0,I-NTMCP l=0,0.0,PURSUER_WIN
maze8,3,l0,101,0,11.0,I-NTMCP l=0,0.0,EVADER_REACHED_GOAL
maze8,3,l0,101,1,10.0,I-NTMCP l=0,0.0,PURSUER_WIN
maze8,3,l0,101,1,4.0,I-NTMCP l=0,0.0,PURSUER_WIN
maze8,3,l0,101,0,11.0,I-NTMCP l=0,0.0,EVADER_REACHED_GOAL
maze8,3,l0,101,0,11.0,I-NTMCP l=0,0.0,EVADER_REACHED_GOAL
maze8,3,l0,101,1,2.0,I-NTMCP l=0,0.0,PURSUER_WIN
maze8,3,l0,101,0,10.0,I-NTMCP l=0,0.0,EVADER_REACHED_GOAL
maze8,3,l0,101,1,3.0,I-NTMCP l=0,0.0,PURSUER_WIN
maze8,3,l0,101,1,3.0,I-NTMCP l=0,0.0,PURSUER_WIN
maze8,3,l0,101,0,13.0,I-NTMCP l=0,0.0,EVADER_REACHED_GOAL
maze8,3,l0,101,1,10.0,I-NTMCP l=0,0.0,PURSUER_WIN
maze8,3,l0,101,1,4.0,I-NTMCP l=0,0.0,PURSUER_WIN
maze8,3,l0,101,1,10.0,I-NTMCP l=0,0.0,PURSUER_WIN
maze8,3,l0,101,0,11.0,I-NTMCP l=0,0.0,EVADER_REACHED_GOAL
maze8,3,l0,101,1,3.0,I-NTMCP l=0,0.0,PURSUER_WIN
maze8,3,l0,101,1,8.0,I-NTMCP l=0,0.0,PURSUER_WIN
maze8,3,l0,101,1,5.0,I-NTMCP l=0,0.0,PURSUER_WIN
maze8,3,l0,101,0,10.0,I-NTMCP l=0,0.0,EVADER_REACHED_GOAL
maze8,3,l0,101,0,13.0,I-NTMCP l=0,0.0,EVADER_REACHED_GOAL
maze8,3,l0,101,1,3.0,I-NTMCP l=0,0.0,PURSUER_WIN
maze8,3,l0,101,1,10.0,I-NTMCP l=0,0.0,PURSUER_WIN
maze8,3,l0,101,1,8.0,I-NTMCP l=0,0.0,PURSUER_WIN
maze8,3,l0,101,1,10.0,I-NTMCP l=0,0.0,PURSUER_WIN
maze8,3,l0,101,1,8.0,I-NTMCP l=0,0.0,PURSUER_WIN
maze8,3,l0,101,1,4.0,I-NTMCP l=0,0.0,PURSUER_WIN
maze8,3,l0,101,1,9.0,I-NTMCP l=0,0.0,PURSUER_WIN
maze8,3,l0,101,1,3.0,I-NTMCP l=0,0.0,PURSUER_WIN
maze8,3,l0,101,0,11.0,I-NTMCP l=0,0.0,EVADER_REACHED_GOAL
maze8,3,l0,101,1,8.0,I-NTMCP l=0,0.0,PURSUER_WIN
maze8,3,l0,101,1,3.0,I-NTMCP l=0,0.0,PURSUER_WIN
maze8,3,l0,101,1,3.0,I-NTMCP l=0,0.0,PURSUER_WIN
maze8,3,l0,101,0,12.0,I-NTMCP l=0,0.0,EVADER_REACHED_GOAL
maze8,3,l0,101,1,8.0,I-NTMCP l=0,0.0,PURSUER_WIN
maze8,3,l0,101,0,9.0,I-NTMCP l=0,0.0,EVADER_REACHED_GOAL
maze8,3,l0,101,1,8.0,I-NTMCP l=0,0.0,PURSUER_WIN
maze8,3,l0,101,1,11.0,I-NTMCP l=0,0.0,PURSUER_WIN
maze8,3,l0,101,1,2.0,I-NTMCP l=0,0.0,PURSUER_WIN
maze8,3,l0,101,0,13.0,I-NTMCP l=0,0.0,EVADER_REACHED_GOAL
maze8,3,l0,102,0,14.0,I-NTMCP l=0,0.0,EVADER_REACHED_GOAL
maze8,3,l0,102,1,3.0,I-NTMCP l=0,0.0,PURSUER_WIN
maze8,3,l0,102,1,8.0,I-NTMCP l=0,0.0,PURSUER_WIN
maze8,3,l0,102,1,3.0,I-NTMCP l=0,0.0,PURSUER_WIN
maze8,3,l0,102,1,5.0,I-NTMCP l=0,0.0,PURSUER_WIN
maze8,3,l0,102,1,12.0,I-NTMCP l=0,0.0,PURSUER_WIN
maze8,3,l0,102,1,10.0,I-NTMCP l=0,0.0,PURSUER_WIN
maze8,3,l0,102,1,3.0,I-NTMCP l=0,0.0,PURSUER_WIN
maze8,3,l0,102,1,2.0,I-NTMCP l=0,0.0,PURSUER_WIN
maze8,3,l0,102,1,9.0,I-NTMCP l=0,0.0,PURSUER_WIN
maze8,3,l0,102,0,11.0,I-NTMCP l=0,0.0,EVADER_REACHED_GOAL
maze8,3,l0,102,0,10.0,I-NTMCP l=0,0.0,EVADER_REACHED_GOAL
maze8,3,l0,102,1,3.0,I-NTMCP l=0,0.0,PURSUER_WIN
maze8,3,l0,102,1,10.0,I-NTMCP l=0,0.0,PURSUER_WIN
maze8,3,l0,102,0,11.0,I-NTMCP l=0,0.0,EVADER_REACHED_GOAL
maze8,3,l0,102,1,3.0,I-NTMCP l=0,0.0,PURSUER_WIN
maze8,3,l0,102,1,3.0,I-NTMCP l=0,0.0,PURSUER_WIN
maze8,3,l0,102,1,8.0,I-NTMCP l=0,0.0,PURSUER_WIN
maze8,3,l0,102,1,9.0,I-NTMCP l=0,0.0,PURSUER_WIN
maze8,3,l0,102,1,3.0,I-NTMCP l=0,0.0,PURSUER_WIN
maze8,3,l0,102,0,12.0,I-NTMCP l=0,0.0,EVADER_REACHED_GOAL
maze8,3,l0,102,1,3.0,I-NTMCP l=0,0.0,PURSUER_WIN
maze8,3,l0,102,1,9.0,I-NTMCP l=0,0.0,PURSUER_WIN
maze8,3,l0,102,1,8.0,I-NTMCP l=0,0.0,PURSUER_WIN
maze8,3,l0,102,1,12.0,I-NTMCP l=0,0.0,PURSUER_WIN
maze8,3,l0,102,1,3.0,I-NTMCP l=0,0.0,PURSUER_WIN
maze8,3,l0,102,1,4.0,I-NTMCP l=0,0.0,PURSUER_WIN
maze8,3,l0,102,1,4.0,I-NTMCP l=0,0.0,PURSUER_WIN
maze8,3,l0,102,1,3.0,I-NTMCP l=0,0.0,PURSUER_WIN
maze8,3,l0,102,1,3.0,I-NTMCP l=0,0.0,PURSUER_WIN
maze8,3,l0,102,1,3.0,I-NTMCP l=0,0.0,PURSUER_WIN
maze8,3,l0,102,1,10.0,I-NTMCP l=0,0.0,PURSUER_WIN
maze8,3,l0,102,1,3.0,I-NTMCP l=0,0.0,PURSUER_WIN
maze8,3,l0,102,1,5.0,I-NTMCP l=0,0.0,PURSUER_WIN
maze8,3,l0,102,1,1.0,I-NTMCP l=0,0.0,PURSUER_WIN
maze8,3,l0,102,1,3.0,I-NTMCP l=0,0.0,PURSUER_WIN
maze8,3,l0,102,1,13.0,I-NTMCP l=0,0.0,PURSUER_WIN
maze8,3,l0,102,1,3.0,I-NTMCP l=0,0.0,PURSUER_WIN
maze8,3,l0,102,1,3.0,I-NTMCP l=0,0.0,PURSUER_WIN
maze8,3,l0,102,1,3.0,I-NTMCP l=0,0.0,PURSUER_WIN
maze8,3,l0,102,1,9.0,I-NTMCP l=0,0.0,PURSUER_WIN
maze8,3,l0,102,0,11.0,I-NTMCP l=0,0.0,EVADER_REACHED_GOAL
maze8,3,l0,102,1,3.0,I-NTMCP l=0,0.0,PURSUER_WIN
maze8,3,l0,102,0,10.0,I-NTMCP l=0,0.0,EVADER_REACHED_GOAL
maze8,3,l0,102,1,3.0,I-NTMCP l=0,0.0,PURSUER_WIN
maze8,3,l0,102,1,9.0,I-NTMCP l=0,0.0,PURSUER_WIN
maze8,3,l0,102,1,3.0,I-NTMCP l=0,0.0,PURSUER_WIN
maze8,3,l0,102,1,3.0,I-NTMCP l=0,0.0,PURSUER_WIN
maze8,3,l0,102,1,4.0,I-NTMCP l=0,0.0,PURSUER_WIN
maze8,3,l0,102,1,4.0,I-NTMCP l=0,0.0,PURSUER_WIN
maze8,3,l0,103,1,9.0,I-NTMCP l=0,0.0,PURSUER_WIN
maze8,3,l0,103,1,3.0,I-NTMCP l=0,0.0,PURSUER_WIN
maze8,3,l0,103,1,8.0,I-NTMCP l=0,0.0,PURSUER_WIN
maze8,3,l0,103,1,3.0,I-NTMCP l=0,0.0,PURSUER_WIN
maze8,3,l0,103,1,3.0,I-NTMCP l=0,0.0,PURSUER_WIN
maze8,3,l0,103,1,3.0,I-NTMCP l=0,0.0,PURSUER_WIN
maze8,3,l0,103,0,10.0,I-NTMCP l=0,0.0,EVADER_REACHED_GOAL
maze8,3,l0,103,1,9.0,I-NTMCP l=0,0.0,PURSUER_WIN
maze8,3,l0,103,0,10.0,I-NTMCP l=0,0.0,EVADER_REACHED_GOAL
maze8,3,l0,103,1,3.0,I-NTMCP l=0,0.0,PURSUER_WIN
maze8,3,l0,103,1,4.0,I-NTMCP l=0,0.0,PURSUER_WIN
maze8,3,l0,103,1,3.0,I-NTMCP l=0,0.0,PURSUER_WIN
maze8,3,l0,103,0,9.0,I-NTMCP l=0,0.0,EVADER_REACHED_GOAL
maze8,3,l0,103,1,8.0,I-NTMCP l=0,0.0,PURSUER_WIN
maze8,3,l0,103,1,3.0,I-NTMCP l=0,0.0,PURSUER_WIN
maze8,3,l0,103,1,3.0,I-NTMCP l=0,0.0,PURSUER_WIN
maze8,3,l0,103,1,10.0,I-NTMCP l=0,0.0,PURSUER_WIN
maze8,3,l0,103,0,11.0,I-NTMCP l=0,0.0,EVADER_REACHED_GOAL
maze8,3,l0,103,1,3.0,I-NTMCP l=0,0.0,PURSUER_WIN
maze8,3,l0,103,1,3.0,I-NTMCP l=0,0.0,PURSUER_WIN
maze8,3,l0,103,1,3.0,I-NTMCP l=0,0.0,PURSUER_WIN
maze8,3,l0,103,1,10.0,I-NTMCP l=0,0.0,PURSUER_WIN
maze8,3,l0,103,1,2.0,I-NTMCP l=0,0.0,PURSUER_WIN
maze8,3,l0,103,1,8.0,I-NTMCP l=0,0.0,PURSUER_WIN
maze8,3,l0,103,1,3.0,I-NTMCP l=0,0.0,PURSUER_WIN
maze8,3,l0,103,1,3.0,I-NTMCP l=0,0.0,PURSUER_WIN
maze8,3,l0,103,1,9.0,I-NTMCP l=0,0.0,PURSUER_WIN
maze8,3,l0,103,1,3.0,I-NTMCP l=0,0.0,PURSUER_WIN
maze8,3,l0,103,1,2.0,I-NTMCP l=0,0.0,PURSUER_WIN
maze8,3,l0,103,1,3.0,I-NTMCP l=0,0.0,PURSUER_WIN
maze8,3,l0,103,0,11.0,I-NTMCP l=0,0.0,EVADER_REACHED_GOAL
maze8,3,l0,103,1,8.0,I-NTMCP l=0,0.0,PURSUER_WIN
maze8,3,l0,103,0,12.0,I-NTMCP l=0,0.0,EVADER_REACHED_GOAL
maze8,3,l0,103,1,5.0,I-NTMCP l=0,0.0,PURSUER_WIN
maze8,3,l0,103,1,4.0,I-NTMCP l=0,0.0,PURSUER_WIN
maze8,3,l0,103,1,11.0,I-NTMCP l=0,0.0,PURSUER_WIN
maze8,3,l0,103,1,11.0,I-NTMCP l=0,0.0,PURSUER_WIN
maze8,3,l0,103,1,8.0,I-NTMCP l=0,0.0,PURSUER_WIN
maze8,3,l0,103,1,9.0,I-NTMCP l=0,0.0,PURSUER_WIN
maze8,3,l0,103,1,1.0,I-NTMCP l=0,0.0,PURSUER_WIN
maze8,3,l0,103,1,3.0,I-NTMCP l=0,0.0,PURSUER_WIN
maze8,3,l0,103,1,4.0,I-NTMCP l=0,0.0,PURSUER_WIN
maze8,3,l0,103,1,3.0,I-NTMCP l=0,0.0,PURSUER_WIN
maze8,3,l0,103,1,10.0,I-NTMCP l=0,0.0,PURSUER_WIN
maze8,3,l0,103,0,11.0,I-NTMCP l=0,0.0,EVADER_REACHED_GOAL
maze8,3,l0,103,1,8.0,I-NTMCP l=0,0.0,PURSUER_WIN
maze8,3,l0,103,1,2.0,I-NTMCP l=0,0.0,PURSUER_WIN
maze8,3,l0,103,0,11.0,I-NTMCP l=0,0.0,EVADER_REACHED_GOAL
maze8,3,l0,103,1,4.0,I-NTMCP l=0,0.0,PURSUER_WIN
maze8,3,l0,103,1,10.0,I-NTMCP l=0,0.0,PURSUER_WIN
maze8,3,l0,104,1,8.0,I-NTMCP l=0,0.0,PURSUER_WIN
maze8,3,l0,104,1,3.0,I-NTMCP l=0,0.0,PURSUER_WIN
maze8,3,l0,104,0,12.0,I-NTMCP l=0,0.0,EVADER_REACHED_GOAL
maze8,3,l0,104,1,11.0,I-NTMCP l=0,0.0,PURSUER_WIN
maze8,3,l0,104,1,3.0,I-NTMCP l=0,0.0,PURSUER_WIN
maze8,3,l0,104,1,2.0,I-NTMCP l=0,0.0,PURSUER_WIN
maze8,3,l0,104,1,3.0,I-NTMCP l=0,0.0,PURSUER_WIN
maze8,3,l0,104,0,11.0,I-NTMCP l=0,0.0,EVADER_REACHED_GOAL
maze8,3,l0,104,0,11.0,I-NTMCP l=0,0.0,EVADER_REACHED_GOAL
maze8,3,l0,104,1,3.0,I-NTMCP l=0,0.0,PURSUER_WIN
maze8,3,l0,104,1,3.0,I-NTMCP l=0,0.0,PURSUER_WIN
maze8,3,l0,104,1,3.0,I-NTMCP l=0,0.0,PURSUER_WIN
maze8,3,l0,104,1,3.0,I-NTMCP l=0,0.0,PURSUER_WIN
maze8,3,l0,104,1,3.0,I-NTMCP l=0,0.0,PURSUER_WIN
maze8,3,l0,104,1,3.0,I-NTMCP l=0,0.0,PURSUER_WIN
maze8,3,l0,104,1,3.0,I-NTMCP l=0,0.0,PURSUER_WIN
maze8,3,l0,104,1,3.0,I-NTMCP l=0,0.0,PURSUER_WIN
maze8,3,l0,104,1,6.0,I-NTMCP l=0,0.0,PURSUER_WIN
maze8,3,l0,104,0,9.0,I-NTMCP l=0,0.0,EVADER_REACHED_GOAL
maze8,3,l0,104,1,10.0,I-NTMCP l=0,0.0,PURSUER_WIN
maze8,3,l0,104,0,11.0,I-NTMCP l=0,0.0,EVADER_REACHED_GOAL
maze8,3,l0,104,1,4.0,I-NTMCP l=0,0.0,PURSUER_WIN
maze8,3,l0,104,1,3.0,I-NTMCP l=0,0.0,PURSUER_WIN
maze8,3,l0,104,1,3.0,I-NTMCP l=0,0.0,PURSUER_WIN
maze8,3,l0,104,1,1.0,I-NTMCP l=0,0.0,PURSUER_WIN
maze8,3,l0,104,0,10.0,I-NTMCP l=0,0.0,EVADER_REACHED_GOAL
maze8,3,l0,104,1,15.0,I-NTMCP l=0,0.0,PURSUER_WIN
maze8,3,l0,104,0,11.0,I-NTMCP l=0,0.0,EVADER_REACHED_GOAL
maze8,3,l0,104,1,8.0,I-NTMCP l=0,0.0,PURSUER_WIN
maze8,3,l0,104,1,3.0,I-NTMCP l=0,0.0,PURSUER_WIN
maze8,3,l0,104,1,3.0,I-NTMCP l=0,0.0,PURSUER_WIN
maze8,3,l0,104,1,10.0,I-NTMCP l=0,0.0,PURSUER_WIN
maze8,3,l0,104,1,13.0,I-NTMCP l=0,0.0,PURSUER_WIN
maze8,3,l0,104,1,3.0,I-NTMCP l=0,0.0,PURSUER_WIN
maze8,3,l0,104,0,12.0,I-NTMCP l=0,0.0,EVADER_REACHED_GOAL
maze8,3,l0,104,1,4.0,I-NTMCP l=0,0.0,PURSUER_WIN
maze8,3,l0,104,1,3.0,I-NTMCP l=0,0.0,PURSUER_WIN
maze8,3,l0,104,1,3.0,I-NTMCP l=0,0.0,PURSUER_WIN
maze8,3,l0,104,1,2.0,I-NTMCP l=0,0.0,PURSUER_WIN
maze8,3,l0,104,0,12.0,I-NTMCP l=0,0.0,EVADER_REACHED_GOAL
maze8,3,l0,104,0,13.0,I-NTMCP l=0,0.0,EVADER_REACHED_GOAL
maze8,3,l0,104,1,2.0,I-NTMCP l=0,0.0,PURSUER_WIN
maze8,3,l0,104,1,3.0,I-NTMCP l=0,0.0,PURSUER_WIN
maze8,3,l0,104,0,12.0,I-NTMCP l=0,0.0,EVADER_REACHED_GOAL
maze8,3,l0,104,0,11.0,I-NTMCP l=0,0.0,EVADER_REACHED_GOAL
maze8,3,l0,104,1,3.0,I-NTMCP l=0,0.0,PURSUER_WIN
maze8,3,l0,104,1,12.0,I-NTMCP l=0,0.0,PURSUER_WIN
maze8,3,l0,104,0,10.0,I-NTMCP l=0,0.0,EVADER_REACHED_GOAL
maze8,3,l0,104,0,12.0,I-NTMCP l=0,0.0,EVADER_REACHED_GOAL
maze8,3,l0,104,1,8.0,I-NTMCP l=0,0.0,PURSUER_WIN
maze8,3,l0,105,1,13.0,I-NTMCP l=0,0.0,PURSUER_WIN
maze8,3,l0,105,1,5.0,I-NTMCP l=0,0.0,PURSUER_WIN
maze8,3,l0,105,1,3.0,I-NTMCP l=0,0.0,PURSUER_WIN
maze8,3,l0,105,1,3.0,I-NTMCP l=0,0.0,PURSUER_WIN
maze8,3,l0,105,1,3.0,I-NTMCP l=0,0.0,PURSUER_WIN
maze8,3,l0,105,1,8.0,I-NTMCP l=0,0.0,PURSUER_WIN
maze8,3,l0,105,1,5.0,I-NTMCP l=0,0.0,PURSUER_WIN
maze8,3,l0,105,1,8.0,I-NTMCP l=0,0.0,PURSUER_WIN
maze8,3,l0,105,1,4.0,I-NTMCP l=0,0.0,PURSUER_WIN
maze8,3,l0,105,1,2.0,I-NTMCP l=0,0.0,PURSUER_WIN
maze8,3,l0,105,1,10.0,I-NTMCP l=0,0.0,PURSUER_WIN
maze8,3,l0,105,1,4.0,I-NTMCP l=0,0.0,PURSUER_WIN
maze8,3,l0,105,1,4.0,I-NTMCP l=0,0.0,PURSUER_WIN
maze8,3,l0,105,1,9.0,I-NTMCP l=0,0.0,PURSUER_WIN
maze8,3,l0,105,1,3.0,I-NTMCP l=0,0.0,PURSUER_WIN
maze8,3,l0,105,0,11.0,I-NTMCP l=0,0.0,EVADER_REACHED_GOAL
maze8,3,l0,105,1,11.0,I-NTMCP l=0,0.0,PURSUER_WIN
maze8,3,l0,105,1,3.0,I-NTMCP l=0,0.0,PURSUER_WIN
maze8,3,l0,105,0,11.0,I-NTMCP l=0,0.0,EVADER_REACHED_GOAL
maze8,3,l0,105,1,12.0,I-NTMCP l=0,0.0,PURSUER_WIN
maze8,3,l0,105,1,19.0,I-NTMCP l=0,0.0,PURSUER_WIN
maze8,3,l0,105,1,8.0,I-NTMCP l=0,0.0,PURSUER_WIN
maze8,3,l0,105,1,2.0,I-NTMCP l=0,0.0,PURSUER_WIN
maze8,3,l0,105,1,12.0,I-NTMCP l=0,0.0,PURSUER_WIN
maze8,3,l0,105,1,10.0,I-NTMCP l=0,0.0,PURSUER_WIN
maze8,3,l0,105,1,3.0,I-NTMCP l=0,0.0,PURSUER_WIN
maze8,3,l0,105,1,10.0,I-NTMCP l=0,0.0,PURSUER_WIN
maze8,3,l0,105,0,12.0,I-NTMCP l=0,0.0,EVADER_REACHED_GOAL
maze8,3,l0,105,0,11.0,I-NTMCP l=0,0.0,EVADER_REACHED_GOAL
maze8,3,l0,105,1,12.0,I-NTMCP l=0,0.0,PURSUER_WIN
maze8,3,l0,105,1,3.0,I-NTMCP l=0,0.0,PURSUER_WIN
maze8,3,l0,105,0,12.0,I-NTMCP l=0,0.0,EVADER_REACHED_GOAL
maze8,3,l0,105,1,4.0,I-NTMCP l=0,0.0,PURSUER_WIN
maze8,3,l0,105,1,1.0,I-NTMCP l=0,0.0,PURSUER_WIN
maze8,3,l0,105,0,10.0,I-NTMCP l=0,0.0,EVADER_REACHED_GOAL
maze8,3,l0,105,0,11.0,I-NTMCP l=0,0.0,EVADER_REACHED_GOAL
maze8,3,l0,105,1,2.0,I-NTMCP l=0,0.0,PURSUER_WIN
maze8,3,l0,105,0,9.0,I-NTMCP l=0,0.0,EVADER_REACHED_GOAL
maze8,3,l0,105,0,13.0,I-NTMCP l=0,0.0,EVADER_REACHED_GOAL
maze8,3,l0,105,1,5.0,I-NTMCP l=0,0.0,PURSUER_WIN
maze8,3,l0,105,1,10.0,I-NTMCP l=0,0.0,PURSUER_WIN
maze8,3,l0,105,1,8.0,I-NTMCP l=0,0.0,PURSUER_WIN
maze8,3,l0,105,1,10.0,I-NTMCP l=0,0.0,PURSUER_WIN
maze8,3,l0,105,0,12.0,I-NTMCP l=0,0.0,EVADER_REACHED_GOAL
maze8,3,l0,105,1,3.0,I-NTMCP l=0,0.0,PURSUER_WIN
maze8,3,l0,105,1,2.0,I-NTMCP l=0,0.0,PURSUER_WIN
maze8,3,l0,105,1,1.0,I-NTMCP l=0,0.0,PURSUER_WIN
maze8,3,l0,105,1,2.0,I-NTMCP l=0,0.0,PURSUER_WIN
maze8,3,l0,105,0,11.0,I-NTMCP l=0,0.0,EVADER_REACHED_GOAL
maze8,3,l0,105,1,3.0,I-NTMCP l=0,0.0,PURSUER_WIN
maze8,3,l0,106,0,11.0,I-NTMCP l=0,0.0,EVADER_REACHED_GOAL
maze8,3,l0,106,1,8.0,I-NTMCP l=0,0.0,PURSUER_WIN
maze8,3,l0,106,1,11.0,I-NTMCP l=0,0.0,PURSUER_WIN
maze8,3,l0,106,1,2.0,I-NTMCP l=0,0.0,PURSUER_WIN
maze8,3,l0,106,1,3.0,I-NTMCP l=0,0.0,PURSUER_WIN
maze8,3,l0,106,0,11.0,I-NTMCP l=0,0.0,EVADER_REACHED_GOAL
maze8,3,l0,106,1,3.0,I-NTMCP l=0,0.0,PURSUER_WIN
maze8,3,l0,106,1,2.0,I-NTMCP l=0,0.0,PURSUER_WIN
maze8,3,l0,106,1,2.0,I-NTMCP l=0,0.0,PURSUER_WIN
maze8,3,l0,106,1,2.0,I-NTMCP l=0,0.0,PURSUER_WIN
maze8,3,l0,106,0,9.0,I-NTMCP l=0,0.0,EVADER_REACHED_GOAL
maze8,3,l0,106,1,1.0,I-NTMCP l=0,0.0,PURSUER_WIN
maze8,3,l0,106,1,3.0,I-NTMCP l=0,0.0,PURSUER_WIN
maze8,3,l0,106,1,3.0,I-NTMCP l=0,0.0,PURSUER_WIN
maze8,3,l0,106,1,3.0,I-NTMCP l=0,0.0,PURSUER_WIN
maze8,3,l0,106,1,3.0,I-NTMCP l=0,0.0,PURSUER_WIN
maze8,3,l0,106,1,16.0,I-NTMCP l=0,0.0,PURSUER_WIN
maze8,3,l0,106,0,12.0,I-NTMCP l=0,0.0,EVADER_REACHED_GOAL
maze8,3,l0,106,1,10.0,I-NTMCP l=0,0.0,PURSUER_WIN
maze8,3,l0,106,1,10.0,I-NTMCP l=0,0.0,PURSUER_WIN
maze8,3,l0,106,1,8.0,I-NTMCP l=0,0.0,PURSUER_WIN
maze8,3,l0,106,1,10.0,I-NTMCP l=0,0.0,PURSUER_WIN
maze8,3,l0,106,0,11.0,I-NTMCP l=0,0.0,EVADER_REACHED_GOAL
maze8,3,l0,106,1,3.0,I-NTMCP l=0,0.0,PURSUER_WIN
maze8,3,l0,106,1,2.0,I-NTMCP l=0,0.0,PURSUER_WIN
maze8,3,l0,106,1,3.0,I-NTMCP l=0,0.0,PURSUER_WIN
maze8,3,l0,106,1,3.0,I-NTMCP l=0,0.0,PURSUER_WIN
maze8,3,l0,106,1,8.0,I-NTMCP l=0,0.0,PURSUER_WIN
maze8,3,l0,106,1,3.0,I-NTMCP l=0,0.0,PURSUER_WIN
maze8,3,l0,106,1,18.0,I-NTMCP l=0,0.0,PURSUER_WIN
maze8,3,l0,106,0,11.0,I-NTMCP l=0,0.0,EVADER_REACHED_GOAL
maze8,3,l0,106,1,3.0,I-NTMCP l=0,0.0,PURSUER_WIN
maze8,3,l0,106,1,3.0,I-NTMCP l=0,0.0,PURSUER_WIN
maze8,3,l0,106,1,10.0,I-NTMCP l=0,0.0,PURSUER_WIN
maze8,3,l0,106,1,3.0,I-NTMCP l=0,0.0,PURSUER_WIN
maze8,3,l0,106,1,3.0,I-NTMCP l=0,0.0,PURSUER_WIN
maze8,3,l0,106,1,3.0,I-NTMCP l=0,0.0,PURSUER_WIN
maze8,3,l0,106,0,11.0,I-NTMCP l=0,0.0,EVADER_REACHED_GOAL
maze8,3,l0,106,1,8.0,I-NTMCP l=0,0.0,PURSUER_WIN
maze8,3,l0,106,1,3.0,I-NTMCP l=0,0.0,PURSUER_WIN
maze8,3,l0,106,0,11.0,I-NTMCP l=0,0.0,EVADER_REACHED_GOAL
maze8,3,l0,106,1,3.0,I-NTMCP l=0,0.0,PURSUER_WIN
maze8,3,l0,106,1,3.0,I-NTMCP l=0,0.0,PURSUER_WIN
maze8,3,l0,106,1,10.0,I-NTMCP l=0,0.0,PURSUER_WIN
maze8,3,l0,106,0,9.0,I-NTMCP l=0,0.0,EVADER_REACHED_GOAL
maze8,3,l0,106,1,3.0,I-NTMCP l=0,0.0,PURSUER_WIN
maze8,3,l0,106,1,4.0,I-NTMCP l=0,0.0,PURSUER_WIN
maze8,3,l0,106,0,11.0,I-NTMCP l=0,0.0,EVADER_REACHED_GOAL
maze8,3,l0,106,0,12.0,I-NTMCP l=0,0.0,EVADER_REACHED_GOAL
maze8,3,l0,106,0,12.0,I-NTMCP l=0,0.0,EVADER_REACHED_GOAL
maze8,3,l0,107,0,12.0,I-NTMCP l=0,0.0,EVADER_REACHED_GOAL
maze8,3,l0,107,1,9.0,I-NTMCP l=0,0.0,PURSUER_WIN
maze8,3,l0,107,0,11.0,I-NTMCP l=0,0.0,EVADER_REACHED_GOAL
maze8,3,l0,107,0,11.0,I-NTMCP l=0,0.0,EVADER_REACHED_GOAL
maze8,3,l0,107,1,8.0,I-NTMCP l=0,0.0,PURSUER_WIN
maze8,3,l0,107,1,12.0,I-NTMCP l=0,0.0,PURSUER_WIN
maze8,3,l0,107,1,2.0,I-NTMCP l=0,0.0,PURSUER_WIN
maze8,3,l0,107,0,12.0,I-NTMCP l=0,0.0,EVADER_REACHED_GOAL
maze8,3,l0,107,1,2.0,I-NTMCP l=0,0.0,PURSUER_WIN
maze8,3,l0,107,1,3.0,I-NTMCP l=0,0.0,PURSUER_WIN
maze8,3,l0,107,1,4.0,I-NTMCP l=0,0.0,PURSUER_WIN
maze8,3,l0,107,1,3.0,I-NTMCP l=0,0.0,PURSUER_WIN
maze8,3,l0,107,1,1.0,I-NTMCP l=0,0.0,PURSUER_WIN
maze8,3,l0,107,1,10.0,I-NTMCP l=0,0.0,PURSUER_WIN
maze8,3,l0,107,1,8.0,I-NTMCP l=0,0.0,PURSUER_WIN
maze8,3,l0,107,1,8.0,I-NTMCP l=0,0.0,PURSUER_WIN
maze8,3,l0,107,1,8.0,I-NTMCP l=0,0.0,PURSUER_WIN
maze8,3,l0,107,1,8.0,I-NTMCP l=0,0.0,PURSUER_WIN
maze8,3,l0,107,1,12.0,I-NTMCP l=0,0.0,PURSUER_WIN
maze8,3,l0,107,0,11.0,I-NTMCP l=0,0.0,EVADER_REACHED_GOAL
maze8,3,l0,107,1,4.0,I-NTMCP l=0,0.0,PURSUER_WIN
maze8,3,l0,107,1,4.0,I-NTMCP l=0,0.0,PURSUER_WIN
maze8,3,l0,107,1,10.0,I-NTMCP l=0,0.0,PURSUER_WIN
maze8,3,l0,107,1,3.0,I-NTMCP l=0,0.0,PURSUER_WIN
maze8,3,l0,107,1,1.0,I-NTMCP l=0,0.0,PURSUER_WIN
maze8,3,l0,107,1,3.0,I-NTMCP l=0,0.0,PURSUER_WIN
maze8,3,l0,107,0,20.0,I-NTMCP l=0,0.0,EVADER_REACHED_GOAL
maze8,3,l0,107,1,3.0,I-NTMCP l=0,0.0,PURSUER_WIN
maze8,3,l0,107,0,11.0,I-NTMCP l=0,0.0,EVADER_REACHED_GOAL
maze8,3,l0,107,1,3.0,I-NTMCP l=0,0.0,PURSUER_WIN
maze8,3,l0,107,1,2.0,I-NTMCP l=0,0.0,PURSUER_WIN
maze8,3,l0,107,0,9.0,I-NTMCP l=0,0.0,EVADER_REACHED_GOAL
maze8,3,l0,107,1,5.0,I-NTMCP l=0,0.0,PURSUER_WIN
maze8,3,l0,107,0,11.0,I-NTMCP l=0,0.0,EVADER_REACHED_GOAL
maze8,3,l0,107,1,2.0,I-NTMCP l=0,0.0,PURSUER_WIN
maze8,3,l0,107,1,3.0,I-NTMCP l=0,0.0,PURSUER_WIN
maze8,3,l0,107,1,8.0,I-NTMCP l=0,0.0,PURSUER_WIN
maze8,3,l0,107,1,6.0,I-NTMCP l=0,0.0,PURSUER_WIN
maze8,3,l0,107,1,3.0,I-NTMCP l=0,0.0,PURSUER_WIN
maze8,3,l0,107,1,3.0,I-NTMCP l=0,0.0,PURSUER_WIN
maze8,3,l0,107,1,4.0,I-NTMCP l=0,0.0,PURSUER_WIN
maze8,3,l0,107,0,13.0,I-NTMCP l=0,0.0,EVADER_REACHED_GOAL
maze8,3,l0,107,1,10.0,I-NTMCP l=0,0.0,PURSUER_WIN
maze8,3,l0,107,1,2.0,I-NTMCP l=0,0.0,PURSUER_WIN
maze8,3,l0,107,1,3.0,I-NTMCP l=0,0.0,PURSUER_WIN
maze8,3,l0,107,1,2.0,I-NTMCP l=0,0.0,PURSUER_WIN
maze8,3,l0,107,0,11.0,I-NTMCP l=0,0.0,EVADER_REACHED_GOAL
maze8,3,l0,107,1,3.0,I-NTMCP l=0,0.0,PURSUER_WIN
maze8,3,l0,107,1,10.0,I-NTMCP l=0,0.0,PURSUER_WIN
maze8,3,l0,107,0,11.0,I-NTMCP l=0,0.0,EVADER_REACHED_GOAL
maze8,3,l0,108,1,4.0,I-NTMCP l=0,0.0,PURSUER_WIN
maze8,3,l0,108,1,2.0,I-NTMCP l=0,0.0,PURSUER_WIN
maze8,3,l0,108,1,2.0,I-NTMCP l=0,0.0,PURSUER_WIN
maze8,3,l0,108,0,13.0,I-NTMCP l=0,0.0,EVADER_REACHED_GOAL
maze8,3,l0,108,0,10.0,I-NTMCP l=0,0.0,EVADER_REACHED_GOAL
maze8,3,l0,108,1,8.0,I-NTMCP l=0,0.0,PURSUER_WIN
maze8,3,l0,108,0,10.0,I-NTMCP l=0,0.0,EVADER_REACHED_GOAL
maze8,3,l0,108,0,11.0,I-NTMCP l=0,0.0,EVADER_REACHED_GOAL
maze8,3,l0,108,1,9.0,I-NTMCP l=0,0.0,PURSUER_WIN
maze8,3,l0,108,1,3.0,I-NTMCP l=0,0.0,PURSUER_WIN
maze8,3,l0,108,1,8.0,I-NTMCP l=0,0.0,PURSUER_WIN
maze8,3,l0,108,0,13.0,I-NTMCP l=0,0.0,EVADER_REACHED_GOAL
maze8,3,l0,108,0,11.0,I-NTMCP l=0,0.0,EVADER_REACHED_GOAL
maze8,3,l0,108,1,3.0,I-NTMCP l=0,0.0,PURSUER_WIN
maze8,3,l0,108,1,3.0,I-NTMCP l=0,0.0,PURSUER_WIN
maze8,3,l0,108,1,9.0,I-NTMCP l=0,0.0,PURSUER_WIN
maze8,3,l0,108,1,2.0,I-NTMCP l=0,0.0,PURSUER_WIN
maze8,3,l0,108,1,9.0,I-NTMCP l=0,0.0,PURSUER_WIN
maze8,3,l0,108,1,11.0,I-NTMCP l=0,0.0,PURSUER_WIN
maze8,3,l0,108,1,11.0,I-NTMCP l=0,0.0,PURSUER_WIN
maze8,3,l0,108,1,3.0,I-NTMCP l=0,0.0,PURSUER_WIN
maze8,3,l0,108,1,2.0,I-NTMCP l=0,0.0,PURSUER_WIN
maze8,3,l0,108,1,3.0,I-NTMCP l=0,0.0,PURSUER_WIN
maze8,3,l0,108,1,4.0,I-NTMCP l=0,0.0,PURSUER_WIN
maze8,3,l0,108,1,2.0,I-NTMCP l=0,0.0,PURSUER_WIN
maze8,3,l0,108,1,4.0,I-NTMCP l=0,0.0,PURSUER_WIN
maze8,3,l0,108,1,1.0,I-NTMCP l=0,0.0,PURSUER_WIN
maze8,3,l0,108,1,8.0,I-NTMCP l=0,0.0,PURSUER_WIN
maze8,3,l0,108,1,3.0,I-NTMCP l=0,0.0,PURSUER_WIN
maze8,3,l0,108,1,2.0,I-NTMCP l=0,0.0,PURSUER_WIN
maze8,3,l0,108,1,20.0,I-NTMCP l=0,0.0,PURSUER_WIN
maze8,3,l0,108,0,11.0,I-NTMCP l=0,0.0,EVADER_REACHED_GOAL
maze8,3,l0,108,1,3.0,I-NTMCP l=0,0.0,PURSUER_WIN
maze8,3,l0,108,1,3.0,I-NTMCP l=0,0.0,PURSUER_WIN
maze8,3,l0,108,1,3.0,I-NTMCP l=0,0.0,PURSUER_WIN
maze8,3,l0,108,0,10.0,I-NTMCP l=0,0.0,EVADER_REACHED_GOAL
maze8,3,l0,108,1,1.0,I-NTMCP l=0,0.0,PURSUER_WIN
maze8,3,l0,108,1,3.0,I-NTMCP l=0,0.0,PURSUER_WIN
maze8,3,l0,108,1,11.0,I-NTMCP l=0,0.0,PURSUER_WIN
maze8,3,l0,108,1,9.0,I-NTMCP l=0,0.0,PURSUER_WIN
maze8,3,l0,108,0,10.0,I-NTMCP l=0,0.0,EVADER_REACHED_GOAL
maze8,3,l0,108,0,12.0,I-NTMCP l=0,0.0,EVADER_REACHED_GOAL
maze8,3,l0,108,1,8.0,I-NTMCP l=0,0.0,PURSUER_WIN
maze8,3,l0,108,0,10.0,I-NTMCP l=0,0.0,EVADER_REACHED_GOAL
maze8,3,l0,108,1,2.0,I-NTMCP l=0,0.0,PURSUER_WIN
maze8,3,l0,108,0,11.0,I-NTMCP l=0,0.0,EVADER_REACHED_GOAL
maze8,3,l0,108,1,9.0,I-NTMCP l=0,0.0,PURSUER_WIN
maze8,3,l0,108,0,10.0,I-NTMCP l=0,0.0,EVADER_REACHED_GOAL
maze8,3,l0,108,1,3.0,I-NTMCP l=0,0.0,PURSUER_WIN
maze8,3,l0,108,0,12.0,I-NTMCP l=0,0.0,EVADER_REACHED_GOAL
maze8,3,l0,109,1,12.0,I-NTMCP l=0,0.0,PURSUER_WIN
maze8,3,l0,109,1,10.0,I-NTMCP l=0,0.0,PURSUER_WIN
maze8,3,l0,109,1,8.0,I-NTMCP l=0,0.0,PURSUER_WIN
maze8,3,l0,109,1,9.0,I-NTMCP l=0,0.0,PURSUER_WIN
maze8,3,l0,109,1,10.0,I-NTMCP l=0,0.0,PURSUER_WIN
maze8,3,l0,109,1,3.0,I-NTMCP l=0,0.0,PURSUER_WIN
maze8,3,l0,109,1,3.0,I-NTMCP l=0,0.0,PURSUER_WIN
maze8,3,l0,109,1,3.0,I-NTMCP l=0,0.0,PURSUER_WIN
maze8,3,l0,109,1,11.0,I-NTMCP l=0,0.0,PURSUER_WIN
maze8,3,l0,109,0,9.0,I-NTMCP l=0,0.0,EVADER_REACHED_GOAL
maze8,3,l0,109,1,12.0,I-NTMCP l=0,0.0,PURSUER_WIN
maze8,3,l0,109,1,9.0,I-NTMCP l=0,0.0,PURSUER_WIN
maze8,3,l0,109,1,10.0,I-NTMCP l=0,0.0,PURSUER_WIN
maze8,3,l0,109,1,8.0,I-NTMCP l=0,0.0,PURSUER_WIN
maze8,3,l0,109,1,12.0,I-NTMCP l=0,0.0,PURSUER_WIN
maze8,3,l0,109,1,3.0,I-NTMCP l=0,0.0,PURSUER_WIN
maze8,3,l0,109,0,11.0,I-NTMCP l=0,0.0,EVADER_REACHED_GOAL
maze8,3,l0,109,0,11.0,I-NTMCP l=0,0.0,EVADER_REACHED_GOAL
maze8,3,l0,109,1,3.0,I-NTMCP l=0,0.0,PURSUER_WIN
maze8,3,l0,109,1,10.0,I-NTMCP l=0,0.0,PURSUER_WIN
maze8,3,l0,109,1,7.0,I-NTMCP l=0,0.0,PURSUER_WIN
maze8,3,l0,109,1,8.0,I-NTMCP l=0,0.0,PURSUER_WIN
maze8,3,l0,109,1,10.0,I-NTMCP l=0,0.0,PURSUER_WIN
maze8,3,l0,109,1,3.0,I-NTMCP l=0,0.0,PURSUER_WIN
maze8,3,l0,109,1,14.0,I-NTMCP l=0,0.0,PURSUER_WIN
maze8,3,l0,109,1,3.0,I-NTMCP l=0,0.0,PURSUER_WIN
maze8,3,l0,109,1,3.0,I-NTMCP l=0,0.0,PURSUER_WIN
maze8,3,l0,109,1,3.0,I-NTMCP l=0,0.0,PURSUER_WIN
maze8,3,l0,109,0,13.0,I-NTMCP l=0,0.0,EVADER_REACHED_GOAL
maze8,3,l0,109,1,8.0,I-NTMCP l=0,0.0,PURSUER_WIN
maze8,3,l0,109,0,10.0,I-NTMCP l=0,0.0,EVADER_REACHED_GOAL
maze8,3,l0,109,1,2.0,I-NTMCP l=0,0.0,PURSUER_WIN
maze8,3,l0,109,1,2.0,I-NTMCP l=0,0.0,PURSUER_WIN
maze8,3,l0,109,1,3.0,I-NTMCP l=0,0.0,PURSUER_WIN
maze8,3,l0,109,0,13.0,I-NTMCP l=0,0.0,EVADER_REACHED_GOAL
maze8,3,l0,109,1,10.0,I-NTMCP l=0,0.0,PURSUER_WIN
maze8,3,l0,109,1,3.0,I-NTMCP l=0,0.0,PURSUER_WIN
maze8,3,l0,109,1,3.0,I-NTMCP l=0,0.0,PURSUER_WIN
maze8,3,l0,109,1,9.0,I-NTMCP l=0,0.0,PURSUER_WIN
maze8,3,l0,109,1,11.0,I-NTMCP l=0,0.0,PURSUER_WIN
maze8,3,l0,109,1,8.0,I-NTMCP l=0,0.0,PURSUER_WIN
maze8,3,l0,109,1,3.0,I-NTMCP l=0,0.0,PURSUER_WIN
maze8,3,l0,109,0,10.0,I-NTMCP l=0,0.0,EVADER_REACHED_GOAL
maze8,3,l0,109,1,6.0,I-NTMCP l=0,0.0,PURSUER_WIN
maze8,3,l0,109,1,4.0,I-NTMCP l=0,0.0,PURSUER_WIN
maze8,3,l0,109,1,4.0,I-NTMCP l=0,0.0,PURSUER_WIN
maze8,3,l0,109,0,11.0,I-NTMCP l=0,0.0,EVADER_REACHED_GOAL
maze8,3,l0,109,1,11.0,I-NTMCP l=0,0.0,PURSUER_WIN
maze8,3,l0,109,0,12.0,I-NTMCP l=0,0.0,EVADER_REACHED_GOAL
maze8,3,l0,109,1,3.0,I-NTMCP l=0,0.0,PURSUER_WIN
maze8,3,l1,100,1,3.0,I-NTMCP l=1,1.0,PURSUER_WIN
maze8,3,l1,100,1,3.0,I-NTMCP l=1,1.0,PURSUER_WIN
maze8,3,l1,100,1,3.0,I-NTMCP l=1,1.0,PURSUER_WIN
maze8,3,l1,100,0,13.0,I-NTMCP l=1,1.0,EVADER_REACHED_GOAL
maze8,3,l1,100,1,3.0,I-NTMCP l=1,1.0,PURSUER_WIN
maze8,3,l1,100,1,8.0,I-NTMCP l=1,1.0,PURSUER_WIN
maze8,3,l1,100,1,8.0,I-NTMCP l=1,1.0,PURSUER_WIN
maze8,3,l1,100,1,13.0,I-NTMCP l=1,1.0,PURSUER_WIN
maze8,3,l1,100,0,11.0,I-NTMCP l=1,1.0,EVADER_REACHED_GOAL
maze8,3,l1,100,1,2.0,I-NTMCP l=1,1.0,PURSUER_WIN
maze8,3,l1,100,1,3.0,I-NTMCP l=1,1.0,PURSUER_WIN
maze8,3,l1,100,1,2.0,I-NTMCP l=1,1.0,PURSUER_WIN
maze8,3,l1,100,0,10.0,I-NTMCP l=1,1.0,EVADER_REACHED_GOAL
maze8,3,l1,100,1,3.0,I-NTMCP l=1,1.0,PURSUER_WIN
maze8,3,l1,100,0,9.0,I-NTMCP l=1,1.0,EVADER_REACHED_GOAL
maze8,3,l1,100,1,3.0,I-NTMCP l=1,1.0,PURSUER_WIN
maze8,3,l1,100,1,3.0,I-NTMCP l=1,1.0,PURSUER_WIN
maze8,3,l1,100,0,12.0,I-NTMCP l=1,1.0,EVADER_REACHED_GOAL
maze8,3,l1,100,1,2.0,I-NTMCP l=1,1.0,PURSUER_WIN
maze8,3,l1,100,1,3.0,I-NTMCP l=1,1.0,PURSUER_WIN
maze8,3,l1,100,1,9.0,I-NTMCP l=1,1.0,PURSUER_WIN
maze8,3,l1,100,1,3.0,I-NTMCP l=1,1.0,PURSUER_WIN
maze8,3,l1,100,1,4.0,I-NTMCP l=1,1.0,PURSUER_WIN
maze8,3,l1,100,1,4.0,I-NTMCP l=1,1.0,PURSUER_WIN
maze8,3,l1,100,1,3.0,I-NTMCP l=1,1.0,PURSUER_WIN
maze8,3,l1,100,1,3.0,I-NTMCP l=1,1.0,PURSUER_WIN
maze8,3,l1,100,0,11.0,I-NTMCP l=1,1.0,EVADER_REACHED_GOAL
maze8,3,l1,100,1,14.0,I-NTMCP l=1,1.0,PURSUER_WIN
maze8,3,l1,100,1,2.0,I-NTMCP l=1,1.0,PURSUER_WIN
maze8,3,l1,100,1,2.0,I-NTMCP l=1,1.0,PURSUER_WIN
maze8,3,l1,100,0,10.0,I-NTMCP l=1,1.0,EVADER_REACHED_GOAL
maze8,3,l1,100,1,10.0,I-NTMCP l=1,1.0,PURSUER_WIN
maze8,3,l1,100,1,2.0,I-NTMCP l=1,1.0,PURSUER_WIN
maze8,3,l1,100,1,8.0,I-NTMCP l=1,1.0,PURSUER_WIN
maze8,3,l1,100,1,10.0,I-NTMCP l=1,1.0,PURSUER_WIN
maze8,3,l1,100,1,3.0,I-NTMCP l=1,1.0,PURSUER_WIN
maze8,3,l1,100,1,10.0,I-NTMCP l=1,1.0,PURSUER_WIN
maze8,3,l1,100,1,4.0,I-NTMCP l=1,1.0,PURSUER_WIN
maze8,3,l1,100,1,9.0,I-NTMCP l=1,1.0,PURSUER_WIN
maze8,3,l1,100,1,8.0,I-NTMCP l=1,1.0,PURSUER_WIN
maze8,3,l1,100,1,10.0,I-NTMCP l=1,1.0,PURSUER_WIN
maze8,3,l1,100,0,10.0,I-NTMCP l=1,1.0,EVADER_REACHED_GOAL
maze8,3,l1,100,1,4.0,I-NTMCP l=1,1.0,PURSUER_WIN
maze8,3,l1,100,0,13.0,I-NTMCP l=1,1.0,EVADER_REACHED_GOAL
maze8,3,l1,100,1,3.0,I-NTMCP l=1,1.0,PURSUER_WIN
maze8,3,l1,100,0,12.0,I-NTMCP l=1,1.0,EVADER_REACHED_GOAL
maze8,3,l1,100,1,3.0,I-NTMCP l=1,1.0,PURSUER_WIN
maze8,3,l1,100,1,9.0,I-NTMCP l=1,1.0,PURSUER_WIN
maze8,3,l1,100,0,12.0,I-NTMCP l=1,1.0,EVADER_REACHED_GOAL
maze8,3,l1,100,0,12.0,I-NTMCP l=1,1.0,EVADER_REACHED_GOAL
maze8,3,l1,101,1,2.0,I-NTMCP l=1,1.0,PURSUER_WIN
maze8,3,l1,101,1,2.0,I-NTMCP l=1,1.0,PURSUER_WIN
maze8,3,l1,101,1,4.0,I-NTMCP l=1,1.0,PURSUER_WIN
maze8,3,l1,101,0,10.0,I-NTMCP l=1,1.0,EVADER_REACHED_GOAL
maze8,3,l1,101,1,10.0,I-NTMCP l=1,1.0,PURSUER_WIN
maze8,3,l1,101,1,8.0,I-NTMCP l=1,1.0,PURSUER_WIN
maze8,3,l1,101,0,9.0,I-NTMCP l=1,1.0,EVADER_REACHED_GOAL
maze8,3,l1,101,1,3.0,I-NTMCP l=1,1.0,PURSUER_WIN
maze8,3,l1,101,1,9.0,I-NTMCP l=1,1.0,PURSUER_WIN
maze8,3,l1,101,1,8.0,I-NTMCP l=1,1.0,PURSUER_WIN
maze8,3,l1,101,0,10.0,I-NTMCP l=1,1.0,EVADER_REACHED_GOAL
maze8,3,l1,101,1,4.0,I-NTMCP l=1,1.0,PURSUER_WIN
maze8,3,l1,101,1,8.0,I-NTMCP l=1,1.0,PURSUER_WIN
maze8,3,l1,101,1,3.0,I-NTMCP l=1,1.0,PURSUER_WIN
maze8,3,l1,101,1,3.0,I-NTMCP l=1,1.0,PURSUER_WIN
maze8,3,l1,101,1,3.0,I-NTMCP l=1,1.0,PURSUER_WIN
maze8,3,l1,101,0,12.0,I-NTMCP l=1,1.0,EVADER_REACHED_GOAL
maze8,3,l1,101,1,3.0,I-NTMCP l=1,1.0,PURSUER_WIN
maze8,3,l1,101,1,10.0,I-NTMCP l=1,1.0,PURSUER_WIN
maze8,3,l1,101,0,10.0,I-NTMCP l=1,1.0,EVADER_REACHED_GOAL
maze8,3,l1,101,0,11.0,I-NTMCP l=1,1.0,EVADER_REACHED_GOAL
maze8,3,l1,101,1,3.0,I-NTMCP l=1,1.0,PURSUER_WIN
maze8,3,l1,101,1,8.0,I-NTMCP l=1,1.0,PURSUER_WIN
maze8,3,l1,101,1,5.0,I-NTMCP l=1,1.0,PURSUER_WIN
maze8,3,l1,101,1,3.0,I-NTMCP l=1,1.0,PURSUER_WIN
maze8,3,l1,101,1,11.0,I-NTMCP l=1,1.0,PURSUER_WIN
maze8,3,l1,101,1,8.0,I-NTMCP l=1,1.0,PURSUER_WIN
maze8,3,l1,101,0,11.0,I-NTMCP l=1,1.0,EVADER_REACHED_GOAL
maze8,3,l1,101,0,20.0,I-NTMCP l=1,1.0,EVADER_REACHED_GOAL
maze8,3,l1,101,0,11.0,I-NTMCP l=1,1.0,EVADER_REACHED_GOAL
maze8,3,l1,101,1,3.0,I-NTMCP l=1,1.0,PURSUER_WIN
maze8,3,l1,101,1,8.0,I-NTMCP l=1,1.0,PURSUER_WIN
maze8,3,l1,101,1,4.0,I-NTMCP l=1,1.0,PURSUER_WIN
maze8,3,l1,101,1,3.0,I-NTMCP l=1,1.0,PURSUER_WIN
maze8,3,l1,101,1,3.0,I-NTMCP l=1,1.0,PURSUER_WIN
maze8,3,l1,101,1,8.0,I-NTMCP l=1,1.0,PURSUER_WIN
maze8,3,l1,101,1,8.0,I-NTMCP l=1,1.0,PURSUER_WIN
maze8,3,l1,101,0,9.0,I-NTMCP l=1,1.0,EVADER_REACHED_GOAL
maze8,3,l1,101,1,7.0,I-NTMCP l=1,1.0,PURSUER_WIN
maze8,3,l1,101,1,4.0,I-NTMCP l=1,1.0,PURSUER_WIN
maze8,3,l1,101,1,3.0,I-NTMCP l=1,1.0,PURSUER_WIN
maze8,3,l1,101,1,8.0,I-NTMCP l=1,1.0,PURSUER_WIN
maze8,3,l1,101,0,10.0,I-NTMCP l=1,1.0,EVADER_REACHED_GOAL
maze8,3,l1,101,0,11.0,I-NTMCP l=1,1.0,EVADER_REACHED_GOAL
maze8,3,l1,101,1,4.0,I-NTMCP l=1,1.0,PURSUER_WIN
maze8,3,l1,101,0,12.0,I-NTMCP l=1,1.0,EVADER_REACHED_GOAL
maze8,3,l1,101,1,2.0,I-NTMCP l=1,1.0,PURSUER_WIN
maze8,3,l1,101,1,8.0,I-NTMCP l=1,1.0,PURSUER_WIN
maze8,3,l1,101,1,10.0,I-NTMCP l=1,1.0,PURSUER_WIN
maze8,3,l1,101,0,12.0,I-NTMCP l=1,1.0,EVADER_REACHED_GOAL
maze8,3,l1,102,0,13.0,I-NTMCP l=1,1.0,EVADER_REACHED_GOAL
maze8,3,l1,102,0,14.0,I-NTMCP l=1,1.0,EVADER_REACHED_GOAL
maze8,3,l1,102,1,2.0,I-NTMCP l=1,1.0,PURSUER_WIN
maze8,3,l1,102,1,2.0,I-NTMCP l=1,1.0,PURSUER_WIN
maze8,3,l1,102,0,9.0,I-NTMCP l=1,1.0,EVADER_REACHED_GOAL
maze8,3,l1,102,1,2.0,I-NTMCP l=1,1.0,PURSUER_WIN
maze8,3,l1,102,0,11.0,I-NTMCP l=1,1.0,EVADER_REACHED_GOAL
maze8,3,l1,102,1,2.0,I-NTMCP l=1,1.0,PURSUER_WIN
maze8,3,l1,102,0,12.0,I-NTMCP l=1,1.0,EVADER_REACHED_GOAL
maze8,3,l1,102,1,3.0,I-NTMCP l=1,1.0,PURSUER_WIN
maze8,3,l1,102,1,8.0,I-NTMCP l=1,1.0,PURSUER_WIN
maze8,3,l1,102,1,2.0,I-NTMCP l=1,1.0,PURSUER_WIN
maze8,3,l1,102,1,10.0,I-NTMCP l=1,1.0,PURSUER_WIN
maze8,3,l1,102,1,3.0,I-NTMCP l=1,1.0,PURSUER_WIN
maze8,3,l1,102,0,11.0,I-NTMCP l=1,1.0,EVADER_REACHED_GOAL
maze8,3,l1,102,1,3.0,I-NTMCP l=1,1.0,PURSUER_WIN
maze8,3,l1,102,1,4.0,I-NTMCP l=1,1.0,PURSUER_WIN
maze8,3,l1,102,1,3.0,I-NTMCP l=1,1.0,PURSUER_WIN
maze8,3,l1,102,1,10.0,I-NTMCP l=1,1.0,PURSUER_WIN
maze8,3,l1,102,1,10.0,I-NTMCP l=1,1.0,PURSUER_WIN
maze8,3,l1,102,0,13.0,I-NTMCP l=1,1.0,EVADER_REACHED_GOAL
maze8,3,l1,102,1,3.0,I-NTMCP l=1,1.0,PURSUER_WIN
maze8,3,l1,102,1,13.0,I-NTMCP l=1,1.0,PURSUER_WIN
maze8,3,l1,102,1,10.0,I-NTMCP l=1,1.0,PURSUER_WIN
maze8,3,l1,102,1,8.0,I-NTMCP l=1,1.0,PURSUER_WIN
maze8,3,l1,102,1,5.0,I-NTMCP l=1,1.0,PURSUER_WIN
maze8,3,l1,102,1,8.0,I-NTMCP l=1,1.0,PURSUER_WIN
maze8,3,l1,102,1,8.0,I-NTMCP l=1,1.0,PURSUER_WIN
maze8,3,l1,102,1,8.0,I-NTMCP l=1,1.0,PURSUER_WIN
maze8,3,l1,102,1,3.0,I-NTMCP l=1,1.0,PURSUER_WIN
maze8,3,l1,102,1,2.0,I-NTMCP l=1,1.0,PURSUER_WIN
maze8,3,l1,102,0,13.0,I-NTMCP l=1,1.0,EVADER_REACHED_GOAL
maze8,3,l1,102,1,3.0,I-NTMCP l=1,1.0,PURSUER_WIN
maze8,3,l1,102,1,8.0,I-NTMCP l=1,1.0,PURSUER_WIN
maze8,3,l1,102,0,11.0,I-NTMCP l=1,1.0,EVADER_REACHED_GOAL
maze8,3,l1,102,1,4.0,I-NTMCP l=1,1.0,PURSUER_WIN
maze8,3,l1,102,1,3.0,I-NTMCP l=1,1.0,PURSUER_WIN
maze8,3,l1,102,1,3.0,I-NTMCP l=1,1.0,PURSUER_WIN
maze8,3,l1,102,1,9.0,I-NTMCP l=1,1.0,PURSUER_WIN
maze8,3,l1,102,0,11.0,I-NTMCP l=1,1.0,EVADER_REACHED_GOAL
maze8,3,l1,102,1,10.0,I-NTMCP l=1,1.0,PURSUER_WIN
maze8,3,l1,102,1,3.0,I-NTMCP l=1,1.0,PURSUER_WIN
maze8,3,l1,102,1,8.0,I-NTMCP l=1,1.0,PURSUER_WIN
maze8,3,l1,102,0,9.0,I-NTMCP l=1,1.0,EVADER_REACHED_GOAL
maze8,3,l1,102,1,9.0,I-NTMCP l=1,1.0,PURSUER_WIN
maze8,3,l1,102,1,6.0,I-NTMCP l=1,1.0,PURSUER_WIN
maze8,3,l1,102,1,12.0,I-NTMCP l=1,1.0,PURSUER_WIN
maze8,3,l1,102,1,3.0,I-NTMCP l=1,1.0,PURSUER_WIN
maze8,3,l1,102,0,10.0,I-NTMCP l=1,1.0,EVADER_REACHED_GOAL
maze8,3,l1,102,1,3.0,I-NTMCP l=1,1.0,PURSUER_WIN
maze8,3,l1,103,1,8.0,I-NTMCP l=1,1.0,PURSUER_WIN
maze8,3,l1,103,1,8.0,I-NTMCP l=1,1.0,PURSUER_WIN
maze8,3,l1,103,1,3.0,I-NTMCP l=1,1.0,PURSUER_WIN
maze8,3,l1,103,1,3.0,I-NTMCP l=1,1.0,PURSUER_WIN
maze8,3,l1,103,1,9.0,I-NTMCP l=1,1.0,PURSUER_WIN
maze8,3,l1,103,1,5.0,I-NTMCP l=1,1.0,PURSUER_WIN
maze8,3,l1,103,1,8.0,I-NTMCP l=1,1.0,PURSUER_WIN
maze8,3,l1,103,1,3.0,I-NTMCP l=1,1.0,PURSUER_WIN
maze8,3,l1,103,0,11.0,I-NTMCP l=1,1.0,EVADER_REACHED_GOAL
maze8,3,l1,103,1,5.0,I-NTMCP l=1,1.0,PURSUER_WIN
maze8,3,l1,103,0,14.0,I-NTMCP l=1,1.0,EVADER_REACHED_GOAL
maze8,3,l1,103,1,3.0,I-NTMCP l=1,1.0,PURSUER_WIN
maze8,3,l1,103,1,3.0,I-NTMCP l=1,1.0,PURSUER_WIN
maze8,3,l1,103,1,3.0,I-NTMCP l=1,1.0,PURSUER_WIN
maze8,3,l1,103,1,2.0,I-NTMCP l=1,1.0,PURSUER_WIN
maze8,3,l1,103,1,3.0,I-NTMCP l=1,1.0,PURSUER_WIN
maze8,3,l1,103,0,10.0,I-NTMCP l=1,1.0,EVADER_REACHED_GOAL
maze8,3,l1,103,1,3.0,I-NTMCP l=1,1.0,PURSUER_WIN
maze8,3,l1,103,1,3.0,I-NTMCP l=1,1.0,PURSUER_WIN
maze8,3,l1,103,1,3.0,I-NTMCP l=1,1.0,PURSUER_WIN
maze8,3,l1,103,0,10.0,I-NTMCP l=1,1.0,EVADER_REACHED_GOAL
maze8,3,l1,103,1,3.0,I-NTMCP l=1,1.0,PURSUER_WIN
maze8,3,l1,103,1,3.0,I-NTMCP l=1,1.0,PURSUER_WIN
maze8,3,l1,103,1,8.0,I-NTMCP l=1,1.0,PURSUER_WIN
maze8,3,l1,103,1,8.0,I-NTMCP l=1,1.0,PURSUER_WIN
maze8,3,l1,103,1,3.0,I-NTMCP l=1,1.0,PURSUER_WIN
maze8,3,l1,103,0,11.0,I-NTMCP l=1,1.0,EVADER_REACHED_GOAL
maze8,3,l1,103,1,5.0,I-NTMCP l=1,1.0,PURSUER_WIN
maze8,3,l1,103,1,8.0,I-NTMCP l=1,1.0,PURSUER_WIN
maze8,3,l1,103,1,8.0,I-NTMCP l=1,1.0,PURSUER_WIN
maze8,3,l1,103,0,11.0,I-NTMCP l=1,1.0,EVADER_REACHED_GOAL
maze8,3,l1,103,1,4.0,I-NTMCP l=1,1.0,PURSUER_WIN
maze8,3,l1,103,1,8.0,I-NTMCP l=1,1.0,PURSUER_WIN
maze8,3,l1,103,0,12.0,I-NTMCP l=1,1.0,EVADER_REACHED_GOAL
maze8,3,l1,103,1,11.0,I-NTMCP l=1,1.0,PURSUER_WIN
maze8,3,l1,103,1,8.0,I-NTMCP l=1,1.0,PURSUER_WIN
maze8,3,l1,103,1,4.0,I-NTMCP l=1,1.0,PURSUER_WIN
maze8,3,l1,103,0,10.0,I-NTMCP l=1,1.0,EVADER_REACHED_GOAL
maze8,3,l1,103,1,2.0,I-NTMCP l=1,1.0,PURSUER_WIN
maze8,3,l1,103,1,3.0,I-NTMCP l=1,1.0,PURSUER_WIN
maze8,3,l1,103,0,13.0,I-NTMCP l=1,1.0,EVADER_REACHED_GOAL
maze8,3,l1,103,1,3.0,I-NTMCP l=1,1.0,PURSUER_WIN
maze8,3,l1,103,1,11.0,I-NTMCP l=1,1.0,PURSUER_WIN
maze8,3,l1,103,1,6.0,I-NTMCP l=1,1.0,PURSUER_WIN
maze8,3,l1,103,1,2.0,I-NTMCP l=1,1.0,PURSUER_WIN
maze8,3,l1,103,1,6.0,I-NTMCP l=1,1.0,PURSUER_WIN
maze8,3,l1,103,0,11.0,I-NTMCP l=1,1.0,EVADER_REACHED_GOAL
maze8,3,l1,103,1,3.0,I-NTMCP l=1,1.0,PURSUER_WIN
maze8,3,l1,103,1,4.0,I-NTMCP l=1,1.0,PURSUER_WIN
maze8,3,l1,103,1,11.0,I-NTMCP l=1,1.0,PURSUER_WIN
maze8,3,l1,104,1,8.0,I-NTMCP l=1,1.0,PURSUER_WIN
maze8,3,l1,104,1,4.0,I-NTMCP l=1,1.0,PURSUER_WIN
maze8,3,l1,104,0,13.0,I-NTMCP l=1,1.0,EVADER_REACHED_GOAL
maze8,3,l1,104,1,6.0,I-NTMCP l=1,1.0,PURSUER_WIN
maze8,3,l1,104,1,10.0,I-NTMCP l=1,1.0,PURSUER_WIN
maze8,3,l1,104,1,6.0,I-NTMCP l=1,1.0,PURSUER_WIN
maze8,3,l1,104,1,10.0,I-NTMCP l=1,1.0,PURSUER_WIN
maze8,3,l1,104,0,10.0,I-NTMCP l=1,1.0,EVADER_REACHED_GOAL
maze8,3,l1,104,1,11.0,I-NTMCP l=1,1.0,PURSUER_WIN
maze8,3,l1,104,0,10.0,I-NTMCP l=1,1.0,EVADER_REACHED_GOAL
maze8,3,l1,104,1,3.0,I-NTMCP l=1,1.0,PURSUER_WIN
maze8,3,l1,104,0,11.0,I-NTMCP l=1,1.0,EVADER_REACHED_GOAL
maze8,3,l1,104,0,11.0,I-NTMCP l=1,1.0,EVADER_REACHED_GOAL
maze8,3,l1,104,1,3.0,I-NTMCP l=1,1.0,PURSUER_WIN
maze8,3,l1,104,1,4.0,I-NTMCP l=1,1.0,PURSUER_WIN
maze8,3,l1,104,1,12.0,I-NTMCP l=1,1.0,PURSUER_WIN
maze8,3,l1,104,0,11.0,I-NTMCP l=1,1.0,EVADER_REACHED_GOAL
maze8,3,l1,104,1,8.0,I-NTMCP l=1,1.0,PURSUER_WIN
maze8,3,l1,104,1,2.0,I-NTMCP l=1,1.0,PURSUER_WIN
maze8,3,l1,104,0,11.0,I-NTMCP l=1,1.0,EVADER_REACHED_GOAL
maze8,3,l1,104,1,4.0,I-NTMCP l=1,1.0,PURSUER_WIN
maze8,3,l1,104,0,11.0,I-NTMCP l=1,1.0,EVADER_REACHED_GOAL
maze8,3,l1,104,0,13.0,I-NTMCP l=1,1.0,EVADER_REACHED_GOAL
maze8,3,l1,104,1,10.0,I-NTMCP l=1,1.0,PURSUER_WIN
maze8,3,l1,104,1,9.0,I-NTMCP l=1,1.0,PURSUER_WIN
maze8,3,l1,104,1,3.0,I-NTMCP l=1,1.0,PURSUER_WIN
maze8,3,l1,104,1,9.0,I-NTMCP l=1,1.0,PURSUER_WIN
maze8,3,l1,104,1,3.0,I-NTMCP l=1,1.0,PURSUER_WIN
maze8,3,l1,104,1,8.0,I-NTMCP l=1,1.0,PURSUER_WIN
maze8,3,l1,104,1,4.0,I-NTMCP l=1,1.0,PURSUER_WIN
maze8,3,l1,104,1,3.0,I-NTMCP l=1,1.0,PURSUER_WIN
maze8,3,l1,104,0,10.0,I-NTMCP l=1,1.0,EVADER_REACHED_GOAL
maze8,3,l1,104,1,3.0,I-NTMCP l=1,1.0,PURSUER_WIN
maze8,3,l1,104,1,4.0,I-NTMCP l=1,1.0,PURSUER_WIN
maze8,3,l1,104,1,3.0,I-NTMCP l=1,1.0,PURSUER_WIN
maze8,3,l1,104,1,9.0,I-NTMCP l=1,1.0,PURSUER_WIN
maze8,3,l1,104,0,10.0,I-NTMCP l=1,1.0,EVADER_REACHED_GOAL
maze8,3,l1,104,1,8.0,I-NTMCP l=1,1.0,PURSUER_WIN
maze8,3,l1,104,0,11.0,I-NTMCP l=1,1.0,EVADER_REACHED_GOAL
maze8,3,l1,104,1,4.0,I-NTMCP l=1,1.0,PURSUER_WIN
maze8,3,l1,104,1,8.0,I-NTMCP l=1,1.0,PURSUER_WIN
maze8,3,l1,104,1,8.0,I-NTMCP l=1,1.0,PURSUER_WIN
maze8,3,l1,104,1,3.0,I-NTMCP l=1,1.0,PURSUER_WIN
maze8,3,l1,104,1,3.0,I-NTMCP l=1,1.0,PURSUER_WIN
maze8,3,l1,104,1,3.0,I-NTMCP l=1,1.0,PURSUER_WIN
maze8,3,l1,104,1,3.0,I-NTMCP l=1,1.0,PURSUER_WIN
maze8,3,l1,104,1,3.0,I-NTMCP l=1,1.0,PURSUER_WIN
maze8,3,l1,104,1,3.0,I-NTMCP l=1,1.0,PURSUER_WIN
maze8,3,l1,104,1,10.0,I-NTMCP l=1,1.0,PURSUER_WIN
maze8,3,l1,104,1,2.0,I-NTMCP l=1,1.0,PURSUER_WIN
maze8,3,l1,105,1,10.0,I-NTMCP l=1,1.0,PURSUER_WIN
maze8,3,l1,105,1,4.0,I-NTMCP l=1,1.0,PURSUER_WIN
maze8,3,l1,105,1,5.0,I-NTMCP l=1,1.0,PURSUER_WIN
maze8,3,l1,105,1,3.0,I-NTMCP l=1,1.0,PURSUER_WIN
maze8,3,l1,105,1,9.0,I-NTMCP l=1,1.0,PURSUER_WIN
maze8,3,l1,105,1,10.0,I-NTMCP l=1,1.0,PURSUER_WIN
maze8,3,l1,105,1,8.0,I-NTMCP l=1,1.0,PURSUER_WIN
maze8,3,l1,105,1,2.0,I-NTMCP l=1,1.0,PURSUER_WIN
maze8,3,l1,105,1,12.0,I-NTMCP l=1,1.0,PURSUER_WIN
maze8,3,l1,105,1,3.0,I-NTMCP l=1,1.0,PURSUER_WIN
maze8,3,l1,105,0,20.0,I-NTMCP l=1,1.0,EVADER_REACHED_GOAL
maze8,3,l1,105,1,3.0,I-NTMCP l=1,1.0,PURSUER_WIN
maze8,3,l1,105,1,8.0,I-NTMCP l=1,1.0,PURSUER_WIN
maze8,3,l1,105,1,11.0,I-NTMCP l=1,1.0,PURSUER_WIN
maze8,3,l1,105,0,12.0,I-NTMCP l=1,1.0,EVADER_REACHED_GOAL
maze8,3,l1,105,1,3.0,I-NTMCP l=1,1.0,PURSUER_WIN
maze8,3,l1,105,1,10.0,I-NTMCP l=1,1.0,PURSUER_WIN
maze8,3,l1,105,1,3.0,I-NTMCP l=1,1.0,PURSUER_WIN
maze8,3,l1,105,1,3.0,I-NTMCP l=1,1.0,PURSUER_WIN
maze8,3,l1,105,1,3.0,I-NTMCP l=1,1.0,PURSUER_WIN
maze8,3,l1,105,1,3.0,I-NTMCP l=1,1.0,PURSUER_WIN
maze8,3,l1,105,1,2.0,I-NTMCP l=1,1.0,PURSUER_WIN
maze8,3,l1,105,1,2.0,I-NTMCP l=1,1.0,PURSUER_WIN
maze8,3,l1,105,1,9.0,I-NTMCP l=1,1.0,PURSUER_WIN
maze8,3,l1,105,1,3.0,I-NTMCP l=1,1.0,PURSUER_WIN
maze8,3,l1,105,1,8.0,I-NTMCP l=1,1.0,PURSUER_WIN
maze8,3,l1,105,1,9.0,I-NTMCP l=1,1.0,PURSUER_WIN
maze8,3,l1,105,1,9.0,I-NTMCP l=1,1.0,PURSUER_WIN
maze8,3,l1,105,1,3.0,I-NTMCP l=1,1.0,PURSUER_WIN
maze8,3,l1,105,1,8.0,I-NTMCP l=1,1.0,PURSUER_WIN
maze8,3,l1,105,0,11.0,I-NTMCP l=1,1.0,EVADER_REACHED_GOAL
maze8,3,l1,105,0,12.0,I-NTMCP l=1,1.0,EVADER_REACHED_GOAL
maze8,3,l1,105,1,9.0,I-NTMCP l=1,1.0,PURSUER_WIN
maze8,3,l1,105,1,3.0,I-NTMCP l=1,1.0,PURSUER_WIN
maze8,3,l1,105,1,3.0,I-NTMCP l=1,1.0,PURSUER_WIN
maze8,3,l1,105,0,11.0,I-NTMCP l=1,1.0,EVADER_REACHED_GOAL
maze8,3,l1,105,1,5.0,I-NTMCP l=1,1.0,PURSUER_WIN
maze8,3,l1,105,0,12.0,I-NTMCP l=1,1.0,EVADER_REACHED_GOAL
maze8,3,l1,105,1,2.0,I-NTMCP l=1,1.0,PURSUER_WIN
maze8,3,l1,105,0,11.0,I-NTMCP l=1,1.0,EVADER_REACHED_GOAL
maze8,3,l1,105,1,3.0,I-NTMCP l=1,1.0,PURSUER_WIN
maze8,3,l1,105,0,9.0,I-NTMCP l=1,1.0,EVADER_REACHED_GOAL
maze8,3,l1,105,1,12.0,I-NTMCP l=1,1.0,PURSUER_WIN
maze8,3,l1,105,1,3.0,I-NTMCP l=1,1.0,PURSUER_WIN
maze8,3,l1,105,0,11.0,I-NTMCP l=1,1.0,EVADER_REACHED_GOAL
maze8,3,l1,105,1,3.0,I-NTMCP l=1,1.0,PURSUER_WIN
maze8,3,l1,105,1,3.0,I-NTMCP l=1,1.0,PURSUER_WIN
maze8,3,l1,105,1,10.0,I-NTMCP l=1,1.0,PURSUER_WIN
maze8,3,l1,105,1,8.0,I-NTMCP l=1,1.0,PURSUER_WIN
maze8,3,l1,105,1,5.0,I-NTMCP l=1,1.0,PURSUER_WIN
maze8,3,l1,106,0,11.0,I-NTMCP l=1,1.0,EVADER_REACHED_GOAL
maze8,3,l1,106,1,8.0,I-NTMCP l=1,1.0,PURSUER_WIN
maze8,3,l1,106,1,11.0,I-NTMCP l=1,1.0,PURSUER_WIN
maze8,3,l1,106,1,3.0,I-NTMCP l=1,1.0,PURSUER_WIN
maze8,3,l1,106,1,3.0,I-NTMCP l=1,1.0,PURSUER_WIN
maze8,3,l1,106,1,8.0,I-NTMCP l=1,1.0,PURSUER_WIN
maze8,3,l1,106,0,10.0,I-NTMCP l=1,1.0,EVADER_REACHED_GOAL
maze8,3,l1,106,1,3.0,I-NTMCP l=1,1.0,PURSUER_WIN
maze8,3,l1,106,1,5.0,I-NTMCP l=1,1.0,PURSUER_WIN
maze8,3,l1,106,1,3.0,I-NTMCP l=1,1.0,PURSUER_WIN
maze8,3,l1,106,1,3.0,I-NTMCP l=1,1.0,PURSUER_WIN
maze8,3,l1,106,1,15.0,I-NTMCP l=1,1.0,PURSUER_WIN
maze8,3,l1,106,1,3.0,I-NTMCP l=1,1.0,PURSUER_WIN
maze8,3,l1,106,0,10.0,I-NTMCP l=1,1.0,EVADER_REACHED_GOAL
maze8,3,l1,106,1,8.0,I-NTMCP l=1,1.0,PURSUER_WIN
maze8,3,l1,106,1,8.0,I-NTMCP l=1,1.0,PURSUER_WIN
maze8,3,l1,106,1,2.0,I-NTMCP l=1,1.0,PURSUER_WIN
maze8,3,l1,106,1,4.0,I-NTMCP l=1,1.0,PURSUER_WIN
maze8,3,l1,106,1,2.0,I-NTMCP l=1,1.0,PURSUER_WIN
maze8,3,l1,106,1,10.0,I-NTMCP l=1,1.0,PURSUER_WIN
maze8,3,l1,106,1,3.0,I-NTMCP l=1,1.0,PURSUER_WIN
maze8,3,l1,106,1,8.0,I-NTMCP l=1,1.0,PURSUER_WIN
maze8,3,l1,106,1,3.0,I-NTMCP l=1,1.0,PURSUER_WIN
maze8,3,l1,106,1,2.0,I-NTMCP l=1,1.0,PURSUER_WIN
maze8,3,l1,106,1,3.0,I-NTMCP l=1,1.0,PURSUER_WIN
maze8,3,l1,106,1,4.0,I-NTMCP l=1,1.0,PURSUER_WIN
maze8,3,l1,106,1,3.0,I-NTMCP l=1,1.0,PURSUER_WIN
maze8,3,l1,106,0,11.0,I-NTMCP l=1,1.0,EVADER_REACHED_GOAL
maze8,3,l1,106,0,9.0,I-NTMCP l=1,1.0,EVADER_REACHED_GOAL
maze8,3,l1,106,0,10.0,I-NTMCP l=1,1.0,EVADER_REACHED_GOAL
maze8,3,l1,106,1,8.0,I-NTMCP l=1,1.0,PURSUER_WIN
maze8,3,l1,106,1,2.0,I-NTMCP l=1,1.0,PURSUER_WIN
maze8,3,l1,106,1,9.0,I-NTMCP l=1,1.0,PURSUER_WIN
maze8,3,l1,106,1,2.0,I-NTMCP l=1,1.0,PURSUER_WIN
maze8,3,l1,106,0,9.0,I-NTMCP l=1,1.0,EVADER_REACHED_GOAL
maze8,3,l1,106,0,12.0,I-NTMCP l=1,1.0,EVADER_REACHED_GOAL
maze8,3,l1,106,1,3.0,I-NTMCP l=1,1.0,PURSUER_WIN
maze8,3,l1,106,1,3.0,I-NTMCP l=1,1.0,PURSUER_WIN
maze8,3,l1,106,1,9.0,I-NTMCP l=1,1.0,PURSUER_WIN
maze8,3,l1,106,1,9.0,I-NTMCP l=1,1.0,PURSUER_WIN
maze8,3,l1,106,1,11.0,I-NTMCP l=1,1.0,PURSUER_WIN
maze8,3,l1,106,1,11.0,I-NTMCP l=1,1.0,PURSUER_WIN
maze8,3,l1,106,1,12.0,I-NTMCP l=1,1.0,PURSUER_WIN
maze8,3,l1,106,1,8.0,I-NTMCP l=1,1.0,PURSUER_WIN
maze8,3,l1,106,1,3.0,I-NTMCP l=1,1.0,PURSUER_WIN
maze8,3,l1,106,1,9.0,I-NTMCP l=1,1.0,PURSUER_WIN
maze8,3,l1,106,0,11.0,I-NTMCP l=1,1.0,EVADER_REACHED_GOAL
maze8,3,l1,106,1,3.0,I-NTMCP l=1,1.0,PURSUER_WIN
maze8,3,l1,106,1,2.0,I-NTMCP l=1,1.0,PURSUER_WIN
maze8,3,l1,106,1,3.0,I-NTMCP l=1,1.0,PURSUER_WIN
maze8,3,l1,107,0,11.0,I-NTMCP l=1,1.0,EVADER_REACHED_GOAL
maze8,3,l1,107,0,11.0,I-NTMCP l=1,1.0,EVADER_REACHED_GOAL
maze8,3,l1,107,1,6.0,I-NTMCP l=1,1.0,PURSUER_WIN
maze8,3,l1,107,1,4.0,I-NTMCP l=1,1.0,PURSUER_WIN
maze8,3,l1,107,1,11.0,I-NTMCP l=1,1.0,PURSUER_WIN
maze8,3,l1,107,1,14.0,I-NTMCP l=1,1.0,PURSUER_WIN
maze8,3,l1,107,1,2.0,I-NTMCP l=1,1.0,PURSUER_WIN
maze8,3,l1,107,1,10.0,I-NTMCP l=1,1.0,PURSUER_WIN
maze8,3,l1,107,1,3.0,I-NTMCP l=1,1.0,PURSUER_WIN
maze8,3,l1,107,1,10.0,I-NTMCP l=1,1.0,PURSUER_WIN
maze8,3,l1,107,1,8.0,I-NTMCP l=1,1.0,PURSUER_WIN
maze8,3,l1,107,1,11.0,I-NTMCP l=1,1.0,PURSUER_WIN
maze8,3,l1,107,1,8.0,I-NTMCP l=1,1.0,PURSUER_WIN
maze8,3,l1,107,1,2.0,I-NTMCP l=1,1.0,PURSUER_WIN
maze8,3,l1,107,1,3.0,I-NTMCP l=1,1.0,PURSUER_WIN
maze8,3,l1,107,1,3.0,I-NTMCP l=1,1.0,PURSUER_WIN
maze8,3,l1,107,1,3.0,I-NTMCP l=1,1.0,PURSUER_WIN
maze8,3,l1,107,1,3.0,I-NTMCP l=1,1.0,PURSUER_WIN
maze8,3,l1,107,0,11.0,I-NTMCP l=1,1.0,EVADER_REACHED_GOAL
maze8,3,l1,107,1,8.0,I-NTMCP l=1,1.0,PURSUER_WIN
maze8,3,l1,107,1,8.0,I-NTMCP l=1,1.0,PURSUER_WIN
maze8,3,l1,107,1,9.0,I-NTMCP l=1,1.0,PURSUER_WIN
maze8,3,l1,107,1,3.0,I-NTMCP l=1,1.0,PURSUER_WIN
maze8,3,l1,107,1,8.0,I-NTMCP l=1,1.0,PURSUER_WIN
maze8,3,l1,107,1,8.0,I-NTMCP l=1,1.0,PURSUER_WIN
maze8,3,l1,107,1,5.0,I-NTMCP l=1,1.0,PURSUER_WIN
maze8,3,l1,107,1,8.0,I-NTMCP l=1,1.0,PURSUER_WIN
maze8,3,l1,107,1,3.0,I-NTMCP l=1,1.0,PURSUER_WIN
maze8,3,l1,107,0,14.0,I-NTMCP l=1,1.0,EVADER_REACHED_GOAL
maze8,3,l1,107,1,3.0,I-NTMCP l=1,1.0,PURSUER_WIN
maze8,3,l1,107,1,10.0,I-NTMCP l=1,1.0,PURSUER_WIN
maze8,3,l1,107,1,4.0,I-NTMCP l=1,1.0,PURSUER_WIN
maze8,3,l1,107,1,9.0,I-NTMCP l=1,1.0,PURSUER_WIN
maze8,3,l1,107,1,5.0,I-NTMCP l=1,1.0,PURSUER_WIN
maze8,3,l1,107,0,10.0,I-NTMCP l=1,1.0,EVADER_REACHED_GOAL
maze8,3,l1,107,1,2.0,I-NTMCP l=1,1.0,PURSUER_WIN
maze8,3,l1,107,0,13.0,I-NTMCP l=1,1.0,EVADER_REACHED_GOAL
maze8,3,l1,107,1,3.0,I-NTMCP l=1,1.0,PURSUER_WIN
maze8,3,l1,107,1,4.0,I-NTMCP l=1,1.0,PURSUER_WIN
maze8,3,l1,107,1,3.0,I-NTMCP l=1,1.0,PURSUER_WIN
maze8,3,l1,107,1,3.0,I-NTMCP l=1,1.0,PURSUER_WIN
maze8,3,l1,107,1,2.0,I-NTMCP l=1,1.0,PURSUER_WIN
maze8,3,l1,107,0,12.0,I-NTMCP l=1,1.0,EVADER_REACHED_GOAL
maze8,3,l1,107,0,10.0,I-NTMCP l=1,1.0,EVADER_REACHED_GOAL
maze8,3,l1,107,1,3.0,I-NTMCP l=1,1.0,PURSUER_WIN
maze8,3,l1,107,0,13.0,I-NTMCP l=1,1.0,EVADER_REACHED_GOAL
maze8,3,l1,107,1,3.0,I-NTMCP l=1,1.0,PURSUER_WIN
maze8,3,l1,107,0,11.0,I-NTMCP l=1,1.0,EVADER_REACHED_GOAL
maze8,3,l1,107,1,8.0,I-NTMCP l=1,1.0,PURSUER_WIN
maze8,3,l1,107,1,3.0,I-NTMCP l=1,1.0,PURSUER_WIN
maze8,3,l1,108,1,3.0,I-NTMCP l=1,1.0,PURSUER_WIN
maze8,3,l1,108,0,12.0,I-NTMCP l=1,1.0,EVADER_REACHED_GOAL
maze8,3,l1,108,0,12.0,I-NTMCP l=1,1.0,EVADER_REACHED_GOAL
maze8,3,l1,108,1,8.0,I-NTMCP l=1,1.0,PURSUER_WIN
maze8,3,l1,108,0,12.0,I-NTMCP l=1,1.0,EVADER_REACHED_GOAL
maze8,3,l1,108,0,10.0,I-NTMCP l=1,1.0,EVADER_REACHED_GOAL
maze8,3,l1,108,0,12.0,I-NTMCP l=1,1.0,EVADER_REACHED_GOAL
maze8,3,l1,108,1,11.0,I-NTMCP l=1,1.0,PURSUER_WIN
maze8,3,l1,108,0,11.0,I-NTMCP l=1,1.0,EVADER_REACHED_GOAL
maze8,3,l1,108,1,2.0,I-NTMCP l=1,1.0,PURSUER_WIN
maze8,3,l1,108,1,2.0,I-NTMCP l=1,1.0,PURSUER_WIN
maze8,3,l1,108,1,8.0,I-NTMCP l=1,1.0,PURSUER_WIN
maze8,3,l1,108,0,10.0,I-NTMCP l=1,1.0,EVADER_REACHED_GOAL
maze8,3,l1,108,1,8.0,I-NTMCP l=1,1.0,PURSUER_WIN
maze8,3,l1,108,1,3.0,I-NTMCP l=1,1.0,PURSUER_WIN
maze8,3,l1,108,1,3.0,I-NTMCP l=1,1.0,PURSUER_WIN
maze8,3,l1,108,1,8.0,I-NTMCP l=1,1.0,PURSUER_WIN
maze8,3,l1,108,0,11.0,I-NTMCP l=1,1.0,EVADER_REACHED_GOAL
maze8,3,l1,108,1,9.0,I-NTMCP l=1,1.0,PURSUER_WIN
maze8,3,l1,108,1,3.0,I-NTMCP l=1,1.0,PURSUER_WIN
maze8,3,l1,108,0,13.0,I-NTMCP l=1,1.0,EVADER_REACHED_GOAL
maze8,3,l1,108,0,11.0,I-NTMCP l=1,1.0,EVADER_REACHED_GOAL
maze8,3,l1,108,1,3.0,I-NTMCP l=1,1.0,PURSUER_WIN
maze8,3,l1,108,1,7.0,I-NTMCP l=1,1.0,PURSUER_WIN
maze8,3,l1,108,1,2.0,I-NTMCP l=1,1.0,PURSUER_WIN
maze8,3,l1,108,1,3.0,I-NTMCP l=1,1.0,PURSUER_WIN
maze8,3,l1,108,1,3.0,I-NTMCP l=1,1.0,PURSUER_WIN
maze8,3,l1,108,1,3.0,I-NTMCP l=1,1.0,PURSUER_WIN
maze8,3,l1,108,1,3.0,I-NTMCP l=1,1.0,PURSUER_WIN
maze8,3,l1,108,0,9.0,I-NTMCP l=1,1.0,EVADER_REACHED_GOAL
maze8,3,l1,108,1,3.0,I-NTMCP l=1,1.0,PURSUER_WIN
maze8,3,l1,108,0,9.0,I-NTMCP l=1,1.0,EVADER_REACHED_GOAL
maze8,3,l1,108,1,2.0,I-NTMCP l=1,1.0,PURSUER_WIN
maze8,3,l1,108,1,4.0,I-NTMCP l=1,1.0,PURSUER_WIN
maze8,3,l1,108,1,4.0,I-NTMCP l=1,1.0,PURSUER_WIN
maze8,3,l1,108,1,3.0,I-NTMCP l=1,1.0,PURSUER_WIN
maze8,3,l1,108,0,10.0,I-NTMCP l=1,1.0,EVADER_REACHED_GOAL
maze8,3,l1,108,1,9.0,I-NTMCP l=1,1.0,PURSUER_WIN
maze8,3,l1,108,1,3.0,I-NTMCP l=1,1.0,PURSUER_WIN
maze8,3,l1,108,1,3.0,I-NTMCP l=1,1.0,PURSUER_WIN
maze8,3,l1,108,0,11.0,I-NTMCP l=1,1.0,EVADER_REACHED_GOAL
maze8,3,l1,108,0,10.0,I-NTMCP l=1,1.0,EVADER_REACHED_GOAL
maze8,3,l1,108,0,11.0,I-NTMCP l=1,1.0,EVADER_REACHED_GOAL
maze8,3,l1,108,0,10.0,I-NTMCP l=1,1.0,EVADER_REACHED_GOAL
maze8,3,l1,108,1,3.0,I-NTMCP l=1,1.0,PURSUER_WIN
maze8,3,l1,108,1,10.0,I-NTMCP l=1,1.0,PURSUER_WIN
maze8,3,l1,108,1,3.0,I-NTMCP l=1,1.0,PURSUER_WIN
maze8,3,l1,108,0,11.0,I-NTMCP l=1,1.0,EVADER_REACHED_GOAL
maze8,3,l1,108,1,3.0,I-NTMCP l=1,1.0,PURSUER_WIN
maze8,3,l1,108,1,8.0,I-NTMCP l=1,1.0,PURSUER_WIN
maze8,3,l1,109,1,11.0,I-NTMCP l=1,1.0,PURSUER_WIN
maze8,3,l1,109,0,11.0,I-NTMCP l=1,1.0,EVADER_REACHED_GOAL
maze8,3,l1,109,1,4.0,I-NTMCP l=1,1.0,PURSUER_WIN
maze8,3,l1,109,0,13.0,I-NTMCP l=1,1.0,EVADER_REACHED_GOAL
maze8,3,l1,109,0,9.0,I-NTMCP l=1,1.0,EVADER_REACHED_GOAL
maze8,3,l1,109,1,2.0,I-NTMCP l=1,1.0,PURSUER_WIN
maze8,3,l1,109,1,3.0,I-NTMCP l=1,1.0,PURSUER_WIN
maze8,3,l1,109,1,3.0,I-NTMCP l=1,1.0,PURSUER_WIN
maze8,3,l1,109,0,11.0,I-NTMCP l=1,1.0,EVADER_REACHED_GOAL
maze8,3,l1,109,1,4.0,I-NTMCP l=1,1.0,PURSUER_WIN
maze8,3,l1,109,0,11.0,I-NTMCP l=1,1.0,EVADER_REACHED_GOAL
maze8,3,l1,109,1,2.0,I-NTMCP l=1,1.0,PURSUER_WIN
maze8,3,l1,109,0,12.0,I-NTMCP l=1,1.0,EVADER_REACHED_GOAL
maze8,3,l1,109,1,9.0,I-NTMCP l=1,1.0,PURSUER_WIN
maze8,3,l1,109,1,4.0,I-NTMCP l=1,1.0,PURSUER_WIN
maze8,3,l1,109,0,13.0,I-NTMCP l=1,1.0,EVADER_REACHED_GOAL
maze8,3,l1,109,1,3.0,I-NTMCP l=1,1.0,PURSUER_WIN
maze8,3,l1,109,1,3.0,I-NTMCP l=1,1.0,PURSUER_WIN
maze8,3,l1,109,1,9.0,I-NTMCP l=1,1.0,PURSUER_WIN
maze8,3,l1,109,1,8.0,I-NTMCP l=1,1.0,PURSUER_WIN
maze8,3,l1,109,1,3.0,I-NTMCP l=1,1.0,PURSUER_WIN
maze8,3,l1,109,1,8.0,I-NTMCP l=1,1.0,PURSUER_WIN
maze8,3,l1,109,1,11.0,I-NTMCP l=1,1.0,PURSUER_WIN
maze8,3,l1,109,1,8.0,I-NTMCP l=1,1.0,PURSUER_WIN
maze8,3,l1,109,0,11.0,I-NTMCP l=1,1.0,EVADER_REACHED_GOAL
maze8,3,l1,109,1,3.0,I-NTMCP l=1,1.0,PURSUER_WIN
maze8,3,l1,109,0,10.0,I-NTMCP l=1,1.0,EVADER_REACHED_GOAL
maze8,3,l1,109,1,3.0,I-NTMCP l=1,1.0,PURSUER_WIN
maze8,3,l1,109,0,11.0,I-NTMCP l=1,1.0,EVADER_REACHED_GOAL
maze8,3,l1,109,1,3.0,I-NTMCP l=1,1.0,PURSUER_WIN
maze8,3,l1,109,0,13.0,I-NTMCP l=1,1.0,EVADER_REACHED_GOAL
maze8,3,l1,109,1,2.0,I-NTMCP l=1,1.0,PURSUER_WIN
maze8,3,l1,109,1,4.0,I-NTMCP l=1,1.0,PURSUER_WIN
maze8,3,l1,109,1,3.0,I-NTMCP l=1,1.0,PURSUER_WIN
maze8,3,l1,109,0,11.0,I-NTMCP l=1,1.0,EVADER_REACHED_GOAL
maze8,3,l1,109,0,9.0,I-NTMCP l=1,1.0,EVADER_REACHED_GOAL
maze8,3,l1,109,1,8.0,I-NTMCP l=1,1.0,PURSUER_WIN
maze8,3,l1,109,1,11.0,I-NTMCP l=1,1.0,PURSUER_WIN
maze8,3,l1,109,0,12.0,I-NTMCP l=1,1.0,EVADER_REACHED_GOAL
maze8,3,l1,109,1,3.0,I-NTMCP l=1,1.0,PURSUER_WIN
maze8,3,l1,109,1,4.0,I-NTMCP l=1,1.0,PURSUER_WIN
maze8,3,l1,109,1,2.0,I-NTMCP l=1,1.0,PURSUER_WIN
maze8,3,l1,109,0,10.0,I-NTMCP l=1,1.0,EVADER_REACHED_GOAL
maze8,3,l1,109,1,9.0,I-NTMCP l=1,1.0,PURSUER_WIN
maze8,3,l1,109,1,3.0,I-NTMCP l=1,1.0,PURSUER_WIN
maze8,3,l1,109,1,3.0,I-NTMCP l=1,1.0,PURSUER_WIN
maze8,3,l1,109,0,11.0,I-NTMCP l=1,1.0,EVADER_REACHED_GOAL
maze8,3,l1,109,1,2.0,I-NTMCP l=1,1.0,PURSUER_WIN
maze8,3,l1,109,1,10.0,I-NTMCP l=1,1.0,PURSUER_WIN
maze8,3,l1,109,1,10.0,I-NTMCP l=1,1.0,PURSUER_WIN
maze8,3,mixed,100,1,3.0,shortest path,,PURSUER_WIN
maze8,3,mixed,100,1,3.0,I-NTMCP l=1,1.0,PURSUER_WIN
maze8,3,mixed,100,1,9.0,I-NTMCP l=1,1.0,PURSUER_WIN
maze8,3,mixed,100,1,9.0,shortest path,,PURSUER_WIN
maze8,3,mixed,100,1,8.0,I-NTMCP l=1,1.0,PURSUER_WIN
maze8,3,mixed,100,1,3.0,I-NTMCP l=0,0.0,PURSUER_WIN
maze8,3,mixed,100,1,3.0,I-NTMCP l=1,1.0,PURSUER_WIN
maze8,3,mixed,100,1,3.0,random,,PURSUER_WIN
maze8,3,mixed,100,1,5.0,random,,PURSUER_WIN
maze8,3,mixed,100,1,3.0,random,,PURSUER_WIN
maze8,3,mixed,100,0,10.0,I-NTMCP l=1,1.0,EVADER_REACHED_GOAL
maze8,3,mixed,100,1,3.0,I-NTMCP l=0,0.0,PURSUER_WIN
maze8,3,mixed,100,0,40.0,random,,OTHER_LOSS_OR_TIMEOUT
maze8,3,mixed,100,1,4.0,shortest path,,PURSUER_WIN
maze8,3,mixed,100,0,9.0,I-NTMCP l=0,0.0,EVADER_REACHED_GOAL
maze8,3,mixed,100,0,15.0,shortest path,,EVADER_REACHED_GOAL
maze8,3,mixed,100,1,3.0,I-NTMCP l=0,0.0,PURSUER_WIN
maze8,3,mixed,100,1,10.0,shortest path,,PURSUER_WIN
maze8,3,mixed,100,0,11.0,shortest path,,EVADER_REACHED_GOAL
maze8,3,mixed,100,1,3.0,shortest path,,PURSUER_WIN
maze8,3,mixed,100,1,12.0,shortest path,,PURSUER_WIN
maze8,3,mixed,100,0,11.0,I-NTMCP l=0,0.0,EVADER_REACHED_GOAL
maze8,3,mixed,100,1,3.0,I-NTMCP l=0,0.0,PURSUER_WIN
maze8,3,mixed,100,1,2.0,I-NTMCP l=1,1.0,PURSUER_WIN
maze8,3,mixed,100,1,2.0,shortest path,,PURSUER_WIN
maze8,3,mixed,100,0,11.0,I-NTMCP l=1,1.0,EVADER_REACHED_GOAL
maze8,3,mixed,100,0,11.0,I-NTMCP l=1,1.0,EVADER_REACHED_GOAL
maze8,3,mixed,100,0,11.0,I-NTMCP l=0,0.0,EVADER_REACHED_GOAL
maze8,3,mixed,100,1,3.0,I-NTMCP l=1,1.0,PURSUER_WIN
maze8,3,mixed,100,1,12.0,shortest path,,PURSUER_WIN
maze8,3,mixed,100,1,14.0,random,,PURSUER_WIN
maze8,3,mixed,100,1,4.0,shortest path,,PURSUER_WIN
maze8,3,mixed,100,1,10.0,random,,PURSUER_WIN
maze8,3,mixed,100,1,6.0,I-NTMCP l=1,1.0,PURSUER_WIN
maze8,3,mixed,100,1,3.0,shortest path,,PURSUER_WIN
maze8,3,mixed,100,0,12.0,shortest path,,EVADER_REACHED_GOAL
maze8,3,mixed,100,0,15.0,shortest path,,EVADER_REACHED_GOAL
maze8,3,mixed,100,0,15.0,shortest path,,EVADER_REACHED_GOAL
maze8,3,mixed,100,1,10.0,random,,PURSUER_WIN
maze8,3,mixed,100,1,3.0,shortest path,,PURSUER_WIN
maze8,3,mixed,100,1,2.0,I-NTMCP l=1,1.0,PURSUER_WIN
maze8,3,mixed,100,1,8.0,I-NTMCP l=1,1.0,PURSUER_WIN
maze8,3,mixed,100,1,3.0,shortest path,,PURSUER_WIN
maze8,3,mixed,100,1,3.0,random,,PURSUER_WIN
maze8,3,mixed,100,1,15.0,shortest path,,PURSUER_WIN
maze8,3,mixed,100,1,3.0,I-NTMCP l=0,0.0,PURSUER_WIN
maze8,3,mixed,100,1,8.0,I-NTMCP l=0,0.0,PURSUER_WIN
maze8,3,mixed,100,1,3.0,I-NTMCP l=0,0.0,PURSUER_WIN
maze8,3,mixed,100,0,10.0,I-NTMCP l=0,0.0,EVADER_REACHED_GOAL
maze8,3,mixed,100,1,4.0,I-NTMCP l=1,1.0,PURSUER_WIN
maze8,3,mixed,101,1,2.0,shortest path,,PURSUER_WIN
maze8,3,mixed,101,1,8.0,I-NTMCP l=0,0.0,PURSUER_WIN
maze8,3,mixed,101,0,11.0,I-NTMCP l=1,1.0,EVADER_REACHED_GOAL
maze8,3,mixed,101,1,16.0,random,,PURSUER_WIN
maze8,3,mixed,101,0,10.0,shortest path,,EVADER_REACHED_GOAL
maze8,3,mixed,101,1,3.0,shortest path,,PURSUER_WIN
maze8,3,mixed,101,0,11.0,I-NTMCP l=0,0.0,EVADER_REACHED_GOAL
maze8,3,mixed,101,1,3.0,I-NTMCP l=1,1.0,PURSUER_WIN
maze8,3,mixed,101,0,15.0,shortest path,,EVADER_REACHED_GOAL
maze8,3,mixed,101,1,3.0,I-NTMCP l=0,0.0,PURSUER_WIN
maze8,3,mixed,101,0,11.0,I-NTMCP l=1,1.0,EVADER_REACHED_GOAL
maze8,3,mixed,101,1,8.0,random,,PURSUER_WIN
maze8,3,mixed,101,1,8.0,I-NTMCP l=0,0.0,PURSUER_WIN
maze8,3,mixed,101,1,3.0,shortest path,,PURSUER_WIN
maze8,3,mixed,101,1,3.0,shortest path,,PURSUER_WIN
maze8,3,mixed,101,1,33.0,random,,PURSUER_WIN
maze8,3,mixed,101,0,13.0,I-NTMCP l=1,1.0,EVADER_REACHED_GOAL
maze8,3,mixed,101,1,2.0,I-NTMCP l=0,0.0,PURSUER_WIN
maze8,3,mixed,101,1,7.0,shortest path,,PURSUER_WIN
maze8,3,mixed,101,1,8.0,I-NTMCP l=1,1.0,PURSUER_WIN
maze8,3,mixed,101,1,8.0,I-NTMCP l=0,0.0,PURSUER_WIN
maze8,3,mixed,101,1,11.0,shortest path,,PURSUER_WIN
maze8,3,mixed,101,1,21.0,I-NTMCP l=1,1.0,PURSUER_WIN
maze8,3,mixed,101,0,13.0,I-NTMCP l=1,1.0,EVADER_REACHED_GOAL
maze8,3,mixed,101,1,5.0,shortest path,,PURSUER_WIN
maze8,3,mixed,101,1,3.0,random,,PURSUER_WIN
maze8,3,mixed,101,1,3.0,I-NTMCP l=1,1.0,PURSUER_WIN
maze8,3,mixed,101,1,8.0,I-NTMCP l=1,1.0,PURSUER_WIN
maze8,3,mixed,101,1,8.0,I-NTMCP l=0,0.0,PURSUER_WIN
maze8,3,mixed,101,1,3.0,shortest path,,PURSUER_WIN
maze8,3,mixed,101,1,23.0,random,,PURSUER_WIN
maze8,3,mixed,101,1,5.0,I-NTMCP l=0,0.0,PURSUER_WIN
maze8,3,mixed,101,1,8.0,I-NTMCP l=0,0.0,PURSUER_WIN
maze8,3,mixed,101,1,8.0,I-NTMCP l=1,1.0,PURSUER_WIN
maze8,3,mixed,101,0,12.0,I-NTMCP l=1,1.0,EVADER_REACHED_GOAL
maze8,3,mixed,101,1,24.0,shortest path,,PURSUER_WIN
maze8,3,mixed,101,1,8.0,I-NTMCP l=1,1.0,PURSUER_WIN
maze8,3,mixed,101,1,19.0,random,,PURSUER_WIN
maze8,3,mixed,101,1,10.0,I-NTMCP l=1,1.0,PURSUER_WIN
maze8,3,mixed,101,0,13.0,I-NTMCP l=1,1.0,EVADER_REACHED_GOAL
maze8,3,mixed,101,1,11.0,random,,PURSUER_WIN
maze8,3,mixed,101,1,3.0,I-NTMCP l=1,1.0,PURSUER_WIN
maze8,3,mixed,101,1,1.0,shortest path,,PURSUER_WIN
maze8,3,mixed,101,1,17.0,random,,PURSUER_WIN
maze8,3,mixed,101,0,11.0,I-NTMCP l=0,0.0,EVADER_REACHED_GOAL
maze8,3,mixed,101,0,40.0,random,,OTHER_LOSS_OR_TIMEOUT
maze8,3,mixed,101,1,4.0,I-NTMCP l=0,0.0,PURSUER_WIN
maze8,3,mixed,101,1,3.0,I-NTMCP l=0,0.0,PURSUER_WIN
maze8,3,mixed,101,1,15.0,random,,PURSUER_WIN
maze8,3,mixed,101,0,9.0,I-NTMCP l=0,0.0,EVADER_REACHED_GOAL
maze8,3,mixed,102,1,3.0,shortest path,,PURSUER_WIN
maze8,3,mixed,102,1,10.0,I-NTMCP l=0,0.0,PURSUER_WIN
maze8,3,mixed,102,0,11.0,shortest path,,EVADER_REACHED_GOAL
maze8,3,mixed,102,0,17.0,shortest path,,EVADER_REACHED_GOAL
maze8,3,mixed,102,1,3.0,I-NTMCP l=1,1.0,PURSUER_WIN
maze8,3,mixed,102,1,3.0,I-NTMCP l=0,0.0,PURSUER_WIN
maze8,3,mixed,102,1,3.0,I-NTMCP l=1,1.0,PURSUER_WIN
maze8,3,mixed,102,1,36.0,random,,PURSUER_WIN
maze8,3,mixed,102,1,3.0,shortest path,,PURSUER_WIN
maze8,3,mixed,102,1,11.0,I-NTMCP l=1,1.0,PURSUER_WIN
maze8,3,mixed,102,1,8.0,I-NTMCP l=1,1.0,PURSUER_WIN
maze8,3,mixed,102,0,11.0,shortest path,,EVADER_REACHED_GOAL
maze8,3,mixed,102,1,10.0,shortest path,,PURSUER_WIN
maze8,3,mixed,102,1,14.0,random,,PURSUER_WIN
maze8,3,mixed,102,1,4.0,random,,PURSUER_WIN
maze8,3,mixed,102,0,26.0,shortest path,,EVADER_REACHED_GOAL
maze8,3,mixed,102,1,3.0,I-NTMCP l=1,1.0,PURSUER_WIN
maze8,3,mixed,102,1,2.0,shortest path,,PURSUER_WIN
maze8,3,mixed,102,0,11.0,shortest path,,EVADER_REACHED_GOAL
maze8,3,mixed,102,1,10.0,I-NTMCP l=1,1.0,PURSUER_WIN
maze8,3,mixed,102,1,2.0,I-NTMCP l=1,1.0,PURSUER_WIN
maze8,3,mixed,102,1,10.0,I-NTMCP l=1,1.0,PURSUER_WIN
maze8,3,mixed,102,1,2.0,random,,PURSUER_WIN
maze8,3,mixed,102,1,2.0,shortest path,,PURSUER_WIN
maze8,3,mixed,102,1,26.0,random,,PURSUER_WIN
maze8,3,mixed,102,1,5.0,I-NTMCP l=0,0.0,PURSUER_WIN
maze8,3,mixed,102,0,11.0,I-NTMCP l=1,1.0,EVADER_REACHED_GOAL
maze8,3,mixed,102,0,11.0,shortest path,,EVADER_REACHED_GOAL
maze8,3,mixed,102,1,3.0,I-NTMCP l=1,1.0,PURSUER_WIN
maze8,3,mixed,102,1,3.0,I-NTMCP l=1,1.0,PURSUER_WIN
maze8,3,mixed,102,1,3.0,I-NTMCP l=1,1.0,PURSUER_WIN
maze8,3,mixed,102,1,10.0,shortest path,,PURSUER_WIN
maze8,3,mixed,102,1,8.0,shortest path,,PURSUER_WIN
maze8,3,mixed,102,1,3.0,I-NTMCP l=0,0.0,PURSUER_WIN
maze8,3,mixed,102,1,12.0,shortest path,,PURSUER_WIN
maze8,3,mixed,102,1,4.0,random,,PURSUER_WIN
maze8,3,mixed,102,1,3.0,shortest path,,PURSUER_WIN
maze8,3,mixed,102,1,8.0,I-NTMCP l=0,0.0,PURSUER_WIN
maze8,3,mixed,102,1,2.0,I-NTMCP l=1,1.0,PURSUER_WIN
maze8,3,mixed,102,1,3.0,shortest path,,PURSUER_WIN
maze8,3,mixed,102,1,2.0,I-NTMCP l=1,1.0,PURSUER_WIN
maze8,3,mixed,102,1,4.0,I-NTMCP l=0,0.0,PURSUER_WIN
maze8,3,mixed,102,0,11.0,I-NTMCP l=0,0.0,EVADER_REACHED_GOAL
maze8,3,mixed,102,1,3.0,I-NTMCP l=1,1.0,PURSUER_WIN
maze8,3,mixed,102,1,3.0,I-NTMCP l=1,1.0,PURSUER_WIN
maze8,3,mixed,102,1,11.0,shortest path,,PURSUER_WIN
maze8,3,mixed,102,1,3.0,I-NTMCP l=1,1.0,PURSUER_WIN
maze8,3,mixed,102,0,14.0,shortest path,,EVADER_REACHED_GOAL
maze8,3,mixed,102,1,9.0,shortest path,,PURSUER_WIN
maze8,3,mixed,102,1,3.0,shortest path,,PURSUER_WIN
maze8,3,mixed,103,1,8.0,I-NTMCP l=1,1.0,PURSUER_WIN
maze8,3,mixed,103,0,13.0,shortest path,,EVADER_REACHED_GOAL
maze8,3,mixed,103,1,3.0,random,,PURSUER_WIN
maze8,3,mixed,103,1,36.0,random,,PURSUER_WIN
maze8,3,mixed,103,1,3.0,I-NTMCP l=1,1.0,PURSUER_WIN
maze8,3,mixed,103,1,2.0,I-NTMCP l=1,1.0,PURSUER_WIN
maze8,3,mixed,103,0,9.0,I-NTMCP l=0,0.0,EVADER_REACHED_GOAL
maze8,3,mixed,103,1,1.0,random,,PURSUER_WIN
maze8,3,mixed,103,1,3.0,I-NTMCP l=1,1.0,PURSUER_WIN
maze8,3,mixed,103,1,29.0,random,,PURSUER_WIN
maze8,3,mixed,103,0,14.0,shortest path,,EVADER_REACHED_GOAL
maze8,3,mixed,103,1,3.0,shortest path,,PURSUER_WIN
maze8,3,mixed,103,1,9.0,random,,PURSUER_WIN
maze8,3,mixed,103,1,26.0,random,,PURSUER_WIN
maze8,3,mixed,103,1,9.0,shortest path,,PURSUER_WIN
maze8,3,mixed,103,1,6.0,random,,PURSUER_WIN
maze8,3,mixed,103,1,11.0,shortest path,,PURSUER_WIN
maze8,3,mixed,103,1,5.0,I-NTMCP l=0,0.0,PURSUER_WIN
maze8,3,mixed,103,1,11.0,shortest path,,PURSUER_WIN
maze8,3,mixed,103,1,8.0,I-NTMCP l=1,1.0,PURSUER_WIN
maze8,3,mixed,103,0,11.0,I-NTMCP l=1,1.0,EVADER_REACHED_GOAL
maze8,3,mixed,103,1,15.0,shortest path,,PURSUER_WIN
maze8,3,mixed,103,1,2.0,shortest path,,PURSUER_WIN
maze8,3,mixed,103,1,21.0,random,,PURSUER_WIN
maze8,3,mixed,103,1,4.0,I-NTMCP l=0,0.0,PURSUER_WIN
maze8,3,mixed,103,1,11.0,shortest path,,PURSUER_WIN
maze8,3,mixed,103,1,2.0,shortest path,,PURSUER_WIN
maze8,3,mixed,103,0,14.0,I-NTMCP l=1,1.0,EVADER_REACHED_GOAL
maze8,3,mixed,103,0,11.0,I-NTMCP l=0,0.0,EVADER_REACHED_GOAL
maze8,3,mixed,103,1,3.0,I-NTMCP l=0,0.0,PURSUER_WIN
maze8,3,mixed,103,0,13.0,shortest path,,EVADER_REACHED_GOAL
maze8,3,mixed,103,1,3.0,I-NTMCP l=1,1.0,PURSUER_WIN
maze8,3,mixed,103,1,12.0,shortest path,,PURSUER_WIN
maze8,3,mixed,103,0,10.0,I-NTMCP l=0,0.0,EVADER_REACHED_GOAL
maze8,3,mixed,103,1,5.0,random,,PURSUER_WIN
maze8,3,mixed,103,1,3.0,I-NTMCP l=1,1.0,PURSUER_WIN
maze8,3,mixed,103,1,10.0,shortest path,,PURSUER_WIN
maze8,3,mixed,103,1,14.0,shortest path,,PURSUER_WIN
maze8,3,mixed,103,0,11.0,I-NTMCP l=1,1.0,EVADER_REACHED_GOAL
maze8,3,mixed,103,0,10.0,I-NTMCP l=0,0.0,EVADER_REACHED_GOAL
maze8,3,mixed,103,1,19.0,random,,PURSUER_WIN
maze8,3,mixed,103,1,4.0,I-NTMCP l=1,1.0,PURSUER_WIN
maze8,3,mixed,103,1,3.0,I-NTMCP l=0,0.0,PURSUER_WIN
maze8,3,mixed,103,0,40.0,random,,OTHER_LOSS_OR_TIMEOUT
maze8,3,mixed,103,1,12.0,random,,PURSUER_WIN
maze8,3,mixed,103,1,2.0,I-NTMCP l=0,0.0,PURSUER_WIN
maze8,3,mixed,103,1,11.0,I-NTMCP l=1,1.0,PURSUER_WIN
maze8,3,mixed,103,1,8.0,random,,PURSUER_WIN
maze8,3,mixed,103,1,20.0,random,,PURSUER_WIN
maze8,3,mixed,103,0,9.0,I-NTMCP l=1,1.0,EVADER_REACHED_GOAL
maze8,3,mixed,104,1,10.0,random,,PURSUER_WIN
maze8,3,mixed,104,1,3.0,shortest path,,PURSUER_WIN
maze8,3,mixed,104,1,3.0,shortest path,,PURSUER_WIN
maze8,3,mixed,104,1,4.0,I-NTMCP l=1,1.0,PURSUER_WIN
maze8,3,mixed,104,1,8.0,I-NTMCP l=0,0.0,PURSUER_WIN
maze8,3,mixed,104,1,10.0,random,,PURSUER_WIN
maze8,3,mixed,104,1,8.0,shortest path,,PURSUER_WIN
maze8,3,mixed,104,1,23.0,random,,PURSUER_WIN
maze8,3,mixed,104,1,5.0,shortest path,,PURSUER_WIN
maze8,3,mixed,104,1,11.0,random,,PURSUER_WIN
maze8,3,mixed,104,1,7.0,shortest path,,PURSUER_WIN
maze8,3,mixed,104,1,16.0,random,,PURSUER_WIN
maze8,3,mixed,104,1,22.0,random,,PURSUER_WIN
maze8,3,mixed,104,1,3.0,I-NTMCP l=0,0.0,PURSUER_WIN
maze8,3,mixed,104,1,2.0,I-NTMCP l=0,0.0,PURSUER_WIN
maze8,3,mixed,104,1,17.0,random,,PURSUER_WIN
maze8,3,mixed,104,1,4.0,shortest path,,PURSUER_WIN
maze8,3,mixed,104,1,9.0,I-NTMCP l=0,0.0,PURSUER_WIN
maze8,3,mixed,104,0,11.0,I-NTMCP l=1,1.0,EVADER_REACHED_GOAL
maze8,3,mixed,104,0,10.0,I-NTMCP l=0,0.0,EVADER_REACHED_GOAL
maze8,3,mixed,104,1,1.0,shortest path,,PURSUER_WIN
maze8,3,mixed,104,1,3.0,I-NTMCP l=0,0.0,PURSUER_WIN
maze8,3,mixed,104,1,14.0,I-NTMCP l=1,1.0,PURSUER_WIN
maze8,3,mixed,104,1,9.0,random,,PURSUER_WIN
maze8,3,mixed,104,0,11.0,I-NTMCP l=1,1.0,EVADER_REACHED_GOAL
maze8,3,mixed,104,1,3.0,I-NTMCP l=1,1.0,PURSUER_WIN
maze8,3,mixed,104,1,7.0,shortest path,,PURSUER_WIN
maze8,3,mixed,104,1,3.0,I-NTMCP l=0,0.0,PURSUER_WIN
maze8,3,mixed,104,1,3.0,shortest path,,PURSUER_WIN
maze8,3,mixed,104,1,30.0,random,,PURSUER_WIN
maze8,3,mixed,104,1,2.0,random,,PURSUER_WIN
maze8,3,mixed,104,1,15.0,random,,PURSUER_WIN
maze8,3,mixed,104,1,5.0,random,,PURSUER_WIN
maze8,3,mixed,104,0,12.0,shortest path,,EVADER_REACHED_GOAL
maze8,3,mixed,104,1,8.0,I-NTMCP l=0,0.0,PURSUER_WIN
maze8,3,mixed,104,1,12.0,I-NTMCP l=1,1.0,PURSUER_WIN
maze8,3,mixed,104,1,3.0,I-NTMCP l=0,0.0,PURSUER_WIN
maze8,3,mixed,104,1,28.0,random,,PURSUER_WIN
maze8,3,mixed,104,1,4.0,I-NTMCP l=0,0.0,PURSUER_WIN
maze8,3,mixed,104,0,13.0,shortest path,,EVADER_REACHED_GOAL
maze8,3,mixed,104,1,8.0,random,,PURSUER_WIN
maze8,3,mixed,104,1,11.0,random,,PURSUER_WIN
maze8,3,mixed,104,0,13.0,I-NTMCP l=1,1.0,EVADER_REACHED_GOAL
maze8,3,mixed,104,0,11.0,I-NTMCP l=1,1.0,EVADER_REACHED_GOAL
maze8,3,mixed,104,0,12.0,shortest path,,EVADER_REACHED_GOAL
maze8,3,mixed,104,1,1.0,shortest path,,PURSUER_WIN
maze8,3,mixed,104,1,19.0,shortest path,,PURSUER_WIN
maze8,3,mixed,104,1,10.0,shortest path,,PURSUER_WIN
maze8,3,mixed,104,1,16.0,shortest path,,PURSUER_WIN
maze8,3,mixed,104,1,3.0,random,,PURSUER_WIN
maze8,3,mixed,105,1,13.0,I-NTMCP l=0,0.0,PURSUER_WIN
maze8,3,mixed,105,1,9.0,random,,PURSUER_WIN
maze8,3,mixed,105,1,2.0,random,,PURSUER_WIN
maze8,3,mixed,105,1,2.0,I-NTMCP l=0,0.0,PURSUER_WIN
maze8,3,mixed,105,1,8.0,I-NTMCP l=0,0.0,PURSUER_WIN
maze8,3,mixed,105,0,13.0,I-NTMCP l=0,0.0,EVADER_REACHED_GOAL
maze8,3,mixed,105,0,19.0,shortest path,,EVADER_REACHED_GOAL
maze8,3,mixed,105,1,3.0,I-NTMCP l=0,0.0,PURSUER_WIN
maze8,3,mixed,105,1,3.0,shortest path,,PURSUER_WIN
maze8,3,mixed,105,1,3.0,shortest path,,PURSUER_WIN
maze8,3,mixed,105,1,13.0,random,,PURSUER_WIN
maze8,3,mixed,105,1,10.0,I-NTMCP l=1,1.0,PURSUER_WIN
maze8,3,mixed,105,0,12.0,I-NTMCP l=0,0.0,EVADER_REACHED_GOAL
maze8,3,mixed,105,1,2.0,shortest path,,PURSUER_WIN
maze8,3,mixed,105,1,3.0,I-NTMCP l=1,1.0,PURSUER_WIN
maze8,3,mixed,105,0,9.0,I-NTMCP l=1,1.0,EVADER_REACHED_GOAL
maze8,3,mixed,105,0,11.0,I-NTMCP l=1,1.0,EVADER_REACHED_GOAL
maze8,3,mixed,105,1,3.0,I-NTMCP l=1,1.0,PURSUER_WIN
maze8,3,mixed,105,1,3.0,shortest path,,PURSUER_WIN
maze8,3,mixed,105,1,10.0,shortest path,,PURSUER_WIN
maze8,3,mixed,105,1,4.0,I-NTMCP l=0,0.0,PURSUER_WIN
maze8,3,mixed,105,1,3.0,I-NTMCP l=0,0.0,PURSUER_WIN
maze8,3,mixed,105,1,13.0,random,,PURSUER_WIN
maze8,3,mixed,105,0,11.0,I-NTMCP l=0,0.0,EVADER_REACHED_GOAL
maze8,3,mixed,105,1,3.0,random,,PURSUER_WIN
maze8,3,mixed,105,1,3.0,I-NTMCP l=0,0.0,PURSUER_WIN
maze8,3,mixed,105,1,7.0,shortest path,,PURSUER_WIN
maze8,3,mixed,105,1,8.0,I-NTMCP l=1,1.0,PURSUER_WIN
maze8,3,mixed,105,0,11.0,I-NTMCP l=1,1.0,EVADER_REACHED_GOAL
maze8,3,mixed,105,1,3.0,I-NTMCP l=1,1.0,PURSUER_WIN
maze8,3,mixed,105,1,3.0,I-NTMCP l=0,0.0,PURSUER_WIN
maze8,3,mixed,105,1,17.0,random,,PURSUER_WIN
maze8,3,mixed,105,0,12.0,I-NTMCP l=1,1.0,EVADER_REACHED_GOAL
maze8,3,mixed,105,1,8.0,I-NTMCP l=0,0.0,PURSUER_WIN
maze8,3,mixed,105,1,2.0,I-NTMCP l=0,0.0,PURSUER_WIN
maze8,3,mixed,105,1,4.0,I-NTMCP l=0,0.0,PURSUER_WIN
maze8,3,mixed,105,1,4.0,shortest path,,PURSUER_WIN
maze8,3,mixed,105,1,7.0,random,,PURSUER_WIN
maze8,3,mixed,105,1,10.0,I-NTMCP l=1,1.0,PURSUER_WIN
maze8,3,mixed,105,0,9.0,I-NTMCP l=1,1.0,EVADER_REACHED_GOAL
maze8,3,mixed,105,1,9.0,I-NTMCP l=0,0.0,PURSUER_WIN
maze8,3,mixed,105,1,15.0,random,,PURSUER_WIN
maze8,3,mixed,105,1,3.0,shortest path,,PURSUER_WIN
maze8,3,mixed,105,1,3.0,shortest path,,PURSUER_WIN
maze8,3,mixed,105,0,40.0,random,,OTHER_LOSS_OR_TIMEOUT
maze8,3,mixed,105,1,8.0,shortest path,,PURSUER_WIN
maze8,3,mixed,105,1,3.0,I-NTMCP l=0,0.0,PURSUER_WIN
maze8,3,mixed,105,0,11.0,I-NTMCP l=1,1.0,EVADER_REACHED_GOAL
maze8,3,mixed,105,0,13.0,I-NTMCP l=1,1.0,EVADER_REACHED_GOAL
maze8,3,mixed,105,1,16.0,shortest path,,PURSUER_WIN
maze8,3,mixed,106,0,11.0,I-NTMCP l=1,1.0,EVADER_REACHED_GOAL
maze8,3,mixed,106,1,8.0,random,,PURSUER_WIN
maze8,3,mixed,106,1,11.0,I-NTMCP l=1,1.0,PURSUER_WIN
maze8,3,mixed,106,1,3.0,random,,PURSUER_WIN
maze8,3,mixed,106,1,3.0,I-NTMCP l=0,0.0,PURSUER_WIN
maze8,3,mixed,106,1,4.0,random,,PURSUER_WIN
maze8,3,mixed,106,1,4.0,shortest path,,PURSUER_WIN
maze8,3,mixed,106,1,9.0,I-NTMCP l=1,1.0,PURSUER_WIN
maze8,3,mixed,106,1,3.0,I-NTMCP l=0,0.0,PURSUER_WIN
maze8,3,mixed,106,0,12.0,I-NTMCP l=1,1.0,EVADER_REACHED_GOAL
maze8,3,mixed,106,0,11.0,I-NTMCP l=1,1.0,EVADER_REACHED_GOAL
maze8,3,mixed,106,1,9.0,I-NTMCP l=0,0.0,PURSUER_WIN
maze8,3,mixed,106,1,3.0,shortest path,,PURSUER_WIN
maze8,3,mixed,106,1,3.0,I-NTMCP l=1,1.0,PURSUER_WIN
maze8,3,mixed,106,1,3.0,I-NTMCP l=0,0.0,PURSUER_WIN
maze8,3,mixed,106,1,3.0,I-NTMCP l=1,1.0,PURSUER_WIN
maze8,3,mixed,106,1,11.0,shortest path,,PURSUER_WIN
maze8,3,mixed,106,1,17.0,shortest path,,PURSUER_WIN
maze8,3,mixed,106,1,8.0,I-NTMCP l=0,0.0,PURSUER_WIN
maze8,3,mixed,106,1,5.0,I-NTMCP l=0,0.0,PURSUER_WIN
maze8,3,mixed,106,0,11.0,I-NTMCP l=1,1.0,EVADER_REACHED_GOAL
maze8,3,mixed,106,0,9.0,I-NTMCP l=0,0.0,EVADER_REACHED_GOAL
maze8,3,mixed,106,1,25.0,random,,PURSUER_WIN
maze8,3,mixed,106,1,3.0,I-NTMCP l=0,0.0,PURSUER_WIN
maze8,3,mixed,106,1,1.0,I-NTMCP l=0,0.0,PURSUER_WIN
maze8,3,mixed,106,1,9.0,I-NTMCP l=0,0.0,PURSUER_WIN
maze8,3,mixed,106,1,3.0,shortest path,,PURSUER_WIN
maze8,3,mixed,106,0,20.0,shortest path,,EVADER_REACHED_GOAL
maze8,3,mixed,106,1,3.0,I-NTMCP l=1,1.0,PURSUER_WIN
maze8,3,mixed,106,1,7.0,random,,PURSUER_WIN
maze8,3,mixed,106,1,3.0,random,,PURSUER_WIN
maze8,3,mixed,106,1,35.0,random,,PURSUER_WIN
maze8,3,mixed,106,0,10.0,I-NTMCP l=0,0.0,EVADER_REACHED_GOAL
maze8,3,mixed,106,1,3.0,random,,PURSUER_WIN
maze8,3,mixed,106,1,4.0,shortest path,,PURSUER_WIN
maze8,3,mixed,106,1,4.0,I-NTMCP l=0,0.0,PURSUER_WIN
maze8,3,mixed,106,1,3.0,I-NTMCP l=1,1.0,PURSUER_WIN
maze8,3,mixed,106,1,8.0,I-NTMCP l=0,0.0,PURSUER_WIN
maze8,3,mixed,106,0,11.0,I-NTMCP l=0,0.0,EVADER_REACHED_GOAL
maze8,3,mixed,106,0,11.0,I-NTMCP l=1,1.0,EVADER_REACHED_GOAL
maze8,3,mixed,106,1,3.0,I-NTMCP l=1,1.0,PURSUER_WIN
maze8,3,mixed,106,1,3.0,I-NTMCP l=1,1.0,PURSUER_WIN
maze8,3,mixed,106,0,24.0,shortest path,,EVADER_REACHED_GOAL
maze8,3,mixed,106,1,15.0,shortest path,,PURSUER_WIN
maze8,3,mixed,106,1,3.0,shortest path,,PURSUER_WIN
maze8,3,mixed,106,0,13.0,I-NTMCP l=1,1.0,EVADER_REACHED_GOAL
maze8,3,mixed,106,1,3.0,shortest path,,PURSUER_WIN
maze8,3,mixed,106,1,6.0,shortest path,,PURSUER_WIN
maze8,3,mixed,106,0,13.0,shortest path,,EVADER_REACHED_GOAL
maze8,3,mixed,106,1,16.0,shortest path,,PURSUER_WIN
maze8,3,mixed,107,0,13.0,shortest path,,EVADER_REACHED_GOAL
maze8,3,mixed,107,1,10.0,I-NTMCP l=1,1.0,PURSUER_WIN
maze8,3,mixed,107,1,3.0,I-NTMCP l=1,1.0,PURSUER_WIN
maze8,3,mixed,107,1,8.0,I-NTMCP l=0,0.0,PURSUER_WIN
maze8,3,mixed,107,1,7.0,shortest path,,PURSUER_WIN
maze8,3,mixed,107,1,4.0,I-NTMCP l=1,1.0,PURSUER_WIN
maze8,3,mixed,107,1,15.0,random,,PURSUER_WIN
maze8,3,mixed,107,1,2.0,I-NTMCP l=0,0.0,PURSUER_WIN
maze8,3,mixed,107,0,11.0,I-NTMCP l=0,0.0,EVADER_REACHED_GOAL
maze8,3,mixed,107,1,3.0,random,,PURSUER_WIN
maze8,3,mixed,107,1,12.0,I-NTMCP l=0,0.0,PURSUER_WIN
maze8,3,mixed,107,1,2.0,I-NTMCP l=0,0.0,PURSUER_WIN
maze8,3,mixed,107,1,2.0,shortest path,,PURSUER_WIN
maze8,3,mixed,107,1,3.0,shortest path,,PURSUER_WIN
maze8,3,mixed,107,1,13.0,shortest path,,PURSUER_WIN
maze8,3,mixed,107,1,10.0,shortest path,,PURSUER_WIN
maze8,3,mixed,107,1,4.0,shortest path,,PURSUER_WIN
maze8,3,mixed,107,0,19.0,shortest path,,EVADER_REACHED_GOAL
maze8,3,mixed,107,1,3.0,I-NTMCP l=0,0.0,PURSUER_WIN
maze8,3,mixed,107,1,7.0,random,,PURSUER_WIN
maze8,3,mixed,107,1,3.0,random,,PURSUER_WIN
maze8,3,mixed,107,1,8.0,shortest path,,PURSUER_WIN
maze8,3,mixed,107,0,40.0,random,,OTHER_LOSS_OR_TIMEOUT
maze8,3,mixed,107,0,11.0,I-NTMCP l=1,1.0,EVADER_REACHED_GOAL
maze8,3,mixed,107,1,12.0,shortest path,,PURSUER_WIN
maze8,3,mixed,107,1,3.0,shortest path,,PURSUER_WIN
maze8,3,mixed,107,1,8.0,I-NTMCP l=1,1.0,PURSUER_WIN
maze8,3,mixed,107,0,11.0,I-NTMCP l=0,0.0,EVADER_REACHED_GOAL
maze8,3,mixed,107,1,5.0,random,,PURSUER_WIN
maze8,3,mixed,107,0,9.0,shortest path,,EVADER_REACHED_GOAL
maze8,3,mixed,107,1,8.0,I-NTMCP l=0,0.0,PURSUER_WIN
maze8,3,mixed,107,1,3.0,I-NTMCP l=1,1.0,PURSUER_WIN
maze8,3,mixed,107,1,2.0,I-NTMCP l=1,1.0,PURSUER_WIN
maze8,3,mixed,107,1,4.0,shortest path,,PURSUER_WIN
maze8,3,mixed,107,1,19.0,random,,PURSUER_WIN
maze8,3,mixed,107,1,3.0,I-NTMCP l=0,0.0,PURSUER_WIN
maze8,3,mixed,107,0,11.0,I-NTMCP l=1,1.0,EVADER_REACHED_GOAL
maze8,3,mixed,107,1,10.0,I-NTMCP l=0,0.0,PURSUER_WIN
maze8,3,mixed,107,1,3.0,I-NTMCP l=0,0.0,PURSUER_WIN
maze8,3,mixed,107,0,40.0,random,,OTHER_LOSS_OR_TIMEOUT
maze8,3,mixed,107,0,13.0,I-NTMCP l=1,1.0,EVADER_REACHED_GOAL
maze8,3,mixed,107,1,10.0,I-NTMCP l=0,0.0,PURSUER_WIN
maze8,3,mixed,107,1,8.0,shortest path,,PURSUER_WIN
maze8,3,mixed,107,1,3.0,shortest path,,PURSUER_WIN
maze8,3,mixed,107,1,3.0,shortest path,,PURSUER_WIN
maze8,3,mixed,107,1,28.0,random,,PURSUER_WIN
maze8,3,mixed,107,1,8.0,I-NTMCP l=1,1.0,PURSUER_WIN
maze8,3,mixed,107,1,11.0,shortest path,,PURSUER_WIN
maze8,3,mixed,107,1,3.0,shortest path,,PURSUER_WIN
maze8,3,mixed,107,1,4.0,I-NTMCP l=0,0.0,PURSUER_WIN
maze8,3,mixed,108,1,5.0,shortest path,,PURSUER_WIN
maze8,3,mixed,108,1,5.0,random,,PURSUER_WIN
maze8,3,mixed,108,1,3.0,I-NTMCP l=1,1.0,PURSUER_WIN
maze8,3,mixed,108,0,13.0,I-NTMCP l=0,0.0,EVADER_REACHED_GOAL
maze8,3,mixed,108,0,11.0,I-NTMCP l=1,1.0,EVADER_REACHED_GOAL
maze8,3,mixed,108,1,3.0,shortest path,,PURSUER_WIN
maze8,3,mixed,108,1,2.0,random,,PURSUER_WIN
maze8,3,mixed,108,1,13.0,I-NTMCP l=0,0.0,PURSUER_WIN
maze8,3,mixed,108,1,9.0,shortest path,,PURSUER_WIN
maze8,3,mixed,108,0,15.0,shortest path,,EVADER_REACHED_GOAL
maze8,3,mixed,108,0,37.0,shortest path,,EVADER_REACHED_GOAL
maze8,3,mixed,108,1,3.0,I-NTMCP l=0,0.0,PURSUER_WIN
maze8,3,mixed,108,1,3.0,shortest path,,PURSUER_WIN
maze8,3,mixed,108,1,9.0,random,,PURSUER_WIN
maze8,3,mixed,108,1,17.0,shortest path,,PURSUER_WIN
maze8,3,mixed,108,1,31.0,random,,PURSUER_WIN
maze8,3,mixed,108,1,2.0,I-NTMCP l=1,1.0,PURSUER_WIN
maze8,3,mixed,108,1,15.0,random,,PURSUER_WIN
maze8,3,mixed,108,0,11.0,I-NTMCP l=0,0.0,EVADER_REACHED_GOAL
maze8,3,mixed,108,1,4.0,I-NTMCP l=1,1.0,PURSUER_WIN
maze8,3,mixed,108,1,1.0,shortest path,,PURSUER_WIN
maze8,3,mixed,108,1,4.0,random,,PURSUER_WIN
maze8,3,mixed,108,1,4.0,I-NTMCP l=1,1.0,PURSUER_WIN
maze8,3,mixed,108,1,3.0,random,,PURSUER_WIN
maze8,3,mixed,108,1,3.0,I-NTMCP l=0,0.0,PURSUER_WIN
maze8,3,mixed,108,0,11.0,I-NTMCP l=0,0.0,EVADER_REACHED_GOAL
maze8,3,mixed,108,1,4.0,shortest path,,PURSUER_WIN
maze8,3,mixed,108,1,5.0,shortest path,,PURSUER_WIN
maze8,3,mixed,108,1,2.0,I-NTMCP l=1,1.0,PURSUER_WIN
maze8,3,mixed,108,1,3.0,shortest path,,PURSUER_WIN
maze8,3,mixed,108,1,4.0,random,,PURSUER_WIN
maze8,3,mixed,108,1,1.0,random,,PURSUER_WIN
maze8,3,mixed,108,1,4.0,I-NTMCP l=1,1.0,PURSUER_WIN
maze8,3,mixed,108,1,21.0,random,,PURSUER_WIN
maze8,3,mixed,108,0,9.0,I-NTMCP l=1,1.0,EVADER_REACHED_GOAL
maze8,3,mixed,108,1,5.0,shortest path,,PURSUER_WIN
maze8,3,mixed,108,1,1.0,I-NTMCP l=0,0.0,PURSUER_WIN
maze8,3,mixed,108,1,9.0,shortest path,,PURSUER_WIN
maze8,3,mixed,108,1,3.0,I-NTMCP l=1,1.0,PURSUER_WIN
maze8,3,mixed,108,1,27.0,random,,PURSUER_WIN
maze8,3,mixed,108,1,3.0,I-NTMCP l=0,0.0,PURSUER_WIN
maze8,3,mixed,108,1,5.0,shortest path,,PURSUER_WIN
maze8,3,mixed,108,1,3.0,shortest path,,PURSUER_WIN
maze8,3,mixed,108,0,11.0,I-NTMCP l=0,0.0,EVADER_REACHED_GOAL
maze8,3,mixed,108,1,4.0,shortest path,,PURSUER_WIN
maze8,3,mixed,108,1,20.0,random,,PURSUER_WIN
maze8,3,mixed,108,1,9.0,shortest path,,PURSUER_WIN
maze8,3,mixed,108,1,3.0,I-NTMCP l=1,1.0,PURSUER_WIN
maze8,3,mixed,108,0,12.0,I-NTMCP l=1,1.0,EVADER_REACHED_GOAL
maze8,3,mixed,108,1,5.0,shortest path,,PURSUER_WIN
maze8,3,mixed,109,1,12.0,I-NTMCP l=0,0.0,PURSUER_WIN
maze8,3,mixed,109,1,12.0,shortest path,,PURSUER_WIN
maze8,3,mixed,109,1,5.0,I-NTMCP l=1,1.0,PURSUER_WIN
maze8,3,mixed,109,0,12.0,I-NTMCP l=1,1.0,EVADER_REACHED_GOAL
maze8,3,mixed,109,1,6.0,random,,PURSUER_WIN
maze8,3,mixed,109,1,3.0,random,,PURSUER_WIN
maze8,3,mixed,109,1,10.0,shortest path,,PURSUER_WIN
maze8,3,mixed,109,1,9.0,I-NTMCP l=1,1.0,PURSUER_WIN
maze8,3,mixed,109,1,2.0,I-NTMCP l=0,0.0,PURSUER_WIN
maze8,3,mixed,109,1,3.0,random,,PURSUER_WIN
maze8,3,mixed,109,1,8.0,shortest path,,PURSUER_WIN
maze8,3,mixed,109,0,9.0,I-NTMCP l=1,1.0,EVADER_REACHED_GOAL
maze8,3,mixed,109,1,10.0,I-NTMCP l=0,0.0,PURSUER_WIN
maze8,3,mixed,109,1,3.0,I-NTMCP l=1,1.0,PURSUER_WIN
maze8,3,mixed,109,1,3.0,shortest path,,PURSUER_WIN
maze8,3,mixed,109,1,8.0,I-NTMCP l=0,0.0,PURSUER_WIN
maze8,3,mixed,109,1,3.0,I-NTMCP l=0,0.0,PURSUER_WIN
maze8,3,mixed,109,1,18.0,random,,PURSUER_WIN
maze8,3,mixed,109,1,3.0,shortest path,,PURSUER_WIN
maze8,3,mixed,109,1,1.0,random,,PURSUER_WIN
maze8,3,mixed,109,1,3.0,I-NTMCP l=0,0.0,PURSUER_WIN
maze8,3,mixed,109,1,3.0,shortest path,,PURSUER_WIN
maze8,3,mixed,109,0,12.0,shortest path,,EVADER_REACHED_GOAL
maze8,3,mixed,109,0,11.0,shortest path,,EVADER_REACHED_GOAL
maze8,3,mixed,109,1,3.0,I-NTMCP l=1,1.0,PURSUER_WIN
maze8,3,mixed,109,0,11.0,I-NTMCP l=1,1.0,EVADER_REACHED_GOAL
maze8,3,mixed,109,1,8.0,shortest path,,PURSUER_WIN
maze8,3,mixed,109,1,3.0,I-NTMCP l=1,1.0,PURSUER_WIN
maze8,3,mixed,109,1,8.0,I-NTMCP l=0,0.0,PURSUER_WIN
maze8,3,mixed,109,1,3.0,shortest path,,PURSUER_WIN
maze8,3,mixed,109,1,3.0,shortest path,,PURSUER_WIN
maze8,3,mixed,109,1,3.0,random,,PURSUER_WIN
maze8,3,mixed,109,1,5.0,random,,PURSUER_WIN
maze8,3,mixed,109,0,13.0,I-NTMCP l=1,1.0,EVADER_REACHED_GOAL
maze8,3,mixed,109,1,4.0,I-NTMCP l=1,1.0,PURSUER_WIN
maze8,3,mixed,109,1,3.0,I-NTMCP l=1,1.0,PURSUER_WIN
maze8,3,mixed,109,1,28.0,random,,PURSUER_WIN
maze8,3,mixed,109,0,10.0,I-NTMCP l=0,0.0,EVADER_REACHED_GOAL
maze8,3,mixed,109,0,14.0,shortest path,,EVADER_REACHED_GOAL
maze8,3,mixed,109,1,3.0,I-NTMCP l=1,1.0,PURSUER_WIN
maze8,3,mixed,109,1,2.0,random,,PURSUER_WIN
maze8,3,mixed,109,1,7.0,random,,PURSUER_WIN
maze8,3,mixed,109,1,3.0,I-NTMCP l=0,0.0,PURSUER_WIN
maze8,3,mixed,109,1,2.0,I-NTMCP l=1,1.0,PURSUER_WIN
maze8,3,mixed,109,0,10.0,I-NTMCP l=0,0.0,EVADER_REACHED_GOAL
maze8,3,mixed,109,0,11.0,I-NTMCP l=1,1.0,EVADER_REACHED_GOAL
maze8,3,mixed,109,1,2.0,random,,PURSUER_WIN
maze8,3,mixed,109,0,40.0,random,,OTHER_LOSS_OR_TIMEOUT
maze8,3,mixed,109,1,2.0,I-NTMCP l=1,1.0,PURSUER_WIN
maze8,3,mixed,109,1,14.0,random,,PURSUER_WIN
open8,0,l0,100,1,3.0,I-NTMCP l=0,0.0,PURSUER_WIN
open8,0,l0,100,1,4.0,I-NTMCP l=0,0.0,PURSUER_WIN
open8,0,l0,100,1,3.0,I-NTMCP l=0,0.0,PURSUER_WIN
open8,0,l0,100,1,0.0,I-NTMCP l=0,0.0,PURSUER_WIN
open8,0,l0,100,0,11.0,I-NTMCP l=0,0.0,EVADER_REACHED_GOAL
open8,0,l0,100,0,7.0,I-NTMCP l=0,0.0,EVADER_REACHED_GOAL
open8,0,l0,100,1,6.0,I-NTMCP l=0,0.0,PURSUER_WIN
open8,0,l0,100,1,2.0,I-NTMCP l=0,0.0,PURSUER_WIN
open8,0,l0,100,1,1.0,I-NTMCP l=0,0.0,PURSUER_WIN
open8,0,l0,100,1,3.0,I-NTMCP l=0,0.0,PURSUER_WIN
open8,0,l0,100,1,1.0,I-NTMCP l=0,0.0,PURSUER_WIN
open8,0,l0,100,1,0.0,I-NTMCP l=0,0.0,PURSUER_WIN
open8,0,l0,100,1,4.0,I-NTMCP l=0,0.0,PURSUER_WIN
open8,0,l0,100,1,0.0,I-NTMCP l=0,0.0,PURSUER_WIN
open8,0,l0,100,1,0.0,I-NTMCP l=0,0.0,PURSUER_WIN
open8,0,l0,100,1,0.0,I-NTMCP l=0,0.0,PURSUER_WIN
open8,0,l0,100,0,7.0,I-NTMCP l=0,0.0,EVADER_REACHED_GOAL
open8,0,l0,100,1,7.0,I-NTMCP l=0,0.0,PURSUER_WIN
open8,0,l0,100,0,11.0,I-NTMCP l=0,0.0,EVADER_REACHED_GOAL
open8,0,l0,100,1,3.0,I-NTMCP l=0,0.0,PURSUER_WIN
open8,0,l0,100,1,9.0,I-NTMCP l=0,0.0,PURSUER_WIN
open8,0,l0,100,1,4.0,I-NTMCP l=0,0.0,PURSUER_WIN
open8,0,l0,100,1,1.0,I-NTMCP l=0,0.0,PURSUER_WIN
open8,0,l0,100,0,10.0,I-NTMCP l=0,0.0,EVADER_REACHED_GOAL
open8,0,l0,100,1,0.0,I-NTMCP l=0,0.0,PURSUER_WIN
open8,0,l0,100,1,1.0,I-NTMCP l=0,0.0,PURSUER_WIN
open8,0,l0,100,1,0.0,I-NTMCP l=0,0.0,PURSUER_WIN
open8,0,l0,100,0,10.0,I-NTMCP l=0,0.0,EVADER_REACHED_GOAL
open8,0,l0,100,1,5.0,I-NTMCP l=0,0.0,PURSUER_WIN
open8,0,l0,100,1,0.0,I-NTMCP l=0,0.0,PURSUER_WIN
open8,0,l0,100,1,4.0,I-NTMCP l=0,0.0,PURSUER_WIN
open8,0,l0,100,0,7.0,I-NTMCP l=0,0.0,EVADER_REACHED_GOAL
open8,0,l0,100,1,0.0,I-NTMCP l=0,0.0,PURSUER_WIN
open8,0,l0,100,1,2.0,I-NTMCP l=0,0.0,PURSUER_WIN
open8,0,l0,100,1,6.0,I-NTMCP l=0,0.0,PURSUER_WIN
open8,0,l0,100,1,0.0,I-NTMCP l=0,0.0,PURSUER_WIN
open8,0,l0,100,1,2.0,I-NTMCP l=0,0.0,PURSUER_WIN
open8,0,l0,100,1,5.0,I-NTMCP l=0,0.0,PURSUER_WIN
open8,0,l0,100,1,4.0,I-NTMCP l=0,0.0,PURSUER_WIN
open8,0,l0,100,0,7.0,I-NTMCP l=0,0.0,EVADER_REACHED_GOAL
open8,0,l0,100,1,4.0,I-NTMCP l=0,0.0,PURSUER_WIN
open8,0,l0,100,1,7.0,I-NTMCP l=0,0.0,PURSUER_WIN
open8,0,l0,100,0,10.0,I-NTMCP l=0,0.0,EVADER_REACHED_GOAL
open8,0,l0,100,0,11.0,I-NTMCP l=0,0.0,EVADER_REACHED_GOAL
open8,0,l0,100,1,2.0,I-NTMCP l=0,0.0,PURSUER_WIN
open8,0,l0,100,0,7.0,I-NTMCP l=0,0.0,EVADER_REACHED_GOAL
open8,0,l0,100,1,8.0,I-NTMCP l=0,0.0,PURSUER_WIN
open8,0,l0,100,1,6.0,I-NTMCP l=0,0.0,PURSUER_WIN
open8,0,l0,100,1,4.0,I-NTMCP l=0,0.0,PURSUER_WIN
open8,0,l0,100,1,4.0,I-NTMCP l=0,0.0,PURSUER_WIN
open8,0,l0,101,1,2.0,I-NTMCP l=0,0.0,PURSUER_WIN
open8,0,l0,101,1,3.0,I-NTMCP l=0,0.0,PURSUER_WIN
open8,0,l0,101,1,5.0,I-NTMCP l=0,0.0,PURSUER_WIN
open8,0,l0,101,1,2.0,I-NTMCP l=0,0.0,PURSUER_WIN
open8,0,l0,101,1,0.0,I-NTMCP l=0,0.0,PURSUER_WIN
open8,0,l0,101,1,3.0,I-NTMCP l=0,0.0,PURSUER_WIN
open8,0,l0,101,1,2.0,I-NTMCP l=0,0.0,PURSUER_WIN
open8,0,l0,101,1,1.0,I-NTMCP l=0,0.0,PURSUER_WIN
open8,0,l0,101,1,0.0,I-NTMCP l=0,0.0,PURSUER_WIN
open8,0,l0,101,1,7.0,I-NTMCP l=0,0.0,PURSUER_WIN
open8,0,l0,101,1,2.0,I-NTMCP l=0,0.0,PURSUER_WIN
open8,0,l0,101,1,6.0,I-NTMCP l=0,0.0,PURSUER_WIN
open8,0,l0,101,1,7.0,I-NTMCP l=0,0.0,PURSUER_WIN
open8,0,l0,101,0,7.0,I-NTMCP l=0,0.0,EVADER_REACHED_GOAL
open8,0,l0,101,1,2.0,I-NTMCP l=0,0.0,PURSUER_WIN
open8,0,l0,101,1,0.0,I-NTMCP l=0,0.0,PURSUER_WIN
open8,0,l0,101,0,10.0,I-NTMCP l=0,0.0,EVADER_REACHED_GOAL
open8,0,l0,101,1,0.0,I-NTMCP l=0,0.0,PURSUER_WIN
open8,0,l0,101,1,0.0,I-NTMCP l=0,0.0,PURSUER_WIN
open8,0,l0,101,1,0.0,I-NTMCP l=0,0.0,PURSUER_WIN
open8,0,l0,101,1,3.0,I-NTMCP l=0,0.0,PURSUER_WIN
open8,0,l0,101,1,0.0,I-NTMCP l=0,0.0,PURSUER_WIN
open8,0,l0,101,1,5.0,I-NTMCP l=0,0.0,PURSUER_WIN
open8,0,l0,101,1,1.0,I-NTMCP l=0,0.0,PURSUER_WIN
open8,0,l0,101,1,2.0,I-NTMCP l=0,0.0,PURSUER_WIN
open8,0,l0,101,1,2.0,I-NTMCP l=0,0.0,PURSUER_WIN
open8,0,l0,101,1,3.0,I-NTMCP l=0,0.0,PURSUER_WIN
open8,0,l0,101,0,7.0,I-NTMCP l=0,0.0,EVADER_REACHED_GOAL
open8,0,l0,101,1,0.0,I-NTMCP l=0,0.0,PURSUER_WIN
open8,0,l0,101,1,3.0,I-NTMCP l=0,0.0,PURSUER_WIN
open8,0,l0,101,0,7.0,I-NTMCP l=0,0.0,EVADER_REACHED_GOAL
open8,0,l0,101,0,7.0,I-NTMCP l=0,0.0,EVADER_REACHED_GOAL
open8,0,l0,101,1,4.0,I-NTMCP l=0,0.0,PURSUER_WIN
open8,0,l0,101,1,3.0,I-NTMCP l=0,0.0,PURSUER_WIN
open8,0,l0,101,1,3.0,I-NTMCP l=0,0.0,PURSUER_WIN
open8,0,l0,101,1,0.0,I-NTMCP l=0,0.0,PURSUER_WIN
open8,0,l0,101,0,10.0,I-NTMCP l=0,0.0,EVADER_REACHED_GOAL
open8,0,l0,101,1,6.0,I-NTMCP l=0,0.0,PURSUER_WIN
open8,0,l0,101,1,5.0,I-NTMCP l=0,0.0,PURSUER_WIN
open8,0,l0,101,1,3.0,I-NTMCP l=0,0.0,PURSUER_WIN
open8,0,l0,101,1,6.0,I-NTMCP l=0,0.0,PURSUER_WIN
open8,0,l0,101,1,5.0,I-NTMCP l=0,0.0,PURSUER_WIN
open8,0,l0,101,1,3.0,I-NTMCP l=0,0.0,PURSUER_WIN
open8,0,l0,101,1,2.0,I-NTMCP l=0,0.0,PURSUER_WIN
open8,0,l0,101,0,7.0,I-NTMCP l=0,0.0,EVADER_REACHED_GOAL
open8,0,l0,101,1,2.0,I-NTMCP l=0,0.0,PURSUER_WIN
open8,0,l0,101,1,3.0,I-NTMCP l=0,0.0,PURSUER_WIN
open8,0,l0,101,1,4.0,I-NTMCP l=0,0.0,PURSUER_WIN
open8,0,l0,101,1,6.0,I-NTMCP l=0,0.0,PURSUER_WIN
open8,0,l0,101,1,4.0,I-NTMCP l=0,0.0,PURSUER_WIN
open8,0,l0,102,1,0.0,I-NTMCP l=0,0.0,PURSUER_WIN
open8,0,l0,102,1,6.0,I-NTMCP l=0,0.0,PURSUER_WIN
open8,0,l0,102,0,11.0,I-NTMCP l=0,0.0,EVADER_REACHED_GOAL
open8,0,l0,102,1,1.0,I-NTMCP l=0,0.0,PURSUER_WIN
open8,0,l0,102,0,7.0,I-NTMCP l=0,0.0,EVADER_REACHED_GOAL
open8,0,l0,102,1,4.0,I-NTMCP l=0,0.0,PURSUER_WIN
open8,0,l0,102,1,3.0,I-NTMCP l=0,0.0,PURSUER_WIN
open8,0,l0,102,1,6.0,I-NTMCP l=0,0.0,PURSUER_WIN
open8,0,l0,102,0,7.0,I-NTMCP l=0,0.0,EVADER_REACHED_GOAL
open8,0,l0,102,0,7.0,I-NTMCP l=0,0.0,EVADER_REACHED_GOAL
open8,0,l0,102,0,7.0,I-NTMCP l=0,0.0,EVADER_REACHED_GOAL
open8,0,l0,102,1,0.0,I-NTMCP l=0,0.0,PURSUER_WIN
open8,0,l0,102,1,3.0,I-NTMCP l=0,0.0,PURSUER_WIN
open8,0,l0,102,1,0.0,I-NTMCP l=0,0.0,PURSUER_WIN
open8,0,l0,102,1,8.0,I-NTMCP l=0,0.0,PURSUER_WIN
open8,0,l0,102,0,7.0,I-NTMCP l=0,0.0,EVADER_REACHED_GOAL
open8,0,l0,102,1,2.0,I-NTMCP l=0,0.0,PURSUER_WIN
open8,0,l0,102,1,6.0,I-NTMCP l=0,0.0,PURSUER_WIN
open8,0,l0,102,1,1.0,I-NTMCP l=0,0.0,PURSUER_WIN
open8,0,l0,102,1,2.0,I-NTMCP l=0,0.0,PURSUER_WIN
open8,0,l0,102,0,11.0,I-NTMCP l=0,0.0,EVADER_REACHED_GOAL
open8,0,l0,102,1,0.0,I-NTMCP l=0,0.0,PURSUER_WIN
open8,0,l0,102,1,1.0,I-NTMCP l=0,0.0,PURSUER_WIN
open8,0,l0,102,1,1.0,I-NTMCP l=0,0.0,PURSUER_WIN
open8,0,l0,102,1,4.0,I-NTMCP l=0,0.0,PURSUER_WIN
open8,0,l0,102,0,10.0,I-NTMCP l=0,0.0,EVADER_REACHED_GOAL
open8,0,l0,102,1,4.0,I-NTMCP l=0,0.0,PURSUER_WIN
open8,0,l0,102,1,0.0,I-NTMCP l=0,0.0,PURSUER_WIN
open8,0,l0,102,1,3.0,I-NTMCP l=0,0.0,PURSUER_WIN
open8,0,l0,102,1,2.0,I-NTMCP l=0,0.0,PURSUER_WIN
open8,0,l0,102,1,2.0,I-NTMCP l=0,0.0,PURSUER_WIN
open8,0,l0,102,1,3.0,I-NTMCP l=0,0.0,PURSUER_WIN
open8,0,l0,102,1,1.0,I-NTMCP l=0,0.0,PURSUER_WIN
open8,0,l0,102,0,7.0,I-NTMCP l=0,0.0,EVADER_REACHED_GOAL
open8,0,l0,102,1,0.0,I-NTMCP l=0,0.0,PURSUER_WIN
open8,0,l0,102,1,1.0,I-NTMCP l=0,0.0,PURSUER_WIN
open8,0,l0,102,1,0.0,I-NTMCP l=0,0.0,PURSUER_WIN
open8,0,l0,102,1,2.0,I-NTMCP l=0,0.0,PURSUER_WIN
open8,0,l0,102,1,6.0,I-NTMCP l=0,0.0,PURSUER_WIN
open8,0,l0,102,0,7.0,I-NTMCP l=0,0.0,EVADER_REACHED_GOAL
open8,0,l0,102,1,5.0,I-NTMCP l=0,0.0,PURSUER_WIN
open8,0,l0,102,1,4.0,I-NTMCP l=0,0.0,PURSUER_WIN
open8,0,l0,102,0,7.0,I-NTMCP l=0,0.0,EVADER_REACHED_GOAL
open8,0,l0,102,1,0.0,I-NTMCP l=0,0.0,PURSUER_WIN
open8,0,l0,102,1,0.0,I-NTMCP l=0,0.0,PURSUER_WIN
open8,0,l0,102,0,7.0,I-NTMCP l=0,0.0,EVADER_REACHED_GOAL
open8,0,l0,102,1,6.0,I-NTMCP l=0,0.0,PURSUER_WIN
open8,0,l0,102,1,8.0,I-NTMCP l=0,0.0,PURSUER_WIN
open8,0,l0,102,0,7.0,I-NTMCP l=0,0.0,EVADER_REACHED_GOAL
open8,0,l0,102,1,2.0,I-NTMCP l=0,0.0,PURSUER_WIN
open8,0,l0,103,1,6.0,I-NTMCP l=0,0.0,PURSUER_WIN
open8,0,l0,103,1,5.0,I-NTMCP l=0,0.0,PURSUER_WIN
open8,0,l0,103,1,4.0,I-NTMCP l=0,0.0,PURSUER_WIN
open8,0,l0,103,1,4.0,I-NTMCP l=0,0.0,PURSUER_WIN
open8,0,l0,103,0,7.0,I-NTMCP l=0,0.0,EVADER_REACHED_GOAL
open8,0,l0,103,1,2.0,I-NTMCP l=0,0.0,PURSUER_WIN
open8,0,l0,103,1,7.0,I-NTMCP l=0,0.0,PURSUER_WIN
open8,0,l0,103,1,6.0,I-NTMCP l=0,0.0,PURSUER_WIN
open8,0,l0,103,1,3.0,I-NTMCP l=0,0.0,PURSUER_WIN
open8,0,l0,103,1,5.0,I-NTMCP l=0,0.0,PURSUER_WIN
open8,0,l0,103,0,7.0,I-NTMCP l=0,0.0,EVADER_REACHED_GOAL
open8,0,l0,103,1,4.0,I-NTMCP l=0,0.0,PURSUER_WIN
open8,0,l0,103,1,5.0,I-NTMCP l=0,0.0,PURSUER_WIN
open8,0,l0,103,1,0.0,I-NTMCP l=0,0.0,PURSUER_WIN
open8,0,l0,103,1,3.0,I-NTMCP l=0,0.0,PURSUER_WIN
open8,0,l0,103,1,2.0,I-NTMCP l=0,0.0,PURSUER_WIN
open8,0,l0,103,1,4.0,I-NTMCP l=0,0.0,PURSUER_WIN
open8,0,l0,103,1,2.0,I-NTMCP l=0,0.0,PURSUER_WIN
open8,0,l0,103,1,0.0,I-NTMCP l=0,0.0,PURSUER_WIN
open8,0,l0,103,0,11.0,I-NTMCP l=0,0.0,EVADER_REACHED_GOAL
open8,0,l0,103,1,6.0,I-NTMCP l=0,0.0,PURSUER_WIN
open8,0,l0,103,0,10.0,I-NTMCP l=0,0.0,EVADER_REACHED_GOAL
open8,0,l0,103,1,0.0,I-NTMCP l=0,0.0,PURSUER_WIN
open8,0,l0,103,1,3.0,I-NTMCP l=0,0.0,PURSUER_WIN
open8,0,l0,103,1,3.0,I-NTMCP l=0,0.0,PURSUER_WIN
open8,0,l0,103,0,10.0,I-NTMCP l=0,0.0,EVADER_REACHED_GOAL
open8,0,l0,103,1,1.0,I-NTMCP l=0,0.0,PURSUER_WIN
open8,0,l0,103,0,7.0,I-NTMCP l=0,0.0,EVADER_REACHED_GOAL
open8,0,l0,103,1,4.0,I-NTMCP l=0,0.0,PURSUER_WIN
open8,0,l0,103,1,3.0,I-NTMCP l=0,0.0,PURSUER_WIN
open8,0,l0,103,1,4.0,I-NTMCP l=0,0.0,PURSUER_WIN
open8,0,l0,103,1,2.0,I-NTMCP l=0,0.0,PURSUER_WIN
open8,0,l0,103,1,6.0,I-NTMCP l=0,0.0,PURSUER_WIN
open8,0,l0,103,1,1.0,I-NTMCP l=0,0.0,PURSUER_WIN
open8,0,l0,103,1,3.0,I-NTMCP l=0,0.0,PURSUER_WIN
open8,0,l0,103,1,0.0,I-NTMCP l=0,0.0,PURSUER_WIN
open8,0,l0,103,1,6.0,I-NTMCP l=0,0.0,PURSUER_WIN
open8,0,l0,103,0,10.0,I-NTMCP l=0,0.0,EVADER_REACHED_GOAL
open8,0,l0,103,1,4.0,I-NTMCP l=0,0.0,PURSUER_WIN
open8,0,l0,103,1,4.0,I-NTMCP l=0,0.0,PURSUER_WIN
open8,0,l0,103,1,7.0,I-NTMCP l=0,0.0,PURSUER_WIN
open8,0,l0,103,0,7.0,I-NTMCP l=0,0.0,EVADER_REACHED_GOAL
open8,0,l0,103,1,1.0,I-NTMCP l=0,0.0,PURSUER_WIN
open8,0,l0,103,1,4.0,I-NTMCP l=0,0.0,PURSUER_WIN
open8,0,l0,103,1,0.0,I-NTMCP l=0,0.0,PURSUER_WIN
open8,0,l0,103,1,3.0,I-NTMCP l=0,0.0,PURSUER_WIN
open8,0,l0,103,1,0.0,I-NTMCP l=0,0.0,PURSUER_WIN
open8,0,l0,103,0,7.0,I-NTMCP l=0,0.0,EVADER_REACHED_GOAL
open8,0,l0,103,0,7.0,I-NTMCP l=0,0.0,EVADER_REACHED_GOAL
open8,0,l0,103,1,9.0,I-NTMCP l=0,0.0,PURSUER_WIN
open8,0,l0,104,0,7.0,I-NTMCP l=0,0.0,EVADER_REACHED_GOAL
open8,0,l0,104,1,0.0,I-NTMCP l=0,0.0,PURSUER_WIN
open8,0,l0,104,1,1.0,I-NTMCP l=0,0.0,PURSUER_WIN
open8,0,l0,104,1,6.0,I-NTMCP l=0,0.0,PURSUER_WIN
open8,0,l0,104,1,7.0,I-NTMCP l=0,0.0,PURSUER_WIN
open8,0,l0,104,1,4.0,I-NTMCP l=0,0.0,PURSUER_WIN
open8,0,l0,104,1,2.0,I-NTMCP l=0,0.0,PURSUER_WIN
open8,0,l0,104,1,2.0,I-NTMCP l=0,0.0,PURSUER_WIN
open8,0,l0,104,1,0.0,I-NTMCP l=0,0.0,PURSUER_WIN
open8,0,l0,104,1,8.0,I-NTMCP l=0,0.0,PURSUER_WIN
open8,0,l0,104,0,7.0,I-NTMCP l=0,0.0,EVADER_REACHED_GOAL
open8,0,l0,104,1,6.0,I-NTMCP l=0,0.0,PURSUER_WIN
open8,0,l0,104,1,4.0,I-NTMCP l=0,0.0,PURSUER_WIN
open8,0,l0,104,1,6.0,I-NTMCP l=0,0.0,PURSUER_WIN
open8,0,l0,104,1,4.0,I-NTMCP l=0,0.0,PURSUER_WIN
open8,0,l0,104,0,10.0,I-NTMCP l=0,0.0,EVADER_REACHED_GOAL
open8,0,l0,104,1,1.0,I-NTMCP l=0,0.0,PURSUER_WIN
open8,0,l0,104,1,3.0,I-NTMCP l=0,0.0,PURSUER_WIN
open8,0,l0,104,0,7.0,I-NTMCP l=0,0.0,EVADER_REACHED_GOAL
open8,0,l0,104,1,0.0,I-NTMCP l=0,0.0,PURSUER_WIN
open8,0,l0,104,1,3.0,I-NTMCP l=0,0.0,PURSUER_WIN
open8,0,l0,104,1,4.0,I-NTMCP l=0,0.0,PURSUER_WIN
open8,0,l0,104,1,5.0,I-NTMCP l=0,0.0,PURSUER_WIN
open8,0,l0,104,1,1.0,I-NTMCP l=0,0.0,PURSUER_WIN
open8,0,l0,104,1,4.0,I-NTMCP l=0,0.0,PURSUER_WIN
open8,0,l0,104,1,4.0,I-NTMCP l=0,0.0,PURSUER_WIN
open8,0,l0,104,1,5.0,I-NTMCP l=0,0.0,PURSUER_WIN
open8,0,l0,104,0,7.0,I-NTMCP l=0,0.0,EVADER_REACHED_GOAL
open8,0,l0,104,1,6.0,I-NTMCP l=0,0.0,PURSUER_WIN
open8,0,l0,104,1,0.0,I-NTMCP l=0,0.0,PURSUER_WIN
open8,0,l0,104,1,3.0,I-NTMCP l=0,0.0,PURSUER_WIN
open8,0,l0,104,1,6.0,I-NTMCP l=0,0.0,PURSUER_WIN
open8,0,l0,104,1,2.0,I-NTMCP l=0,0.0,PURSUER_WIN
open8,0,l0,104,1,3.0,I-NTMCP l=0,0.0,PURSUER_WIN
open8,0,l0,104,1,4.0,I-NTMCP l=0,0.0,PURSUER_WIN
open8,0,l0,104,1,0.0,I-NTMCP l=0,0.0,PURSUER_WIN
open8,0,l0,104,0,7.0,I-NTMCP l=0,0.0,EVADER_REACHED_GOAL
open8,0,l0,104,1,2.0,I-NTMCP l=0,0.0,PURSUER_WIN
open8,0,l0,104,1,1.0,I-NTMCP l=0,0.0,PURSUER_WIN
open8,0,l0,104,1,7.0,I-NTMCP l=0,0.0,PURSUER_WIN
open8,0,l0,104,1,1.0,I-NTMCP l=0,0.0,PURSUER_WIN
open8,0,l0,104,0,7.0,I-NTMCP l=0,0.0,EVADER_REACHED_GOAL
open8,0,l0,104,1,3.0,I-NTMCP l=0,0.0,PURSUER_WIN
open8,0,l0,104,1,3.0,I-NTMCP l=0,0.0,PURSUER_WIN
open8,0,l0,104,1,2.0,I-NTMCP l=0,0.0,PURSUER_WIN
open8,0,l0,104,1,3.0,I-NTMCP l=0,0.0,PURSUER_WIN
open8,0,l0,104,1,0.0,I-NTMCP l=0,0.0,PURSUER_WIN
open8,0,l0,104,0,11.0,I-NTMCP l=0,0.0,EVADER_REACHED_GOAL
open8,0,l0,104,0,10.0,I-NTMCP l=0,0.0,EVADER_REACHED_GOAL
open8,0,l0,104,1,3.0,I-NTMCP l=0,0.0,PURSUER_WIN
open8,0,l0,105,1,1.0,I-NTMCP l=0,0.0,PURSUER_WIN
open8,0,l0,105,1,0.0,I-NTMCP l=0,0.0,PURSUER_WIN
open8,0,l0,105,1,2.0,I-NTMCP l=0,0.0,PURSUER_WIN
open8,0,l0,105,1,3.0,I-NTMCP l=0,0.0,PURSUER_WIN
open8,0,l0,105,0,7.0,I-NTMCP l=0,0.0,EVADER_REACHED_GOAL
open8,0,l0,105,1,1.0,I-NTMCP l=0,0.0,PURSUER_WIN
open8,0,l0,105,1,7.0,I-NTMCP l=0,0.0,PURSUER_WIN
open8,0,l0,105,1,6.0,I-NTMCP l=0,0.0,PURSUER_WIN
open8,0,l0,105,1,5.0,I-NTMCP l=0,0.0,PURSUER_WIN
open8,0,l0,105,0,11.0,I-NTMCP l=0,0.0,EVADER_REACHED_GOAL
open8,0,l0,105,1,0.0,I-NTMCP l=0,0.0,PURSUER_WIN
open8,0,l0,105,1,2.0,I-NTMCP l=0,0.0,PURSUER_WIN
open8,0,l0,105,1,1.0,I-NTMCP l=0,0.0,PURSUER_WIN
open8,0,l0,105,1,9.0,I-NTMCP l=0,0.0,PURSUER_WIN
open8,0,l0,105,0,7.0,I-NTMCP l=0,0.0,EVADER_REACHED_GOAL
open8,0,l0,105,1,3.0,I-NTMCP l=0,0.0,PURSUER_WIN
open8,0,l0,105,1,0.0,I-NTMCP l=0,0.0,PURSUER_WIN
open8,0,l0,105,1,5.0,I-NTMCP l=0,0.0,PURSUER_WIN
open8,0,l0,105,1,3.0,I-NTMCP l=0,0.0,PURSUER_WIN
open8,0,l0,105,0,11.0,I-NTMCP l=0,0.0,EVADER_REACHED_GOAL
open8,0,l0,105,1,6.0,I-NTMCP l=0,0.0,PURSUER_WIN
open8,0,l0,105,1,0.0,I-NTMCP l=0,0.0,PURSUER_WIN
open8,0,l0,105,1,2.0,I-NTMCP l=0,0.0,PURSUER_WIN
open8,0,l0,105,0,14.0,I-NTMCP l=0,0.0,EVADER_REACHED_GOAL
open8,0,l0,105,1,2.0,I-NTMCP l=0,0.0,PURSUER_WIN
open8,0,l0,105,0,11.0,I-NTMCP l=0,0.0,EVADER_REACHED_GOAL
open8,0,l0,105,1,3.0,I-NTMCP l=0,0.0,PURSUER_WIN
open8,0,l0,105,1,3.0,I-NTMCP l=0,0.0,PURSUER_WIN
open8,0,l0,105,1,3.0,I-NTMCP l=0,0.0,PURSUER_WIN
open8,0,l0,105,1,1.0,I-NTMCP l=0,0.0,PURSUER_WIN
open8,0,l0,105,1,0.0,I-NTMCP l=0,0.0,PURSUER_WIN
open8,0,l0,105,0,7.0,I-NTMCP l=0,0.0,EVADER_REACHED_GOAL
open8,0,l0,105,1,0.0,I-NTMCP l=0,0.0,PURSUER_WIN
open8,0,l0,105,1,1.0,I-NTMCP l=0,0.0,PURSUER_WIN
open8,0,l0,105,0,7.0,I-NTMCP l=0,0.0,EVADER_REACHED_GOAL
open8,0,l0,105,1,4.0,I-NTMCP l=0,0.0,PURSUER_WIN
open8,0,l0,105,1,6.0,I-NTMCP l=0,0.0,PURSUER_WIN
open8,0,l0,105,0,10.0,I-NTMCP l=0,0.0,EVADER_REACHED_GOAL
open8,0,l0,105,1,2.0,I-NTMCP l=0,0.0,PURSUER_WIN
open8,0,l0,105,0,10.0,I-NTMCP l=0,0.0,EVADER_REACHED_GOAL
open8,0,l0,105,0,7.0,I-NTMCP l=0,0.0,EVADER_REACHED_GOAL
open8,0,l0,105,0,7.0,I-NTMCP l=0,0.0,EVADER_REACHED_GOAL
open8,0,l0,105,1,3.0,I-NTMCP l=0,0.0,PURSUER_WIN
open8,0,l0,105,0,7.0,I-NTMCP l=0,0.0,EVADER_REACHED_GOAL
open8,0,l0,105,1,2.0,I-NTMCP l=0,0.0,PURSUER_WIN
open8,0,l0,105,1,3.0,I-NTMCP l=0,0.0,PURSUER_WIN
open8,0,l0,105,1,1.0,I-NTMCP l=0,0.0,PURSUER_WIN
open8,0,l0,105,1,0.0,I-NTMCP l=0,0.0,PURSUER_WIN
open8,0,l0,105,1,2.0,I-NTMCP l=0,0.0,PURSUER_WIN
open8,0,l0,105,1,0.0,I-NTMCP l=0,0.0,PURSUER_WIN
open8,0,l0,106,0,7.0,I-NTMCP l=0,0.0,EVADER_REACHED_GOAL
open8,0,l0,106,1,0.0,I-NTMCP l=0,0.0,PURSUER_WIN
open8,0,l0,106,1,6.0,I-NTMCP l=0,0.0,PURSUER_WIN
open8,0,l0,106,0,7.0,I-NTMCP l=0,0.0,EVADER_REACHED_GOAL
open8,0,l0,106,1,3.0,I-NTMCP l=0,0.0,PURSUER_WIN
open8,0,l0,106,1,0.0,I-NTMCP l=0,0.0,PURSUER_WIN
open8,0,l0,106,1,2.0,I-NTMCP l=0,0.0,PURSUER_WIN
open8,0,l0,106,1,2.0,I-NTMCP l=0,0.0,PURSUER_WIN
open8,0,l0,106,1,3.0,I-NTMCP l=0,0.0,PURSUER_WIN
open8,0,l0,106,1,2.0,I-NTMCP l=0,0.0,PURSUER_WIN
open8,0,l0,106,1,5.0,I-NTMCP l=0,0.0,PURSUER_WIN
open8,0,l0,106,0,7.0,I-NTMCP l=0,0.0,EVADER_REACHED_GOAL
open8,0,l0,106,1,0.0,I-NTMCP l=0,0.0,PURSUER_WIN
open8,0,l0,106,1,3.0,I-NTMCP l=0,0.0,PURSUER_WIN
open8,0,l0,106,1,6.0,I-NTMCP l=0,0.0,PURSUER_WIN
open8,0,l0,106,0,11.0,I-NTMCP l=0,0.0,EVADER_REACHED_GOAL
open8,0,l0,106,1,0.0,I-NTMCP l=0,0.0,PURSUER_WIN
open8,0,l0,106,1,5.0,I-NTMCP l=0,0.0,PURSUER_WIN
open8,0,l0,106,1,3.0,I-NTMCP l=0,0.0,PURSUER_WIN
open8,0,l0,106,0,7.0,I-NTMCP l=0,0.0,EVADER_REACHED_GOAL
open8,0,l0,106,1,6.0,I-NTMCP l=0,0.0,PURSUER_WIN
open8,0,l0,106,1,7.0,I-NTMCP l=0,0.0,PURSUER_WIN
open8,0,l0,106,0,7.0,I-NTMCP l=0,0.0,EVADER_REACHED_GOAL
open8,0,l0,106,1,3.0,I-NTMCP l=0,0.0,PURSUER_WIN
open8,0,l0,106,0,7.0,I-NTMCP l=0,0.0,EVADER_REACHED_GOAL
open8,0,l0,106,1,0.0,I-NTMCP l=0,0.0,PURSUER_WIN
open8,0,l0,106,1,4.0,I-NTMCP l=0,0.0,PURSUER_WIN
open8,0,l0,106,0,7.0,I-NTMCP l=0,0.0,EVADER_REACHED_GOAL
open8,0,l0,106,1,0.0,I-NTMCP l=0,0.0,PURSUER_WIN
open8,0,l0,106,1,4.0,I-NTMCP l=0,0.0,PURSUER_WIN
open8,0,l0,106,1,1.0,I-NTMCP l=0,0.0,PURSUER_WIN
open8,0,l0,106,1,2.0,I-NTMCP l=0,0.0,PURSUER_WIN
open8,0,l0,106,0,7.0,I-NTMCP l=0,0.0,EVADER_REACHED_GOAL
open8,0,l0,106,1,4.0,I-NTMCP l=0,0.0,PURSUER_WIN
open8,0,l0,106,1,3.0,I-NTMCP l=0,0.0,PURSUER_WIN
open8,0,l0,106,1,3.0,I-NTMCP l=0,0.0,PURSUER_WIN
open8,0,l0,106,1,5.0,I-NTMCP l=0,0.0,PURSUER_WIN
open8,0,l0,106,0,7.0,I-NTMCP l=0,0.0,EVADER_REACHED_GOAL
open8,0,l0,106,0,10.0,I-NTMCP l=0,0.0,EVADER_REACHED_GOAL
open8,0,l0,106,0,11.0,I-NTMCP l=0,0.0,EVADER_REACHED_GOAL
open8,0,l0,106,1,3.0,I-NTMCP l=0,0.0,PURSUER_WIN
open8,0,l0,106,0,7.0,I-NTMCP l=0,0.0,EVADER_REACHED_GOAL
open8,0,l0,106,1,4.0,I-NTMCP l=0,0.0,PURSUER_WIN
open8,0,l0,106,1,6.0,I-NTMCP l=0,0.0,PURSUER_WIN
open8,0,l0,106,1,7.0,I-NTMCP l=0,0.0,PURSUER_WIN
open8,0,l0,106,1,1.0,I-NTMCP l=0,0.0,PURSUER_WIN
open8,0,l0,106,1,4.0,I-NTMCP l=0,0.0,PURSUER_WIN
open8,0,l0,106,1,6.0,I-NTMCP l=0,0.0,PURSUER_WIN
open8,0,l0,106,1,5.0,I-NTMCP l=0,0.0,PURSUER_WIN
open8,0,l0,106,1,0.0,I-NTMCP l=0,0.0,PURSUER_WIN
open8,0,l0,107,0,7.0,I-NTMCP l=0,0.0,EVADER_REACHED_GOAL
open8,0,l0,107,1,1.0,I-NTMCP l=0,0.0,PURSUER_WIN
open8,0,l0,107,1,6.0,I-NTMCP l=0,0.0,PURSUER_WIN
open8,0,l0,107,0,7.0,I-NTMCP l=0,0.0,EVADER_REACHED_GOAL
open8,0,l0,107,1,3.0,I-NTMCP l=0,0.0,PURSUER_WIN
open8,0,l0,107,1,0.0,I-NTMCP l=0,0.0,PURSUER_WIN
open8,0,l0,107,1,3.0,I-NTMCP l=0,0.0,PURSUER_WIN
open8,0,l0,107,1,1.0,I-NTMCP l=0,0.0,PURSUER_WIN
open8,0,l0,107,0,7.0,I-NTMCP l=0,0.0,EVADER_REACHED_GOAL
open8,0,l0,107,1,6.0,I-NTMCP l=0,0.0,PURSUER_WIN
open8,0,l0,107,1,0.0,I-NTMCP l=0,0.0,PURSUER_WIN
open8,0,l0,107,1,3.0,I-NTMCP l=0,0.0,PURSUER_WIN
open8,0,l0,107,1,5.0,I-NTMCP l=0,0.0,PURSUER_WIN
open8,0,l0,107,0,7.0,I-NTMCP l=0,0.0,EVADER_REACHED_GOAL
open8,0,l0,107,1,3.0,I-NTMCP l=0,0.0,PURSUER_WIN
open8,0,l0,107,1,4.0,I-NTMCP l=0,0.0,PURSUER_WIN
open8,0,l0,107,0,11.0,I-NTMCP l=0,0.0,EVADER_REACHED_GOAL
open8,0,l0,107,0,7.0,I-NTMCP l=0,0.0,EVADER_REACHED_GOAL
open8,0,l0,107,1,0.0,I-NTMCP l=0,0.0,PURSUER_WIN
open8,0,l0,107,1,4.0,I-NTMCP l=0,0.0,PURSUER_WIN
open8,0,l0,107,0,7.0,I-NTMCP l=0,0.0,EVADER_REACHED_GOAL
open8,0,l0,107,1,2.0,I-NTMCP l=0,0.0,PURSUER_WIN
open8,0,l0,107,0,7.0,I-NTMCP l=0,0.0,EVADER_REACHED_GOAL
open8,0,l0,107,1,4.0,I-NTMCP l=0,0.0,PURSUER_WIN
open8,0,l0,107,1,0.0,I-NTMCP l=0,0.0,PURSUER_WIN
open8,0,l0,107,1,1.0,I-NTMCP l=0,0.0,PURSUER_WIN
open8,0,l0,107,1,6.0,I-NTMCP l=0,0.0,PURSUER_WIN
open8,0,l0,107,1,2.0,I-NTMCP l=0,0.0,PURSUER_WIN
open8,0,l0,107,1,7.0,I-NTMCP l=0,0.0,PURSUER_WIN
open8,0,l0,107,1,0.0,I-NTMCP l=0,0.0,PURSUER_WIN
open8,0,l0,107,1,0.0,I-NTMCP l=0,0.0,PURSUER_WIN
open8,0,l0,107,0,7.0,I-NTMCP l=0,0.0,EVADER_REACHED_GOAL
open8,0,l0,107,1,3.0,I-NTMCP l=0,0.0,PURSUER_WIN
open8,0,l0,107,1,3.0,I-NTMCP l=0,0.0,PURSUER_WIN
open8,0,l0,107,1,0.0,I-NTMCP l=0,0.0,PURSUER_WIN
open8,0,l0,107,1,3.0,I-NTMCP l=0,0.0,PURSUER_WIN
open8,0,l0,107,1,1.0,I-NTMCP l=0,0.0,PURSUER_WIN
open8,0,l0,107,1,5.0,I-NTMCP l=0,0.0,PURSUER_WIN
open8,0,l0,107,1,4.0,I-NTMCP l=0,0.0,PURSUER_WIN
open8,0,l0,107,1,5.0,I-NTMCP l=0,0.0,PURSUER_WIN
open8,0,l0,107,1,1.0,I-NTMCP l=0,0.0,PURSUER_WIN
open8,0,l0,107,1,1.0,I-NTMCP l=0,0.0,PURSUER_WIN
open8,0,l0,107,0,7.0,I-NTMCP l=0,0.0,EVADER_REACHED_GOAL
open8,0,l0,107,1,0.0,I-NTMCP l=0,0.0,PURSUER_WIN
open8,0,l0,107,0,7.0,I-NTMCP l=0,0.0,EVADER_REACHED_GOAL
open8,0,l0,107,1,1.0,I-NTMCP l=0,0.0,PURSUER_WIN
open8,0,l0,107,1,4.0,I-NTMCP l=0,0.0,PURSUER_WIN
open8,0,l0,107,1,0.0,I-NTMCP l=0,0.0,PURSUER_WIN
open8,0,l0,107,1,1.0,I-NTMCP l=0,0.0,PURSUER_WIN
open8,0,l0,107,1,2.0,I-NTMCP l=0,0.0,PURSUER_WIN
open8,0,l0,108,0,7.0,I-NTMCP l=0,0.0,EVADER_REACHED_GOAL
open8,0,l0,108,1,6.0,I-NTMCP l=0,0.0,PURSUER_WIN
open8,0,l0,108,1,4.0,I-NTMCP l=0,0.0,PURSUER_WIN
open8,0,l0,108,1,3.0,I-NTMCP l=0,0.0,PURSUER_WIN
open8,0,l0,108,1,2.0,I-NTMCP l=0,0.0,PURSUER_WIN
open8,0,l0,108,1,3.0,I-NTMCP l=0,0.0,PURSUER_WIN
open8,0,l0,108,0,7.0,I-NTMCP l=0,0.0,EVADER_REACHED_GOAL
open8,0,l0,108,1,4.0,I-NTMCP l=0,0.0,PURSUER_WIN
open8,0,l0,108,1,5.0,I-NTMCP l=0,0.0,PURSUER_WIN
open8,0,l0,108,1,2.0,I-NTMCP l=0,0.0,PURSUER_WIN
open8,0,l0,108,1,3.0,I-NTMCP l=0,0.0,PURSUER_WIN
open8,0,l0,108,1,4.0,I-NTMCP l=0,0.0,PURSUER_WIN
open8,0,l0,108,1,0.0,I-NTMCP l=0,0.0,PURSUER_WIN
open8,0,l0,108,1,2.0,I-NTMCP l=0,0.0,PURSUER_WIN
open8,0,l0,108,0,7.0,I-NTMCP l=0,0.0,EVADER_REACHED_GOAL
open8,0,l0,108,1,1.0,I-NTMCP l=0,0.0,PURSUER_WIN
open8,0,l0,108,1,2.0,I-NTMCP l=0,0.0,PURSUER_WIN
open8,0,l0,108,1,0.0,I-NTMCP l=0,0.0,PURSUER_WIN
open8,0,l0,108,1,6.0,I-NTMCP l=0,0.0,PURSUER_WIN
open8,0,l0,108,0,7.0,I-NTMCP l=0,0.0,EVADER_REACHED_GOAL
open8,0,l0,108,1,6.0,I-NTMCP l=0,0.0,PURSUER_WIN
open8,0,l0,108,1,2.0,I-NTMCP l=0,0.0,PURSUER_WIN
open8,0,l0,108,0,7.0,I-NTMCP l=0,0.0,EVADER_REACHED_GOAL
open8,0,l0,108,1,8.0,I-NTMCP l=0,0.0,PURSUER_WIN
open8,0,l0,108,1,6.0,I-NTMCP l=0,0.0,PURSUER_WIN
open8,0,l0,108,0,7.0,I-NTMCP l=0,0.0,EVADER_REACHED_GOAL
open8,0,l0,108,1,3.0,I-NTMCP l=0,0.0,PURSUER_WIN
open8,0,l0,108,1,6.0,I-NTMCP l=0,0.0,PURSUER_WIN
open8,0,l0,108,1,0.0,I-NTMCP l=0,0.0,PURSUER_WIN
open8,0,l0,108,1,6.0,I-NTMCP l=0,0.0,PURSUER_WIN
open8,0,l0,108,1,1.0,I-NTMCP l=0,0.0,PURSUER_WIN
open8,0,l0,108,1,3.0,I-NTMCP l=0,0.0,PURSUER_WIN
open8,0,l0,108,1,5.0,I-NTMCP l=0,0.0,PURSUER_WIN
open8,0,l0,108,1,2.0,I-NTMCP l=0,0.0,PURSUER_WIN
open8,0,l0,108,1,0.0,I-NTMCP l=0,0.0,PURSUER_WIN
open8,0,l0,108,1,0.0,I-NTMCP l=0,0.0,PURSUER_WIN
open8,0,l0,108,1,4.0,I-NTMCP l=0,0.0,PURSUER_WIN
open8,0,l0,108,1,7.0,I-NTMCP l=0,0.0,PURSUER_WIN
open8,0,l0,108,0,7.0,I-NTMCP l=0,0.0,EVADER_REACHED_GOAL
open8,0,l0,108,1,0.0,I-NTMCP l=0,0.0,PURSUER_WIN
open8,0,l0,108,0,10.0,I-NTMCP l=0,0.0,EVADER_REACHED_GOAL
open8,0,l0,108,1,6.0,I-NTMCP l=0,0.0,PURSUER_WIN
open8,0,l0,108,1,4.0,I-NTMCP l=0,0.0,PURSUER_WIN
open8,0,l0,108,1,8.0,I-NTMCP l=0,0.0,PURSUER_WIN
open8,0,l0,108,1,6.0,I-NTMCP l=0,0.0,PURSUER_WIN
open8,0,l0,108,1,0.0,I-NTMCP l=0,0.0,PURSUER_WIN
open8,0,l0,108,1,0.0,I-NTMCP l=0,0.0,PURSUER_WIN
open8,0,l0,108,1,3.0,I-NTMCP l=0,0.0,PURSUER_WIN
open8,0,l0,108,0,7.0,I-NTMCP l=0,0.0,EVADER_REACHED_GOAL
open8,0,l0,108,1,3.0,I-NTMCP l=0,0.0,PURSUER_WIN
open8,0,l0,109,1,4.0,I-NTMCP l=0,0.0,PURSUER_WIN
open8,0,l0,109,0,7.0,I-NTMCP l=0,0.0,EVADER_REACHED_GOAL
open8,0,l0,109,1,0.0,I-NTMCP l=0,0.0,PURSUER_WIN
open8,0,l0,109,1,2.0,I-NTMCP l=0,0.0,PURSUER_WIN
open8,0,l0,109,1,7.0,I-NTMCP l=0,0.0,PURSUER_WIN
open8,0,l0,109,0,10.0,I-NTMCP l=0,0.0,EVADER_REACHED_GOAL
open8,0,l0,109,1,0.0,I-NTMCP l=0,0.0,PURSUER_WIN
open8,0,l0,109,0,7.0,I-NTMCP l=0,0.0,EVADER_REACHED_GOAL
open8,0,l0,109,1,3.0,I-NTMCP l=0,0.0,PURSUER_WIN
open8,0,l0,109,1,3.0,I-NTMCP l=0,0.0,PURSUER_WIN
open8,0,l0,109,1,3.0,I-NTMCP l=0,0.0,PURSUER_WIN
open8,0,l0,109,1,8.0,I-NTMCP l=0,0.0,PURSUER_WIN
open8,0,l0,109,1,0.0,I-NTMCP l=0,0.0,PURSUER_WIN
open8,0,l0,109,1,3.0,I-NTMCP l=0,0.0,PURSUER_WIN
open8,0,l0,109,1,3.0,I-NTMCP l=0,0.0,PURSUER_WIN
open8,0,l0,109,1,6.0,I-NTMCP l=0,0.0,PURSUER_WIN
open8,0,l0,109,1,3.0,I-NTMCP l=0,0.0,PURSUER_WIN
open8,0,l0,109,0,7.0,I-NTMCP l=0,0.0,EVADER_REACHED_GOAL
open8,0,l0,109,0,7.0,I-NTMCP l=0,0.0,EVADER_REACHED_GOAL
open8,0,l0,109,1,0.0,I-NTMCP l=0,0.0,PURSUER_WIN
open8,0,l0,109,1,0.0,I-NTMCP l=0,0.0,PURSUER_WIN
open8,0,l0,109,1,1.0,I-NTMCP l=0,0.0,PURSUER_WIN
open8,0,l0,109,1,0.0,I-NTMCP l=0,0.0,PURSUER_WIN
open8,0,l0,109,1,1.0,I-NTMCP l=0,0.0,PURSUER_WIN
open8,0,l0,109,1,0.0,I-NTMCP l=0,0.0,PURSUER_WIN
open8,0,l0,109,1,0.0,I-NTMCP l=0,0.0,PURSUER_WIN
open8,0,l0,109,1,4.0,I-NTMCP l=0,0.0,PURSUER_WIN
open8,0,l0,109,1,2.0,I-NTMCP l=0,0.0,PURSUER_WIN
open8,0,l0,109,0,7.0,I-NTMCP l=0,0.0,EVADER_REACHED_GOAL
open8,0,l0,109,1,0.0,I-NTMCP l=0,0.0,PURSUER_WIN
open8,0,l0,109,0,10.0,I-NTMCP l=0,0.0,EVADER_REACHED_GOAL
open8,0,l0,109,0,7.0,I-NTMCP l=0,0.0,EVADER_REACHED_GOAL
open8,0,l0,109,1,2.0,I-NTMCP l=0,0.0,PURSUER_WIN
open8,0,l0,109,0,11.0,I-NTMCP l=0,0.0,EVADER_REACHED_GOAL
open8,0,l0,109,1,4.0,I-NTMCP l=0,0.0,PURSUER_WIN
open8,0,l0,109,1,2.0,I-NTMCP l=0,0.0,PURSUER_WIN
open8,0,l0,109,1,5.0,I-NTMCP l=0,0.0,PURSUER_WIN
open8,0,l0,109,1,0.0,I-NTMCP l=0,0.0,PURSUER_WIN
open8,0,l0,109,1,0.0,I-NTMCP l=0,0.0,PURSUER_WIN
open8,0,l0,109,1,4.0,I-NTMCP l=0,0.0,PURSUER_WIN
open8,0,l0,109,0,7.0,I-NTMCP l=0,0.0,EVADER_REACHED_GOAL
open8,0,l0,109,1,0.0,I-NTMCP l=0,0.0,PURSUER_WIN
open8,0,l0,109,1,0.0,I-NTMCP l=0,0.0,PURSUER_WIN
open8,0,l0,109,1,2.0,I-NTMCP l=0,0.0,PURSUER_WIN
open8,0,l0,109,1,6.0,I-NTMCP l=0,0.0,PURSUER_WIN
open8,0,l0,109,1,3.0,I-NTMCP l=0,0.0,PURSUER_WIN
open8,0,l0,109,1,2.0,I-NTMCP l=0,0.0,PURSUER_WIN
open8,0,l0,109,1,2.0,I-NTMCP l=0,0.0,PURSUER_WIN
open8,0,l0,109,1,4.0,I-NTMCP l=0,0.0,PURSUER_WIN
open8,0,l0,109,1,0.0,I-NTMCP l=0,0.0,PURSUER_WIN
open8,0,l1,100,1,3.0,I-NTMCP l=1,1.0,PURSUER_WIN
open8,0,l1,100,1,3.0,I-NTMCP l=1,1.0,PURSUER_WIN
open8,0,l1,100,1,1.0,I-NTMCP l=1,1.0,PURSUER_WIN
open8,0,l1,100,0,7.0,I-NTMCP l=1,1.0,EVADER_REACHED_GOAL
open8,0,l1,100,1,0.0,I-NTMCP l=1,1.0,PURSUER_WIN
open8,0,l1,100,0,7.0,I-NTMCP l=1,1.0,EVADER_REACHED_GOAL
open8,0,l1,100,1,2.0,I-NTMCP l=1,1.0,PURSUER_WIN
open8,0,l1,100,1,5.0,I-NTMCP l=1,1.0,PURSUER_WIN
open8,0,l1,100,1,0.0,I-NTMCP l=1,1.0,PURSUER_WIN
open8,0,l1,100,1,0.0,I-NTMCP l=1,1.0,PURSUER_WIN
open8,0,l1,100,0,7.0,I-NTMCP l=1,1.0,EVADER_REACHED_GOAL
open8,0,l1,100,1,4.0,I-NTMCP l=1,1.0,PURSUER_WIN
open8,0,l1,100,1,7.0,I-NTMCP l=1,1.0,PURSUER_WIN
open8,0,l1,100,0,10.0,I-NTMCP l=1,1.0,EVADER_REACHED_GOAL
open8,0,l1,100,1,1.0,I-NTMCP l=1,1.0,PURSUER_WIN
open8,0,l1,100,0,7.0,I-NTMCP l=1,1.0,EVADER_REACHED_GOAL
open8,0,l1,100,1,0.0,I-NTMCP l=1,1.0,PURSUER_WIN
open8,0,l1,100,1,2.0,I-NTMCP l=1,1.0,PURSUER_WIN
open8,0,l1,100,1,7.0,I-NTMCP l=1,1.0,PURSUER_WIN
open8,0,l1,100,0,7.0,I-NTMCP l=1,1.0,EVADER_REACHED_GOAL
open8,0,l1,100,1,2.0,I-NTMCP l=1,1.0,PURSUER_WIN
open8,0,l1,100,1,0.0,I-NTMCP l=1,1.0,PURSUER_WIN
open8,0,l1,100,1,7.0,I-NTMCP l=1,1.0,PURSUER_WIN
open8,0,l1,100,1,10.0,I-NTMCP l=1,1.0,PURSUER_WIN
open8,0,l1,100,1,3.0,I-NTMCP l=1,1.0,PURSUER_WIN
open8,0,l1,100,1,0.0,I-NTMCP l=1,1.0,PURSUER_WIN
open8,0,l1,100,1,6.0,I-NTMCP l=1,1.0,PURSUER_WIN
open8,0,l1,100,1,2.0,I-NTMCP l=1,1.0,PURSUER_WIN
open8,0,l1,100,1,2.0,I-NTMCP l=1,1.0,PURSUER_WIN
open8,0,l1,100,1,6.0,I-NTMCP l=1,1.0,PURSUER_WIN
open8,0,l1,100,1,0.0,I-NTMCP l=1,1.0,PURSUER_WIN
open8,0,l1,100,1,2.0,I-NTMCP l=1,1.0,PURSUER_WIN
open8,0,l1,100,0,7.0,I-NTMCP l=1,1.0,EVADER_REACHED_GOAL
open8,0,l1,100,1,4.0,I-NTMCP l=1,1.0,PURSUER_WIN
open8,0,l1,100,1,8.0,I-NTMCP l=1,1.0,PURSUER_WIN
open8,0,l1,100,1,1.0,I-NTMCP l=1,1.0,PURSUER_WIN
open8,0,l1,100,0,7.0,I-NTMCP l=1,1.0,EVADER_REACHED_GOAL
open8,0,l1,100,1,4.0,I-NTMCP l=1,1.0,PURSUER_WIN
open8,0,l1,100,1,2.0,I-NTMCP l=1,1.0,PURSUER_WIN
open8,0,l1,100,1,2.0,I-NTMCP l=1,1.0,PURSUER_WIN
open8,0,l1,100,1,7.0,I-NTMCP l=1,1.0,PURSUER_WIN
open8,0,l1,100,0,10.0,I-NTMCP l=1,1.0,EVADER_REACHED_GOAL
open8,0,l1,100,0,10.0,I-NTMCP l=1,1.0,EVADER_REACHED_GOAL
open8,0,l1,100,1,6.0,I-NTMCP l=1,1.0,PURSUER_WIN
open8,0,l1,100,1,3.0,I-NTMCP l=1,1.0,PURSUER_WIN
open8,0,l1,100,1,0.0,I-NTMCP l=1,1.0,PURSUER_WIN
open8,0,l1,100,0,10.0,I-NTMCP l=1,1.0,EVADER_REACHED_GOAL
open8,0,l1,100,0,10.0,I-NTMCP l=1,1.0,EVADER_REACHED_GOAL
open8,0,l1,100,0,7.0,I-NTMCP l=1,1.0,EVADER_REACHED_GOAL
open8,0,l1,100,1,7.0,I-NTMCP l=1,1.0,PURSUER_WIN
open8,0,l1,101,1,6.0,I-NTMCP l=1,1.0,PURSUER_WIN
open8,0,l1,101,0,7.0,I-NTMCP l=1,1.0,EVADER_REACHED_GOAL
open8,0,l1,101,0,7.0,I-NTMCP l=1,1.0,EVADER_REACHED_GOAL
open8,0,l1,101,1,0.0,I-NTMCP l=1,1.0,PURSUER_WIN
open8,0,l1,101,1,5.0,I-NTMCP l=1,1.0,PURSUER_WIN
open8,0,l1,101,1,3.0,I-NTMCP l=1,1.0,PURSUER_WIN
open8,0,l1,101,1,2.0,I-NTMCP l=1,1.0,PURSUER_WIN
open8,0,l1,101,1,4.0,I-NTMCP l=1,1.0,PURSUER_WIN
open8,0,l1,101,1,4.0,I-NTMCP l=1,1.0,PURSUER_WIN
open8,0,l1,101,1,2.0,I-NTMCP l=1,1.0,PURSUER_WIN
open8,0,l1,101,1,0.0,I-NTMCP l=1,1.0,PURSUER_WIN
open8,0,l1,101,1,1.0,I-NTMCP l=1,1.0,PURSUER_WIN
open8,0,l1,101,1,0.0,I-NTMCP l=1,1.0,PURSUER_WIN
open8,0,l1,101,0,7.0,I-NTMCP l=1,1.0,EVADER_REACHED_GOAL
open8,0,l1,101,0,7.0,I-NTMCP l=1,1.0,EVADER_REACHED_GOAL
open8,0,l1,101,1,3.0,I-NTMCP l=1,1.0,PURSUER_WIN
open8,0,l1,101,1,3.0,I-NTMCP l=1,1.0,PURSUER_WIN
open8,0,l1,101,1,2.0,I-NTMCP l=1,1.0,PURSUER_WIN
open8,0,l1,101,1,0.0,I-NTMCP l=1,1.0,PURSUER_WIN
open8,0,l1,101,1,3.0,I-NTMCP l=1,1.0,PURSUER_WIN
open8,0,l1,101,1,4.0,I-NTMCP l=1,1.0,PURSUER_WIN
open8,0,l1,101,1,0.0,I-NTMCP l=1,1.0,PURSUER_WIN
open8,0,l1,101,0,7.0,I-NTMCP l=1,1.0,EVADER_REACHED_GOAL
open8,0,l1,101,1,6.0,I-NTMCP l=1,1.0,PURSUER_WIN
open8,0,l1,101,1,6.0,I-NTMCP l=1,1.0,PURSUER_WIN
open8,0,l1,101,1,2.0,I-NTMCP l=1,1.0,PURSUER_WIN
open8,0,l1,101,1,3.0,I-NTMCP l=1,1.0,PURSUER_WIN
open8,0,l1,101,0,10.0,I-NTMCP l=1,1.0,EVADER_REACHED_GOAL
open8,0,l1,101,1,3.0,I-NTMCP l=1,1.0,PURSUER_WIN
open8,0,l1,101,1,3.0,I-NTMCP l=1,1.0,PURSUER_WIN
open8,0,l1,101,1,0.0,I-NTMCP l=1,1.0,PURSUER_WIN
open8,0,l1,101,1,4.0,I-NTMCP l=1,1.0,PURSUER_WIN
open8,0,l1,101,0,14.0,I-NTMCP l=1,1.0,EVADER_REACHED_GOAL
open8,0,l1,101,0,7.0,I-NTMCP l=1,1.0,EVADER_REACHED_GOAL
open8,0,l1,101,1,0.0,I-NTMCP l=1,1.0,PURSUER_WIN
open8,0,l1,101,1,3.0,I-NTMCP l=1,1.0,PURSUER_WIN
open8,0,l1,101,1,0.0,I-NTMCP l=1,1.0,PURSUER_WIN
open8,0,l1,101,0,10.0,I-NTMCP l=1,1.0,EVADER_REACHED_GOAL
open8,0,l1,101,1,4.0,I-NTMCP l=1,1.0,PURSUER_WIN
open8,0,l1,101,1,0.0,I-NTMCP l=1,1.0,PURSUER_WIN
open8,0,l1,101,0,7.0,I-NTMCP l=1,1.0,EVADER_REACHED_GOAL
open8,0,l1,101,1,4.0,I-NTMCP l=1,1.0,PURSUER_WIN
open8,0,l1,101,0,7.0,I-NTMCP l=1,1.0,EVADER_REACHED_GOAL
open8,0,l1,101,1,6.0,I-NTMCP l=1,1.0,PURSUER_WIN
open8,0,l1,101,1,0.0,I-NTMCP l=1,1.0,PURSUER_WIN
open8,0,l1,101,0,7.0,I-NTMCP l=1,1.0,EVADER_REACHED_GOAL
open8,0,l1,101,1,5.0,I-NTMCP l=1,1.0,PURSUER_WIN
open8,0,l1,101,1,4.0,I-NTMCP l=1,1.0,PURSUER_WIN
open8,0,l1,101,0,7.0,I-NTMCP l=1,1.0,EVADER_REACHED_GOAL
open8,0,l1,101,0,14.0,I-NTMCP l=1,1.0,EVADER_REACHED_GOAL
open8,0,l1,102,1,0.0,I-NTMCP l=1,1.0,PURSUER_WIN
open8,0,l1,102,1,3.0,I-NTMCP l=1,1.0,PURSUER_WIN
open8,0,l1,102,1,6.0,I-NTMCP l=1,1.0,PURSUER_WIN
open8,0,l1,102,0,7.0,I-NTMCP l=1,1.0,EVADER_REACHED_GOAL
open8,0,l1,102,1,3.0,I-NTMCP l=1,1.0,PURSUER_WIN
open8,0,l1,102,1,2.0,I-NTMCP l=1,1.0,PURSUER_WIN
open8,0,l1,102,1,3.0,I-NTMCP l=1,1.0,PURSUER_WIN
open8,0,l1,102,0,7.0,I-NTMCP l=1,1.0,EVADER_REACHED_GOAL
open8,0,l1,102,1,2.0,I-NTMCP l=1,1.0,PURSUER_WIN
open8,0,l1,102,1,4.0,I-NTMCP l=1,1.0,PURSUER_WIN
open8,0,l1,102,1,4.0,I-NTMCP l=1,1.0,PURSUER_WIN
open8,0,l1,102,1,2.0,I-NTMCP l=1,1.0,PURSUER_WIN
open8,0,l1,102,1,4.0,I-NTMCP l=1,1.0,PURSUER_WIN
open8,0,l1,102,0,10.0,I-NTMCP l=1,1.0,EVADER_REACHED_GOAL
open8,0,l1,102,1,4.0,I-NTMCP l=1,1.0,PURSUER_WIN
open8,0,l1,102,1,0.0,I-NTMCP l=1,1.0,PURSUER_WIN
open8,0,l1,102,1,1.0,I-NTMCP l=1,1.0,PURSUER_WIN
open8,0,l1,102,1,10.0,I-NTMCP l=1,1.0,PURSUER_WIN
open8,0,l1,102,1,1.0,I-NTMCP l=1,1.0,PURSUER_WIN
open8,0,l1,102,0,7.0,I-NTMCP l=1,1.0,EVADER_REACHED_GOAL
open8,0,l1,102,1,4.0,I-NTMCP l=1,1.0,PURSUER_WIN
open8,0,l1,102,1,4.0,I-NTMCP l=1,1.0,PURSUER_WIN
open8,0,l1,102,1,7.0,I-NTMCP l=1,1.0,PURSUER_WIN
open8,0,l1,102,1,6.0,I-NTMCP l=1,1.0,PURSUER_WIN
open8,0,l1,102,0,10.0,I-NTMCP l=1,1.0,EVADER_REACHED_GOAL
open8,0,l1,102,1,3.0,I-NTMCP l=1,1.0,PURSUER_WIN
open8,0,l1,102,1,2.0,I-NTMCP l=1,1.0,PURSUER_WIN
open8,0,l1,102,1,0.0,I-NTMCP l=1,1.0,PURSUER_WIN
open8,0,l1,102,1,5.0,I-NTMCP l=1,1.0,PURSUER_WIN
open8,0,l1,102,1,2.0,I-NTMCP l=1,1.0,PURSUER_WIN
open8,0,l1,102,1,3.0,I-NTMCP l=1,1.0,PURSUER_WIN
open8,0,l1,102,1,0.0,I-NTMCP l=1,1.0,PURSUER_WIN
open8,0,l1,102,0,7.0,I-NTMCP l=1,1.0,EVADER_REACHED_GOAL
open8,0,l1,102,1,0.0,I-NTMCP l=1,1.0,PURSUER_WIN
open8,0,l1,102,1,3.0,I-NTMCP l=1,1.0,PURSUER_WIN
open8,0,l1,102,1,4.0,I-NTMCP l=1,1.0,PURSUER_WIN
open8,0,l1,102,1,9.0,I-NTMCP l=1,1.0,PURSUER_WIN
open8,0,l1,102,1,4.0,I-NTMCP l=1,1.0,PURSUER_WIN
open8,0,l1,102,1,5.0,I-NTMCP l=1,1.0,PURSUER_WIN
open8,0,l1,102,1,7.0,I-NTMCP l=1,1.0,PURSUER_WIN
open8,0,l1,102,0,7.0,I-NTMCP l=1,1.0,EVADER_REACHED_GOAL
open8,0,l1,102,1,1.0,I-NTMCP l=1,1.0,PURSUER_WIN
open8,0,l1,102,1,6.0,I-NTMCP l=1,1.0,PURSUER_WIN
open8,0,l1,102,1,4.0,I-NTMCP l=1,1.0,PURSUER_WIN
open8,0,l1,102,1,4.0,I-NTMCP l=1,1.0,PURSUER_WIN
open8,0,l1,102,1,1.0,I-NTMCP l=1,1.0,PURSUER_WIN
open8,0,l1,102,0,7.0,I-NTMCP l=1,1.0,EVADER_REACHED_GOAL
open8,0,l1,102,0,10.0,I-NTMCP l=1,1.0,EVADER_REACHED_GOAL
open8,0,l1,102,1,0.0,I-NTMCP l=1,1.0,PURSUER_WIN
open8,0,l1,102,0,7.0,I-NTMCP l=1,1.0,EVADER_REACHED_GOAL
open8,0,l1,103,1,5.0,I-NTMCP l=1,1.0,PURSUER_WIN
open8,0,l1,103,1,2.0,I-NTMCP l=1,1.0,PURSUER_WIN
open8,0,l1,103,0,7.0,I-NTMCP l=1,1.0,EVADER_REACHED_GOAL
open8,0,l1,103,0,7.0,I-NTMCP l=1,1.0,EVADER_REACHED_GOAL
open8,0,l1,103,1,3.0,I-NTMCP l=1,1.0,PURSUER_WIN
open8,0,l1,103,1,1.0,I-NTMCP l=1,1.0,PURSUER_WIN
open8,0,l1,103,1,1.0,I-NTMCP l=1,1.0,PURSUER_WIN
open8,0,l1,103,1,1.0,I-NTMCP l=1,1.0,PURSUER_WIN
open8,0,l1,103,0,7.0,I-NTMCP l=1,1.0,EVADER_REACHED_GOAL
open8,0,l1,103,0,11.0,I-NTMCP l=1,1.0,EVADER_REACHED_GOAL
open8,0,l1,103,1,2.0,I-NTMCP l=1,1.0,PURSUER_WIN
open8,0,l1,103,1,1.0,I-NTMCP l=1,1.0,PURSUER_WIN
open8,0,l1,103,1,6.0,I-NTMCP l=1,1.0,PURSUER_WIN
open8,0,l1,103,1,0.0,I-NTMCP l=1,1.0,PURSUER_WIN
open8,0,l1,103,1,1.0,I-NTMCP l=1,1.0,PURSUER_WIN
open8,0,l1,103,0,7.0,I-NTMCP l=1,1.0,EVADER_REACHED_GOAL
open8,0,l1,103,1,1.0,I-NTMCP l=1,1.0,PURSUER_WIN
open8,0,l1,103,1,3.0,I-NTMCP l=1,1.0,PURSUER_WIN
open8,0,l1,103,1,3.0,I-NTMCP l=1,1.0,PURSUER_WIN
open8,0,l1,103,1,2.0,I-NTMCP l=1,1.0,PURSUER_WIN
open8,0,l1,103,1,0.0,I-NTMCP l=1,1.0,PURSUER_WIN
open8,0,l1,103,0,7.0,I-NTMCP l=1,1.0,EVADER_REACHED_GOAL
open8,0,l1,103,1,1.0,I-NTMCP l=1,1.0,PURSUER_WIN
open8,0,l1,103,1,4.0,I-NTMCP l=1,1.0,PURSUER_WIN
open8,0,l1,103,1,4.0,I-NTMCP l=1,1.0,PURSUER_WIN
open8,0,l1,103,1,6.0,I-NTMCP l=1,1.0,PURSUER_WIN
open8,0,l1,103,1,2.0,I-NTMCP l=1,1.0,PURSUER_WIN
open8,0,l1,103,1,3.0,I-NTMCP l=1,1.0,PURSUER_WIN
open8,0,l1,103,1,5.0,I-NTMCP l=1,1.0,PURSUER_WIN
open8,0,l1,103,0,11.0,I-NTMCP l=1,1.0,EVADER_REACHED_GOAL
open8,0,l1,103,1,4.0,I-NTMCP l=1,1.0,PURSUER_WIN
open8,0,l1,103,1,2.0,I-NTMCP l=1,1.0,PURSUER_WIN
open8,0,l1,103,1,2.0,I-NTMCP l=1,1.0,PURSUER_WIN
open8,0,l1,103,1,7.0,I-NTMCP l=1,1.0,PURSUER_WIN
open8,0,l1,103,1,6.0,I-NTMCP l=1,1.0,PURSUER_WIN
open8,0,l1,103,1,4.0,I-NTMCP l=1,1.0,PURSUER_WIN
open8,0,l1,103,1,2.0,I-NTMCP l=1,1.0,PURSUER_WIN
open8,0,l1,103,0,7.0,I-NTMCP l=1,1.0,EVADER_REACHED_GOAL
open8,0,l1,103,1,9.0,I-NTMCP l=1,1.0,PURSUER_WIN
open8,0,l1,103,0,7.0,I-NTMCP l=1,1.0,EVADER_REACHED_GOAL
open8,0,l1,103,1,8.0,I-NTMCP l=1,1.0,PURSUER_WIN
open8,0,l1,103,0,9.0,I-NTMCP l=1,1.0,EVADER_REACHED_GOAL
open8,0,l1,103,1,4.0,I-NTMCP l=1,1.0,PURSUER_WIN
open8,0,l1,103,1,6.0,I-NTMCP l=1,1.0,PURSUER_WIN
open8,0,l1,103,1,6.0,I-NTMCP l=1,1.0,PURSUER_WIN
open8,0,l1,103,1,3.0,I-NTMCP l=1,1.0,PURSUER_WIN
open8,0,l1,103,1,2.0,I-NTMCP l=1,1.0,PURSUER_WIN
open8,0,l1,103,0,7.0,I-NTMCP l=1,1.0,EVADER_REACHED_GOAL
open8,0,l1,103,1,7.0,I-NTMCP l=1,1.0,PURSUER_WIN
open8,0,l1,103,0,7.0,I-NTMCP l=1,1.0,EVADER_REACHED_GOAL
open8,0,l1,104,1,4.0,I-NTMCP l=1,1.0,PURSUER_WIN
open8,0,l1,104,0,7.0,I-NTMCP l=1,1.0,EVADER_REACHED_GOAL
open8,0,l1,104,1,0.0,I-NTMCP l=1,1.0,PURSUER_WIN
open8,0,l1,104,1,3.0,I-NTMCP l=1,1.0,PURSUER_WIN
open8,0,l1,104,1,4.0,I-NTMCP l=1,1.0,PURSUER_WIN
open8,0,l1,104,1,3.0,I-NTMCP l=1,1.0,PURSUER_WIN
open8,0,l1,104,1,3.0,I-NTMCP l=1,1.0,PURSUER_WIN
open8,0,l1,104,1,2.0,I-NTMCP l=1,1.0,PURSUER_WIN
open8,0,l1,104,1,4.0,I-NTMCP l=1,1.0,PURSUER_WIN
open8,0,l1,104,1,0.0,I-NTMCP l=1,1.0,PURSUER_WIN
open8,0,l1,104,1,0.0,I-NTMCP l=1,1.0,PURSUER_WIN
open8,0,l1,104,1,0.0,I-NTMCP l=1,1.0,PURSUER_WIN
open8,0,l1,104,1,1.0,I-NTMCP l=1,1.0,PURSUER_WIN
open8,0,l1,104,1,6.0,I-NTMCP l=1,1.0,PURSUER_WIN
open8,0,l1,104,0,7.0,I-NTMCP l=1,1.0,EVADER_REACHED_GOAL
open8,0,l1,104,1,8.0,I-NTMCP l=1,1.0,PURSUER_WIN
open8,0,l1,104,0,10.0,I-NTMCP l=1,1.0,EVADER_REACHED_GOAL
open8,0,l1,104,0,7.0,I-NTMCP l=1,1.0,EVADER_REACHED_GOAL
open8,0,l1,104,1,0.0,I-NTMCP l=1,1.0,PURSUER_WIN
open8,0,l1,104,0,7.0,I-NTMCP l=1,1.0,EVADER_REACHED_GOAL
open8,0,l1,104,1,2.0,I-NTMCP l=1,1.0,PURSUER_WIN
open8,0,l1,104,1,3.0,I-NTMCP l=1,1.0,PURSUER_WIN
open8,0,l1,104,1,9.0,I-NTMCP l=1,1.0,PURSUER_WIN
open8,0,l1,104,1,0.0,I-NTMCP l=1,1.0,PURSUER_WIN
open8,0,l1,104,1,5.0,I-NTMCP l=1,1.0,PURSUER_WIN
open8,0,l1,104,1,4.0,I-NTMCP l=1,1.0,PURSUER_WIN
open8,0,l1,104,1,8.0,I-NTMCP l=1,1.0,PURSUER_WIN
open8,0,l1,104,1,2.0,I-NTMCP l=1,1.0,PURSUER_WIN
open8,0,l1,104,1,0.0,I-NTMCP l=1,1.0,PURSUER_WIN
open8,0,l1,104,1,0.0,I-NTMCP l=1,1.0,PURSUER_WIN
open8,0,l1,104,0,7.0,I-NTMCP l=1,1.0,EVADER_REACHED_GOAL
open8,0,l1,104,1,3.0,I-NTMCP l=1,1.0,PURSUER_WIN
open8,0,l1,104,0,7.0,I-NTMCP l=1,1.0,EVADER_REACHED_GOAL
open8,0,l1,104,1,4.0,I-NTMCP l=1,1.0,PURSUER_WIN
open8,0,l1,104,1,3.0,I-NTMCP l=1,1.0,PURSUER_WIN
open8,0,l1,104,1,6.0,I-NTMCP l=1,1.0,PURSUER_WIN
open8,0,l1,104,1,0.0,I-NTMCP l=1,1.0,PURSUER_WIN
open8,0,l1,104,1,1.0,I-NTMCP l=1,1.0,PURSUER_WIN
open8,0,l1,104,1,2.0,I-NTMCP l=1,1.0,PURSUER_WIN
open8,0,l1,104,1,4.0,I-NTMCP l=1,1.0,PURSUER_WIN
open8,0,l1,104,1,6.0,I-NTMCP l=1,1.0,PURSUER_WIN
open8,0,l1,104,1,2.0,I-NTMCP l=1,1.0,PURSUER_WIN
open8,0,l1,104,1,3.0,I-NTMCP l=1,1.0,PURSUER_WIN
open8,0,l1,104,1,8.0,I-NTMCP l=1,1.0,PURSUER_WIN
open8,0,l1,104,1,4.0,I-NTMCP l=1,1.0,PURSUER_WIN
open8,0,l1,104,1,1.0,I-NTMCP l=1,1.0,PURSUER_WIN
open8,0,l1,104,1,2.0,I-NTMCP l=1,1.0,PURSUER_WIN
open8,0,l1,104,0,11.0,I-NTMCP l=1,1.0,EVADER_REACHED_GOAL
open8,0,l1,104,0,7.0,I-NTMCP l=1,1.0,EVADER_REACHED_GOAL
open8,0,l1,104,1,0.0,I-NTMCP l=1,1.0,PURSUER_WIN
open8,0,l1,105,1,1.0,I-NTMCP l=1,1.0,PURSUER_WIN
open8,0,l1,105,1,4.0,I-NTMCP l=1,1.0,PURSUER_WIN
open8,0,l1,105,0,7.0,I-NTMCP l=1,1.0,EVADER_REACHED_GOAL
open8,0,l1,105,1,6.0,I-NTMCP l=1,1.0,PURSUER_WIN
open8,0,l1,105,1,10.0,I-NTMCP l=1,1.0,PURSUER_WIN
open8,0,l1,105,1,0.0,I-NTMCP l=1,1.0,PURSUER_WIN
open8,0,l1,105,1,4.0,I-NTMCP l=1,1.0,PURSUER_WIN
open8,0,l1,105,1,6.0,I-NTMCP l=1,1.0,PURSUER_WIN
open8,0,l1,105,1,6.0,I-NTMCP l=1,1.0,PURSUER_WIN
open8,0,l1,105,1,5.0,I-NTMCP l=1,1.0,PURSUER_WIN
open8,0,l1,105,1,4.0,I-NTMCP l=1,1.0,PURSUER_WIN
open8,0,l1,105,0,10.0,I-NTMCP l=1,1.0,EVADER_REACHED_GOAL
open8,0,l1,105,1,5.0,I-NTMCP l=1,1.0,PURSUER_WIN
open8,0,l1,105,1,6.0,I-NTMCP l=1,1.0,PURSUER_WIN
open8,0,l1,105,1,0.0,I-NTMCP l=1,1.0,PURSUER_WIN
open8,0,l1,105,0,10.0,I-NTMCP l=1,1.0,EVADER_REACHED_GOAL
open8,0,l1,105,0,7.0,I-NTMCP l=1,1.0,EVADER_REACHED_GOAL
open8,0,l1,105,1,3.0,I-NTMCP l=1,1.0,PURSUER_WIN
open8,0,l1,105,1,5.0,I-NTMCP l=1,1.0,PURSUER_WIN
open8,0,l1,105,0,7.0,I-NTMCP l=1,1.0,EVADER_REACHED_GOAL
open8,0,l1,105,1,3.0,I-NTMCP l=1,1.0,PURSUER_WIN
open8,0,l1,105,1,3.0,I-NTMCP l=1,1.0,PURSUER_WIN
open8,0,l1,105,1,0.0,I-NTMCP l=1,1.0,PURSUER_WIN
open8,0,l1,105,1,0.0,I-NTMCP l=1,1.0,PURSUER_WIN
open8,0,l1,105,1,5.0,I-NTMCP l=1,1.0,PURSUER_WIN
open8,0,l1,105,1,1.0,I-NTMCP l=1,1.0,PURSUER_WIN
open8,0,l1,105,0,10.0,I-NTMCP l=1,1.0,EVADER_REACHED_GOAL
open8,0,l1,105,0,7.0,I-NTMCP l=1,1.0,EVADER_REACHED_GOAL
open8,0,l1,105,1,0.0,I-NTMCP l=1,1.0,PURSUER_WIN
open8,0,l1,105,1,2.0,I-NTMCP l=1,1.0,PURSUER_WIN
open8,0,l1,105,1,4.0,I-NTMCP l=1,1.0,PURSUER_WIN
open8,0,l1,105,1,5.0,I-NTMCP l=1,1.0,PURSUER_WIN
open8,0,l1,105,1,4.0,I-NTMCP l=1,1.0,PURSUER_WIN
open8,0,l1,105,1,3.0,I-NTMCP l=1,1.0,PURSUER_WIN
open8,0,l1,105,1,1.0,I-NTMCP l=1,1.0,PURSUER_WIN
open8,0,l1,105,1,9.0,I-NTMCP l=1,1.0,PURSUER_WIN
open8,0,l1,105,1,4.0,I-NTMCP l=1,1.0,PURSUER_WIN
open8,0,l1,105,1,3.0,I-NTMCP l=1,1.0,PURSUER_WIN
open8,0,l1,105,1,0.0,I-NTMCP l=1,1.0,PURSUER_WIN
open8,0,l1,105,1,4.0,I-NTMCP l=1,1.0,PURSUER_WIN
open8,0,l1,105,1,6.0,I-NTMCP l=1,1.0,PURSUER_WIN
open8,0,l1,105,0,11.0,I-NTMCP l=1,1.0,EVADER_REACHED_GOAL
open8,0,l1,105,1,4.0,I-NTMCP l=1,1.0,PURSUER_WIN
open8,0,l1,105,1,3.0,I-NTMCP l=1,1.0,PURSUER_WIN
open8,0,l1,105,1,4.0,I-NTMCP l=1,1.0,PURSUER_WIN
open8,0,l1,105,1,11.0,I-NTMCP l=1,1.0,PURSUER_WIN
open8,0,l1,105,0,7.0,I-NTMCP l=1,1.0,EVADER_REACHED_GOAL
open8,0,l1,105,1,0.0,I-NTMCP l=1,1.0,PURSUER_WIN
open8,0,l1,105,1,2.0,I-NTMCP l=1,1.0,PURSUER_WIN
open8,0,l1,105,0,11.0,I-NTMCP l=1,1.0,EVADER_REACHED_GOAL
open8,0,l1,106,1,2.0,I-NTMCP l=1,1.0,PURSUER_WIN
open8,0,l1,106,1,2.0,I-NTMCP l=1,1.0,PURSUER_WIN
open8,0,l1,106,1,1.0,I-NTMCP l=1,1.0,PURSUER_WIN
open8,0,l1,106,1,0.0,I-NTMCP l=1,1.0,PURSUER_WIN
open8,0,l1,106,1,2.0,I-NTMCP l=1,1.0,PURSUER_WIN
open8,0,l1,106,0,7.0,I-NTMCP l=1,1.0,EVADER_REACHED_GOAL
open8,0,l1,106,1,0.0,I-NTMCP l=1,1.0,PURSUER_WIN
open8,0,l1,106,1,9.0,I-NTMCP l=1,1.0,PURSUER_WIN
open8,0,l1,106,1,4.0,I-NTMCP l=1,1.0,PURSUER_WIN
open8,0,l1,106,1,3.0,I-NTMCP l=1,1.0,PURSUER_WIN
open8,0,l1,106,1,5.0,I-NTMCP l=1,1.0,PURSUER_WIN
open8,0,l1,106,1,3.0,I-NTMCP l=1,1.0,PURSUER_WIN
open8,0,l1,106,1,2.0,I-NTMCP l=1,1.0,PURSUER_WIN
open8,0,l1,106,1,0.0,I-NTMCP l=1,1.0,PURSUER_WIN
open8,0,l1,106,0,10.0,I-NTMCP l=1,1.0,EVADER_REACHED_GOAL
open8,0,l1,106,1,3.0,I-NTMCP l=1,1.0,PURSUER_WIN
open8,0,l1,106,1,0.0,I-NTMCP l=1,1.0,PURSUER_WIN
open8,0,l1,106,1,3.0,I-NTMCP l=1,1.0,PURSUER_WIN
open8,0,l1,106,1,2.0,I-NTMCP l=1,1.0,PURSUER_WIN
open8,0,l1,106,1,3.0,I-NTMCP l=1,1.0,PURSUER_WIN
open8,0,l1,106,1,6.0,I-NTMCP l=1,1.0,PURSUER_WIN
open8,0,l1,106,1,9.0,I-NTMCP l=1,1.0,PURSUER_WIN
open8,0,l1,106,1,6.0,I-NTMCP l=1,1.0,PURSUER_WIN
open8,0,l1,106,1,2.0,I-NTMCP l=1,1.0,PURSUER_WIN
open8,0,l1,106,1,2.0,I-NTMCP l=1,1.0,PURSUER_WIN
open8,0,l1,106,1,0.0,I-NTMCP l=1,1.0,PURSUER_WIN
open8,0,l1,106,1,0.0,I-NTMCP l=1,1.0,PURSUER_WIN
open8,0,l1,106,1,4.0,I-NTMCP l=1,1.0,PURSUER_WIN
open8,0,l1,106,1,4.0,I-NTMCP l=1,1.0,PURSUER_WIN
open8,0,l1,106,1,2.0,I-NTMCP l=1,1.0,PURSUER_WIN
open8,0,l1,106,1,0.0,I-NTMCP l=1,1.0,PURSUER_WIN
open8,0,l1,106,1,4.0,I-NTMCP l=1,1.0,PURSUER_WIN
open8,0,l1,106,0,10.0,I-NTMCP l=1,1.0,EVADER_REACHED_GOAL
open8,0,l1,106,1,6.0,I-NTMCP l=1,1.0,PURSUER_WIN
open8,0,l1,106,1,3.0,I-NTMCP l=1,1.0,PURSUER_WIN
open8,0,l1,106,0,11.0,I-NTMCP l=1,1.0,EVADER_REACHED_GOAL
open8,0,l1,106,1,1.0,I-NTMCP l=1,1.0,PURSUER_WIN
open8,0,l1,106,1,9.0,I-NTMCP l=1,1.0,PURSUER_WIN
open8,0,l1,106,1,0.0,I-NTMCP l=1,1.0,PURSUER_WIN
open8,0,l1,106,0,7.0,I-NTMCP l=1,1.0,EVADER_REACHED_GOAL
open8,0,l1,106,1,2.0,I-NTMCP l=1,1.0,PURSUER_WIN
open8,0,l1,106,1,0.0,I-NTMCP l=1,1.0,PURSUER_WIN
open8,0,l1,106,1,9.0,I-NTMCP l=1,1.0,PURSUER_WIN
open8,0,l1,106,0,11.0,I-NTMCP l=1,1.0,EVADER_REACHED_GOAL
open8,0,l1,106,1,0.0,I-NTMCP l=1,1.0,PURSUER_WIN
open8,0,l1,106,1,0.0,I-NTMCP l=1,1.0,PURSUER_WIN
open8,0,l1,106,1,2.0,I-NTMCP l=1,1.0,PURSUER_WIN
open8,0,l1,106,1,5.0,I-NTMCP l=1,1.0,PURSUER_WIN
open8,0,l1,106,1,0.0,I-NTMCP l=1,1.0,PURSUER_WIN
open8,0,l1,106,0,7.0,I-NTMCP l=1,1.0,EVADER_REACHED_GOAL
open8,0,l1,107,1,5.0,I-NTMCP l=1,1.0,PURSUER_WIN
open8,0,l1,107,0,10.0,I-NTMCP l=1,1.0,EVADER_REACHED_GOAL
open8,0,l1,107,1,4.0,I-NTMCP l=1,1.0,PURSUER_WIN
open8,0,l1,107,1,4.0,I-NTMCP l=1,1.0,PURSUER_WIN
open8,0,l1,107,1,0.0,I-NTMCP l=1,1.0,PURSUER_WIN
open8,0,l1,107,1,4.0,I-NTMCP l=1,1.0,PURSUER_WIN
open8,0,l1,107,1,9.0,I-NTMCP l=1,1.0,PURSUER_WIN
open8,0,l1,107,1,9.0,I-NTMCP l=1,1.0,PURSUER_WIN
open8,0,l1,107,1,0.0,I-NTMCP l=1,1.0,PURSUER_WIN
open8,0,l1,107,0,14.0,I-NTMCP l=1,1.0,EVADER_REACHED_GOAL
open8,0,l1,107,1,0.0,I-NTMCP l=1,1.0,PURSUER_WIN
open8,0,l1,107,1,6.0,I-NTMCP l=1,1.0,PURSUER_WIN
open8,0,l1,107,1,3.0,I-NTMCP l=1,1.0,PURSUER_WIN
open8,0,l1,107,1,0.0,I-NTMCP l=1,1.0,PURSUER_WIN
open8,0,l1,107,1,2.0,I-NTMCP l=1,1.0,PURSUER_WIN
open8,0,l1,107,1,9.0,I-NTMCP l=1,1.0,PURSUER_WIN
open8,0,l1,107,1,2.0,I-NTMCP l=1,1.0,PURSUER_WIN
open8,0,l1,107,1,3.0,I-NTMCP l=1,1.0,PURSUER_WIN
open8,0,l1,107,1,1.0,I-NTMCP l=1,1.0,PURSUER_WIN
open8,0,l1,107,1,0.0,I-NTMCP l=1,1.0,PURSUER_WIN
open8,0,l1,107,1,0.0,I-NTMCP l=1,1.0,PURSUER_WIN
open8,0,l1,107,1,0.0,I-NTMCP l=1,1.0,PURSUER_WIN
open8,0,l1,107,1,4.0,I-NTMCP l=1,1.0,PURSUER_WIN
open8,0,l1,107,1,3.0,I-NTMCP l=1,1.0,PURSUER_WIN
open8,0,l1,107,1,3.0,I-NTMCP l=1,1.0,PURSUER_WIN
open8,0,l1,107,1,0.0,I-NTMCP l=1,1.0,PURSUER_WIN
open8,0,l1,107,1,3.0,I-NTMCP l=1,1.0,PURSUER_WIN
open8,0,l1,107,1,3.0,I-NTMCP l=1,1.0,PURSUER_WIN
open8,0,l1,107,1,2.0,I-NTMCP l=1,1.0,PURSUER_WIN
open8,0,l1,107,0,7.0,I-NTMCP l=1,1.0,EVADER_REACHED_GOAL
open8,0,l1,107,1,4.0,I-NTMCP l=1,1.0,PURSUER_WIN
open8,0,l1,107,1,0.0,I-NTMCP l=1,1.0,PURSUER_WIN
open8,0,l1,107,1,3.0,I-NTMCP l=1,1.0,PURSUER_WIN
open8,0,l1,107,1,2.0,I-NTMCP l=1,1.0,PURSUER_WIN
open8,0,l1,107,1,4.0,I-NTMCP l=1,1.0,PURSUER_WIN
open8,0,l1,107,1,6.0,I-NTMCP l=1,1.0,PURSUER_WIN
open8,0,l1,107,1,3.0,I-NTMCP l=1,1.0,PURSUER_WIN
open8,0,l1,107,1,7.0,I-NTMCP l=1,1.0,PURSUER_WIN
open8,0,l1,107,1,4.0,I-NTMCP l=1,1.0,PURSUER_WIN
open8,0,l1,107,0,11.0,I-NTMCP l=1,1.0,EVADER_REACHED_GOAL
open8,0,l1,107,0,7.0,I-NTMCP l=1,1.0,EVADER_REACHED_GOAL
open8,0,l1,107,1,3.0,I-NTMCP l=1,1.0,PURSUER_WIN
open8,0,l1,107,1,0.0,I-NTMCP l=1,1.0,PURSUER_WIN
open8,0,l1,107,0,7.0,I-NTMCP l=1,1.0,EVADER_REACHED_GOAL
open8,0,l1,107,0,7.0,I-NTMCP l=1,1.0,EVADER_REACHED_GOAL
open8,0,l1,107,1,9.0,I-NTMCP l=1,1.0,PURSUER_WIN
open8,0,l1,107,1,1.0,I-NTMCP l=1,1.0,PURSUER_WIN
open8,0,l1,107,1,0.0,I-NTMCP l=1,1.0,PURSUER_WIN
open8,0,l1,107,0,10.0,I-NTMCP l=1,1.0,EVADER_REACHED_GOAL
open8,0,l1,107,1,4.0,I-NTMCP l=1,1.0,PURSUER_WIN
open8,0,l1,108,1,5.0,I-NTMCP l=1,1.0,PURSUER_WIN
open8,0,l1,108,1,4.0,I-NTMCP l=1,1.0,PURSUER_WIN
open8,0,l1,108,1,3.0,I-NTMCP l=1,1.0,PURSUER_WIN
open8,0,l1,108,1,4.0,I-NTMCP l=1,1.0,PURSUER_WIN
open8,0,l1,108,1,3.0,I-NTMCP l=1,1.0,PURSUER_WIN
open8,0,l1,108,1,4.0,I-NTMCP l=1,1.0,PURSUER_WIN
open8,0,l1,108,1,4.0,I-NTMCP l=1,1.0,PURSUER_WIN
open8,0,l1,108,0,7.0,I-NTMCP l=1,1.0,EVADER_REACHED_GOAL
open8,0,l1,108,1,6.0,I-NTMCP l=1,1.0,PURSUER_WIN
open8,0,l1,108,1,0.0,I-NTMCP l=1,1.0,PURSUER_WIN
open8,0,l1,108,1,2.0,I-NTMCP l=1,1.0,PURSUER_WIN
open8,0,l1,108,1,6.0,I-NTMCP l=1,1.0,PURSUER_WIN
open8,0,l1,108,1,7.0,I-NTMCP l=1,1.0,PURSUER_WIN
open8,0,l1,108,1,4.0,I-NTMCP l=1,1.0,PURSUER_WIN
open8,0,l1,108,0,11.0,I-NTMCP l=1,1.0,EVADER_REACHED_GOAL
open8,0,l1,108,1,0.0,I-NTMCP l=1,1.0,PURSUER_WIN
open8,0,l1,108,0,11.0,I-NTMCP l=1,1.0,EVADER_REACHED_GOAL
open8,0,l1,108,1,0.0,I-NTMCP l=1,1.0,PURSUER_WIN
open8,0,l1,108,1,1.0,I-NTMCP l=1,1.0,PURSUER_WIN
open8,0,l1,108,1,5.0,I-NTMCP l=1,1.0,PURSUER_WIN
open8,0,l1,108,1,6.0,I-NTMCP l=1,1.0,PURSUER_WIN
open8,0,l1,108,1,1.0,I-NTMCP l=1,1.0,PURSUER_WIN
open8,0,l1,108,1,4.0,I-NTMCP l=1,1.0,PURSUER_WIN
open8,0,l1,108,1,1.0,I-NTMCP l=1,1.0,PURSUER_WIN
open8,0,l1,108,1,4.0,I-NTMCP l=1,1.0,PURSUER_WIN
open8,0,l1,108,0,7.0,I-NTMCP l=1,1.0,EVADER_REACHED_GOAL
open8,0,l1,108,1,3.0,I-NTMCP l=1,1.0,PURSUER_WIN
open8,0,l1,108,1,3.0,I-NTMCP l=1,1.0,PURSUER_WIN
open8,0,l1,108,1,4.0,I-NTMCP l=1,1.0,PURSUER_WIN
open8,0,l1,108,1,3.0,I-NTMCP l=1,1.0,PURSUER_WIN
open8,0,l1,108,0,11.0,I-NTMCP l=1,1.0,EVADER_REACHED_GOAL
open8,0,l1,108,1,1.0,I-NTMCP l=1,1.0,PURSUER_WIN
open8,0,l1,108,0,10.0,I-NTMCP l=1,1.0,EVADER_REACHED_GOAL
open8,0,l1,108,1,2.0,I-NTMCP l=1,1.0,PURSUER_WIN
open8,0,l1,108,1,0.0,I-NTMCP l=1,1.0,PURSUER_WIN
open8,0,l1,108,1,4.0,I-NTMCP l=1,1.0,PURSUER_WIN
open8,0,l1,108,1,0.0,I-NTMCP l=1,1.0,PURSUER_WIN
open8,0,l1,108,1,3.0,I-NTMCP l=1,1.0,PURSUER_WIN
open8,0,l1,108,0,10.0,I-NTMCP l=1,1.0,EVADER_REACHED_GOAL
open8,0,l1,108,1,3.0,I-NTMCP l=1,1.0,PURSUER_WIN
open8,0,l1,108,1,3.0,I-NTMCP l=1,1.0,PURSUER_WIN
open8,0,l1,108,1,0.0,I-NTMCP l=1,1.0,PURSUER_WIN
open8,0,l1,108,0,14.0,I-NTMCP l=1,1.0,EVADER_REACHED_GOAL
open8,0,l1,108,1,0.0,I-NTMCP l=1,1.0,PURSUER_WIN
open8,0,l1,108,1,3.0,I-NTMCP l=1,1.0,PURSUER_WIN
open8,0,l1,108,1,3.0,I-NTMCP l=1,1.0,PURSUER_WIN
open8,0,l1,108,1,8.0,I-NTMCP l=1,1.0,PURSUER_WIN
open8,0,l1,108,1,3.0,I-NTMCP l=1,1.0,PURSUER_WIN
open8,0,l1,108,1,2.0,I-NTMCP l=1,1.0,PURSUER_WIN
open8,0,l1,108,1,2.0,I-NTMCP l=1,1.0,PURSUER_WIN
open8,0,l1,109,1,7.0,I-NTMCP l=1,1.0,PURSUER_WIN
open8,0,l1,109,0,14.0,I-NTMCP l=1,1.0,EVADER_REACHED_GOAL
open8,0,l1,109,0,10.0,I-NTMCP l=1,1.0,EVADER_REACHED_GOAL
open8,0,l1,109,1,4.0,I-NTMCP l=1,1.0,PURSUER_WIN
open8,0,l1,109,1,5.0,I-NTMCP l=1,1.0,PURSUER_WIN
open8,0,l1,109,1,1.0,I-NTMCP l=1,1.0,PURSUER_WIN
open8,0,l1,109,1,2.0,I-NTMCP l=1,1.0,PURSUER_WIN
open8,0,l1,109,1,4.0,I-NTMCP l=1,1.0,PURSUER_WIN
open8,0,l1,109,1,1.0,I-NTMCP l=1,1.0,PURSUER_WIN
open8,0,l1,109,1,0.0,I-NTMCP l=1,1.0,PURSUER_WIN
open8,0,l1,109,0,10.0,I-NTMCP l=1,1.0,EVADER_REACHED_GOAL
open8,0,l1,109,1,2.0,I-NTMCP l=1,1.0,PURSUER_WIN
open8,0,l1,109,0,10.0,I-NTMCP l=1,1.0,EVADER_REACHED_GOAL
open8,0,l1,109,1,3.0,I-NTMCP l=1,1.0,PURSUER_WIN
open8,0,l1,109,1,1.0,I-NTMCP l=1,1.0,PURSUER_WIN
open8,0,l1,109,1,3.0,I-NTMCP l=1,1.0,PURSUER_WIN
open8,0,l1,109,1,3.0,I-NTMCP l=1,1.0,PURSUER_WIN
open8,0,l1,109,1,5.0,I-NTMCP l=1,1.0,PURSUER_WIN
open8,0,l1,109,1,5.0,I-NTMCP l=1,1.0,PURSUER_WIN
open8,0,l1,109,1,2.0,I-NTMCP l=1,1.0,PURSUER_WIN
open8,0,l1,109,1,1.0,I-NTMCP l=1,1.0,PURSUER_WIN
open8,0,l1,109,1,2.0,I-NTMCP l=1,1.0,PURSUER_WIN
open8,0,l1,109,1,4.0,I-NTMCP l=1,1.0,PURSUER_WIN
open8,0,l1,109,1,4.0,I-NTMCP l=1,1.0,PURSUER_WIN
open8,0,l1,109,1,5.0,I-NTMCP l=1,1.0,PURSUER_WIN
open8,0,l1,109,1,6.0,I-NTMCP l=1,1.0,PURSUER_WIN
open8,0,l1,109,1,4.0,I-NTMCP l=1,1.0,PURSUER_WIN
open8,0,l1,109,1,3.0,I-NTMCP l=1,1.0,PURSUER_WIN
open8,0,l1,109,1,3.0,I-NTMCP l=1,1.0,PURSUER_WIN
open8,0,l1,109,0,7.0,I-NTMCP l=1,1.0,EVADER_REACHED_GOAL
open8,0,l1,109,1,10.0,I-NTMCP l=1,1.0,PURSUER_WIN
open8,0,l1,109,0,7.0,I-NTMCP l=1,1.0,EVADER_REACHED_GOAL
open8,0,l1,109,1,3.0,I-NTMCP l=1,1.0,PURSUER_WIN
open8,0,l1,109,1,3.0,I-NTMCP l=1,1.0,PURSUER_WIN
open8,0,l1,109,1,2.0,I-NTMCP l=1,1.0,PURSUER_WIN
open8,0,l1,109,0,7.0,I-NTMCP l=1,1.0,EVADER_REACHED_GOAL
open8,0,l1,109,1,4.0,I-NTMCP l=1,1.0,PURSUER_WIN
open8,0,l1,109,0,7.0,I-NTMCP l=1,1.0,EVADER_REACHED_GOAL
open8,0,l1,109,1,3.0,I-NTMCP l=1,1.0,PURSUER_WIN
open8,0,l1,109,1,0.0,I-NTMCP l=1,1.0,PURSUER_WIN
open8,0,l1,109,1,8.0,I-NTMCP l=1,1.0,PURSUER_WIN
open8,0,l1,109,1,0.0,I-NTMCP l=1,1.0,PURSUER_WIN
open8,0,l1,109,1,0.0,I-NTMCP l=1,1.0,PURSUER_WIN
open8,0,l1,109,1,4.0,I-NTMCP l=1,1.0,PURSUER_WIN
open8,0,l1,109,1,3.0,I-NTMCP l=1,1.0,PURSUER_WIN
open8,0,l1,109,1,4.0,I-NTMCP l=1,1.0,PURSUER_WIN
open8,0,l1,109,1,3.0,I-NTMCP l=1,1.0,PURSUER_WIN
open8,0,l1,109,1,1.0,I-NTMCP l=1,1.0,PURSUER_WIN
open8,0,l1,109,0,7.0,I-NTMCP l=1,1.0,EVADER_REACHED_GOAL
open8,0,l1,109,1,3.0,I-NTMCP l=1,1.0,PURSUER_WIN
open8,0,mixed,100,1,3.0,shortest path,,PURSUER_WIN
open8,0,mixed,100,1,0.0,I-NTMCP l=1,1.0,PURSUER_WIN
open8,0,mixed,100,0,7.0,I-NTMCP l=1,1.0,EVADER_REACHED_GOAL
open8,0,mixed,100,1,1.0,shortest path,,PURSUER_WIN
open8,0,mixed,100,0,10.0,I-NTMCP l=1,1.0,EVADER_REACHED_GOAL
open8,0,mixed,100,1,2.0,I-NTMCP l=0,0.0,PURSUER_WIN
open8,0,mixed,100,1,1.0,I-NTMCP l=1,1.0,PURSUER_WIN
open8,0,mixed,100,1,0.0,random,,PURSUER_WIN
open8,0,mixed,100,1,2.0,random,,PURSUER_WIN
open8,0,mixed,100,1,4.0,random,,PURSUER_WIN
open8,0,mixed,100,1,2.0,I-NTMCP l=1,1.0,PURSUER_WIN
open8,0,mixed,100,1,0.0,I-NTMCP l=0,0.0,PURSUER_WIN
open8,0,mixed,100,1,0.0,random,,PURSUER_WIN
open8,0,mixed,100,0,7.0,shortest path,,EVADER_REACHED_GOAL
open8,0,mixed,100,1,1.0,I-NTMCP l=0,0.0,PURSUER_WIN
open8,0,mixed,100,1,2.0,shortest path,,PURSUER_WIN
open8,0,mixed,100,1,4.0,I-NTMCP l=0,0.0,PURSUER_WIN
open8,0,mixed,100,1,11.0,shortest path,,PURSUER_WIN
open8,0,mixed,100,1,4.0,shortest path,,PURSUER_WIN
open8,0,mixed,100,1,8.0,shortest path,,PURSUER_WIN
open8,0,mixed,100,1,0.0,shortest path,,PURSUER_WIN
open8,0,mixed,100,1,2.0,I-NTMCP l=0,0.0,PURSUER_WIN
open8,0,mixed,100,1,1.0,I-NTMCP l=0,0.0,PURSUER_WIN
open8,0,mixed,100,1,4.0,I-NTMCP l=1,1.0,PURSUER_WIN
open8,0,mixed,100,1,0.0,shortest path,,PURSUER_WIN
open8,0,mixed,100,1,3.0,I-NTMCP l=1,1.0,PURSUER_WIN
open8,0,mixed,100,1,0.0,I-NTMCP l=1,1.0,PURSUER_WIN
open8,0,mixed,100,1,6.0,I-NTMCP l=0,0.0,PURSUER_WIN
open8,0,mixed,100,1,6.0,I-NTMCP l=1,1.0,PURSUER_WIN
open8,0,mixed,100,1,8.0,shortest path,,PURSUER_WIN
open8,0,mixed,100,1,7.0,random,,PURSUER_WIN
open8,0,mixed,100,1,2.0,shortest path,,PURSUER_WIN
open8,0,mixed,100,1,10.0,random,,PURSUER_WIN
open8,0,mixed,100,1,4.0,I-NTMCP l=1,1.0,PURSUER_WIN
open8,0,mixed,100,1,0.0,shortest path,,PURSUER_WIN
open8,0,mixed,100,0,19.0,shortest path,,EVADER_REACHED_GOAL
open8,0,mixed,100,1,5.0,shortest path,,PURSUER_WIN
open8,0,mixed,100,1,2.0,shortest path,,PURSUER_WIN
open8,0,mixed,100,1,2.0,random,,PURSUER_WIN
open8,0,mixed,100,1,4.0,shortest path,,PURSUER_WIN
open8,0,mixed,100,1,7.0,I-NTMCP l=1,1.0,PURSUER_WIN
open8,0,mixed,100,1,0.0,I-NTMCP l=1,1.0,PURSUER_WIN
open8,0,mixed,100,1,0.0,shortest path,,PURSUER_WIN
open8,0,mixed,100,1,1.0,random,,PURSUER_WIN
open8,0,mixed,100,1,3.0,shortest path,,PURSUER_WIN
open8,0,mixed,100,1,9.0,I-NTMCP l=0,0.0,PURSUER_WIN
open8,0,mixed,100,1,2.0,I-NTMCP l=0,0.0,PURSUER_WIN
open8,0,mixed,100,0,10.0,I-NTMCP l=0,0.0,EVADER_REACHED_GOAL
open8,0,mixed,100,1,1.0,I-NTMCP l=0,0.0,PURSUER_WIN
open8,0,mixed,100,1,2.0,I-NTMCP l=1,1.0,PURSUER_WIN
open8,0,mixed,101,1,2.0,shortest path,,PURSUER_WIN
open8,0,mixed,101,1,1.0,I-NTMCP l=0,0.0,PURSUER_WIN
open8,0,mixed,101,0,7.0,I-NTMCP l=1,1.0,EVADER_REACHED_GOAL
open8,0,mixed,101,1,0.0,random,,PURSUER_WIN
open8,0,mixed,101,1,2.0,shortest path,,PURSUER_WIN
open8,0,mixed,101,1,1.0,shortest path,,PURSUER_WIN
open8,0,mixed,101,1,1.0,I-NTMCP l=0,0.0,PURSUER_WIN
open8,0,mixed,101,1,9.0,I-NTMCP l=1,1.0,PURSUER_WIN
open8,0,mixed,101,1,2.0,shortest path,,PURSUER_WIN
open8,0,mixed,101,1,0.0,I-NTMCP l=0,0.0,PURSUER_WIN
open8,0,mixed,101,0,11.0,I-NTMCP l=1,1.0,EVADER_REACHED_GOAL
open8,0,mixed,101,1,6.0,random,,PURSUER_WIN
open8,0,mixed,101,0,7.0,I-NTMCP l=0,0.0,EVADER_REACHED_GOAL
open8,0,mixed,101,1,1.0,shortest path,,PURSUER_WIN
open8,0,mixed,101,1,6.0,shortest path,,PURSUER_WIN
open8,0,mixed,101,1,0.0,random,,PURSUER_WIN
open8,0,mixed,101,1,2.0,I-NTMCP l=1,1.0,PURSUER_WIN
open8,0,mixed,101,1,3.0,I-NTMCP l=0,0.0,PURSUER_WIN
open8,0,mixed,101,1,13.0,shortest path,,PURSUER_WIN
open8,0,mixed,101,0,7.0,I-NTMCP l=1,1.0,EVADER_REACHED_GOAL
open8,0,mixed,101,1,6.0,I-NTMCP l=0,0.0,PURSUER_WIN
open8,0,mixed,101,1,3.0,shortest path,,PURSUER_WIN
open8,0,mixed,101,0,14.0,I-NTMCP l=1,1.0,EVADER_REACHED_GOAL
open8,0,mixed,101,1,5.0,I-NTMCP l=1,1.0,PURSUER_WIN
open8,0,mixed,101,1,9.0,shortest path,,PURSUER_WIN
open8,0,mixed,101,1,0.0,random,,PURSUER_WIN
open8,0,mixed,101,1,0.0,I-NTMCP l=1,1.0,PURSUER_WIN
open8,0,mixed,101,1,0.0,I-NTMCP l=1,1.0,PURSUER_WIN
open8,0,mixed,101,1,2.0,I-NTMCP l=0,0.0,PURSUER_WIN
open8,0,mixed,101,1,0.0,shortest path,,PURSUER_WIN
open8,0,mixed,101,1,5.0,random,,PURSUER_WIN
open8,0,mixed,101,1,3.0,I-NTMCP l=0,0.0,PURSUER_WIN
open8,0,mixed,101,1,0.0,I-NTMCP l=0,0.0,PURSUER_WIN
open8,0,mixed,101,1,5.0,I-NTMCP l=1,1.0,PURSUER_WIN
open8,0,mixed,101,1,6.0,I-NTMCP l=1,1.0,PURSUER_WIN
open8,0,mixed,101,1,3.0,shortest path,,PURSUER_WIN
open8,0,mixed,101,1,4.0,I-NTMCP l=1,1.0,PURSUER_WIN
open8,0,mixed,101,1,6.0,random,,PURSUER_WIN
open8,0,mixed,101,1,7.0,I-NTMCP l=1,1.0,PURSUER_WIN
open8,0,mixed,101,1,0.0,I-NTMCP l=1,1.0,PURSUER_WIN
open8,0,mixed,101,1,1.0,random,,PURSUER_WIN
open8,0,mixed,101,1,1.0,I-NTMCP l=1,1.0,PURSUER_WIN
open8,0,mixed,101,1,3.0,shortest path,,PURSUER_WIN
open8,0,mixed,101,1,3.0,random,,PURSUER_WIN
open8,0,mixed,101,0,10.0,I-NTMCP l=0,0.0,EVADER_REACHED_GOAL
open8,0,mixed,101,1,6.0,random,,PURSUER_WIN
open8,0,mixed,101,1,1.0,I-NTMCP l=0,0.0,PURSUER_WIN
open8,0,mixed,101,0,10.0,I-NTMCP l=0,0.0,EVADER_REACHED_GOAL
open8,0,mixed,101,1,1.0,random,,PURSUER_WIN
open8,0,mixed,101,1,2.0,I-NTMCP l=0,0.0,PURSUER_WIN
open8,0,mixed,102,1,0.0,shortest path,,PURSUER_WIN
open8,0,mixed,102,1,6.0,I-NTMCP l=0,0.0,PURSUER_WIN
open8,0,mixed,102,1,1.0,shortest path,,PURSUER_WIN
open8,0,mixed,102,1,3.0,shortest path,,PURSUER_WIN
open8,0,mixed,102,0,7.0,I-NTMCP l=1,1.0,EVADER_REACHED_GOAL
open8,0,mixed,102,1,3.0,I-NTMCP l=0,0.0,PURSUER_WIN
open8,0,mixed,102,0,7.0,I-NTMCP l=1,1.0,EVADER_REACHED_GOAL
open8,0,mixed,102,1,0.0,random,,PURSUER_WIN
open8,0,mixed,102,1,3.0,shortest path,,PURSUER_WIN
open8,0,mixed,102,1,2.0,I-NTMCP l=1,1.0,PURSUER_WIN
open8,0,mixed,102,1,3.0,I-NTMCP l=1,1.0,PURSUER_WIN
open8,0,mixed,102,1,1.0,shortest path,,PURSUER_WIN
open8,0,mixed,102,1,4.0,shortest path,,PURSUER_WIN
open8,0,mixed,102,1,0.0,random,,PURSUER_WIN
open8,0,mixed,102,1,2.0,random,,PURSUER_WIN
open8,0,mixed,102,1,1.0,shortest path,,PURSUER_WIN
open8,0,mixed,102,1,3.0,I-NTMCP l=1,1.0,PURSUER_WIN
open8,0,mixed,102,1,0.0,shortest path,,PURSUER_WIN
open8,0,mixed,102,0,14.0,shortest path,,EVADER_REACHED_GOAL
open8,0,mixed,102,0,7.0,I-NTMCP l=1,1.0,EVADER_REACHED_GOAL
open8,0,mixed,102,1,3.0,I-NTMCP l=1,1.0,PURSUER_WIN
open8,0,mixed,102,1,2.0,I-NTMCP l=1,1.0,PURSUER_WIN
open8,0,mixed,102,1,1.0,random,,PURSUER_WIN
open8,0,mixed,102,1,4.0,shortest path,,PURSUER_WIN
open8,0,mixed,102,1,4.0,random,,PURSUER_WIN
open8,0,mixed,102,1,0.0,I-NTMCP l=0,0.0,PURSUER_WIN
open8,0,mixed,102,1,3.0,I-NTMCP l=1,1.0,PURSUER_WIN
open8,0,mixed,102,1,5.0,shortest path,,PURSUER_WIN
open8,0,mixed,102,1,5.0,I-NTMCP l=1,1.0,PURSUER_WIN
open8,0,mixed,102,1,3.0,I-NTMCP l=1,1.0,PURSUER_WIN
open8,0,mixed,102,1,4.0,I-NTMCP l=1,1.0,PURSUER_WIN
open8,0,mixed,102,1,3.0,shortest path,,PURSUER_WIN
open8,0,mixed,102,1,0.0,shortest path,,PURSUER_WIN
open8,0,mixed,102,1,8.0,I-NTMCP l=0,0.0,PURSUER_WIN
open8,0,mixed,102,1,4.0,shortest path,,PURSUER_WIN
open8,0,mixed,102,1,0.0,random,,PURSUER_WIN
open8,0,mixed,102,1,2.0,shortest path,,PURSUER_WIN
open8,0,mixed,102,1,7.0,I-NTMCP l=0,0.0,PURSUER_WIN
open8,0,mixed,102,1,2.0,I-NTMCP l=1,1.0,PURSUER_WIN
open8,0,mixed,102,1,4.0,shortest path,,PURSUER_WIN
open8,0,mixed,102,1,0.0,I-NTMCP l=1,1.0,PURSUER_WIN
open8,0,mixed,102,1,2.0,I-NTMCP l=0,0.0,PURSUER_WIN
open8,0,mixed,102,0,7.0,I-NTMCP l=0,0.0,EVADER_REACHED_GOAL
open8,0,mixed,102,1,5.0,I-NTMCP l=1,1.0,PURSUER_WIN
open8,0,mixed,102,1,5.0,I-NTMCP l=1,1.0,PURSUER_WIN
open8,0,mixed,102,1,3.0,shortest path,,PURSUER_WIN
open8,0,mixed,102,1,3.0,I-NTMCP l=1,1.0,PURSUER_WIN
open8,0,mixed,102,0,7.0,shortest path,,EVADER_REACHED_GOAL
open8,0,mixed,102,1,8.0,shortest path,,PURSUER_WIN
open8,0,mixed,102,1,3.0,shortest path,,PURSUER_WIN
open8,0,mixed,103,1,5.0,I-NTMCP l=1,1.0,PURSUER_WIN
open8,0,mixed,103,1,2.0,shortest path,,PURSUER_WIN
open8,0,mixed,103,1,5.0,random,,PURSUER_WIN
open8,0,mixed,103,1,2.0,random,,PURSUER_WIN
open8,0,mixed,103,1,3.0,I-NTMCP l=1,1.0,PURSUER_WIN
open8,0,mixed,103,1,5.0,I-NTMCP l=1,1.0,PURSUER_WIN
open8,0,mixed,103,1,0.0,I-NTMCP l=0,0.0,PURSUER_WIN
open8,0,mixed,103,1,1.0,random,,PURSUER_WIN
open8,0,mixed,103,1,4.0,I-NTMCP l=1,1.0,PURSUER_WIN
open8,0,mixed,103,1,0.0,random,,PURSUER_WIN
open8,0,mixed,103,1,1.0,shortest path,,PURSUER_WIN
open8,0,mixed,103,1,3.0,shortest path,,PURSUER_WIN
open8,0,mixed,103,1,0.0,random,,PURSUER_WIN
open8,0,mixed,103,1,0.0,random,,PURSUER_WIN
open8,0,mixed,103,1,3.0,shortest path,,PURSUER_WIN
open8,0,mixed,103,1,10.0,random,,PURSUER_WIN
open8,0,mixed,103,1,2.0,shortest path,,PURSUER_WIN
open8,0,mixed,103,1,2.0,I-NTMCP l=0,0.0,PURSUER_WIN
open8,0,mixed,103,1,3.0,shortest path,,PURSUER_WIN
open8,0,mixed,103,1,0.0,I-NTMCP l=1,1.0,PURSUER_WIN
open8,0,mixed,103,0,7.0,I-NTMCP l=1,1.0,EVADER_REACHED_GOAL
open8,0,mixed,103,1,3.0,shortest path,,PURSUER_WIN
open8,0,mixed,103,1,0.0,shortest path,,PURSUER_WIN
open8,0,mixed,103,1,4.0,random,,PURSUER_WIN
open8,0,mixed,103,1,0.0,I-NTMCP l=0,0.0,PURSUER_WIN
open8,0,mixed,103,1,2.0,shortest path,,PURSUER_WIN
open8,0,mixed,103,1,4.0,shortest path,,PURSUER_WIN
open8,0,mixed,103,1,0.0,I-NTMCP l=1,1.0,PURSUER_WIN
open8,0,mixed,103,1,2.0,I-NTMCP l=0,0.0,PURSUER_WIN
open8,0,mixed,103,1,3.0,I-NTMCP l=0,0.0,PURSUER_WIN
open8,0,mixed,103,1,9.0,shortest path,,PURSUER_WIN
open8,0,mixed,103,1,6.0,I-NTMCP l=1,1.0,PURSUER_WIN
open8,0,mixed,103,1,7.0,shortest path,,PURSUER_WIN
open8,0,mixed,103,1,9.0,I-NTMCP l=0,0.0,PURSUER_WIN
open8,0,mixed,103,1,4.0,random,,PURSUER_WIN
open8,0,mixed,103,1,4.0,I-NTMCP l=1,1.0,PURSUER_WIN
open8,0,mixed,103,1,0.0,shortest path,,PURSUER_WIN
open8,0,mixed,103,1,1.0,shortest path,,PURSUER_WIN
open8,0,mixed,103,1,4.0,I-NTMCP l=1,1.0,PURSUER_WIN
open8,0,mixed,103,1,6.0,I-NTMCP l=0,0.0,PURSUER_WIN
open8,0,mixed,103,1,3.0,random,,PURSUER_WIN
open8,0,mixed,103,0,11.0,I-NTMCP l=1,1.0,EVADER_REACHED_GOAL
open8,0,mixed,103,1,2.0,I-NTMCP l=0,0.0,PURSUER_WIN
open8,0,mixed,103,1,3.0,random,,PURSUER_WIN
open8,0,mixed,103,1,6.0,random,,PURSUER_WIN
open8,0,mixed,103,1,4.0,I-NTMCP l=0,0.0,PURSUER_WIN
open8,0,mixed,103,1,2.0,I-NTMCP l=1,1.0,PURSUER_WIN
open8,0,mixed,103,1,4.0,random,,PURSUER_WIN
open8,0,mixed,103,1,1.0,random,,PURSUER_WIN
open8,0,mixed,103,1,7.0,I-NTMCP l=1,1.0,PURSUER_WIN
open8,0,mixed,104,1,6.0,random,,PURSUER_WIN
open8,0,mixed,104,1,17.0,shortest path,,PURSUER_WIN
open8,0,mixed,104,1,2.0,shortest path,,PURSUER_WIN
open8,0,mixed,104,1,5.0,I-NTMCP l=1,1.0,PURSUER_WIN
open8,0,mixed,104,1,3.0,I-NTMCP l=0,0.0,PURSUER_WIN
open8,0,mixed,104,1,4.0,random,,PURSUER_WIN
open8,0,mixed,104,1,0.0,shortest path,,PURSUER_WIN
open8,0,mixed,104,1,3.0,random,,PURSUER_WIN
open8,0,mixed,104,1,4.0,shortest path,,PURSUER_WIN
open8,0,mixed,104,1,6.0,random,,PURSUER_WIN
open8,0,mixed,104,0,9.0,shortest path,,EVADER_REACHED_GOAL
open8,0,mixed,104,1,0.0,random,,PURSUER_WIN
open8,0,mixed,104,1,2.0,random,,PURSUER_WIN
open8,0,mixed,104,0,11.0,I-NTMCP l=0,0.0,EVADER_REACHED_GOAL
open8,0,mixed,104,1,0.0,I-NTMCP l=0,0.0,PURSUER_WIN
open8,0,mixed,104,1,3.0,random,,PURSUER_WIN
open8,0,mixed,104,1,3.0,shortest path,,PURSUER_WIN
open8,0,mixed,104,1,0.0,I-NTMCP l=0,0.0,PURSUER_WIN
open8,0,mixed,104,0,11.0,I-NTMCP l=1,1.0,EVADER_REACHED_GOAL
open8,0,mixed,104,0,10.0,I-NTMCP l=0,0.0,EVADER_REACHED_GOAL
open8,0,mixed,104,1,3.0,shortest path,,PURSUER_WIN
open8,0,mixed,104,1,0.0,I-NTMCP l=0,0.0,PURSUER_WIN
open8,0,mixed,104,1,5.0,I-NTMCP l=1,1.0,PURSUER_WIN
open8,0,mixed,104,1,3.0,random,,PURSUER_WIN
open8,0,mixed,104,1,3.0,I-NTMCP l=1,1.0,PURSUER_WIN
open8,0,mixed,104,0,14.0,I-NTMCP l=1,1.0,EVADER_REACHED_GOAL
open8,0,mixed,104,0,7.0,shortest path,,EVADER_REACHED_GOAL
open8,0,mixed,104,1,3.0,I-NTMCP l=0,0.0,PURSUER_WIN
open8,0,mixed,104,1,0.0,shortest path,,PURSUER_WIN
open8,0,mixed,104,1,0.0,random,,PURSUER_WIN
open8,0,mixed,104,1,0.0,random,,PURSUER_WIN
open8,0,mixed,104,1,14.0,random,,PURSUER_WIN
open8,0,mixed,104,1,3.0,random,,PURSUER_WIN
open8,0,mixed,104,1,1.0,shortest path,,PURSUER_WIN
open8,0,mixed,104,1,3.0,I-NTMCP l=0,0.0,PURSUER_WIN
open8,0,mixed,104,1,2.0,I-NTMCP l=1,1.0,PURSUER_WIN
open8,0,mixed,104,1,6.0,I-NTMCP l=0,0.0,PURSUER_WIN
open8,0,mixed,104,1,3.0,random,,PURSUER_WIN
open8,0,mixed,104,1,7.0,I-NTMCP l=0,0.0,PURSUER_WIN
open8,0,mixed,104,1,1.0,shortest path,,PURSUER_WIN
open8,0,mixed,104,1,3.0,random,,PURSUER_WIN
open8,0,mixed,104,1,0.0,random,,PURSUER_WIN
open8,0,mixed,104,0,7.0,I-NTMCP l=1,1.0,EVADER_REACHED_GOAL
open8,0,mixed,104,1,6.0,I-NTMCP l=1,1.0,PURSUER_WIN
open8,0,mixed,104,1,1.0,shortest path,,PURSUER_WIN
open8,0,mixed,104,1,1.0,shortest path,,PURSUER_WIN
open8,0,mixed,104,1,1.0,shortest path,,PURSUER_WIN
open8,0,mixed,104,1,1.0,shortest path,,PURSUER_WIN
open8,0,mixed,104,1,7.0,shortest path,,PURSUER_WIN
open8,0,mixed,104,1,5.0,random,,PURSUER_WIN
open8,0,mixed,105,1,1.0,I-NTMCP l=0,0.0,PURSUER_WIN
open8,0,mixed,105,1,0.0,random,,PURSUER_WIN
open8,0,mixed,105,1,10.0,random,,PURSUER_WIN
open8,0,mixed,105,0,7.0,I-NTMCP l=0,0.0,EVADER_REACHED_GOAL
open8,0,mixed,105,1,0.0,I-NTMCP l=0,0.0,PURSUER_WIN
open8,0,mixed,105,1,2.0,I-NTMCP l=0,0.0,PURSUER_WIN
open8,0,mixed,105,1,4.0,shortest path,,PURSUER_WIN
open8,0,mixed,105,0,10.0,I-NTMCP l=0,0.0,EVADER_REACHED_GOAL
open8,0,mixed,105,1,0.0,shortest path,,PURSUER_WIN
open8,0,mixed,105,1,1.0,shortest path,,PURSUER_WIN
open8,0,mixed,105,1,0.0,random,,PURSUER_WIN
open8,0,mixed,105,1,0.0,I-NTMCP l=1,1.0,PURSUER_WIN
open8,0,mixed,105,0,7.0,I-NTMCP l=0,0.0,EVADER_REACHED_GOAL
open8,0,mixed,105,1,3.0,shortest path,,PURSUER_WIN
open8,0,mixed,105,0,7.0,I-NTMCP l=1,1.0,EVADER_REACHED_GOAL
open8,0,mixed,105,1,5.0,I-NTMCP l=1,1.0,PURSUER_WIN
open8,0,mixed,105,0,7.0,I-NTMCP l=1,1.0,EVADER_REACHED_GOAL
open8,0,mixed,105,1,3.0,I-NTMCP l=1,1.0,PURSUER_WIN
open8,0,mixed,105,1,1.0,shortest path,,PURSUER_WIN
open8,0,mixed,105,1,5.0,shortest path,,PURSUER_WIN
open8,0,mixed,105,1,0.0,I-NTMCP l=0,0.0,PURSUER_WIN
open8,0,mixed,105,1,2.0,I-NTMCP l=0,0.0,PURSUER_WIN
open8,0,mixed,105,1,4.0,random,,PURSUER_WIN
open8,0,mixed,105,1,5.0,I-NTMCP l=0,0.0,PURSUER_WIN
open8,0,mixed,105,1,0.0,random,,PURSUER_WIN
open8,0,mixed,105,1,3.0,I-NTMCP l=0,0.0,PURSUER_WIN
open8,0,mixed,105,1,2.0,shortest path,,PURSUER_WIN
open8,0,mixed,105,1,1.0,I-NTMCP l=1,1.0,PURSUER_WIN
open8,0,mixed,105,0,10.0,I-NTMCP l=1,1.0,EVADER_REACHED_GOAL
open8,0,mixed,105,0,7.0,I-NTMCP l=1,1.0,EVADER_REACHED_GOAL
open8,0,mixed,105,1,1.0,I-NTMCP l=0,0.0,PURSUER_WIN
open8,0,mixed,105,1,3.0,random,,PURSUER_WIN
open8,0,mixed,105,1,2.0,I-NTMCP l=1,1.0,PURSUER_WIN
open8,0,mixed,105,0,7.0,I-NTMCP l=0,0.0,EVADER_REACHED_GOAL
open8,0,mixed,105,1,5.0,I-NTMCP l=0,0.0,PURSUER_WIN
open8,0,mixed,105,0,7.0,I-NTMCP l=0,0.0,EVADER_REACHED_GOAL
open8,0,mixed,105,1,5.0,shortest path,,PURSUER_WIN
open8,0,mixed,105,1,1.0,random,,PURSUER_WIN
open8,0,mixed,105,1,2.0,I-NTMCP l=1,1.0,PURSUER_WIN
open8,0,mixed,105,1,0.0,I-NTMCP l=1,1.0,PURSUER_WIN
open8,0,mixed,105,0,7.0,I-NTMCP l=0,0.0,EVADER_REACHED_GOAL
open8,0,mixed,105,1,6.0,random,,PURSUER_WIN
open8,0,mixed,105,1,1.0,shortest path,,PURSUER_WIN
open8,0,mixed,105,1,9.0,shortest path,,PURSUER_WIN
open8,0,mixed,105,1,5.0,random,,PURSUER_WIN
open8,0,mixed,105,1,0.0,shortest path,,PURSUER_WIN
open8,0,mixed,105,1,9.0,I-NTMCP l=0,0.0,PURSUER_WIN
open8,0,mixed,105,1,1.0,I-NTMCP l=1,1.0,PURSUER_WIN
open8,0,mixed,105,1,3.0,I-NTMCP l=1,1.0,PURSUER_WIN
open8,0,mixed,105,0,9.0,shortest path,,EVADER_REACHED_GOAL
open8,0,mixed,106,1,2.0,I-NTMCP l=1,1.0,PURSUER_WIN
open8,0,mixed,106,1,3.0,random,,PURSUER_WIN
open8,0,mixed,106,0,7.0,I-NTMCP l=1,1.0,EVADER_REACHED_GOAL
open8,0,mixed,106,1,3.0,random,,PURSUER_WIN
open8,0,mixed,106,1,6.0,I-NTMCP l=0,0.0,PURSUER_WIN
open8,0,mixed,106,1,3.0,random,,PURSUER_WIN
open8,0,mixed,106,1,2.0,shortest path,,PURSUER_WIN
open8,0,mixed,106,1,4.0,I-NTMCP l=1,1.0,PURSUER_WIN
open8,0,mixed,106,1,9.0,I-NTMCP l=0,0.0,PURSUER_WIN
open8,0,mixed,106,1,1.0,I-NTMCP l=1,1.0,PURSUER_WIN
open8,0,mixed,106,1,5.0,I-NTMCP l=1,1.0,PURSUER_WIN
open8,0,mixed,106,1,6.0,I-NTMCP l=0,0.0,PURSUER_WIN
open8,0,mixed,106,1,4.0,shortest path,,PURSUER_WIN
open8,0,mixed,106,1,8.0,I-NTMCP l=1,1.0,PURSUER_WIN
open8,0,mixed,106,1,0.0,I-NTMCP l=0,0.0,PURSUER_WIN
open8,0,mixed,106,1,0.0,I-NTMCP l=1,1.0,PURSUER_WIN
open8,0,mixed,106,1,8.0,shortest path,,PURSUER_WIN
open8,0,mixed,106,1,1.0,shortest path,,PURSUER_WIN
open8,0,mixed,106,1,3.0,I-NTMCP l=0,0.0,PURSUER_WIN
open8,0,mixed,106,1,2.0,I-NTMCP l=0,0.0,PURSUER_WIN
open8,0,mixed,106,1,3.0,I-NTMCP l=1,1.0,PURSUER_WIN
open8,0,mixed,106,1,3.0,I-NTMCP l=0,0.0,PURSUER_WIN
open8,0,mixed,106,1,3.0,random,,PURSUER_WIN
open8,0,mixed,106,1,1.0,I-NTMCP l=0,0.0,PURSUER_WIN
open8,0,mixed,106,1,1.0,I-NTMCP l=0,0.0,PURSUER_WIN
open8,0,mixed,106,1,0.0,I-NTMCP l=0,0.0,PURSUER_WIN
open8,0,mixed,106,1,4.0,shortest path,,PURSUER_WIN
open8,0,mixed,106,1,1.0,shortest path,,PURSUER_WIN
open8,0,mixed,106,1,0.0,I-NTMCP l=1,1.0,PURSUER_WIN
open8,0,mixed,106,1,4.0,random,,PURSUER_WIN
open8,0,mixed,106,1,7.0,random,,PURSUER_WIN
open8,0,mixed,106,1,8.0,random,,PURSUER_WIN
open8,0,mixed,106,1,6.0,I-NTMCP l=0,0.0,PURSUER_WIN
open8,0,mixed,106,1,6.0,random,,PURSUER_WIN
open8,0,mixed,106,1,0.0,shortest path,,PURSUER_WIN
open8,0,mixed,106,1,3.0,I-NTMCP l=0,0.0,PURSUER_WIN
open8,0,mixed,106,1,4.0,I-NTMCP l=1,1.0,PURSUER_WIN
open8,0,mixed,106,0,7.0,I-NTMCP l=0,0.0,EVADER_REACHED_GOAL
open8,0,mixed,106,1,0.0,I-NTMCP l=0,0.0,PURSUER_WIN
open8,0,mixed,106,0,7.0,I-NTMCP l=1,1.0,EVADER_REACHED_GOAL
open8,0,mixed,106,1,0.0,I-NTMCP l=1,1.0,PURSUER_WIN
open8,0,mixed,106,0,10.0,I-NTMCP l=1,1.0,EVADER_REACHED_GOAL
open8,0,mixed,106,1,1.0,shortest path,,PURSUER_WIN
open8,0,mixed,106,1,5.0,shortest path,,PURSUER_WIN
open8,0,mixed,106,1,3.0,shortest path,,PURSUER_WIN
open8,0,mixed,106,0,7.0,I-NTMCP l=1,1.0,EVADER_REACHED_GOAL
open8,0,mixed,106,1,3.0,shortest path,,PURSUER_WIN
open8,0,mixed,106,1,3.0,shortest path,,PURSUER_WIN
open8,0,mixed,106,1,10.0,shortest path,,PURSUER_WIN
open8,0,mixed,106,1,0.0,shortest path,,PURSUER_WIN
open8,0,mixed,107,1,2.0,shortest path,,PURSUER_WIN
open8,0,mixed,107,1,0.0,I-NTMCP l=1,1.0,PURSUER_WIN
open8,0,mixed,107,1,1.0,I-NTMCP l=1,1.0,PURSUER_WIN
open8,0,mixed,107,0,8.0,I-NTMCP l=0,0.0,EVADER_REACHED_GOAL
open8,0,mixed,107,1,1.0,shortest path,,PURSUER_WIN
open8,0,mixed,107,1,0.0,I-NTMCP l=1,1.0,PURSUER_WIN
open8,0,mixed,107,1,3.0,random,,PURSUER_WIN
open8,0,mixed,107,1,0.0,I-NTMCP l=0,0.0,PURSUER_WIN
open8,0,mixed,107,1,0.0,I-NTMCP l=0,0.0,PURSUER_WIN
open8,0,mixed,107,1,4.0,random,,PURSUER_WIN
open8,0,mixed,107,0,7.0,I-NTMCP l=0,0.0,EVADER_REACHED_GOAL
open8,0,mixed,107,1,2.0,I-NTMCP l=0,0.0,PURSUER_WIN
open8,0,mixed,107,1,0.0,shortest path,,PURSUER_WIN
open8,0,mixed,107,1,0.0,shortest path,,PURSUER_WIN
open8,0,mixed,107,0,7.0,shortest path,,EVADER_REACHED_GOAL
open8,0,mixed,107,1,2.0,shortest path,,PURSUER_WIN
open8,0,mixed,107,1,0.0,shortest path,,PURSUER_WIN
open8,0,mixed,107,1,4.0,shortest path,,PURSUER_WIN
open8,0,mixed,107,1,2.0,I-NTMCP l=0,0.0,PURSUER_WIN
open8,0,mixed,107,1,7.0,random,,PURSUER_WIN
open8,0,mixed,107,1,5.0,random,,PURSUER_WIN
open8,0,mixed,107,1,9.0,shortest path,,PURSUER_WIN
open8,0,mixed,107,1,6.0,random,,PURSUER_WIN
open8,0,mixed,107,1,4.0,I-NTMCP l=1,1.0,PURSUER_WIN
open8,0,mixed,107,1,0.0,shortest path,,PURSUER_WIN
open8,0,mixed,107,1,1.0,shortest path,,PURSUER_WIN
open8,0,mixed,107,0,10.0,I-NTMCP l=1,1.0,EVADER_REACHED_GOAL
open8,0,mixed,107,1,5.0,I-NTMCP l=0,0.0,PURSUER_WIN
open8,0,mixed,107,1,5.0,random,,PURSUER_WIN
open8,0,mixed,107,1,6.0,shortest path,,PURSUER_WIN
open8,0,mixed,107,1,1.0,I-NTMCP l=0,0.0,PURSUER_WIN
open8,0,mixed,107,1,2.0,I-NTMCP l=1,1.0,PURSUER_WIN
open8,0,mixed,107,1,3.0,I-NTMCP l=1,1.0,PURSUER_WIN
open8,0,mixed,107,1,1.0,shortest path,,PURSUER_WIN
open8,0,mixed,107,1,5.0,random,,PURSUER_WIN
open8,0,mixed,107,1,2.0,I-NTMCP l=0,0.0,PURSUER_WIN
open8,0,mixed,107,0,7.0,I-NTMCP l=1,1.0,EVADER_REACHED_GOAL
open8,0,mixed,107,1,0.0,I-NTMCP l=0,0.0,PURSUER_WIN
open8,0,mixed,107,1,0.0,I-NTMCP l=0,0.0,PURSUER_WIN
open8,0,mixed,107,1,3.0,random,,PURSUER_WIN
open8,0,mixed,107,1,3.0,I-NTMCP l=1,1.0,PURSUER_WIN
open8,0,mixed,107,0,7.0,I-NTMCP l=0,0.0,EVADER_REACHED_GOAL
open8,0,mixed,107,1,1.0,shortest path,,PURSUER_WIN
open8,0,mixed,107,1,0.0,shortest path,,PURSUER_WIN
open8,0,mixed,107,1,2.0,shortest path,,PURSUER_WIN
open8,0,mixed,107,1,5.0,random,,PURSUER_WIN
open8,0,mixed,107,1,1.0,I-NTMCP l=1,1.0,PURSUER_WIN
open8,0,mixed,107,1,1.0,shortest path,,PURSUER_WIN
open8,0,mixed,107,1,1.0,shortest path,,PURSUER_WIN
open8,0,mixed,107,1,3.0,I-NTMCP l=0,0.0,PURSUER_WIN
open8,0,mixed,108,1,3.0,shortest path,,PURSUER_WIN
open8,0,mixed,108,1,0.0,random,,PURSUER_WIN
open8,0,mixed,108,1,7.0,I-NTMCP l=1,1.0,PURSUER_WIN
open8,0,mixed,108,1,0.0,I-NTMCP l=0,0.0,PURSUER_WIN
open8,0,mixed,108,0,11.0,I-NTMCP l=1,1.0,EVADER_REACHED_GOAL
open8,0,mixed,108,0,14.0,shortest path,,EVADER_REACHED_GOAL
open8,0,mixed,108,1,8.0,random,,PURSUER_WIN
open8,0,mixed,108,1,1.0,I-NTMCP l=0,0.0,PURSUER_WIN
open8,0,mixed,108,1,6.0,shortest path,,PURSUER_WIN
open8,0,mixed,108,1,1.0,shortest path,,PURSUER_WIN
open8,0,mixed,108,1,2.0,shortest path,,PURSUER_WIN
open8,0,mixed,108,1,1.0,I-NTMCP l=0,0.0,PURSUER_WIN
open8,0,mixed,108,1,2.0,shortest path,,PURSUER_WIN
open8,0,mixed,108,1,2.0,random,,PURSUER_WIN
open8,0,mixed,108,1,4.0,shortest path,,PURSUER_WIN
open8,0,mixed,108,1,4.0,random,,PURSUER_WIN
open8,0,mixed,108,1,1.0,I-NTMCP l=1,1.0,PURSUER_WIN
open8,0,mixed,108,1,3.0,random,,PURSUER_WIN
open8,0,mixed,108,1,2.0,I-NTMCP l=0,0.0,PURSUER_WIN
open8,0,mixed,108,1,0.0,I-NTMCP l=1,1.0,PURSUER_WIN
open8,0,mixed,108,1,0.0,shortest path,,PURSUER_WIN
open8,0,mixed,108,1,0.0,random,,PURSUER_WIN
open8,0,mixed,108,1,0.0,I-NTMCP l=1,1.0,PURSUER_WIN
open8,0,mixed,108,1,4.0,random,,PURSUER_WIN
open8,0,mixed,108,1,1.0,I-NTMCP l=0,0.0,PURSUER_WIN
open8,0,mixed,108,1,6.0,I-NTMCP l=0,0.0,PURSUER_WIN
open8,0,mixed,108,1,3.0,shortest path,,PURSUER_WIN
open8,0,mixed,108,1,2.0,shortest path,,PURSUER_WIN
open8,0,mixed,108,1,4.0,I-NTMCP l=1,1.0,PURSUER_WIN
open8,0,mixed,108,1,4.0,shortest path,,PURSUER_WIN
open8,0,mixed,108,1,3.0,random,,PURSUER_WIN
open8,0,mixed,108,1,1.0,random,,PURSUER_WIN
open8,0,mixed,108,1,1.0,I-NTMCP l=1,1.0,PURSUER_WIN
open8,0,mixed,108,1,3.0,random,,PURSUER_WIN
open8,0,mixed,108,1,4.0,I-NTMCP l=1,1.0,PURSUER_WIN
open8,0,mixed,108,1,0.0,shortest path,,PURSUER_WIN
open8,0,mixed,108,1,3.0,I-NTMCP l=0,0.0,PURSUER_WIN
open8,0,mixed,108,1,6.0,shortest path,,PURSUER_WIN
open8,0,mixed,108,1,4.0,I-NTMCP l=1,1.0,PURSUER_WIN
open8,0,mixed,108,1,5.0,random,,PURSUER_WIN
open8,0,mixed,108,1,6.0,I-NTMCP l=0,0.0,PURSUER_WIN
open8,0,mixed,108,1,3.0,shortest path,,PURSUER_WIN
open8,0,mixed,108,1,0.0,shortest path,,PURSUER_WIN
open8,0,mixed,108,0,7.0,I-NTMCP l=0,0.0,EVADER_REACHED_GOAL
open8,0,mixed,108,1,3.0,shortest path,,PURSUER_WIN
open8,0,mixed,108,1,9.0,random,,PURSUER_WIN
open8,0,mixed,108,1,5.0,shortest path,,PURSUER_WIN
open8,0,mixed,108,1,9.0,I-NTMCP l=1,1.0,PURSUER_WIN
open8,0,mixed,108,1,5.0,I-NTMCP l=1,1.0,PURSUER_WIN
open8,0,mixed,108,1,0.0,shortest path,,PURSUER_WIN
open8,0,mixed,109,1,4.0,I-NTMCP l=0,0.0,PURSUER_WIN
open8,0,mixed,109,0,9.0,shortest path,,EVADER_REACHED_GOAL
open8,0,mixed,109,1,0.0,I-NTMCP l=1,1.0,PURSUER_WIN
open8,0,mixed,109,1,1.0,I-NTMCP l=1,1.0,PURSUER_WIN
open8,0,mixed,109,1,0.0,random,,PURSUER_WIN
open8,0,mixed,109,1,3.0,random,,PURSUER_WIN
open8,0,mixed,109,1,2.0,shortest path,,PURSUER_WIN
open8,0,mixed,109,1,3.0,I-NTMCP l=1,1.0,PURSUER_WIN
open8,0,mixed,109,1,2.0,I-NTMCP l=0,0.0,PURSUER_WIN
open8,0,mixed,109,1,6.0,random,,PURSUER_WIN
open8,0,mixed,109,1,3.0,shortest path,,PURSUER_WIN
open8,0,mixed,109,1,0.0,I-NTMCP l=1,1.0,PURSUER_WIN
open8,0,mixed,109,1,2.0,I-NTMCP l=0,0.0,PURSUER_WIN
open8,0,mixed,109,1,0.0,I-NTMCP l=1,1.0,PURSUER_WIN
open8,0,mixed,109,1,4.0,shortest path,,PURSUER_WIN
open8,0,mixed,109,0,11.0,I-NTMCP l=0,0.0,EVADER_REACHED_GOAL
open8,0,mixed,109,1,6.0,I-NTMCP l=0,0.0,PURSUER_WIN
open8,0,mixed,109,1,2.0,random,,PURSUER_WIN
open8,0,mixed,109,1,4.0,shortest path,,PURSUER_WIN
open8,0,mixed,109,1,3.0,random,,PURSUER_WIN
open8,0,mixed,109,1,4.0,I-NTMCP l=0,0.0,PURSUER_WIN
open8,0,mixed,109,1,7.0,shortest path,,PURSUER_WIN
open8,0,mixed,109,0,9.0,shortest path,,EVADER_REACHED_GOAL
open8,0,mixed,109,1,1.0,shortest path,,PURSUER_WIN
open8,0,mixed,109,1,3.0,I-NTMCP l=1,1.0,PURSUER_WIN
open8,0,mixed,109,1,4.0,I-NTMCP l=1,1.0,PURSUER_WIN
open8,0,mixed,109,1,2.0,shortest path,,PURSUER_WIN
open8,0,mixed,109,1,3.0,I-NTMCP l=1,1.0,PURSUER_WIN
open8,0,mixed,109,1,0.0,I-NTMCP l=0,0.0,PURSUER_WIN
open8,0,mixed,109,1,7.0,shortest path,,PURSUER_WIN
open8,0,mixed,109,0,14.0,shortest path,,EVADER_REACHED_GOAL
open8,0,mixed,109,1,4.0,random,,PURSUER_WIN
open8,0,mixed,109,1,3.0,random,,PURSUER_WIN
open8,0,mixed,109,1,6.0,I-NTMCP l=1,1.0,PURSUER_WIN
open8,0,mixed,109,1,5.0,I-NTMCP l=1,1.0,PURSUER_WIN
open8,0,mixed,109,1,4.0,I-NTMCP l=1,1.0,PURSUER_WIN
open8,0,mixed,109,1,3.0,random,,PURSUER_WIN
open8,0,mixed,109,1,0.0,I-NTMCP l=0,0.0,PURSUER_WIN
open8,0,mixed,109,1,4.0,shortest path,,PURSUER_WIN
open8,0,mixed,109,1,1.0,I-NTMCP l=1,1.0,PURSUER_WIN
open8,0,mixed,109,1,3.0,random,,PURSUER_WIN
open8,0,mixed,109,1,5.0,random,,PURSUER_WIN
open8,0,mixed,109,1,3.0,I-NTMCP l=0,0.0,PURSUER_WIN
open8,0,mixed,109,1,0.0,I-NTMCP l=1,1.0,PURSUER_WIN
open8,0,mixed,109,1,0.0,I-NTMCP l=0,0.0,PURSUER_WIN
open8,0,mixed,109,0,10.0,I-NTMCP l=1,1.0,EVADER_REACHED_GOAL
open8,0,mixed,109,1,9.0,random,,PURSUER_WIN
open8,0,mixed,109,1,2.0,random,,PURSUER_WIN
open8,0,mixed,109,1,0.0,I-NTMCP l=1,1.0,PURSUER_WIN
open8,0,mixed,109,1,0.0,random,,PURSUER_WIN
open8,1,l0,100,1,3.0,I-NTMCP l=0,0.0,PURSUER_WIN
open8,1,l0,100,1,3.0,I-NTMCP l=0,0.0,PURSUER_WIN
open8,1,l0,100,1,1.0,I-NTMCP l=0,0.0,PURSUER_WIN
open8,1,l0,100,1,2.0,I-NTMCP l=0,0.0,PURSUER_WIN
open8,1,l0,100,0,7.0,I-NTMCP l=0,0.0,EVADER_REACHED_GOAL
open8,1,l0,100,1,1.0,I-NTMCP l=0,0.0,PURSUER_WIN
open8,1,l0,100,1,2.0,I-NTMCP l=0,0.0,PURSUER_WIN
open8,1,l0,100,1,2.0,I-NTMCP l=0,0.0,PURSUER_WIN
open8,1,l0,100,1,3.0,I-NTMCP l=0,0.0,PURSUER_WIN
open8,1,l0,100,1,4.0,I-NTMCP l=0,0.0,PURSUER_WIN
open8,1,l0,100,1,1.0,I-NTMCP l=0,0.0,PURSUER_WIN
open8,1,l0,100,1,2.0,I-NTMCP l=0,0.0,PURSUER_WIN
open8,1,l0,100,1,6.0,I-NTMCP l=0,0.0,PURSUER_WIN
open8,1,l0,100,1,5.0,I-NTMCP l=0,0.0,PURSUER_WIN
open8,1,l0,100,1,0.0,I-NTMCP l=0,0.0,PURSUER_WIN
open8,1,l0,100,1,4.0,I-NTMCP l=0,0.0,PURSUER_WIN
open8,1,l0,100,1,2.0,I-NTMCP l=0,0.0,PURSUER_WIN
open8,1,l0,100,1,0.0,I-NTMCP l=0,0.0,PURSUER_WIN
open8,1,l0,100,1,3.0,I-NTMCP l=0,0.0,PURSUER_WIN
open8,1,l0,100,0,10.0,I-NTMCP l=0,0.0,EVADER_REACHED_GOAL
open8,1,l0,100,1,3.0,I-NTMCP l=0,0.0,PURSUER_WIN
open8,1,l0,100,1,3.0,I-NTMCP l=0,0.0,PURSUER_WIN
open8,1,l0,100,1,2.0,I-NTMCP l=0,0.0,PURSUER_WIN
open8,1,l0,100,1,0.0,I-NTMCP l=0,0.0,PURSUER_WIN
open8,1,l0,100,1,1.0,I-NTMCP l=0,0.0,PURSUER_WIN
open8,1,l0,100,1,0.0,I-NTMCP l=0,0.0,PURSUER_WIN
open8,1,l0,100,1,4.0,I-NTMCP l=0,0.0,PURSUER_WIN
open8,1,l0,100,1,8.0,I-NTMCP l=0,0.0,PURSUER_WIN
open8,1,l0,100,1,6.0,I-NTMCP l=0,0.0,PURSUER_WIN
open8,1,l0,100,1,0.0,I-NTMCP l=0,0.0,PURSUER_WIN
open8,1,l0,100,1,0.0,I-NTMCP l=0,0.0,PURSUER_WIN
open8,1,l0,100,1,2.0,I-NTMCP l=0,0.0,PURSUER_WIN
open8,1,l0,100,1,3.0,I-NTMCP l=0,0.0,PURSUER_WIN
open8,1,l0,100,1,3.0,I-NTMCP l=0,0.0,PURSUER_WIN
open8,1,l0,100,1,6.0,I-NTMCP l=0,0.0,PURSUER_WIN
open8,1,l0,100,1,8.0,I-NTMCP l=0,0.0,PURSUER_WIN
open8,1,l0,100,1,2.0,I-NTMCP l=0,0.0,PURSUER_WIN
open8,1,l0,100,1,4.0,I-NTMCP l=0,0.0,PURSUER_WIN
open8,1,l0,100,1,2.0,I-NTMCP l=0,0.0,PURSUER_WIN
open8,1,l0,100,1,3.0,I-NTMCP l=0,0.0,PURSUER_WIN
open8,1,l0,100,1,1.0,I-NTMCP l=0,0.0,PURSUER_WIN
open8,1,l0,100,1,2.0,I-NTMCP l=0,0.0,PURSUER_WIN
open8,1,l0,100,1,4.0,I-NTMCP l=0,0.0,PURSUER_WIN
open8,1,l0,100,1,2.0,I-NTMCP l=0,0.0,PURSUER_WIN
open8,1,l0,100,1,2.0,I-NTMCP l=0,0.0,PURSUER_WIN
open8,1,l0,100,1,3.0,I-NTMCP l=0,0.0,PURSUER_WIN
open8,1,l0,100,1,1.0,I-NTMCP l=0,0.0,PURSUER_WIN
open8,1,l0,100,1,2.0,I-NTMCP l=0,0.0,PURSUER_WIN
open8,1,l0,100,1,4.0,I-NTMCP l=0,0.0,PURSUER_WIN
open8,1,l0,100,1,4.0,I-NTMCP l=0,0.0,PURSUER_WIN
open8,1,l0,101,1,5.0,I-NTMCP l=0,0.0,PURSUER_WIN
open8,1,l0,101,1,4.0,I-NTMCP l=0,0.0,PURSUER_WIN
open8,1,l0,101,0,7.0,I-NTMCP l=0,0.0,EVADER_REACHED_GOAL
open8,1,l0,101,1,2.0,I-NTMCP l=0,0.0,PURSUER_WIN
open8,1,l0,101,1,2.0,I-NTMCP l=0,0.0,PURSUER_WIN
open8,1,l0,101,1,6.0,I-NTMCP l=0,0.0,PURSUER_WIN
open8,1,l0,101,0,7.0,I-NTMCP l=0,0.0,EVADER_REACHED_GOAL
open8,1,l0,101,1,2.0,I-NTMCP l=0,0.0,PURSUER_WIN
open8,1,l0,101,1,4.0,I-NTMCP l=0,0.0,PURSUER_WIN
open8,1,l0,101,1,4.0,I-NTMCP l=0,0.0,PURSUER_WIN
open8,1,l0,101,1,4.0,I-NTMCP l=0,0.0,PURSUER_WIN
open8,1,l0,101,1,4.0,I-NTMCP l=0,0.0,PURSUER_WIN
open8,1,l0,101,1,4.0,I-NTMCP l=0,0.0,PURSUER_WIN
open8,1,l0,101,1,0.0,I-NTMCP l=0,0.0,PURSUER_WIN
open8,1,l0,101,1,3.0,I-NTMCP l=0,0.0,PURSUER_WIN
open8,1,l0,101,1,1.0,I-NTMCP l=0,0.0,PURSUER_WIN
open8,1,l0,101,1,0.0,I-NTMCP l=0,0.0,PURSUER_WIN
open8,1,l0,101,1,5.0,I-NTMCP l=0,0.0,PURSUER_WIN
open8,1,l0,101,1,1.0,I-NTMCP l=0,0.0,PURSUER_WIN
open8,1,l0,101,1,2.0,I-NTMCP l=0,0.0,PURSUER_WIN
open8,1,l0,101,1,1.0,I-NTMCP l=0,0.0,PURSUER_WIN
open8,1,l0,101,1,5.0,I-NTMCP l=0,0.0,PURSUER_WIN
open8,1,l0,101,1,0.0,I-NTMCP l=0,0.0,PURSUER_WIN
open8,1,l0,101,0,7.0,I-NTMCP l=0,0.0,EVADER_REACHED_GOAL
open8,1,l0,101,1,1.0,I-NTMCP l=0,0.0,PURSUER_WIN
open8,1,l0,101,1,3.0,I-NTMCP l=0,0.0,PURSUER_WIN
open8,1,l0,101,1,3.0,I-NTMCP l=0,0.0,PURSUER_WIN
open8,1,l0,101,1,6.0,I-NTMCP l=0,0.0,PURSUER_WIN
open8,1,l0,101,1,1.0,I-NTMCP l=0,0.0,PURSUER_WIN
open8,1,l0,101,1,5.0,I-NTMCP l=0,0.0,PURSUER_WIN
open8,1,l0,101,0,7.0,I-NTMCP l=0,0.0,EVADER_REACHED_GOAL
open8,1,l0,101,1,4.0,I-NTMCP l=0,0.0,PURSUER_WIN
open8,1,l0,101,1,3.0,I-NTMCP l=0,0.0,PURSUER_WIN
open8,1,l0,101,1,0.0,I-NTMCP l=0,0.0,PURSUER_WIN
open8,1,l0,101,1,3.0,I-NTMCP l=0,0.0,PURSUER_WIN
open8,1,l0,101,1,2.0,I-NTMCP l=0,0.0,PURSUER_WIN
open8,1,l0,101,1,3.0,I-NTMCP l=0,0.0,PURSUER_WIN
open8,1,l0,101,1,4.0,I-NTMCP l=0,0.0,PURSUER_WIN
open8,1,l0,101,1,2.0,I-NTMCP l=0,0.0,PURSUER_WIN
open8,1,l0,101,1,2.0,I-NTMCP l=0,0.0,PURSUER_WIN
open8,1,l0,101,0,7.0,I-NTMCP l=0,0.0,EVADER_REACHED_GOAL
open8,1,l0,101,1,2.0,I-NTMCP l=0,0.0,PURSUER_WIN
open8,1,l0,101,1,2.0,I-NTMCP l=0,0.0,PURSUER_WIN
open8,1,l0,101,1,8.0,I-NTMCP l=0,0.0,PURSUER_WIN
open8,1,l0,101,1,0.0,I-NTMCP l=0,0.0,PURSUER_WIN
open8,1,l0,101,1,2.0,I-NTMCP l=0,0.0,PURSUER_WIN
open8,1,l0,101,1,0.0,I-NTMCP l=0,0.0,PURSUER_WIN
open8,1,l0,101,1,3.0,I-NTMCP l=0,0.0,PURSUER_WIN
open8,1,l0,101,1,0.0,I-NTMCP l=0,0.0,PURSUER_WIN
open8,1,l0,101,1,3.0,I-NTMCP l=0,0.0,PURSUER_WIN
open8,1,l0,102,1,0.0,I-NTMCP l=0,0.0,PURSUER_WIN
open8,1,l0,102,0,7.0,I-NTMCP l=0,0.0,EVADER_REACHED_GOAL
open8,1,l0,102,1,0.0,I-NTMCP l=0,0.0,PURSUER_WIN
open8,1,l0,102,1,3.0,I-NTMCP l=0,0.0,PURSUER_WIN
open8,1,l0,102,1,1.0,I-NTMCP l=0,0.0,PURSUER_WIN
open8,1,l0,102,1,2.0,I-NTMCP l=0,0.0,PURSUER_WIN
open8,1,l0,102,1,3.0,I-NTMCP l=0,0.0,PURSUER_WIN
open8,1,l0,102,1,3.0,I-NTMCP l=0,0.0,PURSUER_WIN
open8,1,l0,102,1,6.0,I-NTMCP l=0,0.0,PURSUER_WIN
open8,1,l0,102,0,7.0,I-NTMCP l=0,0.0,EVADER_REACHED_GOAL
open8,1,l0,102,1,3.0,I-NTMCP l=0,0.0,PURSUER_WIN
open8,1,l0,102,1,2.0,I-NTMCP l=0,0.0,PURSUER_WIN
open8,1,l0,102,1,0.0,I-NTMCP l=0,0.0,PURSUER_WIN
open8,1,l0,102,1,3.0,I-NTMCP l=0,0.0,PURSUER_WIN
open8,1,l0,102,1,2.0,I-NTMCP l=0,0.0,PURSUER_WIN
open8,1,l0,102,1,1.0,I-NTMCP l=0,0.0,PURSUER_WIN
open8,1,l0,102,1,2.0,I-NTMCP l=0,0.0,PURSUER_WIN
open8,1,l0,102,1,3.0,I-NTMCP l=0,0.0,PURSUER_WIN
open8,1,l0,102,1,0.0,I-NTMCP l=0,0.0,PURSUER_WIN
open8,1,l0,102,1,1.0,I-NTMCP l=0,0.0,PURSUER_WIN
open8,1,l0,102,1,0.0,I-NTMCP l=0,0.0,PURSUER_WIN
open8,1,l0,102,1,2.0,I-NTMCP l=0,0.0,PURSUER_WIN
open8,1,l0,102,0,7.0,I-NTMCP l=0,0.0,EVADER_REACHED_GOAL
open8,1,l0,102,1,0.0,I-NTMCP l=0,0.0,PURSUER_WIN
open8,1,l0,102,1,3.0,I-NTMCP l=0,0.0,PURSUER_WIN
open8,1,l0,102,1,3.0,I-NTMCP l=0,0.0,PURSUER_WIN
open8,1,l0,102,1,3.0,I-NTMCP l=0,0.0,PURSUER_WIN
open8,1,l0,102,0,11.0,I-NTMCP l=0,0.0,EVADER_REACHED_GOAL
open8,1,l0,102,1,0.0,I-NTMCP l=0,0.0,PURSUER_WIN
open8,1,l0,102,1,0.0,I-NTMCP l=0,0.0,PURSUER_WIN
open8,1,l0,102,1,4.0,I-NTMCP l=0,0.0,PURSUER_WIN
open8,1,l0,102,1,0.0,I-NTMCP l=0,0.0,PURSUER_WIN
open8,1,l0,102,0,7.0,I-NTMCP l=0,0.0,EVADER_REACHED_GOAL
open8,1,l0,102,1,3.0,I-NTMCP l=0,0.0,PURSUER_WIN
open8,1,l0,102,1,0.0,I-NTMCP l=0,0.0,PURSUER_WIN
open8,1,l0,102,1,0.0,I-NTMCP l=0,0.0,PURSUER_WIN
open8,1,l0,102,1,3.0,I-NTMCP l=0,0.0,PURSUER_WIN
open8,1,l0,102,1,3.0,I-NTMCP l=0,0.0,PURSUER_WIN
open8,1,l0,102,1,3.0,I-NTMCP l=0,0.0,PURSUER_WIN
open8,1,l0,102,1,3.0,I-NTMCP l=0,0.0,PURSUER_WIN
open8,1,l0,102,1,5.0,I-NTMCP l=0,0.0,PURSUER_WIN
open8,1,l0,102,1,0.0,I-NTMCP l=0,0.0,PURSUER_WIN
open8,1,l0,102,1,3.0,I-NTMCP l=0,0.0,PURSUER_WIN
open8,1,l0,102,1,6.0,I-NTMCP l=0,0.0,PURSUER_WIN
open8,1,l0,102,1,4.0,I-NTMCP l=0,0.0,PURSUER_WIN
open8,1,l0,102,1,6.0,I-NTMCP l=0,0.0,PURSUER_WIN
open8,1,l0,102,1,0.0,I-NTMCP l=0,0.0,PURSUER_WIN
open8,1,l0,102,1,1.0,I-NTMCP l=0,0.0,PURSUER_WIN
open8,1,l0,102,1,0.0,I-NTMCP l=0,0.0,PURSUER_WIN
open8,1,l0,102,1,0.0,I-NTMCP l=0,0.0,PURSUER_WIN
open8,1,l0,103,0,11.0,I-NTMCP l=0,0.0,EVADER_REACHED_GOAL
open8,1,l0,103,1,3.0,I-NTMCP l=0,0.0,PURSUER_WIN
open8,1,l0,103,1,1.0,I-NTMCP l=0,0.0,PURSUER_WIN
open8,1,l0,103,1,5.0,I-NTMCP l=0,0.0,PURSUER_WIN
open8,1,l0,103,1,4.0,I-NTMCP l=0,0.0,PURSUER_WIN
open8,1,l0,103,1,4.0,I-NTMCP l=0,0.0,PURSUER_WIN
open8,1,l0,103,1,0.0,I-NTMCP l=0,0.0,PURSUER_WIN
open8,1,l0,103,1,3.0,I-NTMCP l=0,0.0,PURSUER_WIN
open8,1,l0,103,1,4.0,I-NTMCP l=0,0.0,PURSUER_WIN
open8,1,l0,103,1,0.0,I-NTMCP l=0,0.0,PURSUER_WIN
open8,1,l0,103,1,0.0,I-NTMCP l=0,0.0,PURSUER_WIN
open8,1,l0,103,1,0.0,I-NTMCP l=0,0.0,PURSUER_WIN
open8,1,l0,103,1,3.0,I-NTMCP l=0,0.0,PURSUER_WIN
open8,1,l0,103,1,2.0,I-NTMCP l=0,0.0,PURSUER_WIN
open8,1,l0,103,1,3.0,I-NTMCP l=0,0.0,PURSUER_WIN
open8,1,l0,103,1,3.0,I-NTMCP l=0,0.0,PURSUER_WIN
open8,1,l0,103,1,0.0,I-NTMCP l=0,0.0,PURSUER_WIN
open8,1,l0,103,1,0.0,I-NTMCP l=0,0.0,PURSUER_WIN
open8,1,l0,103,1,0.0,I-NTMCP l=0,0.0,PURSUER_WIN
open8,1,l0,103,1,3.0,I-NTMCP l=0,0.0,PURSUER_WIN
open8,1,l0,103,0,7.0,I-NTMCP l=0,0.0,EVADER_REACHED_GOAL
open8,1,l0,103,1,2.0,I-NTMCP l=0,0.0,PURSUER_WIN
open8,1,l0,103,1,2.0,I-NTMCP l=0,0.0,PURSUER_WIN
open8,1,l0,103,1,4.0,I-NTMCP l=0,0.0,PURSUER_WIN
open8,1,l0,103,1,3.0,I-NTMCP l=0,0.0,PURSUER_WIN
open8,1,l0,103,1,3.0,I-NTMCP l=0,0.0,PURSUER_WIN
open8,1,l0,103,1,1.0,I-NTMCP l=0,0.0,PURSUER_WIN
open8,1,l0,103,1,0.0,I-NTMCP l=0,0.0,PURSUER_WIN
open8,1,l0,103,1,5.0,I-NTMCP l=0,0.0,PURSUER_WIN
open8,1,l0,103,1,3.0,I-NTMCP l=0,0.0,PURSUER_WIN
open8,1,l0,103,1,3.0,I-NTMCP l=0,0.0,PURSUER_WIN
open8,1,l0,103,1,2.0,I-NTMCP l=0,0.0,PURSUER_WIN
open8,1,l0,103,1,2.0,I-NTMCP l=0,0.0,PURSUER_WIN
open8,1,l0,103,1,0.0,I-NTMCP l=0,0.0,PURSUER_WIN
open8,1,l0,103,0,7.0,I-NTMCP l=0,0.0,EVADER_REACHED_GOAL
open8,1,l0,103,1,5.0,I-NTMCP l=0,0.0,PURSUER_WIN
open8,1,l0,103,1,3.0,I-NTMCP l=0,0.0,PURSUER_WIN
open8,1,l0,103,1,5.0,I-NTMCP l=0,0.0,PURSUER_WIN
open8,1,l0,103,0,10.0,I-NTMCP l=0,0.0,EVADER_REACHED_GOAL
open8,1,l0,103,1,2.0,I-NTMCP l=0,0.0,PURSUER_WIN
open8,1,l0,103,1,2.0,I-NTMCP l=0,0.0,PURSUER_WIN
open8,1,l0,103,1,2.0,I-NTMCP l=0,0.0,PURSUER_WIN
open8,1,l0,103,0,11.0,I-NTMCP l=0,0.0,EVADER_REACHED_GOAL
open8,1,l0,103,1,2.0,I-NTMCP l=0,0.0,PURSUER_WIN
open8,1,l0,103,1,1.0,I-NTMCP l=0,0.0,PURSUER_WIN
open8,1,l0,103,0,7.0,I-NTMCP l=0,0.0,EVADER_REACHED_GOAL
open8,1,l0,103,1,2.0,I-NTMCP l=0,0.0,PURSUER_WIN
open8,1,l0,103,1,7.0,I-NTMCP l=0,0.0,PURSUER_WIN
open8,1,l0,103,1,4.0,I-NTMCP l=0,0.0,PURSUER_WIN
open8,1,l0,103,1,0.0,I-NTMCP l=0,0.0,PURSUER_WIN
open8,1,l0,104,1,3.0,I-NTMCP l=0,0.0,PURSUER_WIN
open8,1,l0,104,1,0.0,I-NTMCP l=0,0.0,PURSUER_WIN
open8,1,l0,104,1,8.0,I-NTMCP l=0,0.0,PURSUER_WIN
open8,1,l0,104,1,3.0,I-NTMCP l=0,0.0,PURSUER_WIN
open8,1,l0,104,1,2.0,I-NTMCP l=0,0.0,PURSUER_WIN
open8,1,l0,104,1,4.0,I-NTMCP l=0,0.0,PURSUER_WIN
open8,1,l0,104,0,10.0,I-NTMCP l=0,0.0,EVADER_REACHED_GOAL
open8,1,l0,104,1,2.0,I-NTMCP l=0,0.0,PURSUER_WIN
open8,1,l0,104,1,2.0,I-NTMCP l=0,0.0,PURSUER_WIN
open8,1,l0,104,1,3.0,I-NTMCP l=0,0.0,PURSUER_WIN
open8,1,l0,104,1,4.0,I-NTMCP l=0,0.0,PURSUER_WIN
open8,1,l0,104,1,3.0,I-NTMCP l=0,0.0,PURSUER_WIN
open8,1,l0,104,1,4.0,I-NTMCP l=0,0.0,PURSUER_WIN
open8,1,l0,104,1,2.0,I-NTMCP l=0,0.0,PURSUER_WIN
open8,1,l0,104,1,8.0,I-NTMCP l=0,0.0,PURSUER_WIN
open8,1,l0,104,1,7.0,I-NTMCP l=0,0.0,PURSUER_WIN
open8,1,l0,104,1,8.0,I-NTMCP l=0,0.0,PURSUER_WIN
open8,1,l0,104,1,1.0,I-NTMCP l=0,0.0,PURSUER_WIN
open8,1,l0,104,1,2.0,I-NTMCP l=0,0.0,PURSUER_WIN
open8,1,l0,104,1,3.0,I-NTMCP l=0,0.0,PURSUER_WIN
open8,1,l0,104,1,2.0,I-NTMCP l=0,0.0,PURSUER_WIN
open8,1,l0,104,1,3.0,I-NTMCP l=0,0.0,PURSUER_WIN
open8,1,l0,104,1,2.0,I-NTMCP l=0,0.0,PURSUER_WIN
open8,1,l0,104,1,0.0,I-NTMCP l=0,0.0,PURSUER_WIN
open8,1,l0,104,0,9.0,I-NTMCP l=0,0.0,EVADER_REACHED_GOAL
open8,1,l0,104,1,4.0,I-NTMCP l=0,0.0,PURSUER_WIN
open8,1,l0,104,1,3.0,I-NTMCP l=0,0.0,PURSUER_WIN
open8,1,l0,104,1,0.0,I-NTMCP l=0,0.0,PURSUER_WIN
open8,1,l0,104,1,0.0,I-NTMCP l=0,0.0,PURSUER_WIN
open8,1,l0,104,1,9.0,I-NTMCP l=0,0.0,PURSUER_WIN
open8,1,l0,104,1,2.0,I-NTMCP l=0,0.0,PURSUER_WIN
open8,1,l0,104,1,2.0,I-NTMCP l=0,0.0,PURSUER_WIN
open8,1,l0,104,1,8.0,I-NTMCP l=0,0.0,PURSUER_WIN
open8,1,l0,104,1,0.0,I-NTMCP l=0,0.0,PURSUER_WIN
open8,1,l0,104,1,3.0,I-NTMCP l=0,0.0,PURSUER_WIN
open8,1,l0,104,1,2.0,I-NTMCP l=0,0.0,PURSUER_WIN
open8,1,l0,104,1,3.0,I-NTMCP l=0,0.0,PURSUER_WIN
open8,1,l0,104,1,4.0,I-NTMCP l=0,0.0,PURSUER_WIN
open8,1,l0,104,1,5.0,I-NTMCP l=0,0.0,PURSUER_WIN
open8,1,l0,104,1,2.0,I-NTMCP l=0,0.0,PURSUER_WIN
open8,1,l0,104,1,3.0,I-NTMCP l=0,0.0,PURSUER_WIN
open8,1,l0,104,1,3.0,I-NTMCP l=0,0.0,PURSUER_WIN
open8,1,l0,104,1,5.0,I-NTMCP l=0,0.0,PURSUER_WIN
open8,1,l0,104,1,1.0,I-NTMCP l=0,0.0,PURSUER_WIN
open8,1,l0,104,1,4.0,I-NTMCP l=0,0.0,PURSUER_WIN
open8,1,l0,104,1,3.0,I-NTMCP l=0,0.0,PURSUER_WIN
open8,1,l0,104,1,2.0,I-NTMCP l=0,0.0,PURSUER_WIN
open8,1,l0,104,1,4.0,I-NTMCP l=0,0.0,PURSUER_WIN
open8,1,l0,104,1,2.0,I-NTMCP l=0,0.0,PURSUER_WIN
open8,1,l0,104,1,2.0,I-NTMCP l=0,0.0,PURSUER_WIN
open8,1,l0,105,1,1.0,I-NTMCP l=0,0.0,PURSUER_WIN
open8,1,l0,105,1,5.0,I-NTMCP l=0,0.0,PURSUER_WIN
open8,1,l0,105,1,7.0,I-NTMCP l=0,0.0,PURSUER_WIN
open8,1,l0,105,1,3.0,I-NTMCP l=0,0.0,PURSUER_WIN
open8,1,l0,105,1,3.0,I-NTMCP l=0,0.0,PURSUER_WIN
open8,1,l0,105,1,2.0,I-NTMCP l=0,0.0,PURSUER_WIN
open8,1,l0,105,1,1.0,I-NTMCP l=0,0.0,PURSUER_WIN
open8,1,l0,105,1,0.0,I-NTMCP l=0,0.0,PURSUER_WIN
open8,1,l0,105,1,3.0,I-NTMCP l=0,0.0,PURSUER_WIN
open8,1,l0,105,1,4.0,I-NTMCP l=0,0.0,PURSUER_WIN
open8,1,l0,105,1,4.0,I-NTMCP l=0,0.0,PURSUER_WIN
open8,1,l0,105,1,0.0,I-NTMCP l=0,0.0,PURSUER_WIN
open8,1,l0,105,1,3.0,I-NTMCP l=0,0.0,PURSUER_WIN
open8,1,l0,105,1,2.0,I-NTMCP l=0,0.0,PURSUER_WIN
open8,1,l0,105,1,3.0,I-NTMCP l=0,0.0,PURSUER_WIN
open8,1,l0,105,1,6.0,I-NTMCP l=0,0.0,PURSUER_WIN
open8,1,l0,105,1,5.0,I-NTMCP l=0,0.0,PURSUER_WIN
open8,1,l0,105,1,2.0,I-NTMCP l=0,0.0,PURSUER_WIN
open8,1,l0,105,1,0.0,I-NTMCP l=0,0.0,PURSUER_WIN
open8,1,l0,105,1,3.0,I-NTMCP l=0,0.0,PURSUER_WIN
open8,1,l0,105,1,0.0,I-NTMCP l=0,0.0,PURSUER_WIN
open8,1,l0,105,1,5.0,I-NTMCP l=0,0.0,PURSUER_WIN
open8,1,l0,105,1,3.0,I-NTMCP l=0,0.0,PURSUER_WIN
open8,1,l0,105,1,8.0,I-NTMCP l=0,0.0,PURSUER_WIN
open8,1,l0,105,1,1.0,I-NTMCP l=0,0.0,PURSUER_WIN
open8,1,l0,105,1,0.0,I-NTMCP l=0,0.0,PURSUER_WIN
open8,1,l0,105,1,3.0,I-NTMCP l=0,0.0,PURSUER_WIN
open8,1,l0,105,1,1.0,I-NTMCP l=0,0.0,PURSUER_WIN
open8,1,l0,105,1,5.0,I-NTMCP l=0,0.0,PURSUER_WIN
open8,1,l0,105,1,2.0,I-NTMCP l=0,0.0,PURSUER_WIN
open8,1,l0,105,1,2.0,I-NTMCP l=0,0.0,PURSUER_WIN
open8,1,l0,105,1,1.0,I-NTMCP l=0,0.0,PURSUER_WIN
open8,1,l0,105,1,2.0,I-NTMCP l=0,0.0,PURSUER_WIN
open8,1,l0,105,1,2.0,I-NTMCP l=0,0.0,PURSUER_WIN
open8,1,l0,105,0,7.0,I-NTMCP l=0,0.0,EVADER_REACHED_GOAL
open8,1,l0,105,1,1.0,I-NTMCP l=0,0.0,PURSUER_WIN
open8,1,l0,105,1,0.0,I-NTMCP l=0,0.0,PURSUER_WIN
open8,1,l0,105,0,11.0,I-NTMCP l=0,0.0,EVADER_REACHED_GOAL
open8,1,l0,105,1,3.0,I-NTMCP l=0,0.0,PURSUER_WIN
open8,1,l0,105,1,7.0,I-NTMCP l=0,0.0,PURSUER_WIN
open8,1,l0,105,1,3.0,I-NTMCP l=0,0.0,PURSUER_WIN
open8,1,l0,105,1,5.0,I-NTMCP l=0,0.0,PURSUER_WIN
open8,1,l0,105,1,5.0,I-NTMCP l=0,0.0,PURSUER_WIN
open8,1,l0,105,1,7.0,I-NTMCP l=0,0.0,PURSUER_WIN
open8,1,l0,105,1,0.0,I-NTMCP l=0,0.0,PURSUER_WIN
open8,1,l0,105,1,2.0,I-NTMCP l=0,0.0,PURSUER_WIN
open8,1,l0,105,1,3.0,I-NTMCP l=0,0.0,PURSUER_WIN
open8,1,l0,105,1,3.0,I-NTMCP l=0,0.0,PURSUER_WIN
open8,1,l0,105,1,6.0,I-NTMCP l=0,0.0,PURSUER_WIN
open8,1,l0,105,1,2.0,I-NTMCP l=0,0.0,PURSUER_WIN
open8,1,l0,106,1,2.0,I-NTMCP l=0,0.0,PURSUER_WIN
open8,1,l0,106,1,4.0,I-NTMCP l=0,0.0,PURSUER_WIN
open8,1,l0,106,1,2.0,I-NTMCP l=0,0.0,PURSUER_WIN
open8,1,l0,106,1,2.0,I-NTMCP l=0,0.0,PURSUER_WIN
open8,1,l0,106,1,1.0,I-NTMCP l=0,0.0,PURSUER_WIN
open8,1,l0,106,1,3.0,I-NTMCP l=0,0.0,PURSUER_WIN
open8,1,l0,106,1,4.0,I-NTMCP l=0,0.0,PURSUER_WIN
open8,1,l0,106,1,0.0,I-NTMCP l=0,0.0,PURSUER_WIN
open8,1,l0,106,1,2.0,I-NTMCP l=0,0.0,PURSUER_WIN
open8,1,l0,106,1,0.0,I-NTMCP l=0,0.0,PURSUER_WIN
open8,1,l0,106,1,1.0,I-NTMCP l=0,0.0,PURSUER_WIN
open8,1,l0,106,1,0.0,I-NTMCP l=0,0.0,PURSUER_WIN
open8,1,l0,106,1,2.0,I-NTMCP l=0,0.0,PURSUER_WIN
open8,1,l0,106,1,8.0,I-NTMCP l=0,0.0,PURSUER_WIN
open8,1,l0,106,1,2.0,I-NTMCP l=0,0.0,PURSUER_WIN
open8,1,l0,106,1,2.0,I-NTMCP l=0,0.0,PURSUER_WIN
open8,1,l0,106,1,0.0,I-NTMCP l=0,0.0,PURSUER_WIN
open8,1,l0,106,1,3.0,I-NTMCP l=0,0.0,PURSUER_WIN
open8,1,l0,106,1,3.0,I-NTMCP l=0,0.0,PURSUER_WIN
open8,1,l0,106,1,2.0,I-NTMCP l=0,0.0,PURSUER_WIN
open8,1,l0,106,1,3.0,I-NTMCP l=0,0.0,PURSUER_WIN
open8,1,l0,106,1,2.0,I-NTMCP l=0,0.0,PURSUER_WIN
open8,1,l0,106,1,0.0,I-NTMCP l=0,0.0,PURSUER_WIN
open8,1,l0,106,1,3.0,I-NTMCP l=0,0.0,PURSUER_WIN
open8,1,l0,106,1,0.0,I-NTMCP l=0,0.0,PURSUER_WIN
open8,1,l0,106,1,7.0,I-NTMCP l=0,0.0,PURSUER_WIN
open8,1,l0,106,1,2.0,I-NTMCP l=0,0.0,PURSUER_WIN
open8,1,l0,106,1,1.0,I-NTMCP l=0,0.0,PURSUER_WIN
open8,1,l0,106,1,2.0,I-NTMCP l=0,0.0,PURSUER_WIN
open8,1,l0,106,1,0.0,I-NTMCP l=0,0.0,PURSUER_WIN
open8,1,l0,106,1,2.0,I-NTMCP l=0,0.0,PURSUER_WIN
open8,1,l0,106,1,3.0,I-NTMCP l=0,0.0,PURSUER_WIN
open8,1,l0,106,0,10.0,I-NTMCP l=0,0.0,EVADER_REACHED_GOAL
open8,1,l0,106,1,3.0,I-NTMCP l=0,0.0,PURSUER_WIN
open8,1,l0,106,1,0.0,I-NTMCP l=0,0.0,PURSUER_WIN
open8,1,l0,106,1,5.0,I-NTMCP l=0,0.0,PURSUER_WIN
open8,1,l0,106,1,3.0,I-NTMCP l=0,0.0,PURSUER_WIN
open8,1,l0,106,1,0.0,I-NTMCP l=0,0.0,PURSUER_WIN
open8,1,l0,106,1,0.0,I-NTMCP l=0,0.0,PURSUER_WIN
open8,1,l0,106,1,0.0,I-NTMCP l=0,0.0,PURSUER_WIN
open8,1,l0,106,1,3.0,I-NTMCP l=0,0.0,PURSUER_WIN
open8,1,l0,106,1,0.0,I-NTMCP l=0,0.0,PURSUER_WIN
open8,1,l0,106,1,3.0,I-NTMCP l=0,0.0,PURSUER_WIN
open8,1,l0,106,1,4.0,I-NTMCP l=0,0.0,PURSUER_WIN
open8,1,l0,106,1,0.0,I-NTMCP l=0,0.0,PURSUER_WIN
open8,1,l0,106,1,3.0,I-NTMCP l=0,0.0,PURSUER_WIN
open8,1,l0,106,1,2.0,I-NTMCP l=0,0.0,PURSUER_WIN
open8,1,l0,106,1,3.0,I-NTMCP l=0,0.0,PURSUER_WIN
open8,1,l0,106,1,4.0,I-NTMCP l=0,0.0,PURSUER_WIN
open8,1,l0,106,1,0.0,I-NTMCP l=0,0.0,PURSUER_WIN
open8,1,l0,107,1,2.0,I-NTMCP l=0,0.0,PURSUER_WIN
open8,1,l0,107,1,0.0,I-NTMCP l=0,0.0,PURSUER_WIN
open8,1,l0,107,1,1.0,I-NTMCP l=0,0.0,PURSUER_WIN
open8,1,l0,107,1,0.0,I-NTMCP l=0,0.0,PURSUER_WIN
open8,1,l0,107,1,2.0,I-NTMCP l=0,0.0,PURSUER_WIN
open8,1,l0,107,1,4.0,I-NTMCP l=0,0.0,PURSUER_WIN
open8,1,l0,107,1,2.0,I-NTMCP l=0,0.0,PURSUER_WIN
open8,1,l0,107,1,1.0,I-NTMCP l=0,0.0,PURSUER_WIN
open8,1,l0,107,1,1.0,I-NTMCP l=0,0.0,PURSUER_WIN
open8,1,l0,107,1,2.0,I-NTMCP l=0,0.0,PURSUER_WIN
open8,1,l0,107,1,4.0,I-NTMCP l=0,0.0,PURSUER_WIN
open8,1,l0,107,1,4.0,I-NTMCP l=0,0.0,PURSUER_WIN
open8,1,l0,107,1,2.0,I-NTMCP l=0,0.0,PURSUER_WIN
open8,1,l0,107,1,2.0,I-NTMCP l=0,0.0,PURSUER_WIN
open8,1,l0,107,1,2.0,I-NTMCP l=0,0.0,PURSUER_WIN
open8,1,l0,107,1,6.0,I-NTMCP l=0,0.0,PURSUER_WIN
open8,1,l0,107,1,0.0,I-NTMCP l=0,0.0,PURSUER_WIN
open8,1,l0,107,0,10.0,I-NTMCP l=0,0.0,EVADER_REACHED_GOAL
open8,1,l0,107,1,3.0,I-NTMCP l=0,0.0,PURSUER_WIN
open8,1,l0,107,1,2.0,I-NTMCP l=0,0.0,PURSUER_WIN
open8,1,l0,107,1,0.0,I-NTMCP l=0,0.0,PURSUER_WIN
open8,1,l0,107,1,5.0,I-NTMCP l=0,0.0,PURSUER_WIN
open8,1,l0,107,1,1.0,I-NTMCP l=0,0.0,PURSUER_WIN
open8,1,l0,107,1,2.0,I-NTMCP l=0,0.0,PURSUER_WIN
open8,1,l0,107,1,2.0,I-NTMCP l=0,0.0,PURSUER_WIN
open8,1,l0,107,1,0.0,I-NTMCP l=0,0.0,PURSUER_WIN
open8,1,l0,107,1,3.0,I-NTMCP l=0,0.0,PURSUER_WIN
open8,1,l0,107,1,3.0,I-NTMCP l=0,0.0,PURSUER_WIN
open8,1,l0,107,1,3.0,I-NTMCP l=0,0.0,PURSUER_WIN
open8,1,l0,107,1,3.0,I-NTMCP l=0,0.0,PURSUER_WIN
open8,1,l0,107,1,7.0,I-NTMCP l=0,0.0,PURSUER_WIN
open8,1,l0,107,1,1.0,I-NTMCP l=0,0.0,PURSUER_WIN
open8,1,l0,107,1,3.0,I-NTMCP l=0,0.0,PURSUER_WIN
open8,1,l0,107,1,2.0,I-NTMCP l=0,0.0,PURSUER_WIN
open8,1,l0,107,1,2.0,I-NTMCP l=0,0.0,PURSUER_WIN
open8,1,l0,107,1,0.0,I-NTMCP l=0,0.0,PURSUER_WIN
open8,1,l0,107,1,3.0,I-NTMCP l=0,0.0,PURSUER_WIN
open8,1,l0,107,1,2.0,I-NTMCP l=0,0.0,PURSUER_WIN
open8,1,l0,107,1,8.0,I-NTMCP l=0,0.0,PURSUER_WIN
open8,1,l0,107,1,1.0,I-NTMCP l=0,0.0,PURSUER_WIN
open8,1,l0,107,1,3.0,I-NTMCP l=0,0.0,PURSUER_WIN
open8,1,l0,107,1,6.0,I-NTMCP l=0,0.0,PURSUER_WIN
open8,1,l0,107,1,2.0,I-NTMCP l=0,0.0,PURSUER_WIN
open8,1,l0,107,1,4.0,I-NTMCP l=0,0.0,PURSUER_WIN
open8,1,l0,107,1,2.0,I-NTMCP l=0,0.0,PURSUER_WIN
open8,1,l0,107,1,3.0,I-NTMCP l=0,0.0,PURSUER_WIN
open8,1,l0,107,1,0.0,I-NTMCP l=0,0.0,PURSUER_WIN
open8,1,l0,107,1,3.0,I-NTMCP l=0,0.0,PURSUER_WIN
open8,1,l0,107,1,2.0,I-NTMCP l=0,0.0,PURSUER_WIN
open8,1,l0,107,1,0.0,I-NTMCP l=0,0.0,PURSUER_WIN
open8,1,l0,108,1,3.0,I-NTMCP l=0,0.0,PURSUER_WIN
open8,1,l0,108,1,1.0,I-NTMCP l=0,0.0,PURSUER_WIN
open8,1,l0,108,0,10.0,I-NTMCP l=0,0.0,EVADER_REACHED_GOAL
open8,1,l0,108,1,7.0,I-NTMCP l=0,0.0,PURSUER_WIN
open8,1,l0,108,1,5.0,I-NTMCP l=0,0.0,PURSUER_WIN
open8,1,l0,108,1,2.0,I-NTMCP l=0,0.0,PURSUER_WIN
open8,1,l0,108,1,6.0,I-NTMCP l=0,0.0,PURSUER_WIN
open8,1,l0,108,1,4.0,I-NTMCP l=0,0.0,PURSUER_WIN
open8,1,l0,108,1,3.0,I-NTMCP l=0,0.0,PURSUER_WIN
open8,1,l0,108,1,0.0,I-NTMCP l=0,0.0,PURSUER_WIN
open8,1,l0,108,1,5.0,I-NTMCP l=0,0.0,PURSUER_WIN
open8,1,l0,108,1,3.0,I-NTMCP l=0,0.0,PURSUER_WIN
open8,1,l0,108,1,2.0,I-NTMCP l=0,0.0,PURSUER_WIN
open8,1,l0,108,1,0.0,I-NTMCP l=0,0.0,PURSUER_WIN
open8,1,l0,108,1,1.0,I-NTMCP l=0,0.0,PURSUER_WIN
open8,1,l0,108,1,4.0,I-NTMCP l=0,0.0,PURSUER_WIN
open8,1,l0,108,1,7.0,I-NTMCP l=0,0.0,PURSUER_WIN
open8,1,l0,108,1,3.0,I-NTMCP l=0,0.0,PURSUER_WIN
open8,1,l0,108,1,6.0,I-NTMCP l=0,0.0,PURSUER_WIN
open8,1,l0,108,1,4.0,I-NTMCP l=0,0.0,PURSUER_WIN
open8,1,l0,108,1,2.0,I-NTMCP l=0,0.0,PURSUER_WIN
open8,1,l0,108,1,5.0,I-NTMCP l=0,0.0,PURSUER_WIN
open8,1,l0,108,1,3.0,I-NTMCP l=0,0.0,PURSUER_WIN
open8,1,l0,108,1,7.0,I-NTMCP l=0,0.0,PURSUER_WIN
open8,1,l0,108,1,2.0,I-NTMCP l=0,0.0,PURSUER_WIN
open8,1,l0,108,1,0.0,I-NTMCP l=0,0.0,PURSUER_WIN
open8,1,l0,108,1,2.0,I-NTMCP l=0,0.0,PURSUER_WIN
open8,1,l0,108,1,1.0,I-NTMCP l=0,0.0,PURSUER_WIN
open8,1,l0,108,1,4.0,I-NTMCP l=0,0.0,PURSUER_WIN
open8,1,l0,108,1,5.0,I-NTMCP l=0,0.0,PURSUER_WIN
open8,1,l0,108,1,3.0,I-NTMCP l=0,0.0,PURSUER_WIN
open8,1,l0,108,1,3.0,I-NTMCP l=0,0.0,PURSUER_WIN
open8,1,l0,108,1,0.0,I-NTMCP l=0,0.0,PURSUER_WIN
open8,1,l0,108,0,7.0,I-NTMCP l=0,0.0,EVADER_REACHED_GOAL
open8,1,l0,108,1,4.0,I-NTMCP l=0,0.0,PURSUER_WIN
open8,1,l0,108,1,2.0,I-NTMCP l=0,0.0,PURSUER_WIN
open8,1,l0,108,1,3.0,I-NTMCP l=0,0.0,PURSUER_WIN
open8,1,l0,108,1,2.0,I-NTMCP l=0,0.0,PURSUER_WIN
open8,1,l0,108,1,0.0,I-NTMCP l=0,0.0,PURSUER_WIN
open8,1,l0,108,1,5.0,I-NTMCP l=0,0.0,PURSUER_WIN
open8,1,l0,108,1,2.0,I-NTMCP l=0,0.0,PURSUER_WIN
open8,1,l0,108,1,0.0,I-NTMCP l=0,0.0,PURSUER_WIN
open8,1,l0,108,0,7.0,I-NTMCP l=0,0.0,EVADER_REACHED_GOAL
open8,1,l0,108,1,0.0,I-NTMCP l=0,0.0,PURSUER_WIN
open8,1,l0,108,1,0.0,I-NTMCP l=0,0.0,PURSUER_WIN
open8,1,l0,108,1,3.0,I-NTMCP l=0,0.0,PURSUER_WIN
open8,1,l0,108,1,5.0,I-NTMCP l=0,0.0,PURSUER_WIN
open8,1,l0,108,1,2.0,I-NTMCP l=0,0.0,PURSUER_WIN
open8,1,l0,108,1,3.0,I-NTMCP l=0,0.0,PURSUER_WIN
open8,1,l0,108,1,2.0,I-NTMCP l=0,0.0,PURSUER_WIN
open8,1,l0,109,1,3.0,I-NTMCP l=0,0.0,PURSUER_WIN
open8,1,l0,109,1,6.0,I-NTMCP l=0,0.0,PURSUER_WIN
open8,1,l0,109,1,6.0,I-NTMCP l=0,0.0,PURSUER_WIN
open8,1,l0,109,1,9.0,I-NTMCP l=0,0.0,PURSUER_WIN
open8,1,l0,109,1,3.0,I-NTMCP l=0,0.0,PURSUER_WIN
open8,1,l0,109,1,3.0,I-NTMCP l=0,0.0,PURSUER_WIN
open8,1,l0,109,1,3.0,I-NTMCP l=0,0.0,PURSUER_WIN
open8,1,l0,109,1,2.0,I-NTMCP l=0,0.0,PURSUER_WIN
open8,1,l0,109,1,3.0,I-NTMCP l=0,0.0,PURSUER_WIN
open8,1,l0,109,1,0.0,I-NTMCP l=0,0.0,PURSUER_WIN
open8,1,l0,109,1,3.0,I-NTMCP l=0,0.0,PURSUER_WIN
open8,1,l0,109,1,3.0,I-NTMCP l=0,0.0,PURSUER_WIN
open8,1,l0,109,1,2.0,I-NTMCP l=0,0.0,PURSUER_WIN
open8,1,l0,109,1,9.0,I-NTMCP l=0,0.0,PURSUER_WIN
open8,1,l0,109,1,2.0,I-NTMCP l=0,0.0,PURSUER_WIN
open8,1,l0,109,1,3.0,I-NTMCP l=0,0.0,PURSUER_WIN
open8,1,l0,109,1,3.0,I-NTMCP l=0,0.0,PURSUER_WIN
open8,1,l0,109,1,3.0,I-NTMCP l=0,0.0,PURSUER_WIN
open8,1,l0,109,1,5.0,I-NTMCP l=0,0.0,PURSUER_WIN
open8,1,l0,109,1,4.0,I-NTMCP l=0,0.0,PURSUER_WIN
open8,1,l0,109,1,5.0,I-NTMCP l=0,0.0,PURSUER_WIN
open8,1,l0,109,1,0.0,I-NTMCP l=0,0.0,PURSUER_WIN
open8,1,l0,109,1,0.0,I-NTMCP l=0,0.0,PURSUER_WIN
open8,1,l0,109,1,2.0,I-NTMCP l=0,0.0,PURSUER_WIN
open8,1,l0,109,1,1.0,I-NTMCP l=0,0.0,PURSUER_WIN
open8,1,l0,109,1,6.0,I-NTMCP l=0,0.0,PURSUER_WIN
open8,1,l0,109,0,7.0,I-NTMCP l=0,0.0,EVADER_REACHED_GOAL
open8,1,l0,109,1,2.0,I-NTMCP l=0,0.0,PURSUER_WIN
open8,1,l0,109,1,6.0,I-NTMCP l=0,0.0,PURSUER_WIN
open8,1,l0,109,1,3.0,I-NTMCP l=0,0.0,PURSUER_WIN
open8,1,l0,109,1,2.0,I-NTMCP l=0,0.0,PURSUER_WIN
open8,1,l0,109,1,2.0,I-NTMCP l=0,0.0,PURSUER_WIN
open8,1,l0,109,1,0.0,I-NTMCP l=0,0.0,PURSUER_WIN
open8,1,l0,109,1,8.0,I-NTMCP l=0,0.0,PURSUER_WIN
open8,1,l0,109,1,3.0,I-NTMCP l=0,0.0,PURSUER_WIN
open8,1,l0,109,1,0.0,I-NTMCP l=0,0.0,PURSUER_WIN
open8,1,l0,109,1,2.0,I-NTMCP l=0,0.0,PURSUER_WIN
open8,1,l0,109,1,4.0,I-NTMCP l=0,0.0,PURSUER_WIN
open8,1,l0,109,1,0.0,I-NTMCP l=0,0.0,PURSUER_WIN
open8,1,l0,109,1,0.0,I-NTMCP l=0,0.0,PURSUER_WIN
open8,1,l0,109,1,3.0,I-NTMCP l=0,0.0,PURSUER_WIN
open8,1,l0,109,1,3.0,I-NTMCP l=0,0.0,PURSUER_WIN
open8,1,l0,109,1,0.0,I-NTMCP l=0,0.0,PURSUER_WIN
open8,1,l0,109,1,0.0,I-NTMCP l=0,0.0,PURSUER_WIN
open8,1,l0,109,1,5.0,I-NTMCP l=0,0.0,PURSUER_WIN
open8,1,l0,109,1,0.0,I-NTMCP l=0,0.0,PURSUER_WIN
open8,1,l0,109,1,2.0,I-NTMCP l=0,0.0,PURSUER_WIN
open8,1,l0,109,1,2.0,I-NTMCP l=0,0.0,PURSUER_WIN
open8,1,l0,109,1,2.0,I-NTMCP l=0,0.0,PURSUER_WIN
open8,1,l0,109,1,2.0,I-NTMCP l=0,0.0,PURSUER_WIN
open8,1,l1,100,1,3.0,I-NTMCP l=1,1.0,PURSUER_WIN
open8,1,l1,100,1,0.0,I-NTMCP l=1,1.0,PURSUER_WIN
open8,1,l1,100,1,6.0,I-NTMCP l=1,1.0,PURSUER_WIN
open8,1,l1,100,1,4.0,I-NTMCP l=1,1.0,PURSUER_WIN
open8,1,l1,100,1,3.0,I-NTMCP l=1,1.0,PURSUER_WIN
open8,1,l1,100,1,0.0,I-NTMCP l=1,1.0,PURSUER_WIN
open8,1,l1,100,1,6.0,I-NTMCP l=1,1.0,PURSUER_WIN
open8,1,l1,100,1,2.0,I-NTMCP l=1,1.0,PURSUER_WIN
open8,1,l1,100,1,2.0,I-NTMCP l=1,1.0,PURSUER_WIN
open8,1,l1,100,1,1.0,I-NTMCP l=1,1.0,PURSUER_WIN
open8,1,l1,100,1,2.0,I-NTMCP l=1,1.0,PURSUER_WIN
open8,1,l1,100,1,0.0,I-NTMCP l=1,1.0,PURSUER_WIN
open8,1,l1,100,1,3.0,I-NTMCP l=1,1.0,PURSUER_WIN
open8,1,l1,100,1,2.0,I-NTMCP l=1,1.0,PURSUER_WIN
open8,1,l1,100,1,1.0,I-NTMCP l=1,1.0,PURSUER_WIN
open8,1,l1,100,1,1.0,I-NTMCP l=1,1.0,PURSUER_WIN
open8,1,l1,100,1,1.0,I-NTMCP l=1,1.0,PURSUER_WIN
open8,1,l1,100,1,6.0,I-NTMCP l=1,1.0,PURSUER_WIN
open8,1,l1,100,1,0.0,I-NTMCP l=1,1.0,PURSUER_WIN
open8,1,l1,100,1,0.0,I-NTMCP l=1,1.0,PURSUER_WIN
open8,1,l1,100,1,4.0,I-NTMCP l=1,1.0,PURSUER_WIN
open8,1,l1,100,1,4.0,I-NTMCP l=1,1.0,PURSUER_WIN
open8,1,l1,100,1,4.0,I-NTMCP l=1,1.0,PURSUER_WIN
open8,1,l1,100,1,4.0,I-NTMCP l=1,1.0,PURSUER_WIN
open8,1,l1,100,1,4.0,I-NTMCP l=1,1.0,PURSUER_WIN
open8,1,l1,100,1,5.0,I-NTMCP l=1,1.0,PURSUER_WIN
open8,1,l1,100,1,2.0,I-NTMCP l=1,1.0,PURSUER_WIN
open8,1,l1,100,1,0.0,I-NTMCP l=1,1.0,PURSUER_WIN
open8,1,l1,100,1,3.0,I-NTMCP l=1,1.0,PURSUER_WIN
open8,1,l1,100,1,6.0,I-NTMCP l=1,1.0,PURSUER_WIN
open8,1,l1,100,1,3.0,I-NTMCP l=1,1.0,PURSUER_WIN
open8,1,l1,100,1,4.0,I-NTMCP l=1,1.0,PURSUER_WIN
open8,1,l1,100,1,0.0,I-NTMCP l=1,1.0,PURSUER_WIN
open8,1,l1,100,1,2.0,I-NTMCP l=1,1.0,PURSUER_WIN
open8,1,l1,100,1,4.0,I-NTMCP l=1,1.0,PURSUER_WIN
open8,1,l1,100,1,2.0,I-NTMCP l=1,1.0,PURSUER_WIN
open8,1,l1,100,1,8.0,I-NTMCP l=1,1.0,PURSUER_WIN
open8,1,l1,100,1,1.0,I-NTMCP l=1,1.0,PURSUER_WIN
open8,1,l1,100,1,0.0,I-NTMCP l=1,1.0,PURSUER_WIN
open8,1,l1,100,1,2.0,I-NTMCP l=1,1.0,PURSUER_WIN
open8,1,l1,100,1,1.0,I-NTMCP l=1,1.0,PURSUER_WIN
open8,1,l1,100,1,6.0,I-NTMCP l=1,1.0,PURSUER_WIN
open8,1,l1,100,1,1.0,I-NTMCP l=1,1.0,PURSUER_WIN
open8,1,l1,100,1,3.0,I-NTMCP l=1,1.0,PURSUER_WIN
open8,1,l1,100,1,1.0,I-NTMCP l=1,1.0,PURSUER_WIN
open8,1,l1,100,1,4.0,I-NTMCP l=1,1.0,PURSUER_WIN
open8,1,l1,100,1,1.0,I-NTMCP l=1,1.0,PURSUER_WIN
open8,1,l1,100,1,0.0,I-NTMCP l=1,1.0,PURSUER_WIN
open8,1,l1,100,1,1.0,I-NTMCP l=1,1.0,PURSUER_WIN
open8,1,l1,100,1,9.0,I-NTMCP l=1,1.0,PURSUER_WIN
open8,1,l1,101,1,2.0,I-NTMCP l=1,1.0,PURSUER_WIN
open8,1,l1,101,1,5.0,I-NTMCP l=1,1.0,PURSUER_WIN
open8,1,l1,101,1,6.0,I-NTMCP l=1,1.0,PURSUER_WIN
open8,1,l1,101,0,7.0,I-NTMCP l=1,1.0,EVADER_REACHED_GOAL
open8,1,l1,101,1,2.0,I-NTMCP l=1,1.0,PURSUER_WIN
open8,1,l1,101,1,0.0,I-NTMCP l=1,1.0,PURSUER_WIN
open8,1,l1,101,1,4.0,I-NTMCP l=1,1.0,PURSUER_WIN
open8,1,l1,101,1,0.0,I-NTMCP l=1,1.0,PURSUER_WIN
open8,1,l1,101,1,3.0,I-NTMCP l=1,1.0,PURSUER_WIN
open8,1,l1,101,1,1.0,I-NTMCP l=1,1.0,PURSUER_WIN
open8,1,l1,101,1,6.0,I-NTMCP l=1,1.0,PURSUER_WIN
open8,1,l1,101,1,9.0,I-NTMCP l=1,1.0,PURSUER_WIN
open8,1,l1,101,1,6.0,I-NTMCP l=1,1.0,PURSUER_WIN
open8,1,l1,101,1,2.0,I-NTMCP l=1,1.0,PURSUER_WIN
open8,1,l1,101,1,4.0,I-NTMCP l=1,1.0,PURSUER_WIN
open8,1,l1,101,1,3.0,I-NTMCP l=1,1.0,PURSUER_WIN
open8,1,l1,101,1,3.0,I-NTMCP l=1,1.0,PURSUER_WIN
open8,1,l1,101,1,5.0,I-NTMCP l=1,1.0,PURSUER_WIN
open8,1,l1,101,1,0.0,I-NTMCP l=1,1.0,PURSUER_WIN
open8,1,l1,101,1,0.0,I-NTMCP l=1,1.0,PURSUER_WIN
open8,1,l1,101,1,2.0,I-NTMCP l=1,1.0,PURSUER_WIN
open8,1,l1,101,1,4.0,I-NTMCP l=1,1.0,PURSUER_WIN
open8,1,l1,101,1,9.0,I-NTMCP l=1,1.0,PURSUER_WIN
open8,1,l1,101,1,0.0,I-NTMCP l=1,1.0,PURSUER_WIN
open8,1,l1,101,1,4.0,I-NTMCP l=1,1.0,PURSUER_WIN
open8,1,l1,101,1,2.0,I-NTMCP l=1,1.0,PURSUER_WIN
open8,1,l1,101,1,2.0,I-NTMCP l=1,1.0,PURSUER_WIN
open8,1,l1,101,1,2.0,I-NTMCP l=1,1.0,PURSUER_WIN
open8,1,l1,101,1,4.0,I-NTMCP l=1,1.0,PURSUER_WIN
open8,1,l1,101,1,6.0,I-NTMCP l=1,1.0,PURSUER_WIN
open8,1,l1,101,1,2.0,I-NTMCP l=1,1.0,PURSUER_WIN
open8,1,l1,101,1,2.0,I-NTMCP l=1,1.0,PURSUER_WIN
open8,1,l1,101,1,2.0,I-NTMCP l=1,1.0,PURSUER_WIN
open8,1,l1,101,1,2.0,I-NTMCP l=1,1.0,PURSUER_WIN
open8,1,l1,101,1,3.0,I-NTMCP l=1,1.0,PURSUER_WIN
open8,1,l1,101,1,2.0,I-NTMCP l=1,1.0,PURSUER_WIN
open8,1,l1,101,1,3.0,I-NTMCP l=1,1.0,PURSUER_WIN
open8,1,l1,101,1,4.0,I-NTMCP l=1,1.0,PURSUER_WIN
open8,1,l1,101,1,2.0,I-NTMCP l=1,1.0,PURSUER_WIN
open8,1,l1,101,1,2.0,I-NTMCP l=1,1.0,PURSUER_WIN
open8,1,l1,101,1,3.0,I-NTMCP l=1,1.0,PURSUER_WIN
open8,1,l1,101,1,5.0,I-NTMCP l=1,1.0,PURSUER_WIN
open8,1,l1,101,1,2.0,I-NTMCP l=1,1.0,PURSUER_WIN
open8,1,l1,101,1,2.0,I-NTMCP l=1,1.0,PURSUER_WIN
open8,1,l1,101,1,9.0,I-NTMCP l=1,1.0,PURSUER_WIN
open8,1,l1,101,1,0.0,I-NTMCP l=1,1.0,PURSUER_WIN
open8,1,l1,101,1,0.0,I-NTMCP l=1,1.0,PURSUER_WIN
open8,1,l1,101,1,1.0,I-NTMCP l=1,1.0,PURSUER_WIN
open8,1,l1,101,1,6.0,I-NTMCP l=1,1.0,PURSUER_WIN
open8,1,l1,101,0,10.0,I-NTMCP l=1,1.0,EVADER_REACHED_GOAL
open8,1,l1,102,1,0.0,I-NTMCP l=1,1.0,PURSUER_WIN
open8,1,l1,102,1,3.0,I-NTMCP l=1,1.0,PURSUER_WIN
open8,1,l1,102,1,0.0,I-NTMCP l=1,1.0,PURSUER_WIN
open8,1,l1,102,1,2.0,I-NTMCP l=1,1.0,PURSUER_WIN
open8,1,l1,102,1,0.0,I-NTMCP l=1,1.0,PURSUER_WIN
open8,1,l1,102,1,2.0,I-NTMCP l=1,1.0,PURSUER_WIN
open8,1,l1,102,1,0.0,I-NTMCP l=1,1.0,PURSUER_WIN
open8,1,l1,102,1,1.0,I-NTMCP l=1,1.0,PURSUER_WIN
open8,1,l1,102,0,14.0,I-NTMCP l=1,1.0,EVADER_REACHED_GOAL
open8,1,l1,102,1,5.0,I-NTMCP l=1,1.0,PURSUER_WIN
open8,1,l1,102,1,3.0,I-NTMCP l=1,1.0,PURSUER_WIN
open8,1,l1,102,1,4.0,I-NTMCP l=1,1.0,PURSUER_WIN
open8,1,l1,102,1,4.0,I-NTMCP l=1,1.0,PURSUER_WIN
open8,1,l1,102,1,9.0,I-NTMCP l=1,1.0,PURSUER_WIN
open8,1,l1,102,1,2.0,I-NTMCP l=1,1.0,PURSUER_WIN
open8,1,l1,102,1,4.0,I-NTMCP l=1,1.0,PURSUER_WIN
open8,1,l1,102,1,6.0,I-NTMCP l=1,1.0,PURSUER_WIN
open8,1,l1,102,1,0.0,I-NTMCP l=1,1.0,PURSUER_WIN
open8,1,l1,102,1,3.0,I-NTMCP l=1,1.0,PURSUER_WIN
open8,1,l1,102,1,9.0,I-NTMCP l=1,1.0,PURSUER_WIN
open8,1,l1,102,1,3.0,I-NTMCP l=1,1.0,PURSUER_WIN
open8,1,l1,102,1,2.0,I-NTMCP l=1,1.0,PURSUER_WIN
open8,1,l1,102,1,2.0,I-NTMCP l=1,1.0,PURSUER_WIN
open8,1,l1,102,1,0.0,I-NTMCP l=1,1.0,PURSUER_WIN
open8,1,l1,102,1,3.0,I-NTMCP l=1,1.0,PURSUER_WIN
open8,1,l1,102,1,4.0,I-NTMCP l=1,1.0,PURSUER_WIN
open8,1,l1,102,1,2.0,I-NTMCP l=1,1.0,PURSUER_WIN
open8,1,l1,102,1,2.0,I-NTMCP l=1,1.0,PURSUER_WIN
open8,1,l1,102,1,2.0,I-NTMCP l=1,1.0,PURSUER_WIN
open8,1,l1,102,1,3.0,I-NTMCP l=1,1.0,PURSUER_WIN
open8,1,l1,102,1,3.0,I-NTMCP l=1,1.0,PURSUER_WIN
open8,1,l1,102,1,3.0,I-NTMCP l=1,1.0,PURSUER_WIN
open8,1,l1,102,1,3.0,I-NTMCP l=1,1.0,PURSUER_WIN
open8,1,l1,102,1,3.0,I-NTMCP l=1,1.0,PURSUER_WIN
open8,1,l1,102,1,2.0,I-NTMCP l=1,1.0,PURSUER_WIN
open8,1,l1,102,1,1.0,I-NTMCP l=1,1.0,PURSUER_WIN
open8,1,l1,102,1,6.0,I-NTMCP l=1,1.0,PURSUER_WIN
open8,1,l1,102,1,3.0,I-NTMCP l=1,1.0,PURSUER_WIN
open8,1,l1,102,1,2.0,I-NTMCP l=1,1.0,PURSUER_WIN
open8,1,l1,102,1,3.0,I-NTMCP l=1,1.0,PURSUER_WIN
open8,1,l1,102,1,4.0,I-NTMCP l=1,1.0,PURSUER_WIN
open8,1,l1,102,0,14.0,I-NTMCP l=1,1.0,EVADER_REACHED_GOAL
open8,1,l1,102,1,4.0,I-NTMCP l=1,1.0,PURSUER_WIN
open8,1,l1,102,1,3.0,I-NTMCP l=1,1.0,PURSUER_WIN
open8,1,l1,102,1,4.0,I-NTMCP l=1,1.0,PURSUER_WIN
open8,1,l1,102,0,7.0,I-NTMCP l=1,1.0,EVADER_REACHED_GOAL
open8,1,l1,102,1,4.0,I-NTMCP l=1,1.0,PURSUER_WIN
open8,1,l1,102,1,7.0,I-NTMCP l=1,1.0,PURSUER_WIN
open8,1,l1,102,1,2.0,I-NTMCP l=1,1.0,PURSUER_WIN
open8,1,l1,102,0,7.0,I-NTMCP l=1,1.0,EVADER_REACHED_GOAL
open8,1,l1,103,1,3.0,I-NTMCP l=1,1.0,PURSUER_WIN
open8,1,l1,103,1,3.0,I-NTMCP l=1,1.0,PURSUER_WIN
open8,1,l1,103,1,3.0,I-NTMCP l=1,1.0,PURSUER_WIN
open8,1,l1,103,1,2.0,I-NTMCP l=1,1.0,PURSUER_WIN
open8,1,l1,103,1,3.0,I-NTMCP l=1,1.0,PURSUER_WIN
open8,1,l1,103,1,1.0,I-NTMCP l=1,1.0,PURSUER_WIN
open8,1,l1,103,1,1.0,I-NTMCP l=1,1.0,PURSUER_WIN
open8,1,l1,103,1,2.0,I-NTMCP l=1,1.0,PURSUER_WIN
open8,1,l1,103,1,0.0,I-NTMCP l=1,1.0,PURSUER_WIN
open8,1,l1,103,1,3.0,I-NTMCP l=1,1.0,PURSUER_WIN
open8,1,l1,103,1,3.0,I-NTMCP l=1,1.0,PURSUER_WIN
open8,1,l1,103,1,0.0,I-NTMCP l=1,1.0,PURSUER_WIN
open8,1,l1,103,1,4.0,I-NTMCP l=1,1.0,PURSUER_WIN
open8,1,l1,103,1,4.0,I-NTMCP l=1,1.0,PURSUER_WIN
open8,1,l1,103,1,4.0,I-NTMCP l=1,1.0,PURSUER_WIN
open8,1,l1,103,1,2.0,I-NTMCP l=1,1.0,PURSUER_WIN
open8,1,l1,103,1,5.0,I-NTMCP l=1,1.0,PURSUER_WIN
open8,1,l1,103,1,5.0,I-NTMCP l=1,1.0,PURSUER_WIN
open8,1,l1,103,1,7.0,I-NTMCP l=1,1.0,PURSUER_WIN
open8,1,l1,103,1,5.0,I-NTMCP l=1,1.0,PURSUER_WIN
open8,1,l1,103,1,2.0,I-NTMCP l=1,1.0,PURSUER_WIN
open8,1,l1,103,1,4.0,I-NTMCP l=1,1.0,PURSUER_WIN
open8,1,l1,103,1,5.0,I-NTMCP l=1,1.0,PURSUER_WIN
open8,1,l1,103,1,2.0,I-NTMCP l=1,1.0,PURSUER_WIN
open8,1,l1,103,1,2.0,I-NTMCP l=1,1.0,PURSUER_WIN
open8,1,l1,103,1,4.0,I-NTMCP l=1,1.0,PURSUER_WIN
open8,1,l1,103,1,0.0,I-NTMCP l=1,1.0,PURSUER_WIN
open8,1,l1,103,1,3.0,I-NTMCP l=1,1.0,PURSUER_WIN
open8,1,l1,103,1,2.0,I-NTMCP l=1,1.0,PURSUER_WIN
open8,1,l1,103,1,1.0,I-NTMCP l=1,1.0,PURSUER_WIN
open8,1,l1,103,1,1.0,I-NTMCP l=1,1.0,PURSUER_WIN
open8,1,l1,103,1,3.0,I-NTMCP l=1,1.0,PURSUER_WIN
open8,1,l1,103,1,2.0,I-NTMCP l=1,1.0,PURSUER_WIN
open8,1,l1,103,1,2.0,I-NTMCP l=1,1.0,PURSUER_WIN
open8,1,l1,103,1,4.0,I-NTMCP l=1,1.0,PURSUER_WIN
open8,1,l1,103,1,0.0,I-NTMCP l=1,1.0,PURSUER_WIN
open8,1,l1,103,0,7.0,I-NTMCP l=1,1.0,EVADER_REACHED_GOAL
open8,1,l1,103,1,5.0,I-NTMCP l=1,1.0,PURSUER_WIN
open8,1,l1,103,1,0.0,I-NTMCP l=1,1.0,PURSUER_WIN
open8,1,l1,103,1,3.0,I-NTMCP l=1,1.0,PURSUER_WIN
open8,1,l1,103,1,7.0,I-NTMCP l=1,1.0,PURSUER_WIN
open8,1,l1,103,1,4.0,I-NTMCP l=1,1.0,PURSUER_WIN
open8,1,l1,103,1,3.0,I-NTMCP l=1,1.0,PURSUER_WIN
open8,1,l1,103,0,7.0,I-NTMCP l=1,1.0,EVADER_REACHED_GOAL
open8,1,l1,103,1,2.0,I-NTMCP l=1,1.0,PURSUER_WIN
open8,1,l1,103,1,3.0,I-NTMCP l=1,1.0,PURSUER_WIN
open8,1,l1,103,1,3.0,I-NTMCP l=1,1.0,PURSUER_WIN
open8,1,l1,103,1,3.0,I-NTMCP l=1,1.0,PURSUER_WIN
open8,1,l1,103,1,0.0,I-NTMCP l=1,1.0,PURSUER_WIN
open8,1,l1,103,0,8.0,I-NTMCP l=1,1.0,EVADER_REACHED_GOAL
open8,1,l1,104,1,4.0,I-NTMCP l=1,1.0,PURSUER_WIN
open8,1,l1,104,1,2.0,I-NTMCP l=1,1.0,PURSUER_WIN
open8,1,l1,104,1,3.0,I-NTMCP l=1,1.0,PURSUER_WIN
open8,1,l1,104,1,5.0,I-NTMCP l=1,1.0,PURSUER_WIN
open8,1,l1,104,1,6.0,I-NTMCP l=1,1.0,PURSUER_WIN
open8,1,l1,104,1,0.0,I-NTMCP l=1,1.0,PURSUER_WIN
open8,1,l1,104,1,0.0,I-NTMCP l=1,1.0,PURSUER_WIN
open8,1,l1,104,1,3.0,I-NTMCP l=1,1.0,PURSUER_WIN
open8,1,l1,104,1,3.0,I-NTMCP l=1,1.0,PURSUER_WIN
open8,1,l1,104,1,2.0,I-NTMCP l=1,1.0,PURSUER_WIN
open8,1,l1,104,1,2.0,I-NTMCP l=1,1.0,PURSUER_WIN
open8,1,l1,104,1,4.0,I-NTMCP l=1,1.0,PURSUER_WIN
open8,1,l1,104,0,7.0,I-NTMCP l=1,1.0,EVADER_REACHED_GOAL
open8,1,l1,104,1,3.0,I-NTMCP l=1,1.0,PURSUER_WIN
open8,1,l1,104,1,2.0,I-NTMCP l=1,1.0,PURSUER_WIN
open8,1,l1,104,1,2.0,I-NTMCP l=1,1.0,PURSUER_WIN
open8,1,l1,104,1,0.0,I-NTMCP l=1,1.0,PURSUER_WIN
open8,1,l1,104,1,2.0,I-NTMCP l=1,1.0,PURSUER_WIN
open8,1,l1,104,1,0.0,I-NTMCP l=1,1.0,PURSUER_WIN
open8,1,l1,104,1,4.0,I-NTMCP l=1,1.0,PURSUER_WIN
open8,1,l1,104,1,2.0,I-NTMCP l=1,1.0,PURSUER_WIN
open8,1,l1,104,1,5.0,I-NTMCP l=1,1.0,PURSUER_WIN
open8,1,l1,104,1,0.0,I-NTMCP l=1,1.0,PURSUER_WIN
open8,1,l1,104,1,1.0,I-NTMCP l=1,1.0,PURSUER_WIN
open8,1,l1,104,1,2.0,I-NTMCP l=1,1.0,PURSUER_WIN
open8,1,l1,104,1,1.0,I-NTMCP l=1,1.0,PURSUER_WIN
open8,1,l1,104,1,2.0,I-NTMCP l=1,1.0,PURSUER_WIN
open8,1,l1,104,1,3.0,I-NTMCP l=1,1.0,PURSUER_WIN
open8,1,l1,104,0,7.0,I-NTMCP l=1,1.0,EVADER_REACHED_GOAL
open8,1,l1,104,1,1.0,I-NTMCP l=1,1.0,PURSUER_WIN
open8,1,l1,104,0,10.0,I-NTMCP l=1,1.0,EVADER_REACHED_GOAL
open8,1,l1,104,1,0.0,I-NTMCP l=1,1.0,PURSUER_WIN
open8,1,l1,104,1,5.0,I-NTMCP l=1,1.0,PURSUER_WIN
open8,1,l1,104,1,2.0,I-NTMCP l=1,1.0,PURSUER_WIN
open8,1,l1,104,1,0.0,I-NTMCP l=1,1.0,PURSUER_WIN
open8,1,l1,104,1,2.0,I-NTMCP l=1,1.0,PURSUER_WIN
open8,1,l1,104,1,0.0,I-NTMCP l=1,1.0,PURSUER_WIN
open8,1,l1,104,1,7.0,I-NTMCP l=1,1.0,PURSUER_WIN
open8,1,l1,104,1,6.0,I-NTMCP l=1,1.0,PURSUER_WIN
open8,1,l1,104,1,3.0,I-NTMCP l=1,1.0,PURSUER_WIN
open8,1,l1,104,1,7.0,I-NTMCP l=1,1.0,PURSUER_WIN
open8,1,l1,104,1,3.0,I-NTMCP l=1,1.0,PURSUER_WIN
open8,1,l1,104,1,3.0,I-NTMCP l=1,1.0,PURSUER_WIN
open8,1,l1,104,1,3.0,I-NTMCP l=1,1.0,PURSUER_WIN
open8,1,l1,104,1,0.0,I-NTMCP l=1,1.0,PURSUER_WIN
open8,1,l1,104,1,0.0,I-NTMCP l=1,1.0,PURSUER_WIN
open8,1,l1,104,1,3.0,I-NTMCP l=1,1.0,PURSUER_WIN
open8,1,l1,104,1,4.0,I-NTMCP l=1,1.0,PURSUER_WIN
open8,1,l1,104,1,4.0,I-NTMCP l=1,1.0,PURSUER_WIN
open8,1,l1,104,1,2.0,I-NTMCP l=1,1.0,PURSUER_WIN
open8,1,l1,105,1,1.0,I-NTMCP l=1,1.0,PURSUER_WIN
open8,1,l1,105,1,4.0,I-NTMCP l=1,1.0,PURSUER_WIN
open8,1,l1,105,1,5.0,I-NTMCP l=1,1.0,PURSUER_WIN
open8,1,l1,105,1,0.0,I-NTMCP l=1,1.0,PURSUER_WIN
open8,1,l1,105,1,5.0,I-NTMCP l=1,1.0,PURSUER_WIN
open8,1,l1,105,1,10.0,I-NTMCP l=1,1.0,PURSUER_WIN
open8,1,l1,105,1,2.0,I-NTMCP l=1,1.0,PURSUER_WIN
open8,1,l1,105,1,2.0,I-NTMCP l=1,1.0,PURSUER_WIN
open8,1,l1,105,1,2.0,I-NTMCP l=1,1.0,PURSUER_WIN
open8,1,l1,105,1,2.0,I-NTMCP l=1,1.0,PURSUER_WIN
open8,1,l1,105,0,11.0,I-NTMCP l=1,1.0,EVADER_REACHED_GOAL
open8,1,l1,105,1,2.0,I-NTMCP l=1,1.0,PURSUER_WIN
open8,1,l1,105,1,3.0,I-NTMCP l=1,1.0,PURSUER_WIN
open8,1,l1,105,1,0.0,I-NTMCP l=1,1.0,PURSUER_WIN
open8,1,l1,105,1,6.0,I-NTMCP l=1,1.0,PURSUER_WIN
open8,1,l1,105,1,4.0,I-NTMCP l=1,1.0,PURSUER_WIN
open8,1,l1,105,1,3.0,I-NTMCP l=1,1.0,PURSUER_WIN
open8,1,l1,105,1,0.0,I-NTMCP l=1,1.0,PURSUER_WIN
open8,1,l1,105,1,3.0,I-NTMCP l=1,1.0,PURSUER_WIN
open8,1,l1,105,1,1.0,I-NTMCP l=1,1.0,PURSUER_WIN
open8,1,l1,105,1,2.0,I-NTMCP l=1,1.0,PURSUER_WIN
open8,1,l1,105,1,10.0,I-NTMCP l=1,1.0,PURSUER_WIN
open8,1,l1,105,1,4.0,I-NTMCP l=1,1.0,PURSUER_WIN
open8,1,l1,105,1,2.0,I-NTMCP l=1,1.0,PURSUER_WIN
open8,1,l1,105,1,1.0,I-NTMCP l=1,1.0,PURSUER_WIN
open8,1,l1,105,1,2.0,I-NTMCP l=1,1.0,PURSUER_WIN
open8,1,l1,105,1,4.0,I-NTMCP l=1,1.0,PURSUER_WIN
open8,1,l1,105,1,0.0,I-NTMCP l=1,1.0,PURSUER_WIN
open8,1,l1,105,1,1.0,I-NTMCP l=1,1.0,PURSUER_WIN
open8,1,l1,105,1,3.0,I-NTMCP l=1,1.0,PURSUER_WIN
open8,1,l1,105,1,4.0,I-NTMCP l=1,1.0,PURSUER_WIN
open8,1,l1,105,1,2.0,I-NTMCP l=1,1.0,PURSUER_WIN
open8,1,l1,105,1,3.0,I-NTMCP l=1,1.0,PURSUER_WIN
open8,1,l1,105,1,3.0,I-NTMCP l=1,1.0,PURSUER_WIN
open8,1,l1,105,1,1.0,I-NTMCP l=1,1.0,PURSUER_WIN
open8,1,l1,105,1,1.0,I-NTMCP l=1,1.0,PURSUER_WIN
open8,1,l1,105,1,3.0,I-NTMCP l=1,1.0,PURSUER_WIN
open8,1,l1,105,1,0.0,I-NTMCP l=1,1.0,PURSUER_WIN
open8,1,l1,105,1,2.0,I-NTMCP l=1,1.0,PURSUER_WIN
open8,1,l1,105,1,3.0,I-NTMCP l=1,1.0,PURSUER_WIN
open8,1,l1,105,1,2.0,I-NTMCP l=1,1.0,PURSUER_WIN
open8,1,l1,105,1,3.0,I-NTMCP l=1,1.0,PURSUER_WIN
open8,1,l1,105,1,7.0,I-NTMCP l=1,1.0,PURSUER_WIN
open8,1,l1,105,1,0.0,I-NTMCP l=1,1.0,PURSUER_WIN
open8,1,l1,105,1,2.0,I-NTMCP l=1,1.0,PURSUER_WIN
open8,1,l1,105,1,8.0,I-NTMCP l=1,1.0,PURSUER_WIN
open8,1,l1,105,1,3.0,I-NTMCP l=1,1.0,PURSUER_WIN
open8,1,l1,105,1,1.0,I-NTMCP l=1,1.0,PURSUER_WIN
open8,1,l1,105,1,2.0,I-NTMCP l=1,1.0,PURSUER_WIN
open8,1,l1,105,1,1.0,I-NTMCP l=1,1.0,PURSUER_WIN
open8,1,l1,106,1,2.0,I-NTMCP l=1,1.0,PURSUER_WIN
open8,1,l1,106,1,4.0,I-NTMCP l=1,1.0,PURSUER_WIN
open8,1,l1,106,1,3.0,I-NTMCP l=1,1.0,PURSUER_WIN
open8,1,l1,106,0,11.0,I-NTMCP l=1,1.0,EVADER_REACHED_GOAL
open8,1,l1,106,1,6.0,I-NTMCP l=1,1.0,PURSUER_WIN
open8,1,l1,106,1,6.0,I-NTMCP l=1,1.0,PURSUER_WIN
open8,1,l1,106,1,0.0,I-NTMCP l=1,1.0,PURSUER_WIN
open8,1,l1,106,1,4.0,I-NTMCP l=1,1.0,PURSUER_WIN
open8,1,l1,106,1,2.0,I-NTMCP l=1,1.0,PURSUER_WIN
open8,1,l1,106,1,2.0,I-NTMCP l=1,1.0,PURSUER_WIN
open8,1,l1,106,1,10.0,I-NTMCP l=1,1.0,PURSUER_WIN
open8,1,l1,106,1,6.0,I-NTMCP l=1,1.0,PURSUER_WIN
open8,1,l1,106,1,2.0,I-NTMCP l=1,1.0,PURSUER_WIN
open8,1,l1,106,1,4.0,I-NTMCP l=1,1.0,PURSUER_WIN
open8,1,l1,106,1,4.0,I-NTMCP l=1,1.0,PURSUER_WIN
open8,1,l1,106,1,8.0,I-NTMCP l=1,1.0,PURSUER_WIN
open8,1,l1,106,1,0.0,I-NTMCP l=1,1.0,PURSUER_WIN
open8,1,l1,106,1,2.0,I-NTMCP l=1,1.0,PURSUER_WIN
open8,1,l1,106,1,2.0,I-NTMCP l=1,1.0,PURSUER_WIN
open8,1,l1,106,1,9.0,I-NTMCP l=1,1.0,PURSUER_WIN
open8,1,l1,106,1,4.0,I-NTMCP l=1,1.0,PURSUER_WIN
open8,1,l1,106,1,4.0,I-NTMCP l=1,1.0,PURSUER_WIN
open8,1,l1,106,1,0.0,I-NTMCP l=1,1.0,PURSUER_WIN
open8,1,l1,106,1,3.0,I-NTMCP l=1,1.0,PURSUER_WIN
open8,1,l1,106,1,2.0,I-NTMCP l=1,1.0,PURSUER_WIN
open8,1,l1,106,1,3.0,I-NTMCP l=1,1.0,PURSUER_WIN
open8,1,l1,106,1,3.0,I-NTMCP l=1,1.0,PURSUER_WIN
open8,1,l1,106,1,2.0,I-NTMCP l=1,1.0,PURSUER_WIN
open8,1,l1,106,1,5.0,I-NTMCP l=1,1.0,PURSUER_WIN
open8,1,l1,106,1,0.0,I-NTMCP l=1,1.0,PURSUER_WIN
open8,1,l1,106,1,4.0,I-NTMCP l=1,1.0,PURSUER_WIN
open8,1,l1,106,1,4.0,I-NTMCP l=1,1.0,PURSUER_WIN
open8,1,l1,106,1,2.0,I-NTMCP l=1,1.0,PURSUER_WIN
open8,1,l1,106,1,3.0,I-NTMCP l=1,1.0,PURSUER_WIN
open8,1,l1,106,1,1.0,I-NTMCP l=1,1.0,PURSUER_WIN
open8,1,l1,106,1,2.0,I-NTMCP l=1,1.0,PURSUER_WIN
open8,1,l1,106,1,6.0,I-NTMCP l=1,1.0,PURSUER_WIN
open8,1,l1,106,1,6.0,I-NTMCP l=1,1.0,PURSUER_WIN
open8,1,l1,106,1,2.0,I-NTMCP l=1,1.0,PURSUER_WIN
open8,1,l1,106,1,3.0,I-NTMCP l=1,1.0,PURSUER_WIN
open8,1,l1,106,1,2.0,I-NTMCP l=1,1.0,PURSUER_WIN
open8,1,l1,106,1,3.0,I-NTMCP l=1,1.0,PURSUER_WIN
open8,1,l1,106,1,0.0,I-NTMCP l=1,1.0,PURSUER_WIN
open8,1,l1,106,1,3.0,I-NTMCP l=1,1.0,PURSUER_WIN
open8,1,l1,106,1,3.0,I-NTMCP l=1,1.0,PURSUER_WIN
open8,1,l1,106,1,3.0,I-NTMCP l=1,1.0,PURSUER_WIN
open8,1,l1,106,1,0.0,I-NTMCP l=1,1.0,PURSUER_WIN
open8,1,l1,106,1,2.0,I-NTMCP l=1,1.0,PURSUER_WIN
open8,1,l1,106,1,4.0,I-NTMCP l=1,1.0,PURSUER_WIN
open8,1,l1,106,1,6.0,I-NTMCP l=1,1.0,PURSUER_WIN
open8,1,l1,107,1,3.0,I-NTMCP l=1,1.0,PURSUER_WIN
open8,1,l1,107,1,3.0,I-NTMCP l=1,1.0,PURSUER_WIN
open8,1,l1,107,1,0.0,I-NTMCP l=1,1.0,PURSUER_WIN
open8,1,l1,107,1,4.0,I-NTMCP l=1,1.0,PURSUER_WIN
open8,1,l1,107,1,0.0,I-NTMCP l=1,1.0,PURSUER_WIN
open8,1,l1,107,1,7.0,I-NTMCP l=1,1.0,PURSUER_WIN
open8,1,l1,107,1,3.0,I-NTMCP l=1,1.0,PURSUER_WIN
open8,1,l1,107,1,0.0,I-NTMCP l=1,1.0,PURSUER_WIN
open8,1,l1,107,1,0.0,I-NTMCP l=1,1.0,PURSUER_WIN
open8,1,l1,107,1,3.0,I-NTMCP l=1,1.0,PURSUER_WIN
open8,1,l1,107,1,2.0,I-NTMCP l=1,1.0,PURSUER_WIN
open8,1,l1,107,1,2.0,I-NTMCP l=1,1.0,PURSUER_WIN
open8,1,l1,107,1,2.0,I-NTMCP l=1,1.0,PURSUER_WIN
open8,1,l1,107,1,0.0,I-NTMCP l=1,1.0,PURSUER_WIN
open8,1,l1,107,1,0.0,I-NTMCP l=1,1.0,PURSUER_WIN
open8,1,l1,107,1,4.0,I-NTMCP l=1,1.0,PURSUER_WIN
open8,1,l1,107,1,0.0,I-NTMCP l=1,1.0,PURSUER_WIN
open8,1,l1,107,1,5.0,I-NTMCP l=1,1.0,PURSUER_WIN
open8,1,l1,107,1,1.0,I-NTMCP l=1,1.0,PURSUER_WIN
open8,1,l1,107,1,2.0,I-NTMCP l=1,1.0,PURSUER_WIN
open8,1,l1,107,1,3.0,I-NTMCP l=1,1.0,PURSUER_WIN
open8,1,l1,107,1,1.0,I-NTMCP l=1,1.0,PURSUER_WIN
open8,1,l1,107,1,8.0,I-NTMCP l=1,1.0,PURSUER_WIN
open8,1,l1,107,1,5.0,I-NTMCP l=1,1.0,PURSUER_WIN
open8,1,l1,107,1,5.0,I-NTMCP l=1,1.0,PURSUER_WIN
open8,1,l1,107,1,3.0,I-NTMCP l=1,1.0,PURSUER_WIN
open8,1,l1,107,1,3.0,I-NTMCP l=1,1.0,PURSUER_WIN
open8,1,l1,107,1,5.0,I-NTMCP l=1,1.0,PURSUER_WIN
open8,1,l1,107,1,0.0,I-NTMCP l=1,1.0,PURSUER_WIN
open8,1,l1,107,0,10.0,I-NTMCP l=1,1.0,EVADER_REACHED_GOAL
open8,1,l1,107,1,7.0,I-NTMCP l=1,1.0,PURSUER_WIN
open8,1,l1,107,1,4.0,I-NTMCP l=1,1.0,PURSUER_WIN
open8,1,l1,107,1,2.0,I-NTMCP l=1,1.0,PURSUER_WIN
open8,1,l1,107,0,11.0,I-NTMCP l=1,1.0,EVADER_REACHED_GOAL
open8,1,l1,107,1,0.0,I-NTMCP l=1,1.0,PURSUER_WIN
open8,1,l1,107,1,9.0,I-NTMCP l=1,1.0,PURSUER_WIN
open8,1,l1,107,1,2.0,I-NTMCP l=1,1.0,PURSUER_WIN
open8,1,l1,107,1,0.0,I-NTMCP l=1,1.0,PURSUER_WIN
open8,1,l1,107,1,2.0,I-NTMCP l=1,1.0,PURSUER_WIN
open8,1,l1,107,1,4.0,I-NTMCP l=1,1.0,PURSUER_WIN
open8,1,l1,107,0,7.0,I-NTMCP l=1,1.0,EVADER_REACHED_GOAL
open8,1,l1,107,1,2.0,I-NTMCP l=1,1.0,PURSUER_WIN
open8,1,l1,107,1,5.0,I-NTMCP l=1,1.0,PURSUER_WIN
open8,1,l1,107,1,2.0,I-NTMCP l=1,1.0,PURSUER_WIN
open8,1,l1,107,1,3.0,I-NTMCP l=1,1.0,PURSUER_WIN
open8,1,l1,107,1,2.0,I-NTMCP l=1,1.0,PURSUER_WIN
open8,1,l1,107,1,3.0,I-NTMCP l=1,1.0,PURSUER_WIN
open8,1,l1,107,1,4.0,I-NTMCP l=1,1.0,PURSUER_WIN
open8,1,l1,107,1,0.0,I-NTMCP l=1,1.0,PURSUER_WIN
open8,1,l1,107,1,0.0,I-NTMCP l=1,1.0,PURSUER_WIN
open8,1,l1,108,1,6.0,I-NTMCP l=1,1.0,PURSUER_WIN
open8,1,l1,108,1,3.0,I-NTMCP l=1,1.0,PURSUER_WIN
open8,1,l1,108,1,0.0,I-NTMCP l=1,1.0,PURSUER_WIN
open8,1,l1,108,1,3.0,I-NTMCP l=1,1.0,PURSUER_WIN
open8,1,l1,108,1,5.0,I-NTMCP l=1,1.0,PURSUER_WIN
open8,1,l1,108,1,0.0,I-NTMCP l=1,1.0,PURSUER_WIN
open8,1,l1,108,1,3.0,I-NTMCP l=1,1.0,PURSUER_WIN
open8,1,l1,108,1,0.0,I-NTMCP l=1,1.0,PURSUER_WIN
open8,1,l1,108,1,2.0,I-NTMCP l=1,1.0,PURSUER_WIN
open8,1,l1,108,1,4.0,I-NTMCP l=1,1.0,PURSUER_WIN
open8,1,l1,108,1,2.0,I-NTMCP l=1,1.0,PURSUER_WIN
open8,1,l1,108,1,0.0,I-NTMCP l=1,1.0,PURSUER_WIN
open8,1,l1,108,1,2.0,I-NTMCP l=1,1.0,PURSUER_WIN
open8,1,l1,108,1,0.0,I-NTMCP l=1,1.0,PURSUER_WIN
open8,1,l1,108,1,4.0,I-NTMCP l=1,1.0,PURSUER_WIN
open8,1,l1,108,1,2.0,I-NTMCP l=1,1.0,PURSUER_WIN
open8,1,l1,108,0,7.0,I-NTMCP l=1,1.0,EVADER_REACHED_GOAL
open8,1,l1,108,1,2.0,I-NTMCP l=1,1.0,PURSUER_WIN
open8,1,l1,108,1,4.0,I-NTMCP l=1,1.0,PURSUER_WIN
open8,1,l1,108,1,4.0,I-NTMCP l=1,1.0,PURSUER_WIN
open8,1,l1,108,1,1.0,I-NTMCP l=1,1.0,PURSUER_WIN
open8,1,l1,108,1,1.0,I-NTMCP l=1,1.0,PURSUER_WIN
open8,1,l1,108,1,2.0,I-NTMCP l=1,1.0,PURSUER_WIN
open8,1,l1,108,1,2.0,I-NTMCP l=1,1.0,PURSUER_WIN
open8,1,l1,108,1,10.0,I-NTMCP l=1,1.0,PURSUER_WIN
open8,1,l1,108,1,8.0,I-NTMCP l=1,1.0,PURSUER_WIN
open8,1,l1,108,1,1.0,I-NTMCP l=1,1.0,PURSUER_WIN
open8,1,l1,108,1,5.0,I-NTMCP l=1,1.0,PURSUER_WIN
open8,1,l1,108,1,0.0,I-NTMCP l=1,1.0,PURSUER_WIN
open8,1,l1,108,1,5.0,I-NTMCP l=1,1.0,PURSUER_WIN
open8,1,l1,108,1,2.0,I-NTMCP l=1,1.0,PURSUER_WIN
open8,1,l1,108,1,0.0,I-NTMCP l=1,1.0,PURSUER_WIN
open8,1,l1,108,1,9.0,I-NTMCP l=1,1.0,PURSUER_WIN
open8,1,l1,108,1,0.0,I-NTMCP l=1,1.0,PURSUER_WIN
open8,1,l1,108,1,1.0,I-NTMCP l=1,1.0,PURSUER_WIN
open8,1,l1,108,1,3.0,I-NTMCP l=1,1.0,PURSUER_WIN
open8,1,l1,108,1,1.0,I-NTMCP l=1,1.0,PURSUER_WIN
open8,1,l1,108,1,2.0,I-NTMCP l=1,1.0,PURSUER_WIN
open8,1,l1,108,1,2.0,I-NTMCP l=1,1.0,PURSUER_WIN
open8,1,l1,108,1,8.0,I-NTMCP l=1,1.0,PURSUER_WIN
open8,1,l1,108,1,1.0,I-NTMCP l=1,1.0,PURSUER_WIN
open8,1,l1,108,1,8.0,I-NTMCP l=1,1.0,PURSUER_WIN
open8,1,l1,108,1,1.0,I-NTMCP l=1,1.0,PURSUER_WIN
open8,1,l1,108,1,3.0,I-NTMCP l=1,1.0,PURSUER_WIN
open8,1,l1,108,1,2.0,I-NTMCP l=1,1.0,PURSUER_WIN
open8,1,l1,108,0,7.0,I-NTMCP l=1,1.0,EVADER_REACHED_GOAL
open8,1,l1,108,1,2.0,I-NTMCP l=1,1.0,PURSUER_WIN
open8,1,l1,108,1,0.0,I-NTMCP l=1,1.0,PURSUER_WIN
open8,1,l1,108,1,2.0,I-NTMCP l=1,1.0,PURSUER_WIN
open8,1,l1,108,1,2.0,I-NTMCP l=1,1.0,PURSUER_WIN
open8,1,l1,109,1,4.0,I-NTMCP l=1,1.0,PURSUER_WIN
open8,1,l1,109,1,2.0,I-NTMCP l=1,1.0,PURSUER_WIN
open8,1,l1,109,1,4.0,I-NTMCP l=1,1.0,PURSUER_WIN
open8,1,l1,109,1,4.0,I-NTMCP l=1,1.0,PURSUER_WIN
open8,1,l1,109,1,0.0,I-NTMCP l=1,1.0,PURSUER_WIN
open8,1,l1,109,1,5.0,I-NTMCP l=1,1.0,PURSUER_WIN
open8,1,l1,109,1,0.0,I-NTMCP l=1,1.0,PURSUER_WIN
open8,1,l1,109,0,11.0,I-NTMCP l=1,1.0,EVADER_REACHED_GOAL
open8,1,l1,109,1,4.0,I-NTMCP l=1,1.0,PURSUER_WIN
open8,1,l1,109,1,2.0,I-NTMCP l=1,1.0,PURSUER_WIN
open8,1,l1,109,1,2.0,I-NTMCP l=1,1.0,PURSUER_WIN
open8,1,l1,109,1,3.0,I-NTMCP l=1,1.0,PURSUER_WIN
open8,1,l1,109,1,6.0,I-NTMCP l=1,1.0,PURSUER_WIN
open8,1,l1,109,0,7.0,I-NTMCP l=1,1.0,EVADER_REACHED_GOAL
open8,1,l1,109,1,1.0,I-NTMCP l=1,1.0,PURSUER_WIN
open8,1,l1,109,1,1.0,I-NTMCP l=1,1.0,PURSUER_WIN
open8,1,l1,109,1,0.0,I-NTMCP l=1,1.0,PURSUER_WIN
open8,1,l1,109,1,0.0,I-NTMCP l=1,1.0,PURSUER_WIN
open8,1,l1,109,1,0.0,I-NTMCP l=1,1.0,PURSUER_WIN
open8,1,l1,109,0,11.0,I-NTMCP l=1,1.0,EVADER_REACHED_GOAL
open8,1,l1,109,1,5.0,I-NTMCP l=1,1.0,PURSUER_WIN
open8,1,l1,109,1,2.0,I-NTMCP l=1,1.0,PURSUER_WIN
open8,1,l1,109,1,6.0,I-NTMCP l=1,1.0,PURSUER_WIN
open8,1,l1,109,1,1.0,I-NTMCP l=1,1.0,PURSUER_WIN
open8,1,l1,109,0,11.0,I-NTMCP l=1,1.0,EVADER_REACHED_GOAL
open8,1,l1,109,1,2.0,I-NTMCP l=1,1.0,PURSUER_WIN
open8,1,l1,109,1,2.0,I-NTMCP l=1,1.0,PURSUER_WIN
open8,1,l1,109,0,10.0,I-NTMCP l=1,1.0,EVADER_REACHED_GOAL
open8,1,l1,109,1,0.0,I-NTMCP l=1,1.0,PURSUER_WIN
open8,1,l1,109,1,2.0,I-NTMCP l=1,1.0,PURSUER_WIN
open8,1,l1,109,1,1.0,I-NTMCP l=1,1.0,PURSUER_WIN
open8,1,l1,109,1,0.0,I-NTMCP l=1,1.0,PURSUER_WIN
open8,1,l1,109,1,4.0,I-NTMCP l=1,1.0,PURSUER_WIN
open8,1,l1,109,1,3.0,I-NTMCP l=1,1.0,PURSUER_WIN
open8,1,l1,109,0,11.0,I-NTMCP l=1,1.0,EVADER_REACHED_GOAL
open8,1,l1,109,1,1.0,I-NTMCP l=1,1.0,PURSUER_WIN
open8,1,l1,109,1,3.0,I-NTMCP l=1,1.0,PURSUER_WIN
open8,1,l1,109,1,3.0,I-NTMCP l=1,1.0,PURSUER_WIN
open8,1,l1,109,1,7.0,I-NTMCP l=1,1.0,PURSUER_WIN
open8,1,l1,109,1,3.0,I-NTMCP l=1,1.0,PURSUER_WIN
open8,1,l1,109,1,3.0,I-NTMCP l=1,1.0,PURSUER_WIN
open8,1,l1,109,1,4.0,I-NTMCP l=1,1.0,PURSUER_WIN
open8,1,l1,109,1,2.0,I-NTMCP l=1,1.0,PURSUER_WIN
open8,1,l1,109,1,0.0,I-NTMCP l=1,1.0,PURSUER_WIN
open8,1,l1,109,1,3.0,I-NTMCP l=1,1.0,PURSUER_WIN
open8,1,l1,109,1,1.0,I-NTMCP l=1,1.0,PURSUER_WIN
open8,1,l1,109,1,2.0,I-NTMCP l=1,1.0,PURSUER_WIN
open8,1,l1,109,1,3.0,I-NTMCP l=1,1.0,PURSUER_WIN
open8,1,l1,109,1,1.0,I-NTMCP l=1,1.0,PURSUER_WIN
open8,1,l1,109,1,1.0,I-NTMCP l=1,1.0,PURSUER_WIN
open8,1,mixed,100,1,2.0,shortest path,,PURSUER_WIN
open8,1,mixed,100,1,1.0,I-NTMCP l=1,1.0,PURSUER_WIN
open8,1,mixed,100,1,5.0,I-NTMCP l=1,1.0,PURSUER_WIN
open8,1,mixed,100,0,9.0,shortest path,,EVADER_REACHED_GOAL
open8,1,mixed,100,1,3.0,I-NTMCP l=1,1.0,PURSUER_WIN
open8,1,mixed,100,1,0.0,I-NTMCP l=0,0.0,PURSUER_WIN
open8,1,mixed,100,1,1.0,I-NTMCP l=1,1.0,PURSUER_WIN
open8,1,mixed,100,1,8.0,random,,PURSUER_WIN
open8,1,mixed,100,1,5.0,random,,PURSUER_WIN
open8,1,mixed,100,1,3.0,random,,PURSUER_WIN
open8,1,mixed,100,1,4.0,I-NTMCP l=1,1.0,PURSUER_WIN
open8,1,mixed,100,1,4.0,I-NTMCP l=0,0.0,PURSUER_WIN
open8,1,mixed,100,1,2.0,random,,PURSUER_WIN
open8,1,mixed,100,1,0.0,shortest path,,PURSUER_WIN
open8,1,mixed,100,1,5.0,I-NTMCP l=0,0.0,PURSUER_WIN
open8,1,mixed,100,1,3.0,shortest path,,PURSUER_WIN
open8,1,mixed,100,1,1.0,I-NTMCP l=0,0.0,PURSUER_WIN
open8,1,mixed,100,0,9.0,shortest path,,EVADER_REACHED_GOAL
open8,1,mixed,100,1,4.0,shortest path,,PURSUER_WIN
open8,1,mixed,100,1,6.0,shortest path,,PURSUER_WIN
open8,1,mixed,100,1,12.0,shortest path,,PURSUER_WIN
open8,1,mixed,100,1,1.0,I-NTMCP l=0,0.0,PURSUER_WIN
open8,1,mixed,100,1,3.0,I-NTMCP l=0,0.0,PURSUER_WIN
open8,1,mixed,100,1,3.0,I-NTMCP l=1,1.0,PURSUER_WIN
open8,1,mixed,100,1,2.0,shortest path,,PURSUER_WIN
open8,1,mixed,100,1,0.0,I-NTMCP l=1,1.0,PURSUER_WIN
open8,1,mixed,100,1,6.0,I-NTMCP l=1,1.0,PURSUER_WIN
open8,1,mixed,100,1,3.0,I-NTMCP l=0,0.0,PURSUER_WIN
open8,1,mixed,100,1,3.0,I-NTMCP l=1,1.0,PURSUER_WIN
open8,1,mixed,100,1,0.0,shortest path,,PURSUER_WIN
open8,1,mixed,100,1,1.0,random,,PURSUER_WIN
open8,1,mixed,100,1,0.0,shortest path,,PURSUER_WIN
open8,1,mixed,100,1,1.0,random,,PURSUER_WIN
open8,1,mixed,100,1,0.0,I-NTMCP l=1,1.0,PURSUER_WIN
open8,1,mixed,100,1,2.0,shortest path,,PURSUER_WIN
open8,1,mixed,100,1,3.0,shortest path,,PURSUER_WIN
open8,1,mixed,100,1,4.0,shortest path,,PURSUER_WIN
open8,1,mixed,100,1,2.0,shortest path,,PURSUER_WIN
open8,1,mixed,100,1,3.0,random,,PURSUER_WIN
open8,1,mixed,100,1,2.0,shortest path,,PURSUER_WIN
open8,1,mixed,100,1,0.0,I-NTMCP l=1,1.0,PURSUER_WIN
open8,1,mixed,100,1,3.0,I-NTMCP l=1,1.0,PURSUER_WIN
open8,1,mixed,100,1,0.0,shortest path,,PURSUER_WIN
open8,1,mixed,100,1,2.0,random,,PURSUER_WIN
open8,1,mixed,100,1,2.0,shortest path,,PURSUER_WIN
open8,1,mixed,100,1,3.0,I-NTMCP l=0,0.0,PURSUER_WIN
open8,1,mixed,100,1,0.0,I-NTMCP l=0,0.0,PURSUER_WIN
open8,1,mixed,100,1,4.0,I-NTMCP l=0,0.0,PURSUER_WIN
open8,1,mixed,100,1,4.0,I-NTMCP l=0,0.0,PURSUER_WIN
open8,1,mixed,100,1,0.0,I-NTMCP l=1,1.0,PURSUER_WIN
open8,1,mixed,101,1,2.0,shortest path,,PURSUER_WIN
open8,1,mixed,101,1,6.0,I-NTMCP l=0,0.0,PURSUER_WIN
open8,1,mixed,101,1,3.0,I-NTMCP l=1,1.0,PURSUER_WIN
open8,1,mixed,101,1,0.0,random,,PURSUER_WIN
open8,1,mixed,101,1,7.0,shortest path,,PURSUER_WIN
open8,1,mixed,101,1,0.0,shortest path,,PURSUER_WIN
open8,1,mixed,101,1,3.0,I-NTMCP l=0,0.0,PURSUER_WIN
open8,1,mixed,101,1,4.0,I-NTMCP l=1,1.0,PURSUER_WIN
open8,1,mixed,101,1,2.0,shortest path,,PURSUER_WIN
open8,1,mixed,101,1,5.0,I-NTMCP l=0,0.0,PURSUER_WIN
open8,1,mixed,101,1,4.0,I-NTMCP l=1,1.0,PURSUER_WIN
open8,1,mixed,101,1,6.0,random,,PURSUER_WIN
open8,1,mixed,101,1,3.0,I-NTMCP l=0,0.0,PURSUER_WIN
open8,1,mixed,101,1,8.0,shortest path,,PURSUER_WIN
open8,1,mixed,101,1,3.0,shortest path,,PURSUER_WIN
open8,1,mixed,101,1,4.0,random,,PURSUER_WIN
open8,1,mixed,101,1,2.0,I-NTMCP l=1,1.0,PURSUER_WIN
open8,1,mixed,101,1,0.0,I-NTMCP l=0,0.0,PURSUER_WIN
open8,1,mixed,101,1,2.0,shortest path,,PURSUER_WIN
open8,1,mixed,101,1,3.0,I-NTMCP l=1,1.0,PURSUER_WIN
open8,1,mixed,101,1,8.0,I-NTMCP l=0,0.0,PURSUER_WIN
open8,1,mixed,101,1,2.0,shortest path,,PURSUER_WIN
open8,1,mixed,101,0,7.0,I-NTMCP l=1,1.0,EVADER_REACHED_GOAL
open8,1,mixed,101,1,5.0,I-NTMCP l=1,1.0,PURSUER_WIN
open8,1,mixed,101,1,7.0,shortest path,,PURSUER_WIN
open8,1,mixed,101,1,0.0,random,,PURSUER_WIN
open8,1,mixed,101,1,4.0,I-NTMCP l=1,1.0,PURSUER_WIN
open8,1,mixed,101,1,0.0,I-NTMCP l=1,1.0,PURSUER_WIN
open8,1,mixed,101,1,7.0,I-NTMCP l=0,0.0,PURSUER_WIN
open8,1,mixed,101,1,1.0,shortest path,,PURSUER_WIN
open8,1,mixed,101,1,0.0,random,,PURSUER_WIN
open8,1,mixed,101,1,3.0,I-NTMCP l=0,0.0,PURSUER_WIN
open8,1,mixed,101,1,3.0,I-NTMCP l=0,0.0,PURSUER_WIN
open8,1,mixed,101,1,2.0,I-NTMCP l=1,1.0,PURSUER_WIN
open8,1,mixed,101,1,6.0,I-NTMCP l=1,1.0,PURSUER_WIN
open8,1,mixed,101,1,2.0,shortest path,,PURSUER_WIN
open8,1,mixed,101,1,3.0,I-NTMCP l=1,1.0,PURSUER_WIN
open8,1,mixed,101,1,5.0,random,,PURSUER_WIN
open8,1,mixed,101,1,5.0,I-NTMCP l=1,1.0,PURSUER_WIN
open8,1,mixed,101,1,3.0,I-NTMCP l=1,1.0,PURSUER_WIN
open8,1,mixed,101,1,3.0,random,,PURSUER_WIN
open8,1,mixed,101,1,2.0,I-NTMCP l=1,1.0,PURSUER_WIN
open8,1,mixed,101,1,1.0,shortest path,,PURSUER_WIN
open8,1,mixed,101,1,12.0,random,,PURSUER_WIN
open8,1,mixed,101,1,2.0,I-NTMCP l=0,0.0,PURSUER_WIN
open8,1,mixed,101,1,7.0,random,,PURSUER_WIN
open8,1,mixed,101,1,2.0,I-NTMCP l=0,0.0,PURSUER_WIN
open8,1,mixed,101,1,2.0,I-NTMCP l=0,0.0,PURSUER_WIN
open8,1,mixed,101,1,2.0,random,,PURSUER_WIN
open8,1,mixed,101,1,0.0,I-NTMCP l=0,0.0,PURSUER_WIN
open8,1,mixed,102,1,0.0,shortest path,,PURSUER_WIN
open8,1,mixed,102,0,7.0,I-NTMCP l=0,0.0,EVADER_REACHED_GOAL
open8,1,mixed,102,1,0.0,shortest path,,PURSUER_WIN
open8,1,mixed,102,1,2.0,shortest path,,PURSUER_WIN
open8,1,mixed,102,1,4.0,I-NTMCP l=1,1.0,PURSUER_WIN
open8,1,mixed,102,1,1.0,I-NTMCP l=0,0.0,PURSUER_WIN
open8,1,mixed,102,1,3.0,I-NTMCP l=1,1.0,PURSUER_WIN
open8,1,mixed,102,1,3.0,random,,PURSUER_WIN
open8,1,mixed,102,1,7.0,shortest path,,PURSUER_WIN
open8,1,mixed,102,1,2.0,I-NTMCP l=1,1.0,PURSUER_WIN
open8,1,mixed,102,1,3.0,I-NTMCP l=1,1.0,PURSUER_WIN
open8,1,mixed,102,1,6.0,shortest path,,PURSUER_WIN
open8,1,mixed,102,1,0.0,shortest path,,PURSUER_WIN
open8,1,mixed,102,1,0.0,random,,PURSUER_WIN
open8,1,mixed,102,1,0.0,random,,PURSUER_WIN
open8,1,mixed,102,1,7.0,shortest path,,PURSUER_WIN
open8,1,mixed,102,1,3.0,I-NTMCP l=1,1.0,PURSUER_WIN
open8,1,mixed,102,1,0.0,shortest path,,PURSUER_WIN
open8,1,mixed,102,1,2.0,shortest path,,PURSUER_WIN
open8,1,mixed,102,1,1.0,I-NTMCP l=1,1.0,PURSUER_WIN
open8,1,mixed,102,1,0.0,I-NTMCP l=1,1.0,PURSUER_WIN
open8,1,mixed,102,1,2.0,I-NTMCP l=1,1.0,PURSUER_WIN
open8,1,mixed,102,1,1.0,random,,PURSUER_WIN
open8,1,mixed,102,1,3.0,shortest path,,PURSUER_WIN
open8,1,mixed,102,1,3.0,random,,PURSUER_WIN
open8,1,mixed,102,1,4.0,I-NTMCP l=0,0.0,PURSUER_WIN
open8,1,mixed,102,1,2.0,I-NTMCP l=1,1.0,PURSUER_WIN
open8,1,mixed,102,1,4.0,shortest path,,PURSUER_WIN
open8,1,mixed,102,1,3.0,I-NTMCP l=1,1.0,PURSUER_WIN
open8,1,mixed,102,1,7.0,I-NTMCP l=1,1.0,PURSUER_WIN
open8,1,mixed,102,1,5.0,I-NTMCP l=1,1.0,PURSUER_WIN
open8,1,mixed,102,1,2.0,shortest path,,PURSUER_WIN
open8,1,mixed,102,1,0.0,shortest path,,PURSUER_WIN
open8,1,mixed,102,1,3.0,I-NTMCP l=0,0.0,PURSUER_WIN
open8,1,mixed,102,1,8.0,shortest path,,PURSUER_WIN
open8,1,mixed,102,1,8.0,random,,PURSUER_WIN
open8,1,mixed,102,1,1.0,shortest path,,PURSUER_WIN
open8,1,mixed,102,1,3.0,I-NTMCP l=0,0.0,PURSUER_WIN
open8,1,mixed,102,1,5.0,I-NTMCP l=1,1.0,PURSUER_WIN
open8,1,mixed,102,1,4.0,shortest path,,PURSUER_WIN
open8,1,mixed,102,1,2.0,I-NTMCP l=1,1.0,PURSUER_WIN
open8,1,mixed,102,1,0.0,I-NTMCP l=0,0.0,PURSUER_WIN
open8,1,mixed,102,1,2.0,I-NTMCP l=0,0.0,PURSUER_WIN
open8,1,mixed,102,1,2.0,I-NTMCP l=1,1.0,PURSUER_WIN
open8,1,mixed,102,1,1.0,I-NTMCP l=1,1.0,PURSUER_WIN
open8,1,mixed,102,1,20.0,shortest path,,PURSUER_WIN
open8,1,mixed,102,1,2.0,I-NTMCP l=1,1.0,PURSUER_WIN
open8,1,mixed,102,1,3.0,shortest path,,PURSUER_WIN
open8,1,mixed,102,1,3.0,shortest path,,PURSUER_WIN
open8,1,mixed,102,1,4.0,shortest path,,PURSUER_WIN
open8,1,mixed,103,1,3.0,I-NTMCP l=1,1.0,PURSUER_WIN
open8,1,mixed,103,1,6.0,shortest path,,PURSUER_WIN
open8,1,mixed,103,1,0.0,random,,PURSUER_WIN
open8,1,mixed,103,1,11.0,random,,PURSUER_WIN
open8,1,mixed,103,1,2.0,I-NTMCP l=1,1.0,PURSUER_WIN
open8,1,mixed,103,1,4.0,I-NTMCP l=1,1.0,PURSUER_WIN
open8,1,mixed,103,1,3.0,I-NTMCP l=0,0.0,PURSUER_WIN
open8,1,mixed,103,1,1.0,random,,PURSUER_WIN
open8,1,mixed,103,1,4.0,I-NTMCP l=1,1.0,PURSUER_WIN
open8,1,mixed,103,1,4.0,random,,PURSUER_WIN
open8,1,mixed,103,1,3.0,shortest path,,PURSUER_WIN
open8,1,mixed,103,1,0.0,shortest path,,PURSUER_WIN
open8,1,mixed,103,1,3.0,random,,PURSUER_WIN
open8,1,mixed,103,1,0.0,random,,PURSUER_WIN
open8,1,mixed,103,1,2.0,shortest path,,PURSUER_WIN
open8,1,mixed,103,1,1.0,random,,PURSUER_WIN
open8,1,mixed,103,1,11.0,shortest path,,PURSUER_WIN
open8,1,mixed,103,1,2.0,I-NTMCP l=0,0.0,PURSUER_WIN
open8,1,mixed,103,1,3.0,shortest path,,PURSUER_WIN
open8,1,mixed,103,1,3.0,I-NTMCP l=1,1.0,PURSUER_WIN
open8,1,mixed,103,1,0.0,I-NTMCP l=1,1.0,PURSUER_WIN
open8,1,mixed,103,1,19.0,shortest path,,PURSUER_WIN
open8,1,mixed,103,1,1.0,shortest path,,PURSUER_WIN
open8,1,mixed,103,1,6.0,random,,PURSUER_WIN
open8,1,mixed,103,1,9.0,I-NTMCP l=0,0.0,PURSUER_WIN
open8,1,mixed,103,1,0.0,shortest path,,PURSUER_WIN
open8,1,mixed,103,1,5.0,shortest path,,PURSUER_WIN
open8,1,mixed,103,1,2.0,I-NTMCP l=1,1.0,PURSUER_WIN
open8,1,mixed,103,1,2.0,I-NTMCP l=0,0.0,PURSUER_WIN
open8,1,mixed,103,1,3.0,I-NTMCP l=0,0.0,PURSUER_WIN
open8,1,mixed,103,1,2.0,shortest path,,PURSUER_WIN
open8,1,mixed,103,1,4.0,I-NTMCP l=1,1.0,PURSUER_WIN
open8,1,mixed,103,1,4.0,shortest path,,PURSUER_WIN
open8,1,mixed,103,1,4.0,I-NTMCP l=0,0.0,PURSUER_WIN
open8,1,mixed,103,1,12.0,random,,PURSUER_WIN
open8,1,mixed,103,1,0.0,I-NTMCP l=1,1.0,PURSUER_WIN
open8,1,mixed,103,1,2.0,shortest path,,PURSUER_WIN
open8,1,mixed,103,1,0.0,shortest path,,PURSUER_WIN
open8,1,mixed,103,1,3.0,I-NTMCP l=1,1.0,PURSUER_WIN
open8,1,mixed,103,1,0.0,I-NTMCP l=0,0.0,PURSUER_WIN
open8,1,mixed,103,1,1.0,random,,PURSUER_WIN
open8,1,mixed,103,1,4.0,I-NTMCP l=1,1.0,PURSUER_WIN
open8,1,mixed,103,1,3.0,I-NTMCP l=0,0.0,PURSUER_WIN
open8,1,mixed,103,1,3.0,random,,PURSUER_WIN
open8,1,mixed,103,1,17.0,random,,PURSUER_WIN
open8,1,mixed,103,1,3.0,I-NTMCP l=0,0.0,PURSUER_WIN
open8,1,mixed,103,1,5.0,I-NTMCP l=1,1.0,PURSUER_WIN
open8,1,mixed,103,1,13.0,random,,PURSUER_WIN
open8,1,mixed,103,1,2.0,random,,PURSUER_WIN
open8,1,mixed,103,1,4.0,I-NTMCP l=1,1.0,PURSUER_WIN
open8,1,mixed,104,1,6.0,random,,PURSUER_WIN
open8,1,mixed,104,1,2.0,shortest path,,PURSUER_WIN
open8,1,mixed,104,1,2.0,shortest path,,PURSUER_WIN
open8,1,mixed,104,1,5.0,I-NTMCP l=1,1.0,PURSUER_WIN
open8,1,mixed,104,1,0.0,I-NTMCP l=0,0.0,PURSUER_WIN
open8,1,mixed,104,1,5.0,random,,PURSUER_WIN
open8,1,mixed,104,1,5.0,shortest path,,PURSUER_WIN
open8,1,mixed,104,1,3.0,random,,PURSUER_WIN
open8,1,mixed,104,1,3.0,shortest path,,PURSUER_WIN
open8,1,mixed,104,1,7.0,random,,PURSUER_WIN
open8,1,mixed,104,1,1.0,shortest path,,PURSUER_WIN
open8,1,mixed,104,1,1.0,random,,PURSUER_WIN
open8,1,mixed,104,1,5.0,random,,PURSUER_WIN
open8,1,mixed,104,1,6.0,I-NTMCP l=0,0.0,PURSUER_WIN
open8,1,mixed,104,1,4.0,I-NTMCP l=0,0.0,PURSUER_WIN
open8,1,mixed,104,1,2.0,random,,PURSUER_WIN
open8,1,mixed,104,1,4.0,shortest path,,PURSUER_WIN
open8,1,mixed,104,1,5.0,I-NTMCP l=0,0.0,PURSUER_WIN
open8,1,mixed,104,1,2.0,I-NTMCP l=1,1.0,PURSUER_WIN
open8,1,mixed,104,0,11.0,I-NTMCP l=0,0.0,EVADER_REACHED_GOAL
open8,1,mixed,104,0,15.0,shortest path,,EVADER_REACHED_GOAL
open8,1,mixed,104,1,3.0,I-NTMCP l=0,0.0,PURSUER_WIN
open8,1,mixed,104,1,0.0,I-NTMCP l=1,1.0,PURSUER_WIN
open8,1,mixed,104,1,6.0,random,,PURSUER_WIN
open8,1,mixed,104,1,0.0,I-NTMCP l=1,1.0,PURSUER_WIN
open8,1,mixed,104,1,3.0,I-NTMCP l=1,1.0,PURSUER_WIN
open8,1,mixed,104,1,0.0,shortest path,,PURSUER_WIN
open8,1,mixed,104,1,3.0,I-NTMCP l=0,0.0,PURSUER_WIN
open8,1,mixed,104,1,3.0,shortest path,,PURSUER_WIN
open8,1,mixed,104,1,0.0,random,,PURSUER_WIN
open8,1,mixed,104,1,0.0,random,,PURSUER_WIN
open8,1,mixed,104,1,5.0,random,,PURSUER_WIN
open8,1,mixed,104,1,2.0,random,,PURSUER_WIN
open8,1,mixed,104,1,4.0,shortest path,,PURSUER_WIN
open8,1,mixed,104,1,9.0,I-NTMCP l=0,0.0,PURSUER_WIN
open8,1,mixed,104,1,3.0,I-NTMCP l=1,1.0,PURSUER_WIN
open8,1,mixed,104,1,1.0,I-NTMCP l=0,0.0,PURSUER_WIN
open8,1,mixed,104,1,0.0,random,,PURSUER_WIN
open8,1,mixed,104,1,4.0,I-NTMCP l=0,0.0,PURSUER_WIN
open8,1,mixed,104,1,5.0,shortest path,,PURSUER_WIN
open8,1,mixed,104,1,2.0,random,,PURSUER_WIN
open8,1,mixed,104,1,1.0,random,,PURSUER_WIN
open8,1,mixed,104,1,6.0,I-NTMCP l=1,1.0,PURSUER_WIN
open8,1,mixed,104,1,4.0,I-NTMCP l=1,1.0,PURSUER_WIN
open8,1,mixed,104,1,2.0,shortest path,,PURSUER_WIN
open8,1,mixed,104,1,4.0,shortest path,,PURSUER_WIN
open8,1,mixed,104,1,6.0,shortest path,,PURSUER_WIN
open8,1,mixed,104,1,2.0,shortest path,,PURSUER_WIN
open8,1,mixed,104,1,2.0,shortest path,,PURSUER_WIN
open8,1,mixed,104,1,0.0,random,,PURSUER_WIN
open8,1,mixed,105,1,1.0,I-NTMCP l=0,0.0,PURSUER_WIN
open8,1,mixed,105,1,4.0,random,,PURSUER_WIN
open8,1,mixed,105,1,4.0,random,,PURSUER_WIN
open8,1,mixed,105,1,0.0,I-NTMCP l=0,0.0,PURSUER_WIN
open8,1,mixed,105,1,3.0,I-NTMCP l=0,0.0,PURSUER_WIN
open8,1,mixed,105,1,2.0,I-NTMCP l=0,0.0,PURSUER_WIN
open8,1,mixed,105,1,4.0,shortest path,,PURSUER_WIN
open8,1,mixed,105,1,1.0,I-NTMCP l=0,0.0,PURSUER_WIN
open8,1,mixed,105,0,16.0,shortest path,,EVADER_REACHED_GOAL
open8,1,mixed,105,1,0.0,shortest path,,PURSUER_WIN
open8,1,mixed,105,1,10.0,random,,PURSUER_WIN
open8,1,mixed,105,1,2.0,I-NTMCP l=1,1.0,PURSUER_WIN
open8,1,mixed,105,1,2.0,I-NTMCP l=0,0.0,PURSUER_WIN
open8,1,mixed,105,1,5.0,shortest path,,PURSUER_WIN
open8,1,mixed,105,1,3.0,I-NTMCP l=1,1.0,PURSUER_WIN
open8,1,mixed,105,0,10.0,I-NTMCP l=1,1.0,EVADER_REACHED_GOAL
open8,1,mixed,105,1,3.0,I-NTMCP l=1,1.0,PURSUER_WIN
open8,1,mixed,105,1,1.0,I-NTMCP l=1,1.0,PURSUER_WIN
open8,1,mixed,105,1,3.0,shortest path,,PURSUER_WIN
open8,1,mixed,105,1,13.0,shortest path,,PURSUER_WIN
open8,1,mixed,105,1,4.0,I-NTMCP l=0,0.0,PURSUER_WIN
open8,1,mixed,105,1,0.0,I-NTMCP l=0,0.0,PURSUER_WIN
open8,1,mixed,105,1,0.0,random,,PURSUER_WIN
open8,1,mixed,105,1,2.0,I-NTMCP l=0,0.0,PURSUER_WIN
open8,1,mixed,105,1,19.0,random,,PURSUER_WIN
open8,1,mixed,105,1,2.0,I-NTMCP l=0,0.0,PURSUER_WIN
open8,1,mixed,105,1,5.0,shortest path,,PURSUER_WIN
open8,1,mixed,105,1,0.0,I-NTMCP l=1,1.0,PURSUER_WIN
open8,1,mixed,105,1,5.0,I-NTMCP l=1,1.0,PURSUER_WIN
open8,1,mixed,105,1,2.0,I-NTMCP l=1,1.0,PURSUER_WIN
open8,1,mixed,105,1,3.0,I-NTMCP l=0,0.0,PURSUER_WIN
open8,1,mixed,105,1,16.0,random,,PURSUER_WIN
open8,1,mixed,105,1,1.0,I-NTMCP l=1,1.0,PURSUER_WIN
open8,1,mixed,105,1,3.0,I-NTMCP l=0,0.0,PURSUER_WIN
open8,1,mixed,105,1,3.0,I-NTMCP l=0,0.0,PURSUER_WIN
open8,1,mixed,105,1,0.0,I-NTMCP l=0,0.0,PURSUER_WIN
open8,1,mixed,105,1,2.0,shortest path,,PURSUER_WIN
open8,1,mixed,105,1,0.0,random,,PURSUER_WIN
open8,1,mixed,105,0,7.0,I-NTMCP l=1,1.0,EVADER_REACHED_GOAL
open8,1,mixed,105,1,2.0,I-NTMCP l=1,1.0,PURSUER_WIN
open8,1,mixed,105,1,2.0,I-NTMCP l=0,0.0,PURSUER_WIN
open8,1,mixed,105,1,0.0,random,,PURSUER_WIN
open8,1,mixed,105,1,3.0,shortest path,,PURSUER_WIN
open8,1,mixed,105,1,9.0,shortest path,,PURSUER_WIN
open8,1,mixed,105,1,3.0,random,,PURSUER_WIN
open8,1,mixed,105,1,6.0,shortest path,,PURSUER_WIN
open8,1,mixed,105,1,1.0,I-NTMCP l=0,0.0,PURSUER_WIN
open8,1,mixed,105,1,0.0,I-NTMCP l=1,1.0,PURSUER_WIN
open8,1,mixed,105,0,7.0,I-NTMCP l=1,1.0,EVADER_REACHED_GOAL
open8,1,mixed,105,1,4.0,shortest path,,PURSUER_WIN
open8,1,mixed,106,1,2.0,I-NTMCP l=1,1.0,PURSUER_WIN
open8,1,mixed,106,1,8.0,random,,PURSUER_WIN
open8,1,mixed,106,1,0.0,I-NTMCP l=1,1.0,PURSUER_WIN
open8,1,mixed,106,1,7.0,random,,PURSUER_WIN
open8,1,mixed,106,1,3.0,I-NTMCP l=0,0.0,PURSUER_WIN
open8,1,mixed,106,1,4.0,random,,PURSUER_WIN
open8,1,mixed,106,1,0.0,shortest path,,PURSUER_WIN
open8,1,mixed,106,1,2.0,I-NTMCP l=1,1.0,PURSUER_WIN
open8,1,mixed,106,1,3.0,I-NTMCP l=0,0.0,PURSUER_WIN
open8,1,mixed,106,1,0.0,I-NTMCP l=1,1.0,PURSUER_WIN
open8,1,mixed,106,1,2.0,I-NTMCP l=1,1.0,PURSUER_WIN
open8,1,mixed,106,1,2.0,I-NTMCP l=0,0.0,PURSUER_WIN
open8,1,mixed,106,1,1.0,shortest path,,PURSUER_WIN
open8,1,mixed,106,1,2.0,I-NTMCP l=1,1.0,PURSUER_WIN
open8,1,mixed,106,0,10.0,I-NTMCP l=0,0.0,EVADER_REACHED_GOAL
open8,1,mixed,106,1,0.0,I-NTMCP l=1,1.0,PURSUER_WIN
open8,1,mixed,106,1,2.0,shortest path,,PURSUER_WIN
open8,1,mixed,106,1,2.0,shortest path,,PURSUER_WIN
open8,1,mixed,106,1,4.0,I-NTMCP l=0,0.0,PURSUER_WIN
open8,1,mixed,106,1,2.0,I-NTMCP l=0,0.0,PURSUER_WIN
open8,1,mixed,106,1,4.0,I-NTMCP l=1,1.0,PURSUER_WIN
open8,1,mixed,106,1,1.0,I-NTMCP l=0,0.0,PURSUER_WIN
open8,1,mixed,106,1,0.0,random,,PURSUER_WIN
open8,1,mixed,106,1,3.0,I-NTMCP l=0,0.0,PURSUER_WIN
open8,1,mixed,106,1,0.0,I-NTMCP l=0,0.0,PURSUER_WIN
open8,1,mixed,106,1,5.0,I-NTMCP l=0,0.0,PURSUER_WIN
open8,1,mixed,106,1,7.0,shortest path,,PURSUER_WIN
open8,1,mixed,106,1,0.0,shortest path,,PURSUER_WIN
open8,1,mixed,106,1,8.0,I-NTMCP l=1,1.0,PURSUER_WIN
open8,1,mixed,106,1,1.0,random,,PURSUER_WIN
open8,1,mixed,106,1,4.0,random,,PURSUER_WIN
open8,1,mixed,106,1,1.0,random,,PURSUER_WIN
open8,1,mixed,106,1,4.0,I-NTMCP l=0,0.0,PURSUER_WIN
open8,1,mixed,106,1,0.0,random,,PURSUER_WIN
open8,1,mixed,106,1,2.0,shortest path,,PURSUER_WIN
open8,1,mixed,106,1,6.0,I-NTMCP l=0,0.0,PURSUER_WIN
open8,1,mixed,106,1,3.0,I-NTMCP l=1,1.0,PURSUER_WIN
open8,1,mixed,106,1,0.0,I-NTMCP l=0,0.0,PURSUER_WIN
open8,1,mixed,106,1,4.0,I-NTMCP l=0,0.0,PURSUER_WIN
open8,1,mixed,106,1,2.0,I-NTMCP l=1,1.0,PURSUER_WIN
open8,1,mixed,106,1,3.0,I-NTMCP l=1,1.0,PURSUER_WIN
open8,1,mixed,106,1,1.0,I-NTMCP l=1,1.0,PURSUER_WIN
open8,1,mixed,106,1,2.0,shortest path,,PURSUER_WIN
open8,1,mixed,106,1,2.0,shortest path,,PURSUER_WIN
open8,1,mixed,106,0,7.0,shortest path,,EVADER_REACHED_GOAL
open8,1,mixed,106,1,0.0,I-NTMCP l=1,1.0,PURSUER_WIN
open8,1,mixed,106,1,4.0,shortest path,,PURSUER_WIN
open8,1,mixed,106,1,8.0,shortest path,,PURSUER_WIN
open8,1,mixed,106,1,2.0,shortest path,,PURSUER_WIN
open8,1,mixed,106,1,5.0,shortest path,,PURSUER_WIN
open8,1,mixed,107,1,3.0,shortest path,,PURSUER_WIN
open8,1,mixed,107,1,6.0,I-NTMCP l=1,1.0,PURSUER_WIN
open8,1,mixed,107,1,3.0,I-NTMCP l=1,1.0,PURSUER_WIN
open8,1,mixed,107,1,2.0,I-NTMCP l=0,0.0,PURSUER_WIN
open8,1,mixed,107,1,0.0,shortest path,,PURSUER_WIN
open8,1,mixed,107,1,2.0,I-NTMCP l=1,1.0,PURSUER_WIN
open8,1,mixed,107,1,3.0,random,,PURSUER_WIN
open8,1,mixed,107,1,3.0,I-NTMCP l=0,0.0,PURSUER_WIN
open8,1,mixed,107,1,1.0,I-NTMCP l=0,0.0,PURSUER_WIN
open8,1,mixed,107,1,29.0,random,,PURSUER_WIN
open8,1,mixed,107,1,4.0,I-NTMCP l=0,0.0,PURSUER_WIN
open8,1,mixed,107,1,4.0,I-NTMCP l=0,0.0,PURSUER_WIN
open8,1,mixed,107,1,8.0,shortest path,,PURSUER_WIN
open8,1,mixed,107,1,6.0,shortest path,,PURSUER_WIN
open8,1,mixed,107,1,5.0,shortest path,,PURSUER_WIN
open8,1,mixed,107,1,3.0,shortest path,,PURSUER_WIN
open8,1,mixed,107,1,2.0,shortest path,,PURSUER_WIN
open8,1,mixed,107,1,7.0,shortest path,,PURSUER_WIN
open8,1,mixed,107,1,1.0,I-NTMCP l=0,0.0,PURSUER_WIN
open8,1,mixed,107,1,3.0,random,,PURSUER_WIN
open8,1,mixed,107,1,5.0,random,,PURSUER_WIN
open8,1,mixed,107,1,5.0,shortest path,,PURSUER_WIN
open8,1,mixed,107,1,6.0,random,,PURSUER_WIN
open8,1,mixed,107,1,6.0,I-NTMCP l=1,1.0,PURSUER_WIN
open8,1,mixed,107,1,4.0,shortest path,,PURSUER_WIN
open8,1,mixed,107,1,3.0,shortest path,,PURSUER_WIN
open8,1,mixed,107,1,3.0,I-NTMCP l=1,1.0,PURSUER_WIN
open8,1,mixed,107,1,1.0,I-NTMCP l=0,0.0,PURSUER_WIN
open8,1,mixed,107,1,10.0,random,,PURSUER_WIN
open8,1,mixed,107,1,1.0,shortest path,,PURSUER_WIN
open8,1,mixed,107,1,4.0,I-NTMCP l=0,0.0,PURSUER_WIN
open8,1,mixed,107,1,0.0,I-NTMCP l=1,1.0,PURSUER_WIN
open8,1,mixed,107,1,2.0,I-NTMCP l=1,1.0,PURSUER_WIN
open8,1,mixed,107,1,0.0,shortest path,,PURSUER_WIN
open8,1,mixed,107,1,5.0,random,,PURSUER_WIN
open8,1,mixed,107,1,4.0,I-NTMCP l=0,0.0,PURSUER_WIN
open8,1,mixed,107,1,0.0,I-NTMCP l=1,1.0,PURSUER_WIN
open8,1,mixed,107,1,1.0,I-NTMCP l=0,0.0,PURSUER_WIN
open8,1,mixed,107,1,2.0,I-NTMCP l=0,0.0,PURSUER_WIN
open8,1,mixed,107,1,20.0,random,,PURSUER_WIN
open8,1,mixed,107,1,4.0,I-NTMCP l=1,1.0,PURSUER_WIN
open8,1,mixed,107,1,2.0,I-NTMCP l=0,0.0,PURSUER_WIN
open8,1,mixed,107,1,2.0,shortest path,,PURSUER_WIN
open8,1,mixed,107,1,0.0,shortest path,,PURSUER_WIN
open8,1,mixed,107,1,0.0,shortest path,,PURSUER_WIN
open8,1,mixed,107,1,16.0,random,,PURSUER_WIN
open8,1,mixed,107,1,10.0,I-NTMCP l=1,1.0,PURSUER_WIN
open8,1,mixed,107,1,3.0,shortest path,,PURSUER_WIN
open8,1,mixed,107,1,0.0,shortest path,,PURSUER_WIN
open8,1,mixed,107,1,4.0,I-NTMCP l=0,0.0,PURSUER_WIN
open8,1,mixed,108,1,2.0,shortest path,,PURSUER_WIN
open8,1,mixed,108,1,0.0,random,,PURSUER_WIN
open8,1,mixed,108,1,0.0,I-NTMCP l=1,1.0,PURSUER_WIN
open8,1,mixed,108,1,2.0,I-NTMCP l=0,0.0,PURSUER_WIN
open8,1,mixed,108,1,5.0,I-NTMCP l=1,1.0,PURSUER_WIN
open8,1,mixed,108,1,3.0,shortest path,,PURSUER_WIN
open8,1,mixed,108,1,5.0,random,,PURSUER_WIN
open8,1,mixed,108,1,3.0,I-NTMCP l=0,0.0,PURSUER_WIN
open8,1,mixed,108,1,2.0,shortest path,,PURSUER_WIN
open8,1,mixed,108,1,2.0,shortest path,,PURSUER_WIN
open8,1,mixed,108,1,8.0,shortest path,,PURSUER_WIN
open8,1,mixed,108,1,4.0,I-NTMCP l=0,0.0,PURSUER_WIN
open8,1,mixed,108,1,11.0,shortest path,,PURSUER_WIN
open8,1,mixed,108,1,0.0,random,,PURSUER_WIN
open8,1,mixed,108,1,19.0,shortest path,,PURSUER_WIN
open8,1,mixed,108,1,9.0,random,,PURSUER_WIN
open8,1,mixed,108,1,0.0,I-NTMCP l=1,1.0,PURSUER_WIN
open8,1,mixed,108,1,4.0,random,,PURSUER_WIN
open8,1,mixed,108,1,4.0,I-NTMCP l=0,0.0,PURSUER_WIN
open8,1,mixed,108,1,0.0,I-NTMCP l=1,1.0,PURSUER_WIN
open8,1,mixed,108,1,3.0,shortest path,,PURSUER_WIN
open8,1,mixed,108,1,1.0,random,,PURSUER_WIN
open8,1,mixed,108,1,3.0,I-NTMCP l=1,1.0,PURSUER_WIN
open8,1,mixed,108,1,3.0,random,,PURSUER_WIN
open8,1,mixed,108,1,2.0,I-NTMCP l=0,0.0,PURSUER_WIN
open8,1,mixed,108,1,1.0,I-NTMCP l=0,0.0,PURSUER_WIN
open8,1,mixed,108,1,3.0,shortest path,,PURSUER_WIN
open8,1,mixed,108,1,0.0,shortest path,,PURSUER_WIN
open8,1,mixed,108,1,5.0,I-NTMCP l=1,1.0,PURSUER_WIN
open8,1,mixed,108,1,0.0,shortest path,,PURSUER_WIN
open8,1,mixed,108,1,0.0,random,,PURSUER_WIN
open8,1,mixed,108,1,4.0,random,,PURSUER_WIN
open8,1,mixed,108,1,4.0,I-NTMCP l=1,1.0,PURSUER_WIN
open8,1,mixed,108,1,4.0,random,,PURSUER_WIN
open8,1,mixed,108,1,4.0,I-NTMCP l=1,1.0,PURSUER_WIN
open8,1,mixed,108,1,4.0,shortest path,,PURSUER_WIN
open8,1,mixed,108,1,2.0,I-NTMCP l=0,0.0,PURSUER_WIN
open8,1,mixed,108,1,1.0,shortest path,,PURSUER_WIN
open8,1,mixed,108,1,5.0,I-NTMCP l=1,1.0,PURSUER_WIN
open8,1,mixed,108,1,5.0,random,,PURSUER_WIN
open8,1,mixed,108,1,2.0,I-NTMCP l=0,0.0,PURSUER_WIN
open8,1,mixed,108,1,2.0,shortest path,,PURSUER_WIN
open8,1,mixed,108,1,2.0,shortest path,,PURSUER_WIN
open8,1,mixed,108,1,4.0,I-NTMCP l=0,0.0,PURSUER_WIN
open8,1,mixed,108,1,2.0,shortest path,,PURSUER_WIN
open8,1,mixed,108,1,7.0,random,,PURSUER_WIN
open8,1,mixed,108,1,14.0,shortest path,,PURSUER_WIN
open8,1,mixed,108,1,4.0,I-NTMCP l=1,1.0,PURSUER_WIN
open8,1,mixed,108,1,0.0,I-NTMCP l=1,1.0,PURSUER_WIN
open8,1,mixed,108,1,1.0,shortest path,,PURSUER_WIN
open8,1,mixed,109,1,3.0,I-NTMCP l=0,0.0,PURSUER_WIN
open8,1,mixed,109,1,3.0,shortest path,,PURSUER_WIN
open8,1,mixed,109,1,3.0,I-NTMCP l=1,1.0,PURSUER_WIN
open8,1,mixed,109,1,4.0,I-NTMCP l=1,1.0,PURSUER_WIN
open8,1,mixed,109,1,3.0,random,,PURSUER_WIN
open8,1,mixed,109,1,0.0,random,,PURSUER_WIN
open8,1,mixed,109,1,0.0,shortest path,,PURSUER_WIN
open8,1,mixed,109,1,0.0,I-NTMCP l=1,1.0,PURSUER_WIN
open8,1,mixed,109,1,2.0,I-NTMCP l=0,0.0,PURSUER_WIN
open8,1,mixed,109,1,6.0,random,,PURSUER_WIN
open8,1,mixed,109,1,1.0,shortest path,,PURSUER_WIN
open8,1,mixed,109,1,3.0,I-NTMCP l=1,1.0,PURSUER_WIN
open8,1,mixed,109,1,6.0,I-NTMCP l=0,0.0,PURSUER_WIN
open8,1,mixed,109,1,9.0,I-NTMCP l=1,1.0,PURSUER_WIN
open8,1,mixed,109,1,2.0,shortest path,,PURSUER_WIN
open8,1,mixed,109,1,3.0,I-NTMCP l=0,0.0,PURSUER_WIN
open8,1,mixed,109,1,2.0,I-NTMCP l=0,0.0,PURSUER_WIN
open8,1,mixed,109,1,3.0,random,,PURSUER_WIN
open8,1,mixed,109,1,2.0,shortest path,,PURSUER_WIN
open8,1,mixed,109,1,5.0,random,,PURSUER_WIN
open8,1,mixed,109,1,2.0,I-NTMCP l=0,0.0,PURSUER_WIN
open8,1,mixed,109,1,1.0,shortest path,,PURSUER_WIN
open8,1,mixed,109,1,4.0,shortest path,,PURSUER_WIN
open8,1,mixed,109,0,11.0,shortest path,,EVADER_REACHED_GOAL
open8,1,mixed,109,1,2.0,I-NTMCP l=1,1.0,PURSUER_WIN
open8,1,mixed,109,1,2.0,I-NTMCP l=1,1.0,PURSUER_WIN
open8,1,mixed,109,1,3.0,shortest path,,PURSUER_WIN
open8,1,mixed,109,1,0.0,I-NTMCP l=1,1.0,PURSUER_WIN
open8,1,mixed,109,1,3.0,I-NTMCP l=0,0.0,PURSUER_WIN
open8,1,mixed,109,1,4.0,shortest path,,PURSUER_WIN
open8,1,mixed,109,1,9.0,shortest path,,PURSUER_WIN
open8,1,mixed,109,1,4.0,random,,PURSUER_WIN
open8,1,mixed,109,1,4.0,random,,PURSUER_WIN
open8,1,mixed,109,1,0.0,I-NTMCP l=1,1.0,PURSUER_WIN
open8,1,mixed,109,1,3.0,I-NTMCP l=1,1.0,PURSUER_WIN
open8,1,mixed,109,1,2.0,I-NTMCP l=1,1.0,PURSUER_WIN
open8,1,mixed,109,1,0.0,random,,PURSUER_WIN
open8,1,mixed,109,1,3.0,I-NTMCP l=0,0.0,PURSUER_WIN
open8,1,mixed,109,1,2.0,shortest path,,PURSUER_WIN
open8,1,mixed,109,1,10.0,I-NTMCP l=1,1.0,PURSUER_WIN
open8,1,mixed,109,1,7.0,random,,PURSUER_WIN
open8,1,mixed,109,1,4.0,random,,PURSUER_WIN
open8,1,mixed,109,0,11.0,I-NTMCP l=0,0.0,EVADER_REACHED_GOAL
open8,1,mixed,109,1,0.0,I-NTMCP l=1,1.0,PURSUER_WIN
open8,1,mixed,109,1,1.0,I-NTMCP l=0,0.0,PURSUER_WIN
open8,1,mixed,109,1,4.0,I-NTMCP l=1,1.0,PURSUER_WIN
open8,1,mixed,109,1,6.0,random,,PURSUER_WIN
open8,1,mixed,109,1,3.0,random,,PURSUER_WIN
open8,1,mixed,109,1,5.0,I-NTMCP l=1,1.0,PURSUER_WIN
open8,1,mixed,109,1,13.0,random,,PURSUER_WIN
open8,2,l0,100,1,4.0,I-NTMCP l=0,0.0,PURSUER_WIN
open8,2,l0,100,1,1.0,I-NTMCP l=0,0.0,PURSUER_WIN
open8,2,l0,100,1,0.0,I-NTMCP l=0,0.0,PURSUER_WIN
open8,2,l0,100,0,11.0,I-NTMCP l=0,0.0,EVADER_REACHED_GOAL
open8,2,l0,100,1,0.0,I-NTMCP l=0,0.0,PURSUER_WIN
open8,2,l0,100,1,4.0,I-NTMCP l=0,0.0,PURSUER_WIN
open8,2,l0,100,1,0.0,I-NTMCP l=0,0.0,PURSUER_WIN
open8,2,l0,100,1,4.0,I-NTMCP l=0,0.0,PURSUER_WIN
open8,2,l0,100,1,0.0,I-NTMCP l=0,0.0,PURSUER_WIN
open8,2,l0,100,1,0.0,I-NTMCP l=0,0.0,PURSUER_WIN
open8,2,l0,100,1,2.0,I-NTMCP l=0,0.0,PURSUER_WIN
open8,2,l0,100,1,1.0,I-NTMCP l=0,0.0,PURSUER_WIN
open8,2,l0,100,1,2.0,I-NTMCP l=0,0.0,PURSUER_WIN
open8,2,l0,100,1,2.0,I-NTMCP l=0,0.0,PURSUER_WIN
open8,2,l0,100,1,7.0,I-NTMCP l=0,0.0,PURSUER_WIN
open8,2,l0,100,1,1.0,I-NTMCP l=0,0.0,PURSUER_WIN
open8,2,l0,100,1,0.0,I-NTMCP l=0,0.0,PURSUER_WIN
open8,2,l0,100,1,0.0,I-NTMCP l=0,0.0,PURSUER_WIN
open8,2,l0,100,1,4.0,I-NTMCP l=0,0.0,PURSUER_WIN
open8,2,l0,100,1,0.0,I-NTMCP l=0,0.0,PURSUER_WIN
open8,2,l0,100,1,3.0,I-NTMCP l=0,0.0,PURSUER_WIN
open8,2,l0,100,1,2.0,I-NTMCP l=0,0.0,PURSUER_WIN
open8,2,l0,100,1,5.0,I-NTMCP l=0,0.0,PURSUER_WIN
open8,2,l0,100,1,0.0,I-NTMCP l=0,0.0,PURSUER_WIN
open8,2,l0,100,1,5.0,I-NTMCP l=0,0.0,PURSUER_WIN
open8,2,l0,100,0,10.0,I-NTMCP l=0,0.0,EVADER_REACHED_GOAL
open8,2,l0,100,1,0.0,I-NTMCP l=0,0.0,PURSUER_WIN
open8,2,l0,100,1,3.0,I-NTMCP l=0,0.0,PURSUER_WIN
open8,2,l0,100,1,0.0,I-NTMCP l=0,0.0,PURSUER_WIN
open8,2,l0,100,1,2.0,I-NTMCP l=0,0.0,PURSUER_WIN
open8,2,l0,100,1,4.0,I-NTMCP l=0,0.0,PURSUER_WIN
open8,2,l0,100,1,4.0,I-NTMCP l=0,0.0,PURSUER_WIN
open8,2,l0,100,1,3.0,I-NTMCP l=0,0.0,PURSUER_WIN
open8,2,l0,100,1,0.0,I-NTMCP l=0,0.0,PURSUER_WIN
open8,2,l0,100,1,0.0,I-NTMCP l=0,0.0,PURSUER_WIN
open8,2,l0,100,1,3.0,I-NTMCP l=0,0.0,PURSUER_WIN
open8,2,l0,100,1,5.0,I-NTMCP l=0,0.0,PURSUER_WIN
open8,2,l0,100,1,2.0,I-NTMCP l=0,0.0,PURSUER_WIN
open8,2,l0,100,1,3.0,I-NTMCP l=0,0.0,PURSUER_WIN
open8,2,l0,100,0,10.0,I-NTMCP l=0,0.0,EVADER_REACHED_GOAL
open8,2,l0,100,1,9.0,I-NTMCP l=0,0.0,PURSUER_WIN
open8,2,l0,100,1,0.0,I-NTMCP l=0,0.0,PURSUER_WIN
open8,2,l0,100,1,2.0,I-NTMCP l=0,0.0,PURSUER_WIN
open8,2,l0,100,1,3.0,I-NTMCP l=0,0.0,PURSUER_WIN
open8,2,l0,100,1,3.0,I-NTMCP l=0,0.0,PURSUER_WIN
open8,2,l0,100,0,7.0,I-NTMCP l=0,0.0,EVADER_REACHED_GOAL
open8,2,l0,100,1,5.0,I-NTMCP l=0,0.0,PURSUER_WIN
open8,2,l0,100,0,11.0,I-NTMCP l=0,0.0,EVADER_REACHED_GOAL
open8,2,l0,100,1,4.0,I-NTMCP l=0,0.0,PURSUER_WIN
open8,2,l0,100,1,5.0,I-NTMCP l=0,0.0,PURSUER_WIN
open8,2,l0,101,1,2.0,I-NTMCP l=0,0.0,PURSUER_WIN
open8,2,l0,101,1,2.0,I-NTMCP l=0,0.0,PURSUER_WIN
open8,2,l0,101,1,0.0,I-NTMCP l=0,0.0,PURSUER_WIN
open8,2,l0,101,1,2.0,I-NTMCP l=0,0.0,PURSUER_WIN
open8,2,l0,101,1,0.0,I-NTMCP l=0,0.0,PURSUER_WIN
open8,2,l0,101,0,10.0,I-NTMCP l=0,0.0,EVADER_REACHED_GOAL
open8,2,l0,101,0,10.0,I-NTMCP l=0,0.0,EVADER_REACHED_GOAL
open8,2,l0,101,1,4.0,I-NTMCP l=0,0.0,PURSUER_WIN
open8,2,l0,101,1,2.0,I-NTMCP l=0,0.0,PURSUER_WIN
open8,2,l0,101,1,0.0,I-NTMCP l=0,0.0,PURSUER_WIN
open8,2,l0,101,1,0.0,I-NTMCP l=0,0.0,PURSUER_WIN
open8,2,l0,101,1,2.0,I-NTMCP l=0,0.0,PURSUER_WIN
open8,2,l0,101,1,4.0,I-NTMCP l=0,0.0,PURSUER_WIN
open8,2,l0,101,1,4.0,I-NTMCP l=0,0.0,PURSUER_WIN
open8,2,l0,101,1,7.0,I-NTMCP l=0,0.0,PURSUER_WIN
open8,2,l0,101,1,0.0,I-NTMCP l=0,0.0,PURSUER_WIN
open8,2,l0,101,1,4.0,I-NTMCP l=0,0.0,PURSUER_WIN
open8,2,l0,101,1,2.0,I-NTMCP l=0,0.0,PURSUER_WIN
open8,2,l0,101,1,2.0,I-NTMCP l=0,0.0,PURSUER_WIN
open8,2,l0,101,1,1.0,I-NTMCP l=0,0.0,PURSUER_WIN
open8,2,l0,101,1,6.0,I-NTMCP l=0,0.0,PURSUER_WIN
open8,2,l0,101,1,5.0,I-NTMCP l=0,0.0,PURSUER_WIN
open8,2,l0,101,1,1.0,I-NTMCP l=0,0.0,PURSUER_WIN
open8,2,l0,101,1,3.0,I-NTMCP l=0,0.0,PURSUER_WIN
open8,2,l0,101,1,2.0,I-NTMCP l=0,0.0,PURSUER_WIN
open8,2,l0,101,1,0.0,I-NTMCP l=0,0.0,PURSUER_WIN
open8,2,l0,101,1,9.0,I-NTMCP l=0,0.0,PURSUER_WIN
open8,2,l0,101,1,2.0,I-NTMCP l=0,0.0,PURSUER_WIN
open8,2,l0,101,1,9.0,I-NTMCP l=0,0.0,PURSUER_WIN
open8,2,l0,101,1,3.0,I-NTMCP l=0,0.0,PURSUER_WIN
open8,2,l0,101,1,2.0,I-NTMCP l=0,0.0,PURSUER_WIN
open8,2,l0,101,1,2.0,I-NTMCP l=0,0.0,PURSUER_WIN
open8,2,l0,101,1,2.0,I-NTMCP l=0,0.0,PURSUER_WIN
open8,2,l0,101,1,3.0,I-NTMCP l=0,0.0,PURSUER_WIN
open8,2,l0,101,1,0.0,I-NTMCP l=0,0.0,PURSUER_WIN
open8,2,l0,101,1,2.0,I-NTMCP l=0,0.0,PURSUER_WIN
open8,2,l0,101,1,2.0,I-NTMCP l=0,0.0,PURSUER_WIN
open8,2,l0,101,1,4.0,I-NTMCP l=0,0.0,PURSUER_WIN
open8,2,l0,101,1,3.0,I-NTMCP l=0,0.0,PURSUER_WIN
open8,2,l0,101,1,5.0,I-NTMCP l=0,0.0,PURSUER_WIN
open8,2,l0,101,1,2.0,I-NTMCP l=0,0.0,PURSUER_WIN
open8,2,l0,101,1,0.0,I-NTMCP l=0,0.0,PURSUER_WIN
open8,2,l0,101,1,2.0,I-NTMCP l=0,0.0,PURSUER_WIN
open8,2,l0,101,1,0.0,I-NTMCP l=0,0.0,PURSUER_WIN
open8,2,l0,101,0,11.0,I-NTMCP l=0,0.0,EVADER_REACHED_GOAL
open8,2,l0,101,1,4.0,I-NTMCP l=0,0.0,PURSUER_WIN
open8,2,l0,101,1,4.0,I-NTMCP l=0,0.0,PURSUER_WIN
open8,2,l0,101,1,9.0,I-NTMCP l=0,0.0,PURSUER_WIN
open8,2,l0,101,0,7.0,I-NTMCP l=0,0.0,EVADER_REACHED_GOAL
open8,2,l0,101,1,3.0,I-NTMCP l=0,0.0,PURSUER_WIN
open8,2,l0,102,1,0.0,I-NTMCP l=0,0.0,PURSUER_WIN
open8,2,l0,102,1,3.0,I-NTMCP l=0,0.0,PURSUER_WIN
open8,2,l0,102,0,10.0,I-NTMCP l=0,0.0,EVADER_REACHED_GOAL
open8,2,l0,102,1,0.0,I-NTMCP l=0,0.0,PURSUER_WIN
open8,2,l0,102,1,2.0,I-NTMCP l=0,0.0,PURSUER_WIN
open8,2,l0,102,1,2.0,I-NTMCP l=0,0.0,PURSUER_WIN
open8,2,l0,102,1,1.0,I-NTMCP l=0,0.0,PURSUER_WIN
open8,2,l0,102,1,3.0,I-NTMCP l=0,0.0,PURSUER_WIN
open8,2,l0,102,1,4.0,I-NTMCP l=0,0.0,PURSUER_WIN
open8,2,l0,102,1,2.0,I-NTMCP l=0,0.0,PURSUER_WIN
open8,2,l0,102,1,2.0,I-NTMCP l=0,0.0,PURSUER_WIN
open8,2,l0,102,1,0.0,I-NTMCP l=0,0.0,PURSUER_WIN
open8,2,l0,102,1,2.0,I-NTMCP l=0,0.0,PURSUER_WIN
open8,2,l0,102,1,1.0,I-NTMCP l=0,0.0,PURSUER_WIN
open8,2,l0,102,1,4.0,I-NTMCP l=0,0.0,PURSUER_WIN
open8,2,l0,102,1,2.0,I-NTMCP l=0,0.0,PURSUER_WIN
open8,2,l0,102,0,8.0,I-NTMCP l=0,0.0,EVADER_REACHED_GOAL
open8,2,l0,102,1,2.0,I-NTMCP l=0,0.0,PURSUER_WIN
open8,2,l0,102,0,10.0,I-NTMCP l=0,0.0,EVADER_REACHED_GOAL
open8,2,l0,102,1,7.0,I-NTMCP l=0,0.0,PURSUER_WIN
open8,2,l0,102,0,10.0,I-NTMCP l=0,0.0,EVADER_REACHED_GOAL
open8,2,l0,102,1,3.0,I-NTMCP l=0,0.0,PURSUER_WIN
open8,2,l0,102,1,2.0,I-NTMCP l=0,0.0,PURSUER_WIN
open8,2,l0,102,1,4.0,I-NTMCP l=0,0.0,PURSUER_WIN
open8,2,l0,102,1,9.0,I-NTMCP l=0,0.0,PURSUER_WIN
open8,2,l0,102,1,0.0,I-NTMCP l=0,0.0,PURSUER_WIN
open8,2,l0,102,1,3.0,I-NTMCP l=0,0.0,PURSUER_WIN
open8,2,l0,102,1,4.0,I-NTMCP l=0,0.0,PURSUER_WIN
open8,2,l0,102,1,8.0,I-NTMCP l=0,0.0,PURSUER_WIN
open8,2,l0,102,0,7.0,I-NTMCP l=0,0.0,EVADER_REACHED_GOAL
open8,2,l0,102,1,2.0,I-NTMCP l=0,0.0,PURSUER_WIN
open8,2,l0,102,1,2.0,I-NTMCP l=0,0.0,PURSUER_WIN
open8,2,l0,102,1,2.0,I-NTMCP l=0,0.0,PURSUER_WIN
open8,2,l0,102,1,2.0,I-NTMCP l=0,0.0,PURSUER_WIN
open8,2,l0,102,1,4.0,I-NTMCP l=0,0.0,PURSUER_WIN
open8,2,l0,102,1,2.0,I-NTMCP l=0,0.0,PURSUER_WIN
open8,2,l0,102,1,4.0,I-NTMCP l=0,0.0,PURSUER_WIN
open8,2,l0,102,1,3.0,I-NTMCP l=0,0.0,PURSUER_WIN
open8,2,l0,102,1,1.0,I-NTMCP l=0,0.0,PURSUER_WIN
open8,2,l0,102,1,4.0,I-NTMCP l=0,0.0,PURSUER_WIN
open8,2,l0,102,1,4.0,I-NTMCP l=0,0.0,PURSUER_WIN
open8,2,l0,102,1,3.0,I-NTMCP l=0,0.0,PURSUER_WIN
open8,2,l0,102,1,2.0,I-NTMCP l=0,0.0,PURSUER_WIN
open8,2,l0,102,1,0.0,I-NTMCP l=0,0.0,PURSUER_WIN
open8,2,l0,102,1,0.0,I-NTMCP l=0,0.0,PURSUER_WIN
open8,2,l0,102,1,2.0,I-NTMCP l=0,0.0,PURSUER_WIN
open8,2,l0,102,1,3.0,I-NTMCP l=0,0.0,PURSUER_WIN
open8,2,l0,102,1,4.0,I-NTMCP l=0,0.0,PURSUER_WIN
open8,2,l0,102,1,0.0,I-NTMCP l=0,0.0,PURSUER_WIN
open8,2,l0,102,1,1.0,I-NTMCP l=0,0.0,PURSUER_WIN
open8,2,l0,103,1,3.0,I-NTMCP l=0,0.0,PURSUER_WIN
open8,2,l0,103,1,8.0,I-NTMCP l=0,0.0,PURSUER_WIN
open8,2,l0,103,1,2.0,I-NTMCP l=0,0.0,PURSUER_WIN
open8,2,l0,103,1,5.0,I-NTMCP l=0,0.0,PURSUER_WIN
open8,2,l0,103,1,6.0,I-NTMCP l=0,0.0,PURSUER_WIN
open8,2,l0,103,1,4.0,I-NTMCP l=0,0.0,PURSUER_WIN
open8,2,l0,103,1,2.0,I-NTMCP l=0,0.0,PURSUER_WIN
open8,2,l0,103,1,2.0,I-NTMCP l=0,0.0,PURSUER_WIN
open8,2,l0,103,1,2.0,I-NTMCP l=0,0.0,PURSUER_WIN
open8,2,l0,103,1,5.0,I-NTMCP l=0,0.0,PURSUER_WIN
open8,2,l0,103,1,3.0,I-NTMCP l=0,0.0,PURSUER_WIN
open8,2,l0,103,1,4.0,I-NTMCP l=0,0.0,PURSUER_WIN
open8,2,l0,103,0,11.0,I-NTMCP l=0,0.0,EVADER_REACHED_GOAL
open8,2,l0,103,1,2.0,I-NTMCP l=0,0.0,PURSUER_WIN
open8,2,l0,103,1,1.0,I-NTMCP l=0,0.0,PURSUER_WIN
open8,2,l0,103,1,5.0,I-NTMCP l=0,0.0,PURSUER_WIN
open8,2,l0,103,1,0.0,I-NTMCP l=0,0.0,PURSUER_WIN
open8,2,l0,103,1,3.0,I-NTMCP l=0,0.0,PURSUER_WIN
open8,2,l0,103,1,0.0,I-NTMCP l=0,0.0,PURSUER_WIN
open8,2,l0,103,1,0.0,I-NTMCP l=0,0.0,PURSUER_WIN
open8,2,l0,103,1,0.0,I-NTMCP l=0,0.0,PURSUER_WIN
open8,2,l0,103,0,11.0,I-NTMCP l=0,0.0,EVADER_REACHED_GOAL
open8,2,l0,103,1,0.0,I-NTMCP l=0,0.0,PURSUER_WIN
open8,2,l0,103,1,2.0,I-NTMCP l=0,0.0,PURSUER_WIN
open8,2,l0,103,1,1.0,I-NTMCP l=0,0.0,PURSUER_WIN
open8,2,l0,103,1,3.0,I-NTMCP l=0,0.0,PURSUER_WIN
open8,2,l0,103,1,2.0,I-NTMCP l=0,0.0,PURSUER_WIN
open8,2,l0,103,1,4.0,I-NTMCP l=0,0.0,PURSUER_WIN
open8,2,l0,103,1,2.0,I-NTMCP l=0,0.0,PURSUER_WIN
open8,2,l0,103,1,0.0,I-NTMCP l=0,0.0,PURSUER_WIN
open8,2,l0,103,1,2.0,I-NTMCP l=0,0.0,PURSUER_WIN
open8,2,l0,103,1,1.0,I-NTMCP l=0,0.0,PURSUER_WIN
open8,2,l0,103,1,1.0,I-NTMCP l=0,0.0,PURSUER_WIN
open8,2,l0,103,1,0.0,I-NTMCP l=0,0.0,PURSUER_WIN
open8,2,l0,103,1,6.0,I-NTMCP l=0,0.0,PURSUER_WIN
open8,2,l0,103,1,2.0,I-NTMCP l=0,0.0,PURSUER_WIN
open8,2,l0,103,1,5.0,I-NTMCP l=0,0.0,PURSUER_WIN
open8,2,l0,103,0,7.0,I-NTMCP l=0,0.0,EVADER_REACHED_GOAL
open8,2,l0,103,0,7.0,I-NTMCP l=0,0.0,EVADER_REACHED_GOAL
open8,2,l0,103,1,0.0,I-NTMCP l=0,0.0,PURSUER_WIN
open8,2,l0,103,1,1.0,I-NTMCP l=0,0.0,PURSUER_WIN
open8,2,l0,103,1,3.0,I-NTMCP l=0,0.0,PURSUER_WIN
open8,2,l0,103,1,2.0,I-NTMCP l=0,0.0,PURSUER_WIN
open8,2,l0,103,1,4.0,I-NTMCP l=0,0.0,PURSUER_WIN
open8,2,l0,103,1,2.0,I-NTMCP l=0,0.0,PURSUER_WIN
open8,2,l0,103,1,6.0,I-NTMCP l=0,0.0,PURSUER_WIN
open8,2,l0,103,1,7.0,I-NTMCP l=0,0.0,PURSUER_WIN
open8,2,l0,103,1,1.0,I-NTMCP l=0,0.0,PURSUER_WIN
open8,2,l0,103,1,2.0,I-NTMCP l=0,0.0,PURSUER_WIN
open8,2,l0,103,1,3.0,I-NTMCP l=0,0.0,PURSUER_WIN
open8,2,l0,104,1,3.0,I-NTMCP l=0,0.0,PURSUER_WIN
open8,2,l0,104,1,5.0,I-NTMCP l=0,0.0,PURSUER_WIN
open8,2,l0,104,1,0.0,I-NTMCP l=0,0.0,PURSUER_WIN
open8,2,l0,104,1,1.0,I-NTMCP l=0,0.0,PURSUER_WIN
open8,2,l0,104,1,0.0,I-NTMCP l=0,0.0,PURSUER_WIN
open8,2,l0,104,1,2.0,I-NTMCP l=0,0.0,PURSUER_WIN
open8,2,l0,104,1,3.0,I-NTMCP l=0,0.0,PURSUER_WIN
open8,2,l0,104,1,2.0,I-NTMCP l=0,0.0,PURSUER_WIN
open8,2,l0,104,1,3.0,I-NTMCP l=0,0.0,PURSUER_WIN
open8,2,l0,104,0,11.0,I-NTMCP l=0,0.0,EVADER_REACHED_GOAL
open8,2,l0,104,1,3.0,I-NTMCP l=0,0.0,PURSUER_WIN
open8,2,l0,104,1,6.0,I-NTMCP l=0,0.0,PURSUER_WIN
open8,2,l0,104,1,8.0,I-NTMCP l=0,0.0,PURSUER_WIN
open8,2,l0,104,1,1.0,I-NTMCP l=0,0.0,PURSUER_WIN
open8,2,l0,104,1,5.0,I-NTMCP l=0,0.0,PURSUER_WIN
open8,2,l0,104,1,1.0,I-NTMCP l=0,0.0,PURSUER_WIN
open8,2,l0,104,1,0.0,I-NTMCP l=0,0.0,PURSUER_WIN
open8,2,l0,104,1,0.0,I-NTMCP l=0,0.0,PURSUER_WIN
open8,2,l0,104,1,2.0,I-NTMCP l=0,0.0,PURSUER_WIN
open8,2,l0,104,1,3.0,I-NTMCP l=0,0.0,PURSUER_WIN
open8,2,l0,104,1,3.0,I-NTMCP l=0,0.0,PURSUER_WIN
open8,2,l0,104,1,2.0,I-NTMCP l=0,0.0,PURSUER_WIN
open8,2,l0,104,1,2.0,I-NTMCP l=0,0.0,PURSUER_WIN
open8,2,l0,104,1,3.0,I-NTMCP l=0,0.0,PURSUER_WIN
open8,2,l0,104,1,4.0,I-NTMCP l=0,0.0,PURSUER_WIN
open8,2,l0,104,1,5.0,I-NTMCP l=0,0.0,PURSUER_WIN
open8,2,l0,104,1,1.0,I-NTMCP l=0,0.0,PURSUER_WIN
open8,2,l0,104,1,5.0,I-NTMCP l=0,0.0,PURSUER_WIN
open8,2,l0,104,0,8.0,I-NTMCP l=0,0.0,EVADER_REACHED_GOAL
open8,2,l0,104,1,2.0,I-NTMCP l=0,0.0,PURSUER_WIN
open8,2,l0,104,1,2.0,I-NTMCP l=0,0.0,PURSUER_WIN
open8,2,l0,104,1,1.0,I-NTMCP l=0,0.0,PURSUER_WIN
open8,2,l0,104,1,2.0,I-NTMCP l=0,0.0,PURSUER_WIN
open8,2,l0,104,1,3.0,I-NTMCP l=0,0.0,PURSUER_WIN
open8,2,l0,104,1,2.0,I-NTMCP l=0,0.0,PURSUER_WIN
open8,2,l0,104,1,3.0,I-NTMCP l=0,0.0,PURSUER_WIN
open8,2,l0,104,1,0.0,I-NTMCP l=0,0.0,PURSUER_WIN
open8,2,l0,104,0,11.0,I-NTMCP l=0,0.0,EVADER_REACHED_GOAL
open8,2,l0,104,1,4.0,I-NTMCP l=0,0.0,PURSUER_WIN
open8,2,l0,104,1,2.0,I-NTMCP l=0,0.0,PURSUER_WIN
open8,2,l0,104,0,11.0,I-NTMCP l=0,0.0,EVADER_REACHED_GOAL
open8,2,l0,104,1,3.0,I-NTMCP l=0,0.0,PURSUER_WIN
open8,2,l0,104,1,6.0,I-NTMCP l=0,0.0,PURSUER_WIN
open8,2,l0,104,1,0.0,I-NTMCP l=0,0.0,PURSUER_WIN
open8,2,l0,104,1,3.0,I-NTMCP l=0,0.0,PURSUER_WIN
open8,2,l0,104,1,10.0,I-NTMCP l=0,0.0,PURSUER_WIN
open8,2,l0,104,1,5.0,I-NTMCP l=0,0.0,PURSUER_WIN
open8,2,l0,104,1,3.0,I-NTMCP l=0,0.0,PURSUER_WIN
open8,2,l0,104,1,2.0,I-NTMCP l=0,0.0,PURSUER_WIN
open8,2,l0,104,1,1.0,I-NTMCP l=0,0.0,PURSUER_WIN
open8,2,l0,105,1,1.0,I-NTMCP l=0,0.0,PURSUER_WIN
open8,2,l0,105,1,2.0,I-NTMCP l=0,0.0,PURSUER_WIN
open8,2,l0,105,1,4.0,I-NTMCP l=0,0.0,PURSUER_WIN
open8,2,l0,105,1,5.0,I-NTMCP l=0,0.0,PURSUER_WIN
open8,2,l0,105,1,3.0,I-NTMCP l=0,0.0,PURSUER_WIN
open8,2,l0,105,1,2.0,I-NTMCP l=0,0.0,PURSUER_WIN
open8,2,l0,105,1,3.0,I-NTMCP l=0,0.0,PURSUER_WIN
open8,2,l0,105,1,2.0,I-NTMCP l=0,0.0,PURSUER_WIN
open8,2,l0,105,1,3.0,I-NTMCP l=0,0.0,PURSUER_WIN
open8,2,l0,105,1,3.0,I-NTMCP l=0,0.0,PURSUER_WIN
open8,2,l0,105,1,2.0,I-NTMCP l=0,0.0,PURSUER_WIN
open8,2,l0,105,1,4.0,I-NTMCP l=0,0.0,PURSUER_WIN
open8,2,l0,105,1,8.0,I-NTMCP l=0,0.0,PURSUER_WIN
open8,2,l0,105,1,2.0,I-NTMCP l=0,0.0,PURSUER_WIN
open8,2,l0,105,1,7.0,I-NTMCP l=0,0.0,PURSUER_WIN
open8,2,l0,105,1,4.0,I-NTMCP l=0,0.0,PURSUER_WIN
open8,2,l0,105,1,4.0,I-NTMCP l=0,0.0,PURSUER_WIN
open8,2,l0,105,1,1.0,I-NTMCP l=0,0.0,PURSUER_WIN
open8,2,l0,105,1,2.0,I-NTMCP l=0,0.0,PURSUER_WIN
open8,2,l0,105,1,0.0,I-NTMCP l=0,0.0,PURSUER_WIN
open8,2,l0,105,1,5.0,I-NTMCP l=0,0.0,PURSUER_WIN
open8,2,l0,105,1,2.0,I-NTMCP l=0,0.0,PURSUER_WIN
open8,2,l0,105,1,1.0,I-NTMCP l=0,0.0,PURSUER_WIN
open8,2,l0,105,1,2.0,I-NTMCP l=0,0.0,PURSUER_WIN
open8,2,l0,105,1,4.0,I-NTMCP l=0,0.0,PURSUER_WIN
open8,2,l0,105,1,0.0,I-NTMCP l=0,0.0,PURSUER_WIN
open8,2,l0,105,1,4.0,I-NTMCP l=0,0.0,PURSUER_WIN
open8,2,l0,105,1,6.0,I-NTMCP l=0,0.0,PURSUER_WIN
open8,2,l0,105,1,4.0,I-NTMCP l=0,0.0,PURSUER_WIN
open8,2,l0,105,1,0.0,I-NTMCP l=0,0.0,PURSUER_WIN
open8,2,l0,105,0,11.0,I-NTMCP l=0,0.0,EVADER_REACHED_GOAL
open8,2,l0,105,1,3.0,I-NTMCP l=0,0.0,PURSUER_WIN
open8,2,l0,105,1,0.0,I-NTMCP l=0,0.0,PURSUER_WIN
open8,2,l0,105,1,0.0,I-NTMCP l=0,0.0,PURSUER_WIN
open8,2,l0,105,1,0.0,I-NTMCP l=0,0.0,PURSUER_WIN
open8,2,l0,105,1,4.0,I-NTMCP l=0,0.0,PURSUER_WIN
open8,2,l0,105,1,9.0,I-NTMCP l=0,0.0,PURSUER_WIN
open8,2,l0,105,1,3.0,I-NTMCP l=0,0.0,PURSUER_WIN
open8,2,l0,105,1,0.0,I-NTMCP l=0,0.0,PURSUER_WIN
open8,2,l0,105,1,4.0,I-NTMCP l=0,0.0,PURSUER_WIN
open8,2,l0,105,1,4.0,I-NTMCP l=0,0.0,PURSUER_WIN
open8,2,l0,105,1,2.0,I-NTMCP l=0,0.0,PURSUER_WIN
open8,2,l0,105,1,0.0,I-NTMCP l=0,0.0,PURSUER_WIN
open8,2,l0,105,1,0.0,I-NTMCP l=0,0.0,PURSUER_WIN
open8,2,l0,105,1,9.0,I-NTMCP l=0,0.0,PURSUER_WIN
open8,2,l0,105,1,1.0,I-NTMCP l=0,0.0,PURSUER_WIN
open8,2,l0,105,1,4.0,I-NTMCP l=0,0.0,PURSUER_WIN
open8,2,l0,105,1,0.0,I-NTMCP l=0,0.0,PURSUER_WIN
open8,2,l0,105,1,2.0,I-NTMCP l=0,0.0,PURSUER_WIN
open8,2,l0,105,1,3.0,I-NTMCP l=0,0.0,PURSUER_WIN
open8,2,l0,106,1,5.0,I-NTMCP l=0,0.0,PURSUER_WIN
open8,2,l0,106,1,4.0,I-NTMCP l=0,0.0,PURSUER_WIN
open8,2,l0,106,1,3.0,I-NTMCP l=0,0.0,PURSUER_WIN
open8,2,l0,106,1,2.0,I-NTMCP l=0,0.0,PURSUER_WIN
open8,2,l0,106,1,4.0,I-NTMCP l=0,0.0,PURSUER_WIN
open8,2,l0,106,1,2.0,I-NTMCP l=0,0.0,PURSUER_WIN
open8,2,l0,106,1,2.0,I-NTMCP l=0,0.0,PURSUER_WIN
open8,2,l0,106,1,3.0,I-NTMCP l=0,0.0,PURSUER_WIN
open8,2,l0,106,1,3.0,I-NTMCP l=0,0.0,PURSUER_WIN
open8,2,l0,106,1,5.0,I-NTMCP l=0,0.0,PURSUER_WIN
open8,2,l0,106,1,0.0,I-NTMCP l=0,0.0,PURSUER_WIN
open8,2,l0,106,1,2.0,I-NTMCP l=0,0.0,PURSUER_WIN
open8,2,l0,106,1,3.0,I-NTMCP l=0,0.0,PURSUER_WIN
open8,2,l0,106,1,1.0,I-NTMCP l=0,0.0,PURSUER_WIN
open8,2,l0,106,1,5.0,I-NTMCP l=0,0.0,PURSUER_WIN
open8,2,l0,106,1,1.0,I-NTMCP l=0,0.0,PURSUER_WIN
open8,2,l0,106,1,0.0,I-NTMCP l=0,0.0,PURSUER_WIN
open8,2,l0,106,1,3.0,I-NTMCP l=0,0.0,PURSUER_WIN
open8,2,l0,106,1,0.0,I-NTMCP l=0,0.0,PURSUER_WIN
open8,2,l0,106,1,3.0,I-NTMCP l=0,0.0,PURSUER_WIN
open8,2,l0,106,1,3.0,I-NTMCP l=0,0.0,PURSUER_WIN
open8,2,l0,106,1,2.0,I-NTMCP l=0,0.0,PURSUER_WIN
open8,2,l0,106,1,6.0,I-NTMCP l=0,0.0,PURSUER_WIN
open8,2,l0,106,1,1.0,I-NTMCP l=0,0.0,PURSUER_WIN
open8,2,l0,106,1,5.0,I-NTMCP l=0,0.0,PURSUER_WIN
open8,2,l0,106,1,3.0,I-NTMCP l=0,0.0,PURSUER_WIN
open8,2,l0,106,1,3.0,I-NTMCP l=0,0.0,PURSUER_WIN
open8,2,l0,106,1,1.0,I-NTMCP l=0,0.0,PURSUER_WIN
open8,2,l0,106,1,2.0,I-NTMCP l=0,0.0,PURSUER_WIN
open8,2,l0,106,1,4.0,I-NTMCP l=0,0.0,PURSUER_WIN
open8,2,l0,106,1,0.0,I-NTMCP l=0,0.0,PURSUER_WIN
open8,2,l0,106,1,2.0,I-NTMCP l=0,0.0,PURSUER_WIN
open8,2,l0,106,1,2.0,I-NTMCP l=0,0.0,PURSUER_WIN
open8,2,l0,106,1,2.0,I-NTMCP l=0,0.0,PURSUER_WIN
open8,2,l0,106,1,0.0,I-NTMCP l=0,0.0,PURSUER_WIN
open8,2,l0,106,1,4.0,I-NTMCP l=0,0.0,PURSUER_WIN
open8,2,l0,106,1,3.0,I-NTMCP l=0,0.0,PURSUER_WIN
open8,2,l0,106,1,4.0,I-NTMCP l=0,0.0,PURSUER_WIN
open8,2,l0,106,0,10.0,I-NTMCP l=0,0.0,EVADER_REACHED_GOAL
open8,2,l0,106,1,0.0,I-NTMCP l=0,0.0,PURSUER_WIN
open8,2,l0,106,0,7.0,I-NTMCP l=0,0.0,EVADER_REACHED_GOAL
open8,2,l0,106,1,1.0,I-NTMCP l=0,0.0,PURSUER_WIN
open8,2,l0,106,1,4.0,I-NTMCP l=0,0.0,PURSUER_WIN
open8,2,l0,106,1,5.0,I-NTMCP l=0,0.0,PURSUER_WIN
open8,2,l0,106,1,2.0,I-NTMCP l=0,0.0,PURSUER_WIN
open8,2,l0,106,0,10.0,I-NTMCP l=0,0.0,EVADER_REACHED_GOAL
open8,2,l0,106,1,1.0,I-NTMCP l=0,0.0,PURSUER_WIN
open8,2,l0,106,1,0.0,I-NTMCP l=0,0.0,PURSUER_WIN
open8,2,l0,106,1,8.0,I-NTMCP l=0,0.0,PURSUER_WIN
open8,2,l0,106,1,0.0,I-NTMCP l=0,0.0,PURSUER_WIN
open8,2,l0,107,1,3.0,I-NTMCP l=0,0.0,PURSUER_WIN
open8,2,l0,107,1,2.0,I-NTMCP l=0,0.0,PURSUER_WIN
open8,2,l0,107,1,6.0,I-NTMCP l=0,0.0,PURSUER_WIN
open8,2,l0,107,1,2.0,I-NTMCP l=0,0.0,PURSUER_WIN
open8,2,l0,107,1,3.0,I-NTMCP l=0,0.0,PURSUER_WIN
open8,2,l0,107,1,0.0,I-NTMCP l=0,0.0,PURSUER_WIN
open8,2,l0,107,1,4.0,I-NTMCP l=0,0.0,PURSUER_WIN
open8,2,l0,107,1,0.0,I-NTMCP l=0,0.0,PURSUER_WIN
open8,2,l0,107,1,2.0,I-NTMCP l=0,0.0,PURSUER_WIN
open8,2,l0,107,1,2.0,I-NTMCP l=0,0.0,PURSUER_WIN
open8,2,l0,107,1,0.0,I-NTMCP l=0,0.0,PURSUER_WIN
open8,2,l0,107,1,3.0,I-NTMCP l=0,0.0,PURSUER_WIN
open8,2,l0,107,1,1.0,I-NTMCP l=0,0.0,PURSUER_WIN
open8,2,l0,107,1,7.0,I-NTMCP l=0,0.0,PURSUER_WIN
open8,2,l0,107,1,4.0,I-NTMCP l=0,0.0,PURSUER_WIN
open8,2,l0,107,1,2.0,I-NTMCP l=0,0.0,PURSUER_WIN
open8,2,l0,107,1,2.0,I-NTMCP l=0,0.0,PURSUER_WIN
open8,2,l0,107,1,0.0,I-NTMCP l=0,0.0,PURSUER_WIN
open8,2,l0,107,1,0.0,I-NTMCP l=0,0.0,PURSUER_WIN
open8,2,l0,107,1,6.0,I-NTMCP l=0,0.0,PURSUER_WIN
open8,2,l0,107,1,8.0,I-NTMCP l=0,0.0,PURSUER_WIN
open8,2,l0,107,1,2.0,I-NTMCP l=0,0.0,PURSUER_WIN
open8,2,l0,107,1,3.0,I-NTMCP l=0,0.0,PURSUER_WIN
open8,2,l0,107,1,2.0,I-NTMCP l=0,0.0,PURSUER_WIN
open8,2,l0,107,1,0.0,I-NTMCP l=0,0.0,PURSUER_WIN
open8,2,l0,107,0,11.0,I-NTMCP l=0,0.0,EVADER_REACHED_GOAL
open8,2,l0,107,1,1.0,I-NTMCP l=0,0.0,PURSUER_WIN
open8,2,l0,107,1,4.0,I-NTMCP l=0,0.0,PURSUER_WIN
open8,2,l0,107,1,0.0,I-NTMCP l=0,0.0,PURSUER_WIN
open8,2,l0,107,1,2.0,I-NTMCP l=0,0.0,PURSUER_WIN
open8,2,l0,107,1,5.0,I-NTMCP l=0,0.0,PURSUER_WIN
open8,2,l0,107,1,4.0,I-NTMCP l=0,0.0,PURSUER_WIN
open8,2,l0,107,1,3.0,I-NTMCP l=0,0.0,PURSUER_WIN
open8,2,l0,107,1,3.0,I-NTMCP l=0,0.0,PURSUER_WIN
open8,2,l0,107,1,4.0,I-NTMCP l=0,0.0,PURSUER_WIN
open8,2,l0,107,1,4.0,I-NTMCP l=0,0.0,PURSUER_WIN
open8,2,l0,107,1,0.0,I-NTMCP l=0,0.0,PURSUER_WIN
open8,2,l0,107,1,6.0,I-NTMCP l=0,0.0,PURSUER_WIN
open8,2,l0,107,1,5.0,I-NTMCP l=0,0.0,PURSUER_WIN
open8,2,l0,107,1,3.0,I-NTMCP l=0,0.0,PURSUER_WIN
open8,2,l0,107,1,0.0,I-NTMCP l=0,0.0,PURSUER_WIN
open8,2,l0,107,1,4.0,I-NTMCP l=0,0.0,PURSUER_WIN
open8,2,l0,107,1,0.0,I-NTMCP l=0,0.0,PURSUER_WIN
open8,2,l0,107,1,7.0,I-NTMCP l=0,0.0,PURSUER_WIN
open8,2,l0,107,1,5.0,I-NTMCP l=0,0.0,PURSUER_WIN
open8,2,l0,107,1,4.0,I-NTMCP l=0,0.0,PURSUER_WIN
open8,2,l0,107,1,3.0,I-NTMCP l=0,0.0,PURSUER_WIN
open8,2,l0,107,1,6.0,I-NTMCP l=0,0.0,PURSUER_WIN
open8,2,l0,107,0,11.0,I-NTMCP l=0,0.0,EVADER_REACHED_GOAL
open8,2,l0,107,1,2.0,I-NTMCP l=0,0.0,PURSUER_WIN
open8,2,l0,108,1,6.0,I-NTMCP l=0,0.0,PURSUER_WIN
open8,2,l0,108,1,2.0,I-NTMCP l=0,0.0,PURSUER_WIN
open8,2,l0,108,1,3.0,I-NTMCP l=0,0.0,PURSUER_WIN
open8,2,l0,108,1,3.0,I-NTMCP l=0,0.0,PURSUER_WIN
open8,2,l0,108,1,0.0,I-NTMCP l=0,0.0,PURSUER_WIN
open8,2,l0,108,1,0.0,I-NTMCP l=0,0.0,PURSUER_WIN
open8,2,l0,108,1,2.0,I-NTMCP l=0,0.0,PURSUER_WIN
open8,2,l0,108,1,4.0,I-NTMCP l=0,0.0,PURSUER_WIN
open8,2,l0,108,1,2.0,I-NTMCP l=0,0.0,PURSUER_WIN
open8,2,l0,108,1,7.0,I-NTMCP l=0,0.0,PURSUER_WIN
open8,2,l0,108,0,10.0,I-NTMCP l=0,0.0,EVADER_REACHED_GOAL
open8,2,l0,108,1,9.0,I-NTMCP l=0,0.0,PURSUER_WIN
open8,2,l0,108,1,2.0,I-NTMCP l=0,0.0,PURSUER_WIN
open8,2,l0,108,1,4.0,I-NTMCP l=0,0.0,PURSUER_WIN
open8,2,l0,108,1,5.0,I-NTMCP l=0,0.0,PURSUER_WIN
open8,2,l0,108,1,3.0,I-NTMCP l=0,0.0,PURSUER_WIN
open8,2,l0,108,1,0.0,I-NTMCP l=0,0.0,PURSUER_WIN
open8,2,l0,108,1,0.0,I-NTMCP l=0,0.0,PURSUER_WIN
open8,2,l0,108,1,3.0,I-NTMCP l=0,0.0,PURSUER_WIN
open8,2,l0,108,1,2.0,I-NTMCP l=0,0.0,PURSUER_WIN
open8,2,l0,108,1,2.0,I-NTMCP l=0,0.0,PURSUER_WIN
open8,2,l0,108,1,0.0,I-NTMCP l=0,0.0,PURSUER_WIN
open8,2,l0,108,1,2.0,I-NTMCP l=0,0.0,PURSUER_WIN
open8,2,l0,108,0,7.0,I-NTMCP l=0,0.0,EVADER_REACHED_GOAL
open8,2,l0,108,1,4.0,I-NTMCP l=0,0.0,PURSUER_WIN
open8,2,l0,108,1,4.0,I-NTMCP l=0,0.0,PURSUER_WIN
open8,2,l0,108,1,8.0,I-NTMCP l=0,0.0,PURSUER_WIN
open8,2,l0,108,1,4.0,I-NTMCP l=0,0.0,PURSUER_WIN
open8,2,l0,108,1,3.0,I-NTMCP l=0,0.0,PURSUER_WIN
open8,2,l0,108,1,5.0,I-NTMCP l=0,0.0,PURSUER_WIN
open8,2,l0,108,1,0.0,I-NTMCP l=0,0.0,PURSUER_WIN
open8,2,l0,108,1,5.0,I-NTMCP l=0,0.0,PURSUER_WIN
open8,2,l0,108,1,1.0,I-NTMCP l=0,0.0,PURSUER_WIN
open8,2,l0,108,1,0.0,I-NTMCP l=0,0.0,PURSUER_WIN
open8,2,l0,108,1,3.0,I-NTMCP l=0,0.0,PURSUER_WIN
open8,2,l0,108,1,6.0,I-NTMCP l=0,0.0,PURSUER_WIN
open8,2,l0,108,1,7.0,I-NTMCP l=0,0.0,PURSUER_WIN
open8,2,l0,108,1,3.0,I-NTMCP l=0,0.0,PURSUER_WIN
open8,2,l0,108,1,2.0,I-NTMCP l=0,0.0,PURSUER_WIN
open8,2,l0,108,1,5.0,I-NTMCP l=0,0.0,PURSUER_WIN
open8,2,l0,108,1,4.0,I-NTMCP l=0,0.0,PURSUER_WIN
open8,2,l0,108,1,2.0,I-NTMCP l=0,0.0,PURSUER_WIN
open8,2,l0,108,1,2.0,I-NTMCP l=0,0.0,PURSUER_WIN
open8,2,l0,108,1,3.0,I-NTMCP l=0,0.0,PURSUER_WIN
open8,2,l0,108,1,3.0,I-NTMCP l=0,0.0,PURSUER_WIN
open8,2,l0,108,1,2.0,I-NTMCP l=0,0.0,PURSUER_WIN
open8,2,l0,108,1,3.0,I-NTMCP l=0,0.0,PURSUER_WIN
open8,2,l0,108,1,3.0,I-NTMCP l=0,0.0,PURSUER_WIN
open8,2,l0,108,0,7.0,I-NTMCP l=0,0.0,EVADER_REACHED_GOAL
open8,2,l0,108,1,0.0,I-NTMCP l=0,0.0,PURSUER_WIN
open8,2,l0,109,1,4.0,I-NTMCP l=0,0.0,PURSUER_WIN
open8,2,l0,109,1,2.0,I-NTMCP l=0,0.0,PURSUER_WIN
open8,2,l0,109,1,3.0,I-NTMCP l=0,0.0,PURSUER_WIN
open8,2,l0,109,1,3.0,I-NTMCP l=0,0.0,PURSUER_WIN
open8,2,l0,109,1,6.0,I-NTMCP l=0,0.0,PURSUER_WIN
open8,2,l0,109,1,0.0,I-NTMCP l=0,0.0,PURSUER_WIN
open8,2,l0,109,1,2.0,I-NTMCP l=0,0.0,PURSUER_WIN
open8,2,l0,109,0,11.0,I-NTMCP l=0,0.0,EVADER_REACHED_GOAL
open8,2,l0,109,1,0.0,I-NTMCP l=0,0.0,PURSUER_WIN
open8,2,l0,109,1,0.0,I-NTMCP l=0,0.0,PURSUER_WIN
open8,2,l0,109,1,0.0,I-NTMCP l=0,0.0,PURSUER_WIN
open8,2,l0,109,1,2.0,I-NTMCP l=0,0.0,PURSUER_WIN
open8,2,l0,109,1,0.0,I-NTMCP l=0,0.0,PURSUER_WIN
open8,2,l0,109,1,3.0,I-NTMCP l=0,0.0,PURSUER_WIN
open8,2,l0,109,1,4.0,I-NTMCP l=0,0.0,PURSUER_WIN
open8,2,l0,109,1,4.0,I-NTMCP l=0,0.0,PURSUER_WIN
open8,2,l0,109,1,0.0,I-NTMCP l=0,0.0,PURSUER_WIN
open8,2,l0,109,1,6.0,I-NTMCP l=0,0.0,PURSUER_WIN
open8,2,l0,109,1,8.0,I-NTMCP l=0,0.0,PURSUER_WIN
open8,2,l0,109,1,3.0,I-NTMCP l=0,0.0,PURSUER_WIN
open8,2,l0,109,1,2.0,I-NTMCP l=0,0.0,PURSUER_WIN
open8,2,l0,109,1,4.0,I-NTMCP l=0,0.0,PURSUER_WIN
open8,2,l0,109,1,2.0,I-NTMCP l=0,0.0,PURSUER_WIN
open8,2,l0,109,1,2.0,I-NTMCP l=0,0.0,PURSUER_WIN
open8,2,l0,109,1,7.0,I-NTMCP l=0,0.0,PURSUER_WIN
open8,2,l0,109,1,4.0,I-NTMCP l=0,0.0,PURSUER_WIN
open8,2,l0,109,1,2.0,I-NTMCP l=0,0.0,PURSUER_WIN
open8,2,l0,109,1,8.0,I-NTMCP l=0,0.0,PURSUER_WIN
open8,2,l0,109,1,6.0,I-NTMCP l=0,0.0,PURSUER_WIN
open8,2,l0,109,1,2.0,I-NTMCP l=0,0.0,PURSUER_WIN
open8,2,l0,109,1,0.0,I-NTMCP l=0,0.0,PURSUER_WIN
open8,2,l0,109,1,6.0,I-NTMCP l=0,0.0,PURSUER_WIN
open8,2,l0,109,1,3.0,I-NTMCP l=0,0.0,PURSUER_WIN
open8,2,l0,109,1,2.0,I-NTMCP l=0,0.0,PURSUER_WIN
open8,2,l0,109,1,0.0,I-NTMCP l=0,0.0,PURSUER_WIN
open8,2,l0,109,1,3.0,I-NTMCP l=0,0.0,PURSUER_WIN
open8,2,l0,109,1,4.0,I-NTMCP l=0,0.0,PURSUER_WIN
open8,2,l0,109,1,1.0,I-NTMCP l=0,0.0,PURSUER_WIN
open8,2,l0,109,1,0.0,I-NTMCP l=0,0.0,PURSUER_WIN
open8,2,l0,109,1,3.0,I-NTMCP l=0,0.0,PURSUER_WIN
open8,2,l0,109,1,6.0,I-NTMCP l=0,0.0,PURSUER_WIN
open8,2,l0,109,1,3.0,I-NTMCP l=0,0.0,PURSUER_WIN
open8,2,l0,109,1,4.0,I-NTMCP l=0,0.0,PURSUER_WIN
open8,2,l0,109,1,0.0,I-NTMCP l=0,0.0,PURSUER_WIN
open8,2,l0,109,1,6.0,I-NTMCP l=0,0.0,PURSUER_WIN
open8,2,l0,109,1,5.0,I-NTMCP l=0,0.0,PURSUER_WIN
open8,2,l0,109,1,2.0,I-NTMCP l=0,0.0,PURSUER_WIN
open8,2,l0,109,1,0.0,I-NTMCP l=0,0.0,PURSUER_WIN
open8,2,l0,109,1,0.0,I-NTMCP l=0,0.0,PURSUER_WIN
open8,2,l0,109,1,0.0,I-NTMCP l=0,0.0,PURSUER_WIN
open8,2,l1,100,1,3.0,I-NTMCP l=1,1.0,PURSUER_WIN
open8,2,l1,100,1,3.0,I-NTMCP l=1,1.0,PURSUER_WIN
open8,2,l1,100,1,5.0,I-NTMCP l=1,1.0,PURSUER_WIN
open8,2,l1,100,1,4.0,I-NTMCP l=1,1.0,PURSUER_WIN
open8,2,l1,100,1,3.0,I-NTMCP l=1,1.0,PURSUER_WIN
open8,2,l1,100,1,4.0,I-NTMCP l=1,1.0,PURSUER_WIN
open8,2,l1,100,1,2.0,I-NTMCP l=1,1.0,PURSUER_WIN
open8,2,l1,100,1,3.0,I-NTMCP l=1,1.0,PURSUER_WIN
open8,2,l1,100,1,4.0,I-NTMCP l=1,1.0,PURSUER_WIN
open8,2,l1,100,1,4.0,I-NTMCP l=1,1.0,PURSUER_WIN
open8,2,l1,100,1,3.0,I-NTMCP l=1,1.0,PURSUER_WIN
open8,2,l1,100,1,2.0,I-NTMCP l=1,1.0,PURSUER_WIN
open8,2,l1,100,1,3.0,I-NTMCP l=1,1.0,PURSUER_WIN
open8,2,l1,100,1,4.0,I-NTMCP l=1,1.0,PURSUER_WIN
open8,2,l1,100,1,7.0,I-NTMCP l=1,1.0,PURSUER_WIN
open8,2,l1,100,1,2.0,I-NTMCP l=1,1.0,PURSUER_WIN
open8,2,l1,100,1,4.0,I-NTMCP l=1,1.0,PURSUER_WIN
open8,2,l1,100,1,2.0,I-NTMCP l=1,1.0,PURSUER_WIN
open8,2,l1,100,1,2.0,I-NTMCP l=1,1.0,PURSUER_WIN
open8,2,l1,100,1,6.0,I-NTMCP l=1,1.0,PURSUER_WIN
open8,2,l1,100,1,9.0,I-NTMCP l=1,1.0,PURSUER_WIN
open8,2,l1,100,1,4.0,I-NTMCP l=1,1.0,PURSUER_WIN
open8,2,l1,100,1,5.0,I-NTMCP l=1,1.0,PURSUER_WIN
open8,2,l1,100,1,2.0,I-NTMCP l=1,1.0,PURSUER_WIN
open8,2,l1,100,1,4.0,I-NTMCP l=1,1.0,PURSUER_WIN
open8,2,l1,100,1,2.0,I-NTMCP l=1,1.0,PURSUER_WIN
open8,2,l1,100,1,4.0,I-NTMCP l=1,1.0,PURSUER_WIN
open8,2,l1,100,0,7.0,I-NTMCP l=1,1.0,EVADER_REACHED_GOAL
open8,2,l1,100,1,3.0,I-NTMCP l=1,1.0,PURSUER_WIN
open8,2,l1,100,1,0.0,I-NTMCP l=1,1.0,PURSUER_WIN
open8,2,l1,100,1,10.0,I-NTMCP l=1,1.0,PURSUER_WIN
open8,2,l1,100,1,0.0,I-NTMCP l=1,1.0,PURSUER_WIN
open8,2,l1,100,1,2.0,I-NTMCP l=1,1.0,PURSUER_WIN
open8,2,l1,100,1,3.0,I-NTMCP l=1,1.0,PURSUER_WIN
open8,2,l1,100,1,2.0,I-NTMCP l=1,1.0,PURSUER_WIN
open8,2,l1,100,1,2.0,I-NTMCP l=1,1.0,PURSUER_WIN
open8,2,l1,100,1,3.0,I-NTMCP l=1,1.0,PURSUER_WIN
open8,2,l1,100,1,0.0,I-NTMCP l=1,1.0,PURSUER_WIN
open8,2,l1,100,1,3.0,I-NTMCP l=1,1.0,PURSUER_WIN
open8,2,l1,100,1,5.0,I-NTMCP l=1,1.0,PURSUER_WIN
open8,2,l1,100,1,2.0,I-NTMCP l=1,1.0,PURSUER_WIN
open8,2,l1,100,1,6.0,I-NTMCP l=1,1.0,PURSUER_WIN
open8,2,l1,100,1,1.0,I-NTMCP l=1,1.0,PURSUER_WIN
open8,2,l1,100,1,3.0,I-NTMCP l=1,1.0,PURSUER_WIN
open8,2,l1,100,0,10.0,I-NTMCP l=1,1.0,EVADER_REACHED_GOAL
open8,2,l1,100,1,0.0,I-NTMCP l=1,1.0,PURSUER_WIN
open8,2,l1,100,1,4.0,I-NTMCP l=1,1.0,PURSUER_WIN
open8,2,l1,100,1,3.0,I-NTMCP l=1,1.0,PURSUER_WIN
open8,2,l1,100,1,3.0,I-NTMCP l=1,1.0,PURSUER_WIN
open8,2,l1,100,1,8.0,I-NTMCP l=1,1.0,PURSUER_WIN
open8,2,l1,101,1,2.0,I-NTMCP l=1,1.0,PURSUER_WIN
open8,2,l1,101,1,6.0,I-NTMCP l=1,1.0,PURSUER_WIN
open8,2,l1,101,1,2.0,I-NTMCP l=1,1.0,PURSUER_WIN
open8,2,l1,101,0,7.0,I-NTMCP l=1,1.0,EVADER_REACHED_GOAL
open8,2,l1,101,1,5.0,I-NTMCP l=1,1.0,PURSUER_WIN
open8,2,l1,101,1,7.0,I-NTMCP l=1,1.0,PURSUER_WIN
open8,2,l1,101,1,0.0,I-NTMCP l=1,1.0,PURSUER_WIN
open8,2,l1,101,1,0.0,I-NTMCP l=1,1.0,PURSUER_WIN
open8,2,l1,101,1,0.0,I-NTMCP l=1,1.0,PURSUER_WIN
open8,2,l1,101,0,11.0,I-NTMCP l=1,1.0,EVADER_REACHED_GOAL
open8,2,l1,101,1,4.0,I-NTMCP l=1,1.0,PURSUER_WIN
open8,2,l1,101,1,0.0,I-NTMCP l=1,1.0,PURSUER_WIN
open8,2,l1,101,1,6.0,I-NTMCP l=1,1.0,PURSUER_WIN
open8,2,l1,101,1,3.0,I-NTMCP l=1,1.0,PURSUER_WIN
open8,2,l1,101,1,7.0,I-NTMCP l=1,1.0,PURSUER_WIN
open8,2,l1,101,1,5.0,I-NTMCP l=1,1.0,PURSUER_WIN
open8,2,l1,101,1,2.0,I-NTMCP l=1,1.0,PURSUER_WIN
open8,2,l1,101,1,0.0,I-NTMCP l=1,1.0,PURSUER_WIN
open8,2,l1,101,1,0.0,I-NTMCP l=1,1.0,PURSUER_WIN
open8,2,l1,101,1,2.0,I-NTMCP l=1,1.0,PURSUER_WIN
open8,2,l1,101,1,5.0,I-NTMCP l=1,1.0,PURSUER_WIN
open8,2,l1,101,1,0.0,I-NTMCP l=1,1.0,PURSUER_WIN
open8,2,l1,101,1,0.0,I-NTMCP l=1,1.0,PURSUER_WIN
open8,2,l1,101,1,3.0,I-NTMCP l=1,1.0,PURSUER_WIN
open8,2,l1,101,1,4.0,I-NTMCP l=1,1.0,PURSUER_WIN
open8,2,l1,101,1,0.0,I-NTMCP l=1,1.0,PURSUER_WIN
open8,2,l1,101,1,6.0,I-NTMCP l=1,1.0,PURSUER_WIN
open8,2,l1,101,1,1.0,I-NTMCP l=1,1.0,PURSUER_WIN
open8,2,l1,101,1,5.0,I-NTMCP l=1,1.0,PURSUER_WIN
open8,2,l1,101,1,0.0,I-NTMCP l=1,1.0,PURSUER_WIN
open8,2,l1,101,1,4.0,I-NTMCP l=1,1.0,PURSUER_WIN
open8,2,l1,101,1,3.0,I-NTMCP l=1,1.0,PURSUER_WIN
open8,2,l1,101,1,2.0,I-NTMCP l=1,1.0,PURSUER_WIN
open8,2,l1,101,1,2.0,I-NTMCP l=1,1.0,PURSUER_WIN
open8,2,l1,101,1,0.0,I-NTMCP l=1,1.0,PURSUER_WIN
open8,2,l1,101,1,3.0,I-NTMCP l=1,1.0,PURSUER_WIN
open8,2,l1,101,1,0.0,I-NTMCP l=1,1.0,PURSUER_WIN
open8,2,l1,101,1,6.0,I-NTMCP l=1,1.0,PURSUER_WIN
open8,2,l1,101,1,1.0,I-NTMCP l=1,1.0,PURSUER_WIN
open8,2,l1,101,1,0.0,I-NTMCP l=1,1.0,PURSUER_WIN
open8,2,l1,101,1,3.0,I-NTMCP l=1,1.0,PURSUER_WIN
open8,2,l1,101,1,6.0,I-NTMCP l=1,1.0,PURSUER_WIN
open8,2,l1,101,1,3.0,I-NTMCP l=1,1.0,PURSUER_WIN
open8,2,l1,101,1,3.0,I-NTMCP l=1,1.0,PURSUER_WIN
open8,2,l1,101,1,1.0,I-NTMCP l=1,1.0,PURSUER_WIN
open8,2,l1,101,1,4.0,I-NTMCP l=1,1.0,PURSUER_WIN
open8,2,l1,101,1,1.0,I-NTMCP l=1,1.0,PURSUER_WIN
open8,2,l1,101,1,4.0,I-NTMCP l=1,1.0,PURSUER_WIN
open8,2,l1,101,1,4.0,I-NTMCP l=1,1.0,PURSUER_WIN
open8,2,l1,101,1,0.0,I-NTMCP l=1,1.0,PURSUER_WIN
open8,2,l1,102,1,0.0,I-NTMCP l=1,1.0,PURSUER_WIN
open8,2,l1,102,1,3.0,I-NTMCP l=1,1.0,PURSUER_WIN
open8,2,l1,102,1,5.0,I-NTMCP l=1,1.0,PURSUER_WIN
open8,2,l1,102,1,2.0,I-NTMCP l=1,1.0,PURSUER_WIN
open8,2,l1,102,1,2.0,I-NTMCP l=1,1.0,PURSUER_WIN
open8,2,l1,102,1,8.0,I-NTMCP l=1,1.0,PURSUER_WIN
open8,2,l1,102,1,3.0,I-NTMCP l=1,1.0,PURSUER_WIN
open8,2,l1,102,1,2.0,I-NTMCP l=1,1.0,PURSUER_WIN
open8,2,l1,102,1,3.0,I-NTMCP l=1,1.0,PURSUER_WIN
open8,2,l1,102,1,1.0,I-NTMCP l=1,1.0,PURSUER_WIN
open8,2,l1,102,1,3.0,I-NTMCP l=1,1.0,PURSUER_WIN
open8,2,l1,102,1,3.0,I-NTMCP l=1,1.0,PURSUER_WIN
open8,2,l1,102,1,1.0,I-NTMCP l=1,1.0,PURSUER_WIN
open8,2,l1,102,1,7.0,I-NTMCP l=1,1.0,PURSUER_WIN
open8,2,l1,102,1,1.0,I-NTMCP l=1,1.0,PURSUER_WIN
open8,2,l1,102,1,4.0,I-NTMCP l=1,1.0,PURSUER_WIN
open8,2,l1,102,1,2.0,I-NTMCP l=1,1.0,PURSUER_WIN
open8,2,l1,102,1,2.0,I-NTMCP l=1,1.0,PURSUER_WIN
open8,2,l1,102,1,4.0,I-NTMCP l=1,1.0,PURSUER_WIN
open8,2,l1,102,1,1.0,I-NTMCP l=1,1.0,PURSUER_WIN
open8,2,l1,102,1,4.0,I-NTMCP l=1,1.0,PURSUER_WIN
open8,2,l1,102,1,0.0,I-NTMCP l=1,1.0,PURSUER_WIN
open8,2,l1,102,1,2.0,I-NTMCP l=1,1.0,PURSUER_WIN
open8,2,l1,102,1,1.0,I-NTMCP l=1,1.0,PURSUER_WIN
open8,2,l1,102,1,1.0,I-NTMCP l=1,1.0,PURSUER_WIN
open8,2,l1,102,1,3.0,I-NTMCP l=1,1.0,PURSUER_WIN
open8,2,l1,102,1,2.0,I-NTMCP l=1,1.0,PURSUER_WIN
open8,2,l1,102,1,2.0,I-NTMCP l=1,1.0,PURSUER_WIN
open8,2,l1,102,1,1.0,I-NTMCP l=1,1.0,PURSUER_WIN
open8,2,l1,102,0,14.0,I-NTMCP l=1,1.0,EVADER_REACHED_GOAL
open8,2,l1,102,1,0.0,I-NTMCP l=1,1.0,PURSUER_WIN
open8,2,l1,102,0,7.0,I-NTMCP l=1,1.0,EVADER_REACHED_GOAL
open8,2,l1,102,1,2.0,I-NTMCP l=1,1.0,PURSUER_WIN
open8,2,l1,102,1,2.0,I-NTMCP l=1,1.0,PURSUER_WIN
open8,2,l1,102,1,2.0,I-NTMCP l=1,1.0,PURSUER_WIN
open8,2,l1,102,1,2.0,I-NTMCP l=1,1.0,PURSUER_WIN
open8,2,l1,102,1,0.0,I-NTMCP l=1,1.0,PURSUER_WIN
open8,2,l1,102,1,5.0,I-NTMCP l=1,1.0,PURSUER_WIN
open8,2,l1,102,1,2.0,I-NTMCP l=1,1.0,PURSUER_WIN
open8,2,l1,102,1,2.0,I-NTMCP l=1,1.0,PURSUER_WIN
open8,2,l1,102,1,3.0,I-NTMCP l=1,1.0,PURSUER_WIN
open8,2,l1,102,1,3.0,I-NTMCP l=1,1.0,PURSUER_WIN
open8,2,l1,102,1,3.0,I-NTMCP l=1,1.0,PURSUER_WIN
open8,2,l1,102,1,3.0,I-NTMCP l=1,1.0,PURSUER_WIN
open8,2,l1,102,1,1.0,I-NTMCP l=1,1.0,PURSUER_WIN
open8,2,l1,102,1,3.0,I-NTMCP l=1,1.0,PURSUER_WIN
open8,2,l1,102,1,0.0,I-NTMCP l=1,1.0,PURSUER_WIN
open8,2,l1,102,1,4.0,I-NTMCP l=1,1.0,PURSUER_WIN
open8,2,l1,102,1,2.0,I-NTMCP l=1,1.0,PURSUER_WIN
open8,2,l1,102,1,4.0,I-NTMCP l=1,1.0,PURSUER_WIN
open8,2,l1,103,1,6.0,I-NTMCP l=1,1.0,PURSUER_WIN
open8,2,l1,103,1,2.0,I-NTMCP l=1,1.0,PURSUER_WIN
open8,2,l1,103,1,4.0,I-NTMCP l=1,1.0,PURSUER_WIN
open8,2,l1,103,1,0.0,I-NTMCP l=1,1.0,PURSUER_WIN
open8,2,l1,103,1,3.0,I-NTMCP l=1,1.0,PURSUER_WIN
open8,2,l1,103,1,2.0,I-NTMCP l=1,1.0,PURSUER_WIN
open8,2,l1,103,1,3.0,I-NTMCP l=1,1.0,PURSUER_WIN
open8,2,l1,103,1,0.0,I-NTMCP l=1,1.0,PURSUER_WIN
open8,2,l1,103,1,0.0,I-NTMCP l=1,1.0,PURSUER_WIN
open8,2,l1,103,1,3.0,I-NTMCP l=1,1.0,PURSUER_WIN
open8,2,l1,103,1,3.0,I-NTMCP l=1,1.0,PURSUER_WIN
open8,2,l1,103,1,3.0,I-NTMCP l=1,1.0,PURSUER_WIN
open8,2,l1,103,1,5.0,I-NTMCP l=1,1.0,PURSUER_WIN
open8,2,l1,103,1,3.0,I-NTMCP l=1,1.0,PURSUER_WIN
open8,2,l1,103,1,2.0,I-NTMCP l=1,1.0,PURSUER_WIN
open8,2,l1,103,1,0.0,I-NTMCP l=1,1.0,PURSUER_WIN
open8,2,l1,103,1,3.0,I-NTMCP l=1,1.0,PURSUER_WIN
open8,2,l1,103,1,2.0,I-NTMCP l=1,1.0,PURSUER_WIN
open8,2,l1,103,1,3.0,I-NTMCP l=1,1.0,PURSUER_WIN
open8,2,l1,103,1,2.0,I-NTMCP l=1,1.0,PURSUER_WIN
open8,2,l1,103,1,4.0,I-NTMCP l=1,1.0,PURSUER_WIN
open8,2,l1,103,1,2.0,I-NTMCP l=1,1.0,PURSUER_WIN
open8,2,l1,103,1,3.0,I-NTMCP l=1,1.0,PURSUER_WIN
open8,2,l1,103,1,4.0,I-NTMCP l=1,1.0,PURSUER_WIN
open8,2,l1,103,0,7.0,I-NTMCP l=1,1.0,EVADER_REACHED_GOAL
open8,2,l1,103,1,5.0,I-NTMCP l=1,1.0,PURSUER_WIN
open8,2,l1,103,1,0.0,I-NTMCP l=1,1.0,PURSUER_WIN
open8,2,l1,103,1,1.0,I-NTMCP l=1,1.0,PURSUER_WIN
open8,2,l1,103,1,3.0,I-NTMCP l=1,1.0,PURSUER_WIN
open8,2,l1,103,1,4.0,I-NTMCP l=1,1.0,PURSUER_WIN
open8,2,l1,103,1,4.0,I-NTMCP l=1,1.0,PURSUER_WIN
open8,2,l1,103,0,14.0,I-NTMCP l=1,1.0,EVADER_REACHED_GOAL
open8,2,l1,103,1,3.0,I-NTMCP l=1,1.0,PURSUER_WIN
open8,2,l1,103,1,0.0,I-NTMCP l=1,1.0,PURSUER_WIN
open8,2,l1,103,1,3.0,I-NTMCP l=1,1.0,PURSUER_WIN
open8,2,l1,103,1,0.0,I-NTMCP l=1,1.0,PURSUER_WIN
open8,2,l1,103,1,0.0,I-NTMCP l=1,1.0,PURSUER_WIN
open8,2,l1,103,1,2.0,I-NTMCP l=1,1.0,PURSUER_WIN
open8,2,l1,103,1,3.0,I-NTMCP l=1,1.0,PURSUER_WIN
open8,2,l1,103,1,2.0,I-NTMCP l=1,1.0,PURSUER_WIN
open8,2,l1,103,1,3.0,I-NTMCP l=1,1.0,PURSUER_WIN
open8,2,l1,103,1,0.0,I-NTMCP l=1,1.0,PURSUER_WIN
open8,2,l1,103,1,3.0,I-NTMCP l=1,1.0,PURSUER_WIN
open8,2,l1,103,1,4.0,I-NTMCP l=1,1.0,PURSUER_WIN
open8,2,l1,103,1,1.0,I-NTMCP l=1,1.0,PURSUER_WIN
open8,2,l1,103,1,2.0,I-NTMCP l=1,1.0,PURSUER_WIN
open8,2,l1,103,1,0.0,I-NTMCP l=1,1.0,PURSUER_WIN
open8,2,l1,103,1,5.0,I-NTMCP l=1,1.0,PURSUER_WIN
open8,2,l1,103,0,10.0,I-NTMCP l=1,1.0,EVADER_REACHED_GOAL
open8,2,l1,103,1,2.0,I-NTMCP l=1,1.0,PURSUER_WIN
open8,2,l1,104,0,7.0,I-NTMCP l=1,1.0,EVADER_REACHED_GOAL
open8,2,l1,104,1,6.0,I-NTMCP l=1,1.0,PURSUER_WIN
open8,2,l1,104,1,4.0,I-NTMCP l=1,1.0,PURSUER_WIN
open8,2,l1,104,1,3.0,I-NTMCP l=1,1.0,PURSUER_WIN
open8,2,l1,104,1,2.0,I-NTMCP l=1,1.0,PURSUER_WIN
open8,2,l1,104,1,2.0,I-NTMCP l=1,1.0,PURSUER_WIN
open8,2,l1,104,1,0.0,I-NTMCP l=1,1.0,PURSUER_WIN
open8,2,l1,104,1,2.0,I-NTMCP l=1,1.0,PURSUER_WIN
open8,2,l1,104,0,11.0,I-NTMCP l=1,1.0,EVADER_REACHED_GOAL
open8,2,l1,104,1,3.0,I-NTMCP l=1,1.0,PURSUER_WIN
open8,2,l1,104,1,1.0,I-NTMCP l=1,1.0,PURSUER_WIN
open8,2,l1,104,1,4.0,I-NTMCP l=1,1.0,PURSUER_WIN
open8,2,l1,104,1,3.0,I-NTMCP l=1,1.0,PURSUER_WIN
open8,2,l1,104,1,2.0,I-NTMCP l=1,1.0,PURSUER_WIN
open8,2,l1,104,1,3.0,I-NTMCP l=1,1.0,PURSUER_WIN
open8,2,l1,104,1,1.0,I-NTMCP l=1,1.0,PURSUER_WIN
open8,2,l1,104,1,0.0,I-NTMCP l=1,1.0,PURSUER_WIN
open8,2,l1,104,1,3.0,I-NTMCP l=1,1.0,PURSUER_WIN
open8,2,l1,104,1,3.0,I-NTMCP l=1,1.0,PURSUER_WIN
open8,2,l1,104,1,1.0,I-NTMCP l=1,1.0,PURSUER_WIN
open8,2,l1,104,1,3.0,I-NTMCP l=1,1.0,PURSUER_WIN
open8,2,l1,104,1,0.0,I-NTMCP l=1,1.0,PURSUER_WIN
open8,2,l1,104,1,0.0,I-NTMCP l=1,1.0,PURSUER_WIN
open8,2,l1,104,1,1.0,I-NTMCP l=1,1.0,PURSUER_WIN
open8,2,l1,104,1,3.0,I-NTMCP l=1,1.0,PURSUER_WIN
open8,2,l1,104,1,3.0,I-NTMCP l=1,1.0,PURSUER_WIN
open8,2,l1,104,1,3.0,I-NTMCP l=1,1.0,PURSUER_WIN
open8,2,l1,104,1,2.0,I-NTMCP l=1,1.0,PURSUER_WIN
open8,2,l1,104,1,0.0,I-NTMCP l=1,1.0,PURSUER_WIN
open8,2,l1,104,1,2.0,I-NTMCP l=1,1.0,PURSUER_WIN
open8,2,l1,104,1,2.0,I-NTMCP l=1,1.0,PURSUER_WIN
open8,2,l1,104,1,2.0,I-NTMCP l=1,1.0,PURSUER_WIN
open8,2,l1,104,1,0.0,I-NTMCP l=1,1.0,PURSUER_WIN
open8,2,l1,104,1,2.0,I-NTMCP l=1,1.0,PURSUER_WIN
open8,2,l1,104,1,2.0,I-NTMCP l=1,1.0,PURSUER_WIN
open8,2,l1,104,1,2.0,I-NTMCP l=1,1.0,PURSUER_WIN
open8,2,l1,104,1,5.0,I-NTMCP l=1,1.0,PURSUER_WIN
open8,2,l1,104,1,3.0,I-NTMCP l=1,1.0,PURSUER_WIN
open8,2,l1,104,0,11.0,I-NTMCP l=1,1.0,EVADER_REACHED_GOAL
open8,2,l1,104,1,8.0,I-NTMCP l=1,1.0,PURSUER_WIN
open8,2,l1,104,1,5.0,I-NTMCP l=1,1.0,PURSUER_WIN
open8,2,l1,104,1,0.0,I-NTMCP l=1,1.0,PURSUER_WIN
open8,2,l1,104,1,8.0,I-NTMCP l=1,1.0,PURSUER_WIN
open8,2,l1,104,1,3.0,I-NTMCP l=1,1.0,PURSUER_WIN
open8,2,l1,104,0,10.0,I-NTMCP l=1,1.0,EVADER_REACHED_GOAL
open8,2,l1,104,1,2.0,I-NTMCP l=1,1.0,PURSUER_WIN
open8,2,l1,104,1,4.0,I-NTMCP l=1,1.0,PURSUER_WIN
open8,2,l1,104,0,14.0,I-NTMCP l=1,1.0,EVADER_REACHED_GOAL
open8,2,l1,104,1,2.0,I-NTMCP l=1,1.0,PURSUER_WIN
open8,2,l1,104,1,2.0,I-NTMCP l=1,1.0,PURSUER_WIN
open8,2,l1,105,1,1.0,I-NTMCP l=1,1.0,PURSUER_WIN
open8,2,l1,105,1,2.0,I-NTMCP l=1,1.0,PURSUER_WIN
open8,2,l1,105,1,5.0,I-NTMCP l=1,1.0,PURSUER_WIN
open8,2,l1,105,1,4.0,I-NTMCP l=1,1.0,PURSUER_WIN
open8,2,l1,105,1,3.0,I-NTMCP l=1,1.0,PURSUER_WIN
open8,2,l1,105,1,5.0,I-NTMCP l=1,1.0,PURSUER_WIN
open8,2,l1,105,1,2.0,I-NTMCP l=1,1.0,PURSUER_WIN
open8,2,l1,105,1,0.0,I-NTMCP l=1,1.0,PURSUER_WIN
open8,2,l1,105,1,5.0,I-NTMCP l=1,1.0,PURSUER_WIN
open8,2,l1,105,1,1.0,I-NTMCP l=1,1.0,PURSUER_WIN
open8,2,l1,105,1,4.0,I-NTMCP l=1,1.0,PURSUER_WIN
open8,2,l1,105,1,3.0,I-NTMCP l=1,1.0,PURSUER_WIN
open8,2,l1,105,1,2.0,I-NTMCP l=1,1.0,PURSUER_WIN
open8,2,l1,105,1,4.0,I-NTMCP l=1,1.0,PURSUER_WIN
open8,2,l1,105,1,4.0,I-NTMCP l=1,1.0,PURSUER_WIN
open8,2,l1,105,1,2.0,I-NTMCP l=1,1.0,PURSUER_WIN
open8,2,l1,105,1,0.0,I-NTMCP l=1,1.0,PURSUER_WIN
open8,2,l1,105,1,2.0,I-NTMCP l=1,1.0,PURSUER_WIN
open8,2,l1,105,1,3.0,I-NTMCP l=1,1.0,PURSUER_WIN
open8,2,l1,105,1,4.0,I-NTMCP l=1,1.0,PURSUER_WIN
open8,2,l1,105,1,9.0,I-NTMCP l=1,1.0,PURSUER_WIN
open8,2,l1,105,1,0.0,I-NTMCP l=1,1.0,PURSUER_WIN
open8,2,l1,105,1,2.0,I-NTMCP l=1,1.0,PURSUER_WIN
open8,2,l1,105,1,2.0,I-NTMCP l=1,1.0,PURSUER_WIN
open8,2,l1,105,1,2.0,I-NTMCP l=1,1.0,PURSUER_WIN
open8,2,l1,105,1,0.0,I-NTMCP l=1,1.0,PURSUER_WIN
open8,2,l1,105,1,1.0,I-NTMCP l=1,1.0,PURSUER_WIN
open8,2,l1,105,1,3.0,I-NTMCP l=1,1.0,PURSUER_WIN
open8,2,l1,105,1,6.0,I-NTMCP l=1,1.0,PURSUER_WIN
open8,2,l1,105,1,2.0,I-NTMCP l=1,1.0,PURSUER_WIN
open8,2,l1,105,1,2.0,I-NTMCP l=1,1.0,PURSUER_WIN
open8,2,l1,105,1,2.0,I-NTMCP l=1,1.0,PURSUER_WIN
open8,2,l1,105,1,2.0,I-NTMCP l=1,1.0,PURSUER_WIN
open8,2,l1,105,1,3.0,I-NTMCP l=1,1.0,PURSUER_WIN
open8,2,l1,105,1,9.0,I-NTMCP l=1,1.0,PURSUER_WIN
open8,2,l1,105,1,3.0,I-NTMCP l=1,1.0,PURSUER_WIN
open8,2,l1,105,1,3.0,I-NTMCP l=1,1.0,PURSUER_WIN
open8,2,l1,105,1,3.0,I-NTMCP l=1,1.0,PURSUER_WIN
open8,2,l1,105,1,4.0,I-NTMCP l=1,1.0,PURSUER_WIN
open8,2,l1,105,1,1.0,I-NTMCP l=1,1.0,PURSUER_WIN
open8,2,l1,105,1,3.0,I-NTMCP l=1,1.0,PURSUER_WIN
open8,2,l1,105,0,7.0,I-NTMCP l=1,1.0,EVADER_REACHED_GOAL
open8,2,l1,105,1,0.0,I-NTMCP l=1,1.0,PURSUER_WIN
open8,2,l1,105,1,1.0,I-NTMCP l=1,1.0,PURSUER_WIN
open8,2,l1,105,1,3.0,I-NTMCP l=1,1.0,PURSUER_WIN
open8,2,l1,105,1,3.0,I-NTMCP l=1,1.0,PURSUER_WIN
open8,2,l1,105,1,3.0,I-NTMCP l=1,1.0,PURSUER_WIN
open8,2,l1,105,1,0.0,I-NTMCP l=1,1.0,PURSUER_WIN
open8,2,l1,105,1,2.0,I-NTMCP l=1,1.0,PURSUER_WIN
open8,2,l1,105,1,3.0,I-NTMCP l=1,1.0,PURSUER_WIN
open8,2,l1,106,1,3.0,I-NTMCP l=1,1.0,PURSUER_WIN
open8,2,l1,106,1,4.0,I-NTMCP l=1,1.0,PURSUER_WIN
open8,2,l1,106,1,2.0,I-NTMCP l=1,1.0,PURSUER_WIN
open8,2,l1,106,1,0.0,I-NTMCP l=1,1.0,PURSUER_WIN
open8,2,l1,106,1,3.0,I-NTMCP l=1,1.0,PURSUER_WIN
open8,2,l1,106,1,4.0,I-NTMCP l=1,1.0,PURSUER_WIN
open8,2,l1,106,1,1.0,I-NTMCP l=1,1.0,PURSUER_WIN
open8,2,l1,106,1,3.0,I-NTMCP l=1,1.0,PURSUER_WIN
open8,2,l1,106,1,2.0,I-NTMCP l=1,1.0,PURSUER_WIN
open8,2,l1,106,1,1.0,I-NTMCP l=1,1.0,PURSUER_WIN
open8,2,l1,106,1,0.0,I-NTMCP l=1,1.0,PURSUER_WIN
open8,2,l1,106,1,0.0,I-NTMCP l=1,1.0,PURSUER_WIN
open8,2,l1,106,1,1.0,I-NTMCP l=1,1.0,PURSUER_WIN
open8,2,l1,106,1,3.0,I-NTMCP l=1,1.0,PURSUER_WIN
open8,2,l1,106,1,3.0,I-NTMCP l=1,1.0,PURSUER_WIN
open8,2,l1,106,1,3.0,I-NTMCP l=1,1.0,PURSUER_WIN
open8,2,l1,106,1,2.0,I-NTMCP l=1,1.0,PURSUER_WIN
open8,2,l1,106,0,10.0,I-NTMCP l=1,1.0,EVADER_REACHED_GOAL
open8,2,l1,106,1,0.0,I-NTMCP l=1,1.0,PURSUER_WIN
open8,2,l1,106,1,2.0,I-NTMCP l=1,1.0,PURSUER_WIN
open8,2,l1,106,1,2.0,I-NTMCP l=1,1.0,PURSUER_WIN
open8,2,l1,106,1,2.0,I-NTMCP l=1,1.0,PURSUER_WIN
open8,2,l1,106,0,11.0,I-NTMCP l=1,1.0,EVADER_REACHED_GOAL
open8,2,l1,106,0,10.0,I-NTMCP l=1,1.0,EVADER_REACHED_GOAL
open8,2,l1,106,1,1.0,I-NTMCP l=1,1.0,PURSUER_WIN
open8,2,l1,106,1,4.0,I-NTMCP l=1,1.0,PURSUER_WIN
open8,2,l1,106,1,3.0,I-NTMCP l=1,1.0,PURSUER_WIN
open8,2,l1,106,1,6.0,I-NTMCP l=1,1.0,PURSUER_WIN
open8,2,l1,106,1,1.0,I-NTMCP l=1,1.0,PURSUER_WIN
open8,2,l1,106,1,0.0,I-NTMCP l=1,1.0,PURSUER_WIN
open8,2,l1,106,1,2.0,I-NTMCP l=1,1.0,PURSUER_WIN
open8,2,l1,106,1,7.0,I-NTMCP l=1,1.0,PURSUER_WIN
open8,2,l1,106,1,3.0,I-NTMCP l=1,1.0,PURSUER_WIN
open8,2,l1,106,1,1.0,I-NTMCP l=1,1.0,PURSUER_WIN
open8,2,l1,106,1,3.0,I-NTMCP l=1,1.0,PURSUER_WIN
open8,2,l1,106,1,4.0,I-NTMCP l=1,1.0,PURSUER_WIN
open8,2,l1,106,1,1.0,I-NTMCP l=1,1.0,PURSUER_WIN
open8,2,l1,106,1,2.0,I-NTMCP l=1,1.0,PURSUER_WIN
open8,2,l1,106,1,0.0,I-NTMCP l=1,1.0,PURSUER_WIN
open8,2,l1,106,1,0.0,I-NTMCP l=1,1.0,PURSUER_WIN
open8,2,l1,106,1,0.0,I-NTMCP l=1,1.0,PURSUER_WIN
open8,2,l1,106,1,3.0,I-NTMCP l=1,1.0,PURSUER_WIN
open8,2,l1,106,1,0.0,I-NTMCP l=1,1.0,PURSUER_WIN
open8,2,l1,106,1,0.0,I-NTMCP l=1,1.0,PURSUER_WIN
open8,2,l1,106,1,1.0,I-NTMCP l=1,1.0,PURSUER_WIN
open8,2,l1,106,1,3.0,I-NTMCP l=1,1.0,PURSUER_WIN
open8,2,l1,106,1,3.0,I-NTMCP l=1,1.0,PURSUER_WIN
open8,2,l1,106,1,3.0,I-NTMCP l=1,1.0,PURSUER_WIN
open8,2,l1,106,1,0.0,I-NTMCP l=1,1.0,PURSUER_WIN
open8,2,l1,106,1,3.0,I-NTMCP l=1,1.0,PURSUER_WIN
open8,2,l1,107,1,2.0,I-NTMCP l=1,1.0,PURSUER_WIN
open8,2,l1,107,1,2.0,I-NTMCP l=1,1.0,PURSUER_WIN
open8,2,l1,107,1,2.0,I-NTMCP l=1,1.0,PURSUER_WIN
open8,2,l1,107,0,7.0,I-NTMCP l=1,1.0,EVADER_REACHED_GOAL
open8,2,l1,107,1,1.0,I-NTMCP l=1,1.0,PURSUER_WIN
open8,2,l1,107,1,4.0,I-NTMCP l=1,1.0,PURSUER_WIN
open8,2,l1,107,0,10.0,I-NTMCP l=1,1.0,EVADER_REACHED_GOAL
open8,2,l1,107,1,1.0,I-NTMCP l=1,1.0,PURSUER_WIN
open8,2,l1,107,1,10.0,I-NTMCP l=1,1.0,PURSUER_WIN
open8,2,l1,107,1,4.0,I-NTMCP l=1,1.0,PURSUER_WIN
open8,2,l1,107,1,4.0,I-NTMCP l=1,1.0,PURSUER_WIN
open8,2,l1,107,0,10.0,I-NTMCP l=1,1.0,EVADER_REACHED_GOAL
open8,2,l1,107,1,2.0,I-NTMCP l=1,1.0,PURSUER_WIN
open8,2,l1,107,1,3.0,I-NTMCP l=1,1.0,PURSUER_WIN
open8,2,l1,107,1,5.0,I-NTMCP l=1,1.0,PURSUER_WIN
open8,2,l1,107,1,1.0,I-NTMCP l=1,1.0,PURSUER_WIN
open8,2,l1,107,1,2.0,I-NTMCP l=1,1.0,PURSUER_WIN
open8,2,l1,107,1,3.0,I-NTMCP l=1,1.0,PURSUER_WIN
open8,2,l1,107,1,0.0,I-NTMCP l=1,1.0,PURSUER_WIN
open8,2,l1,107,1,4.0,I-NTMCP l=1,1.0,PURSUER_WIN
open8,2,l1,107,1,2.0,I-NTMCP l=1,1.0,PURSUER_WIN
open8,2,l1,107,1,2.0,I-NTMCP l=1,1.0,PURSUER_WIN
open8,2,l1,107,0,7.0,I-NTMCP l=1,1.0,EVADER_REACHED_GOAL
open8,2,l1,107,1,2.0,I-NTMCP l=1,1.0,PURSUER_WIN
open8,2,l1,107,1,0.0,I-NTMCP l=1,1.0,PURSUER_WIN
open8,2,l1,107,1,2.0,I-NTMCP l=1,1.0,PURSUER_WIN
open8,2,l1,107,1,3.0,I-NTMCP l=1,1.0,PURSUER_WIN
open8,2,l1,107,1,5.0,I-NTMCP l=1,1.0,PURSUER_WIN
open8,2,l1,107,0,7.0,I-NTMCP l=1,1.0,EVADER_REACHED_GOAL
open8,2,l1,107,1,4.0,I-NTMCP l=1,1.0,PURSUER_WIN
open8,2,l1,107,1,6.0,I-NTMCP l=1,1.0,PURSUER_WIN
open8,2,l1,107,1,0.0,I-NTMCP l=1,1.0,PURSUER_WIN
open8,2,l1,107,1,2.0,I-NTMCP l=1,1.0,PURSUER_WIN
open8,2,l1,107,1,0.0,I-NTMCP l=1,1.0,PURSUER_WIN
open8,2,l1,107,1,2.0,I-NTMCP l=1,1.0,PURSUER_WIN
open8,2,l1,107,1,0.0,I-NTMCP l=1,1.0,PURSUER_WIN
open8,2,l1,107,1,0.0,I-NTMCP l=1,1.0,PURSUER_WIN
open8,2,l1,107,1,6.0,I-NTMCP l=1,1.0,PURSUER_WIN
open8,2,l1,107,1,6.0,I-NTMCP l=1,1.0,PURSUER_WIN
open8,2,l1,107,1,0.0,I-NTMCP l=1,1.0,PURSUER_WIN
open8,2,l1,107,1,0.0,I-NTMCP l=1,1.0,PURSUER_WIN
open8,2,l1,107,1,2.0,I-NTMCP l=1,1.0,PURSUER_WIN
open8,2,l1,107,1,4.0,I-NTMCP l=1,1.0,PURSUER_WIN
open8,2,l1,107,1,8.0,I-NTMCP l=1,1.0,PURSUER_WIN
open8,2,l1,107,1,4.0,I-NTMCP l=1,1.0,PURSUER_WIN
open8,2,l1,107,0,10.0,I-NTMCP l=1,1.0,EVADER_REACHED_GOAL
open8,2,l1,107,1,2.0,I-NTMCP l=1,1.0,PURSUER_WIN
open8,2,l1,107,1,6.0,I-NTMCP l=1,1.0,PURSUER_WIN
open8,2,l1,107,1,4.0,I-NTMCP l=1,1.0,PURSUER_WIN
open8,2,l1,107,1,2.0,I-NTMCP l=1,1.0,PURSUER_WIN
open8,2,l1,108,1,2.0,I-NTMCP l=1,1.0,PURSUER_WIN
open8,2,l1,108,1,1.0,I-NTMCP l=1,1.0,PURSUER_WIN
open8,2,l1,108,1,2.0,I-NTMCP l=1,1.0,PURSUER_WIN
open8,2,l1,108,1,5.0,I-NTMCP l=1,1.0,PURSUER_WIN
open8,2,l1,108,1,2.0,I-NTMCP l=1,1.0,PURSUER_WIN
open8,2,l1,108,1,1.0,I-NTMCP l=1,1.0,PURSUER_WIN
open8,2,l1,108,1,2.0,I-NTMCP l=1,1.0,PURSUER_WIN
open8,2,l1,108,1,5.0,I-NTMCP l=1,1.0,PURSUER_WIN
open8,2,l1,108,1,3.0,I-NTMCP l=1,1.0,PURSUER_WIN
open8,2,l1,108,1,2.0,I-NTMCP l=1,1.0,PURSUER_WIN
open8,2,l1,108,1,6.0,I-NTMCP l=1,1.0,PURSUER_WIN
open8,2,l1,108,1,3.0,I-NTMCP l=1,1.0,PURSUER_WIN
open8,2,l1,108,1,6.0,I-NTMCP l=1,1.0,PURSUER_WIN
open8,2,l1,108,1,2.0,I-NTMCP l=1,1.0,PURSUER_WIN
open8,2,l1,108,1,6.0,I-NTMCP l=1,1.0,PURSUER_WIN
open8,2,l1,108,0,11.0,I-NTMCP l=1,1.0,EVADER_REACHED_GOAL
open8,2,l1,108,1,5.0,I-NTMCP l=1,1.0,PURSUER_WIN
open8,2,l1,108,1,0.0,I-NTMCP l=1,1.0,PURSUER_WIN
open8,2,l1,108,1,4.0,I-NTMCP l=1,1.0,PURSUER_WIN
open8,2,l1,108,1,4.0,I-NTMCP l=1,1.0,PURSUER_WIN
open8,2,l1,108,1,2.0,I-NTMCP l=1,1.0,PURSUER_WIN
open8,2,l1,108,1,10.0,I-NTMCP l=1,1.0,PURSUER_WIN
open8,2,l1,108,1,5.0,I-NTMCP l=1,1.0,PURSUER_WIN
open8,2,l1,108,1,0.0,I-NTMCP l=1,1.0,PURSUER_WIN
open8,2,l1,108,0,7.0,I-NTMCP l=1,1.0,EVADER_REACHED_GOAL
open8,2,l1,108,0,10.0,I-NTMCP l=1,1.0,EVADER_REACHED_GOAL
open8,2,l1,108,1,9.0,I-NTMCP l=1,1.0,PURSUER_WIN
open8,2,l1,108,1,0.0,I-NTMCP l=1,1.0,PURSUER_WIN
open8,2,l1,108,0,11.0,I-NTMCP l=1,1.0,EVADER_REACHED_GOAL
open8,2,l1,108,1,0.0,I-NTMCP l=1,1.0,PURSUER_WIN
open8,2,l1,108,1,0.0,I-NTMCP l=1,1.0,PURSUER_WIN
open8,2,l1,108,1,4.0,I-NTMCP l=1,1.0,PURSUER_WIN
open8,2,l1,108,1,2.0,I-NTMCP l=1,1.0,PURSUER_WIN
open8,2,l1,108,1,0.0,I-NTMCP l=1,1.0,PURSUER_WIN
open8,2,l1,108,1,0.0,I-NTMCP l=1,1.0,PURSUER_WIN
open8,2,l1,108,1,4.0,I-NTMCP l=1,1.0,PURSUER_WIN
open8,2,l1,108,1,3.0,I-NTMCP l=1,1.0,PURSUER_WIN
open8,2,l1,108,1,3.0,I-NTMCP l=1,1.0,PURSUER_WIN
open8,2,l1,108,1,0.0,I-NTMCP l=1,1.0,PURSUER_WIN
open8,2,l1,108,1,2.0,I-NTMCP l=1,1.0,PURSUER_WIN
open8,2,l1,108,1,4.0,I-NTMCP l=1,1.0,PURSUER_WIN
open8,2,l1,108,1,1.0,I-NTMCP l=1,1.0,PURSUER_WIN
open8,2,l1,108,1,0.0,I-NTMCP l=1,1.0,PURSUER_WIN
open8,2,l1,108,1,4.0,I-NTMCP l=1,1.0,PURSUER_WIN
open8,2,l1,108,1,2.0,I-NTMCP l=1,1.0,PURSUER_WIN
open8,2,l1,108,1,1.0,I-NTMCP l=1,1.0,PURSUER_WIN
open8,2,l1,108,1,9.0,I-NTMCP l=1,1.0,PURSUER_WIN
open8,2,l1,108,1,5.0,I-NTMCP l=1,1.0,PURSUER_WIN
open8,2,l1,108,1,3.0,I-NTMCP l=1,1.0,PURSUER_WIN
open8,2,l1,108,1,2.0,I-NTMCP l=1,1.0,PURSUER_WIN
open8,2,l1,109,1,4.0,I-NTMCP l=1,1.0,PURSUER_WIN
open8,2,l1,109,1,1.0,I-NTMCP l=1,1.0,PURSUER_WIN
open8,2,l1,109,1,3.0,I-NTMCP l=1,1.0,PURSUER_WIN
open8,2,l1,109,1,3.0,I-NTMCP l=1,1.0,PURSUER_WIN
open8,2,l1,109,1,0.0,I-NTMCP l=1,1.0,PURSUER_WIN
open8,2,l1,109,1,0.0,I-NTMCP l=1,1.0,PURSUER_WIN
open8,2,l1,109,1,4.0,I-NTMCP l=1,1.0,PURSUER_WIN
open8,2,l1,109,1,5.0,I-NTMCP l=1,1.0,PURSUER_WIN
open8,2,l1,109,1,2.0,I-NTMCP l=1,1.0,PURSUER_WIN
open8,2,l1,109,1,3.0,I-NTMCP l=1,1.0,PURSUER_WIN
open8,2,l1,109,1,3.0,I-NTMCP l=1,1.0,PURSUER_WIN
open8,2,l1,109,1,2.0,I-NTMCP l=1,1.0,PURSUER_WIN
open8,2,l1,109,1,0.0,I-NTMCP l=1,1.0,PURSUER_WIN
open8,2,l1,109,1,4.0,I-NTMCP l=1,1.0,PURSUER_WIN
open8,2,l1,109,1,0.0,I-NTMCP l=1,1.0,PURSUER_WIN
open8,2,l1,109,1,3.0,I-NTMCP l=1,1.0,PURSUER_WIN
open8,2,l1,109,1,0.0,I-NTMCP l=1,1.0,PURSUER_WIN
open8,2,l1,109,1,2.0,I-NTMCP l=1,1.0,PURSUER_WIN
open8,2,l1,109,1,2.0,I-NTMCP l=1,1.0,PURSUER_WIN
open8,2,l1,109,1,1.0,I-NTMCP l=1,1.0,PURSUER_WIN
open8,2,l1,109,1,3.0,I-NTMCP l=1,1.0,PURSUER_WIN
open8,2,l1,109,1,0.0,I-NTMCP l=1,1.0,PURSUER_WIN
open8,2,l1,109,1,3.0,I-NTMCP l=1,1.0,PURSUER_WIN
open8,2,l1,109,1,2.0,I-NTMCP l=1,1.0,PURSUER_WIN
open8,2,l1,109,1,2.0,I-NTMCP l=1,1.0,PURSUER_WIN
open8,2,l1,109,1,4.0,I-NTMCP l=1,1.0,PURSUER_WIN
open8,2,l1,109,1,4.0,I-NTMCP l=1,1.0,PURSUER_WIN
open8,2,l1,109,1,8.0,I-NTMCP l=1,1.0,PURSUER_WIN
open8,2,l1,109,1,6.0,I-NTMCP l=1,1.0,PURSUER_WIN
open8,2,l1,109,1,4.0,I-NTMCP l=1,1.0,PURSUER_WIN
open8,2,l1,109,0,11.0,I-NTMCP l=1,1.0,EVADER_REACHED_GOAL
open8,2,l1,109,1,3.0,I-NTMCP l=1,1.0,PURSUER_WIN
open8,2,l1,109,1,5.0,I-NTMCP l=1,1.0,PURSUER_WIN
open8,2,l1,109,1,5.0,I-NTMCP l=1,1.0,PURSUER_WIN
open8,2,l1,109,1,2.0,I-NTMCP l=1,1.0,PURSUER_WIN
open8,2,l1,109,1,0.0,I-NTMCP l=1,1.0,PURSUER_WIN
open8,2,l1,109,1,3.0,I-NTMCP l=1,1.0,PURSUER_WIN
open8,2,l1,109,1,0.0,I-NTMCP l=1,1.0,PURSUER_WIN
open8,2,l1,109,1,0.0,I-NTMCP l=1,1.0,PURSUER_WIN
open8,2,l1,109,1,7.0,I-NTMCP l=1,1.0,PURSUER_WIN
open8,2,l1,109,1,6.0,I-NTMCP l=1,1.0,PURSUER_WIN
open8,2,l1,109,1,2.0,I-NTMCP l=1,1.0,PURSUER_WIN
open8,2,l1,109,1,10.0,I-NTMCP l=1,1.0,PURSUER_WIN
open8,2,l1,109,1,4.0,I-NTMCP l=1,1.0,PURSUER_WIN
open8,2,l1,109,1,4.0,I-NTMCP l=1,1.0,PURSUER_WIN
open8,2,l1,109,1,6.0,I-NTMCP l=1,1.0,PURSUER_WIN
open8,2,l1,109,1,3.0,I-NTMCP l=1,1.0,PURSUER_WIN
open8,2,l1,109,1,0.0,I-NTMCP l=1,1.0,PURSUER_WIN
open8,2,l1,109,1,3.0,I-NTMCP l=1,1.0,PURSUER_WIN
open8,2,l1,109,1,4.0,I-NTMCP l=1,1.0,PURSUER_WIN
open8,2,mixed,100,1,4.0,shortest path,,PURSUER_WIN
open8,2,mixed,100,1,0.0,I-NTMCP l=1,1.0,PURSUER_WIN
open8,2,mixed,100,1,2.0,I-NTMCP l=1,1.0,PURSUER_WIN
open8,2,mixed,100,1,3.0,shortest path,,PURSUER_WIN
open8,2,mixed,100,1,3.0,I-NTMCP l=1,1.0,PURSUER_WIN
open8,2,mixed,100,1,3.0,I-NTMCP l=0,0.0,PURSUER_WIN
open8,2,mixed,100,1,3.0,I-NTMCP l=1,1.0,PURSUER_WIN
open8,2,mixed,100,1,22.0,random,,PURSUER_WIN
open8,2,mixed,100,1,5.0,random,,PURSUER_WIN
open8,2,mixed,100,1,1.0,random,,PURSUER_WIN
open8,2,mixed,100,1,4.0,I-NTMCP l=1,1.0,PURSUER_WIN
open8,2,mixed,100,1,2.0,I-NTMCP l=0,0.0,PURSUER_WIN
open8,2,mixed,100,1,7.0,random,,PURSUER_WIN
open8,2,mixed,100,1,2.0,shortest path,,PURSUER_WIN
open8,2,mixed,100,1,5.0,I-NTMCP l=0,0.0,PURSUER_WIN
open8,2,mixed,100,1,3.0,shortest path,,PURSUER_WIN
open8,2,mixed,100,1,0.0,I-NTMCP l=0,0.0,PURSUER_WIN
open8,2,mixed,100,1,0.0,shortest path,,PURSUER_WIN
open8,2,mixed,100,1,3.0,shortest path,,PURSUER_WIN
open8,2,mixed,100,1,3.0,shortest path,,PURSUER_WIN
open8,2,mixed,100,1,0.0,shortest path,,PURSUER_WIN
open8,2,mixed,100,1,2.0,I-NTMCP l=0,0.0,PURSUER_WIN
open8,2,mixed,100,1,1.0,I-NTMCP l=0,0.0,PURSUER_WIN
open8,2,mixed,100,1,4.0,I-NTMCP l=1,1.0,PURSUER_WIN
open8,2,mixed,100,1,7.0,shortest path,,PURSUER_WIN
open8,2,mixed,100,1,5.0,I-NTMCP l=1,1.0,PURSUER_WIN
open8,2,mixed,100,1,0.0,I-NTMCP l=1,1.0,PURSUER_WIN
open8,2,mixed,100,1,2.0,I-NTMCP l=0,0.0,PURSUER_WIN
open8,2,mixed,100,1,3.0,I-NTMCP l=1,1.0,PURSUER_WIN
open8,2,mixed,100,1,1.0,shortest path,,PURSUER_WIN
open8,2,mixed,100,1,35.0,random,,PURSUER_WIN
open8,2,mixed,100,1,4.0,shortest path,,PURSUER_WIN
open8,2,mixed,100,1,0.0,random,,PURSUER_WIN
open8,2,mixed,100,1,0.0,I-NTMCP l=1,1.0,PURSUER_WIN
open8,2,mixed,100,1,0.0,shortest path,,PURSUER_WIN
open8,2,mixed,100,1,2.0,shortest path,,PURSUER_WIN
open8,2,mixed,100,1,3.0,shortest path,,PURSUER_WIN
open8,2,mixed,100,1,1.0,shortest path,,PURSUER_WIN
open8,2,mixed,100,1,4.0,random,,PURSUER_WIN
open8,2,mixed,100,1,2.0,shortest path,,PURSUER_WIN
open8,2,mixed,100,1,3.0,I-NTMCP l=1,1.0,PURSUER_WIN
open8,2,mixed,100,1,3.0,I-NTMCP l=1,1.0,PURSUER_WIN
open8,2,mixed,100,1,3.0,shortest path,,PURSUER_WIN
open8,2,mixed,100,1,3.0,random,,PURSUER_WIN
open8,2,mixed,100,1,4.0,shortest path,,PURSUER_WIN
open8,2,mixed,100,1,3.0,I-NTMCP l=0,0.0,PURSUER_WIN
open8,2,mixed,100,1,0.0,I-NTMCP l=0,0.0,PURSUER_WIN
open8,2,mixed,100,1,3.0,I-NTMCP l=0,0.0,PURSUER_WIN
open8,2,mixed,100,1,5.0,I-NTMCP l=0,0.0,PURSUER_WIN
open8,2,mixed,100,1,2.0,I-NTMCP l=1,1.0,PURSUER_WIN
open8,2,mixed,101,1,2.0,shortest path,,PURSUER_WIN
open8,2,mixed,101,1,4.0,I-NTMCP l=0,0.0,PURSUER_WIN
open8,2,mixed,101,1,0.0,I-NTMCP l=1,1.0,PURSUER_WIN
open8,2,mixed,101,1,4.0,random,,PURSUER_WIN
open8,2,mixed,101,1,2.0,shortest path,,PURSUER_WIN
open8,2,mixed,101,1,7.0,shortest path,,PURSUER_WIN
open8,2,mixed,101,1,7.0,I-NTMCP l=0,0.0,PURSUER_WIN
open8,2,mixed,101,1,3.0,I-NTMCP l=1,1.0,PURSUER_WIN
open8,2,mixed,101,1,5.0,shortest path,,PURSUER_WIN
open8,2,mixed,101,1,4.0,I-NTMCP l=0,0.0,PURSUER_WIN
open8,2,mixed,101,1,3.0,I-NTMCP l=1,1.0,PURSUER_WIN
open8,2,mixed,101,1,7.0,random,,PURSUER_WIN
open8,2,mixed,101,1,3.0,I-NTMCP l=0,0.0,PURSUER_WIN
open8,2,mixed,101,1,4.0,shortest path,,PURSUER_WIN
open8,2,mixed,101,1,1.0,shortest path,,PURSUER_WIN
open8,2,mixed,101,1,0.0,random,,PURSUER_WIN
open8,2,mixed,101,0,10.0,I-NTMCP l=1,1.0,EVADER_REACHED_GOAL
open8,2,mixed,101,1,2.0,I-NTMCP l=0,0.0,PURSUER_WIN
open8,2,mixed,101,1,4.0,shortest path,,PURSUER_WIN
open8,2,mixed,101,0,11.0,I-NTMCP l=1,1.0,EVADER_REACHED_GOAL
open8,2,mixed,101,1,1.0,I-NTMCP l=0,0.0,PURSUER_WIN
open8,2,mixed,101,1,1.0,shortest path,,PURSUER_WIN
open8,2,mixed,101,1,4.0,I-NTMCP l=1,1.0,PURSUER_WIN
open8,2,mixed,101,1,7.0,I-NTMCP l=1,1.0,PURSUER_WIN
open8,2,mixed,101,1,2.0,shortest path,,PURSUER_WIN
open8,2,mixed,101,1,4.0,random,,PURSUER_WIN
open8,2,mixed,101,1,1.0,I-NTMCP l=1,1.0,PURSUER_WIN
open8,2,mixed,101,1,2.0,I-NTMCP l=1,1.0,PURSUER_WIN
open8,2,mixed,101,1,2.0,I-NTMCP l=0,0.0,PURSUER_WIN
open8,2,mixed,101,1,4.0,shortest path,,PURSUER_WIN
open8,2,mixed,101,1,5.0,random,,PURSUER_WIN
open8,2,mixed,101,1,0.0,I-NTMCP l=0,0.0,PURSUER_WIN
open8,2,mixed,101,1,2.0,I-NTMCP l=0,0.0,PURSUER_WIN
open8,2,mixed,101,1,0.0,I-NTMCP l=1,1.0,PURSUER_WIN
open8,2,mixed,101,1,2.0,I-NTMCP l=1,1.0,PURSUER_WIN
open8,2,mixed,101,1,2.0,shortest path,,PURSUER_WIN
open8,2,mixed,101,1,2.0,I-NTMCP l=1,1.0,PURSUER_WIN
open8,2,mixed,101,1,17.0,random,,PURSUER_WIN
open8,2,mixed,101,1,3.0,I-NTMCP l=1,1.0,PURSUER_WIN
open8,2,mixed,101,1,0.0,I-NTMCP l=1,1.0,PURSUER_WIN
open8,2,mixed,101,1,0.0,random,,PURSUER_WIN
open8,2,mixed,101,1,2.0,I-NTMCP l=1,1.0,PURSUER_WIN
open8,2,mixed,101,1,2.0,shortest path,,PURSUER_WIN
open8,2,mixed,101,1,6.0,random,,PURSUER_WIN
open8,2,mixed,101,1,2.0,I-NTMCP l=0,0.0,PURSUER_WIN
open8,2,mixed,101,1,11.0,random,,PURSUER_WIN
open8,2,mixed,101,1,3.0,I-NTMCP l=0,0.0,PURSUER_WIN
open8,2,mixed,101,1,3.0,I-NTMCP l=0,0.0,PURSUER_WIN
open8,2,mixed,101,1,1.0,random,,PURSUER_WIN
open8,2,mixed,101,1,2.0,I-NTMCP l=0,0.0,PURSUER_WIN
open8,2,mixed,102,1,0.0,shortest path,,PURSUER_WIN
open8,2,mixed,102,1,3.0,I-NTMCP l=0,0.0,PURSUER_WIN
open8,2,mixed,102,1,9.0,shortest path,,PURSUER_WIN
open8,2,mixed,102,1,0.0,shortest path,,PURSUER_WIN
open8,2,mixed,102,1,4.0,I-NTMCP l=1,1.0,PURSUER_WIN
open8,2,mixed,102,1,1.0,I-NTMCP l=0,0.0,PURSUER_WIN
open8,2,mixed,102,0,7.0,I-NTMCP l=1,1.0,EVADER_REACHED_GOAL
open8,2,mixed,102,1,14.0,random,,PURSUER_WIN
open8,2,mixed,102,1,0.0,shortest path,,PURSUER_WIN
open8,2,mixed,102,1,3.0,I-NTMCP l=1,1.0,PURSUER_WIN
open8,2,mixed,102,1,0.0,I-NTMCP l=1,1.0,PURSUER_WIN
open8,2,mixed,102,1,2.0,shortest path,,PURSUER_WIN
open8,2,mixed,102,1,10.0,shortest path,,PURSUER_WIN
open8,2,mixed,102,1,4.0,random,,PURSUER_WIN
open8,2,mixed,102,1,0.0,random,,PURSUER_WIN
open8,2,mixed,102,1,8.0,shortest path,,PURSUER_WIN
open8,2,mixed,102,1,4.0,I-NTMCP l=1,1.0,PURSUER_WIN
open8,2,mixed,102,1,2.0,shortest path,,PURSUER_WIN
open8,2,mixed,102,1,5.0,shortest path,,PURSUER_WIN
open8,2,mixed,102,0,10.0,I-NTMCP l=1,1.0,EVADER_REACHED_GOAL
open8,2,mixed,102,1,3.0,I-NTMCP l=1,1.0,PURSUER_WIN
open8,2,mixed,102,0,7.0,I-NTMCP l=1,1.0,EVADER_REACHED_GOAL
open8,2,mixed,102,1,6.0,random,,PURSUER_WIN
open8,2,mixed,102,1,2.0,shortest path,,PURSUER_WIN
open8,2,mixed,102,1,5.0,random,,PURSUER_WIN
open8,2,mixed,102,1,2.0,I-NTMCP l=0,0.0,PURSUER_WIN
open8,2,mixed,102,1,1.0,I-NTMCP l=1,1.0,PURSUER_WIN
open8,2,mixed,102,1,3.0,shortest path,,PURSUER_WIN
open8,2,mixed,102,1,1.0,I-NTMCP l=1,1.0,PURSUER_WIN
open8,2,mixed,102,1,3.0,I-NTMCP l=1,1.0,PURSUER_WIN
open8,2,mixed,102,1,3.0,I-NTMCP l=1,1.0,PURSUER_WIN
open8,2,mixed,102,1,2.0,shortest path,,PURSUER_WIN
open8,2,mixed,102,1,3.0,shortest path,,PURSUER_WIN
open8,2,mixed,102,1,2.0,I-NTMCP l=0,0.0,PURSUER_WIN
open8,2,mixed,102,1,3.0,shortest path,,PURSUER_WIN
open8,2,mixed,102,1,0.0,random,,PURSUER_WIN
open8,2,mixed,102,1,4.0,shortest path,,PURSUER_WIN
open8,2,mixed,102,1,2.0,I-NTMCP l=0,0.0,PURSUER_WIN
open8,2,mixed,102,1,0.0,I-NTMCP l=1,1.0,PURSUER_WIN
open8,2,mixed,102,1,3.0,shortest path,,PURSUER_WIN
open8,2,mixed,102,1,4.0,I-NTMCP l=1,1.0,PURSUER_WIN
open8,2,mixed,102,1,2.0,I-NTMCP l=0,0.0,PURSUER_WIN
open8,2,mixed,102,1,2.0,I-NTMCP l=0,0.0,PURSUER_WIN
open8,2,mixed,102,0,11.0,I-NTMCP l=1,1.0,EVADER_REACHED_GOAL
open8,2,mixed,102,1,5.0,I-NTMCP l=1,1.0,PURSUER_WIN
open8,2,mixed,102,1,3.0,shortest path,,PURSUER_WIN
open8,2,mixed,102,1,1.0,I-NTMCP l=1,1.0,PURSUER_WIN
open8,2,mixed,102,1,1.0,shortest path,,PURSUER_WIN
open8,2,mixed,102,1,11.0,shortest path,,PURSUER_WIN
open8,2,mixed,102,1,10.0,shortest path,,PURSUER_WIN
open8,2,mixed,103,1,6.0,I-NTMCP l=1,1.0,PURSUER_WIN
open8,2,mixed,103,1,2.0,shortest path,,PURSUER_WIN
open8,2,mixed,103,1,0.0,random,,PURSUER_WIN
open8,2,mixed,103,1,2.0,random,,PURSUER_WIN
open8,2,mixed,103,1,0.0,I-NTMCP l=1,1.0,PURSUER_WIN
open8,2,mixed,103,1,0.0,I-NTMCP l=1,1.0,PURSUER_WIN
open8,2,mixed,103,1,3.0,I-NTMCP l=0,0.0,PURSUER_WIN
open8,2,mixed,103,1,3.0,random,,PURSUER_WIN
open8,2,mixed,103,1,0.0,I-NTMCP l=1,1.0,PURSUER_WIN
open8,2,mixed,103,1,5.0,random,,PURSUER_WIN
open8,2,mixed,103,1,3.0,shortest path,,PURSUER_WIN
open8,2,mixed,103,1,2.0,shortest path,,PURSUER_WIN
open8,2,mixed,103,1,1.0,random,,PURSUER_WIN
open8,2,mixed,103,1,4.0,random,,PURSUER_WIN
open8,2,mixed,103,1,2.0,shortest path,,PURSUER_WIN
open8,2,mixed,103,1,4.0,random,,PURSUER_WIN
open8,2,mixed,103,1,3.0,shortest path,,PURSUER_WIN
open8,2,mixed,103,1,6.0,I-NTMCP l=0,0.0,PURSUER_WIN
open8,2,mixed,103,1,2.0,shortest path,,PURSUER_WIN
open8,2,mixed,103,1,0.0,I-NTMCP l=1,1.0,PURSUER_WIN
open8,2,mixed,103,1,0.0,I-NTMCP l=1,1.0,PURSUER_WIN
open8,2,mixed,103,1,0.0,shortest path,,PURSUER_WIN
open8,2,mixed,103,1,6.0,shortest path,,PURSUER_WIN
open8,2,mixed,103,1,5.0,random,,PURSUER_WIN
open8,2,mixed,103,1,3.0,I-NTMCP l=0,0.0,PURSUER_WIN
open8,2,mixed,103,1,4.0,shortest path,,PURSUER_WIN
open8,2,mixed,103,1,2.0,shortest path,,PURSUER_WIN
open8,2,mixed,103,1,2.0,I-NTMCP l=1,1.0,PURSUER_WIN
open8,2,mixed,103,1,0.0,I-NTMCP l=0,0.0,PURSUER_WIN
open8,2,mixed,103,1,2.0,I-NTMCP l=0,0.0,PURSUER_WIN
open8,2,mixed,103,1,3.0,shortest path,,PURSUER_WIN
open8,2,mixed,103,1,5.0,I-NTMCP l=1,1.0,PURSUER_WIN
open8,2,mixed,103,1,0.0,shortest path,,PURSUER_WIN
open8,2,mixed,103,1,3.0,I-NTMCP l=0,0.0,PURSUER_WIN
open8,2,mixed,103,1,17.0,random,,PURSUER_WIN
open8,2,mixed,103,0,7.0,I-NTMCP l=1,1.0,EVADER_REACHED_GOAL
open8,2,mixed,103,1,0.0,shortest path,,PURSUER_WIN
open8,2,mixed,103,1,1.0,shortest path,,PURSUER_WIN
open8,2,mixed,103,1,2.0,I-NTMCP l=1,1.0,PURSUER_WIN
open8,2,mixed,103,1,1.0,I-NTMCP l=0,0.0,PURSUER_WIN
open8,2,mixed,103,1,8.0,random,,PURSUER_WIN
open8,2,mixed,103,1,2.0,I-NTMCP l=1,1.0,PURSUER_WIN
open8,2,mixed,103,1,0.0,I-NTMCP l=0,0.0,PURSUER_WIN
open8,2,mixed,103,1,0.0,random,,PURSUER_WIN
open8,2,mixed,103,1,10.0,random,,PURSUER_WIN
open8,2,mixed,103,1,0.0,I-NTMCP l=0,0.0,PURSUER_WIN
open8,2,mixed,103,1,4.0,I-NTMCP l=1,1.0,PURSUER_WIN
open8,2,mixed,103,1,7.0,random,,PURSUER_WIN
open8,2,mixed,103,1,9.0,random,,PURSUER_WIN
open8,2,mixed,103,1,3.0,I-NTMCP l=1,1.0,PURSUER_WIN
open8,2,mixed,104,1,9.0,random,,PURSUER_WIN
open8,2,mixed,104,1,2.0,shortest path,,PURSUER_WIN
open8,2,mixed,104,1,0.0,shortest path,,PURSUER_WIN
open8,2,mixed,104,1,3.0,I-NTMCP l=1,1.0,PURSUER_WIN
open8,2,mixed,104,1,1.0,I-NTMCP l=0,0.0,PURSUER_WIN
open8,2,mixed,104,1,2.0,random,,PURSUER_WIN
open8,2,mixed,104,1,3.0,shortest path,,PURSUER_WIN
open8,2,mixed,104,1,3.0,random,,PURSUER_WIN
open8,2,mixed,104,1,0.0,shortest path,,PURSUER_WIN
open8,2,mixed,104,1,23.0,random,,PURSUER_WIN
open8,2,mixed,104,1,2.0,shortest path,,PURSUER_WIN
open8,2,mixed,104,1,9.0,random,,PURSUER_WIN
open8,2,mixed,104,1,0.0,random,,PURSUER_WIN
open8,2,mixed,104,1,10.0,I-NTMCP l=0,0.0,PURSUER_WIN
open8,2,mixed,104,1,7.0,I-NTMCP l=0,0.0,PURSUER_WIN
open8,2,mixed,104,1,4.0,random,,PURSUER_WIN
open8,2,mixed,104,1,3.0,shortest path,,PURSUER_WIN
open8,2,mixed,104,1,0.0,I-NTMCP l=0,0.0,PURSUER_WIN
open8,2,mixed,104,1,4.0,I-NTMCP l=1,1.0,PURSUER_WIN
open8,2,mixed,104,1,2.0,I-NTMCP l=0,0.0,PURSUER_WIN
open8,2,mixed,104,1,3.0,shortest path,,PURSUER_WIN
open8,2,mixed,104,1,3.0,I-NTMCP l=0,0.0,PURSUER_WIN
open8,2,mixed,104,1,2.0,I-NTMCP l=1,1.0,PURSUER_WIN
open8,2,mixed,104,1,9.0,random,,PURSUER_WIN
open8,2,mixed,104,1,2.0,I-NTMCP l=1,1.0,PURSUER_WIN
open8,2,mixed,104,1,9.0,I-NTMCP l=1,1.0,PURSUER_WIN
open8,2,mixed,104,1,0.0,shortest path,,PURSUER_WIN
open8,2,mixed,104,1,0.0,I-NTMCP l=0,0.0,PURSUER_WIN
open8,2,mixed,104,1,2.0,shortest path,,PURSUER_WIN
open8,2,mixed,104,1,1.0,random,,PURSUER_WIN
open8,2,mixed,104,1,9.0,random,,PURSUER_WIN
open8,2,mixed,104,1,0.0,random,,PURSUER_WIN
open8,2,mixed,104,1,7.0,random,,PURSUER_WIN
open8,2,mixed,104,1,3.0,shortest path,,PURSUER_WIN
open8,2,mixed,104,1,2.0,I-NTMCP l=0,0.0,PURSUER_WIN
open8,2,mixed,104,1,3.0,I-NTMCP l=1,1.0,PURSUER_WIN
open8,2,mixed,104,1,0.0,I-NTMCP l=0,0.0,PURSUER_WIN
open8,2,mixed,104,1,4.0,random,,PURSUER_WIN
open8,2,mixed,104,1,0.0,I-NTMCP l=0,0.0,PURSUER_WIN
open8,2,mixed,104,1,3.0,shortest path,,PURSUER_WIN
open8,2,mixed,104,1,2.0,random,,PURSUER_WIN
open8,2,mixed,104,1,3.0,random,,PURSUER_WIN
open8,2,mixed,104,1,0.0,I-NTMCP l=1,1.0,PURSUER_WIN
open8,2,mixed,104,1,2.0,I-NTMCP l=1,1.0,PURSUER_WIN
open8,2,mixed,104,1,11.0,shortest path,,PURSUER_WIN
open8,2,mixed,104,1,3.0,shortest path,,PURSUER_WIN
open8,2,mixed,104,1,0.0,shortest path,,PURSUER_WIN
open8,2,mixed,104,1,0.0,shortest path,,PURSUER_WIN
open8,2,mixed,104,1,2.0,shortest path,,PURSUER_WIN
open8,2,mixed,104,1,2.0,random,,PURSUER_WIN
open8,2,mixed,105,1,1.0,I-NTMCP l=0,0.0,PURSUER_WIN
open8,2,mixed,105,1,2.0,random,,PURSUER_WIN
open8,2,mixed,105,1,1.0,random,,PURSUER_WIN
open8,2,mixed,105,1,5.0,I-NTMCP l=0,0.0,PURSUER_WIN
open8,2,mixed,105,1,0.0,I-NTMCP l=0,0.0,PURSUER_WIN
open8,2,mixed,105,1,3.0,I-NTMCP l=0,0.0,PURSUER_WIN
open8,2,mixed,105,1,6.0,shortest path,,PURSUER_WIN
open8,2,mixed,105,1,0.0,I-NTMCP l=0,0.0,PURSUER_WIN
open8,2,mixed,105,1,13.0,shortest path,,PURSUER_WIN
open8,2,mixed,105,1,3.0,shortest path,,PURSUER_WIN
open8,2,mixed,105,1,4.0,random,,PURSUER_WIN
open8,2,mixed,105,1,2.0,I-NTMCP l=1,1.0,PURSUER_WIN
open8,2,mixed,105,1,2.0,I-NTMCP l=0,0.0,PURSUER_WIN
open8,2,mixed,105,1,1.0,shortest path,,PURSUER_WIN
open8,2,mixed,105,1,2.0,I-NTMCP l=1,1.0,PURSUER_WIN
open8,2,mixed,105,1,3.0,I-NTMCP l=1,1.0,PURSUER_WIN
open8,2,mixed,105,1,1.0,I-NTMCP l=1,1.0,PURSUER_WIN
open8,2,mixed,105,1,3.0,I-NTMCP l=1,1.0,PURSUER_WIN
open8,2,mixed,105,1,16.0,shortest path,,PURSUER_WIN
open8,2,mixed,105,1,4.0,shortest path,,PURSUER_WIN
open8,2,mixed,105,1,3.0,I-NTMCP l=0,0.0,PURSUER_WIN
open8,2,mixed,105,1,0.0,I-NTMCP l=0,0.0,PURSUER_WIN
open8,2,mixed,105,1,15.0,random,,PURSUER_WIN
open8,2,mixed,105,1,0.0,I-NTMCP l=0,0.0,PURSUER_WIN
open8,2,mixed,105,1,8.0,random,,PURSUER_WIN
open8,2,mixed,105,1,0.0,I-NTMCP l=0,0.0,PURSUER_WIN
open8,2,mixed,105,1,3.0,shortest path,,PURSUER_WIN
open8,2,mixed,105,1,1.0,I-NTMCP l=1,1.0,PURSUER_WIN
open8,2,mixed,105,1,1.0,I-NTMCP l=1,1.0,PURSUER_WIN
open8,2,mixed,105,1,2.0,I-NTMCP l=1,1.0,PURSUER_WIN
open8,2,mixed,105,1,8.0,I-NTMCP l=0,0.0,PURSUER_WIN
open8,2,mixed,105,1,4.0,random,,PURSUER_WIN
open8,2,mixed,105,1,0.0,I-NTMCP l=1,1.0,PURSUER_WIN
open8,2,mixed,105,1,3.0,I-NTMCP l=0,0.0,PURSUER_WIN
open8,2,mixed,105,1,3.0,I-NTMCP l=0,0.0,PURSUER_WIN
open8,2,mixed,105,1,4.0,I-NTMCP l=0,0.0,PURSUER_WIN
open8,2,mixed,105,1,0.0,shortest path,,PURSUER_WIN
open8,2,mixed,105,1,9.0,random,,PURSUER_WIN
open8,2,mixed,105,1,6.0,I-NTMCP l=1,1.0,PURSUER_WIN
open8,2,mixed,105,1,2.0,I-NTMCP l=1,1.0,PURSUER_WIN
open8,2,mixed,105,1,0.0,I-NTMCP l=0,0.0,PURSUER_WIN
open8,2,mixed,105,1,13.0,random,,PURSUER_WIN
open8,2,mixed,105,1,1.0,shortest path,,PURSUER_WIN
open8,2,mixed,105,1,2.0,shortest path,,PURSUER_WIN
open8,2,mixed,105,1,2.0,random,,PURSUER_WIN
open8,2,mixed,105,1,7.0,shortest path,,PURSUER_WIN
open8,2,mixed,105,1,6.0,I-NTMCP l=0,0.0,PURSUER_WIN
open8,2,mixed,105,1,0.0,I-NTMCP l=1,1.0,PURSUER_WIN
open8,2,mixed,105,1,3.0,I-NTMCP l=1,1.0,PURSUER_WIN
open8,2,mixed,105,1,1.0,shortest path,,PURSUER_WIN
open8,2,mixed,106,1,3.0,I-NTMCP l=1,1.0,PURSUER_WIN
open8,2,mixed,106,1,2.0,random,,PURSUER_WIN
open8,2,mixed,106,1,4.0,I-NTMCP l=1,1.0,PURSUER_WIN
open8,2,mixed,106,1,3.0,random,,PURSUER_WIN
open8,2,mixed,106,1,0.0,I-NTMCP l=0,0.0,PURSUER_WIN
open8,2,mixed,106,1,0.0,random,,PURSUER_WIN
open8,2,mixed,106,1,2.0,shortest path,,PURSUER_WIN
open8,2,mixed,106,1,3.0,I-NTMCP l=1,1.0,PURSUER_WIN
open8,2,mixed,106,1,3.0,I-NTMCP l=0,0.0,PURSUER_WIN
open8,2,mixed,106,1,0.0,I-NTMCP l=1,1.0,PURSUER_WIN
open8,2,mixed,106,1,1.0,I-NTMCP l=1,1.0,PURSUER_WIN
open8,2,mixed,106,1,3.0,I-NTMCP l=0,0.0,PURSUER_WIN
open8,2,mixed,106,1,7.0,shortest path,,PURSUER_WIN
open8,2,mixed,106,1,0.0,I-NTMCP l=1,1.0,PURSUER_WIN
open8,2,mixed,106,1,2.0,I-NTMCP l=0,0.0,PURSUER_WIN
open8,2,mixed,106,1,3.0,I-NTMCP l=1,1.0,PURSUER_WIN
open8,2,mixed,106,1,0.0,shortest path,,PURSUER_WIN
open8,2,mixed,106,1,3.0,shortest path,,PURSUER_WIN
open8,2,mixed,106,1,5.0,I-NTMCP l=0,0.0,PURSUER_WIN
open8,2,mixed,106,1,0.0,I-NTMCP l=0,0.0,PURSUER_WIN
open8,2,mixed,106,1,3.0,I-NTMCP l=1,1.0,PURSUER_WIN
open8,2,mixed,106,1,5.0,I-NTMCP l=0,0.0,PURSUER_WIN
open8,2,mixed,106,1,2.0,random,,PURSUER_WIN
open8,2,mixed,106,0,7.0,I-NTMCP l=0,0.0,EVADER_REACHED_GOAL
open8,2,mixed,106,1,9.0,I-NTMCP l=0,0.0,PURSUER_WIN
open8,2,mixed,106,1,0.0,I-NTMCP l=0,0.0,PURSUER_WIN
open8,2,mixed,106,1,6.0,shortest path,,PURSUER_WIN
open8,2,mixed,106,1,3.0,shortest path,,PURSUER_WIN
open8,2,mixed,106,1,0.0,I-NTMCP l=1,1.0,PURSUER_WIN
open8,2,mixed,106,1,0.0,random,,PURSUER_WIN
open8,2,mixed,106,1,14.0,random,,PURSUER_WIN
open8,2,mixed,106,1,5.0,random,,PURSUER_WIN
open8,2,mixed,106,1,2.0,I-NTMCP l=0,0.0,PURSUER_WIN
open8,2,mixed,106,1,0.0,random,,PURSUER_WIN
open8,2,mixed,106,1,4.0,shortest path,,PURSUER_WIN
open8,2,mixed,106,1,3.0,I-NTMCP l=0,0.0,PURSUER_WIN
open8,2,mixed,106,1,1.0,I-NTMCP l=1,1.0,PURSUER_WIN
open8,2,mixed,106,0,7.0,I-NTMCP l=0,0.0,EVADER_REACHED_GOAL
open8,2,mixed,106,0,11.0,I-NTMCP l=0,0.0,EVADER_REACHED_GOAL
open8,2,mixed,106,1,3.0,I-NTMCP l=1,1.0,PURSUER_WIN
open8,2,mixed,106,1,3.0,I-NTMCP l=1,1.0,PURSUER_WIN
open8,2,mixed,106,1,3.0,I-NTMCP l=1,1.0,PURSUER_WIN
open8,2,mixed,106,1,0.0,shortest path,,PURSUER_WIN
open8,2,mixed,106,1,0.0,shortest path,,PURSUER_WIN
open8,2,mixed,106,1,1.0,shortest path,,PURSUER_WIN
open8,2,mixed,106,1,2.0,I-NTMCP l=1,1.0,PURSUER_WIN
open8,2,mixed,106,1,13.0,shortest path,,PURSUER_WIN
open8,2,mixed,106,1,4.0,shortest path,,PURSUER_WIN
open8,2,mixed,106,1,3.0,shortest path,,PURSUER_WIN
open8,2,mixed,106,1,2.0,shortest path,,PURSUER_WIN
open8,2,mixed,107,1,3.0,shortest path,,PURSUER_WIN
open8,2,mixed,107,1,1.0,I-NTMCP l=1,1.0,PURSUER_WIN
open8,2,mixed,107,1,2.0,I-NTMCP l=1,1.0,PURSUER_WIN
open8,2,mixed,107,1,4.0,I-NTMCP l=0,0.0,PURSUER_WIN
open8,2,mixed,107,1,2.0,shortest path,,PURSUER_WIN
open8,2,mixed,107,1,3.0,I-NTMCP l=1,1.0,PURSUER_WIN
open8,2,mixed,107,1,1.0,random,,PURSUER_WIN
open8,2,mixed,107,1,3.0,I-NTMCP l=0,0.0,PURSUER_WIN
open8,2,mixed,107,0,11.0,I-NTMCP l=0,0.0,EVADER_REACHED_GOAL
open8,2,mixed,107,1,4.0,random,,PURSUER_WIN
open8,2,mixed,107,1,3.0,I-NTMCP l=0,0.0,PURSUER_WIN
open8,2,mixed,107,1,4.0,I-NTMCP l=0,0.0,PURSUER_WIN
open8,2,mixed,107,1,2.0,shortest path,,PURSUER_WIN
open8,2,mixed,107,0,19.0,shortest path,,EVADER_REACHED_GOAL
open8,2,mixed,107,1,2.0,shortest path,,PURSUER_WIN
open8,2,mixed,107,0,7.0,shortest path,,EVADER_REACHED_GOAL
open8,2,mixed,107,1,2.0,shortest path,,PURSUER_WIN
open8,2,mixed,107,1,0.0,shortest path,,PURSUER_WIN
open8,2,mixed,107,1,3.0,I-NTMCP l=0,0.0,PURSUER_WIN
open8,2,mixed,107,1,17.0,random,,PURSUER_WIN
open8,2,mixed,107,1,4.0,random,,PURSUER_WIN
open8,2,mixed,107,1,1.0,shortest path,,PURSUER_WIN
open8,2,mixed,107,1,0.0,random,,PURSUER_WIN
open8,2,mixed,107,1,0.0,I-NTMCP l=1,1.0,PURSUER_WIN
open8,2,mixed,107,1,3.0,shortest path,,PURSUER_WIN
open8,2,mixed,107,1,4.0,shortest path,,PURSUER_WIN
open8,2,mixed,107,1,1.0,I-NTMCP l=1,1.0,PURSUER_WIN
open8,2,mixed,107,1,2.0,I-NTMCP l=0,0.0,PURSUER_WIN
open8,2,mixed,107,1,1.0,random,,PURSUER_WIN
open8,2,mixed,107,1,10.0,shortest path,,PURSUER_WIN
open8,2,mixed,107,1,6.0,I-NTMCP l=0,0.0,PURSUER_WIN
open8,2,mixed,107,1,2.0,I-NTMCP l=1,1.0,PURSUER_WIN
open8,2,mixed,107,1,6.0,I-NTMCP l=1,1.0,PURSUER_WIN
open8,2,mixed,107,1,1.0,shortest path,,PURSUER_WIN
open8,2,mixed,107,1,2.0,random,,PURSUER_WIN
open8,2,mixed,107,1,3.0,I-NTMCP l=0,0.0,PURSUER_WIN
open8,2,mixed,107,1,2.0,I-NTMCP l=1,1.0,PURSUER_WIN
open8,2,mixed,107,1,5.0,I-NTMCP l=0,0.0,PURSUER_WIN
open8,2,mixed,107,1,3.0,I-NTMCP l=0,0.0,PURSUER_WIN
open8,2,mixed,107,1,5.0,random,,PURSUER_WIN
open8,2,mixed,107,1,4.0,I-NTMCP l=1,1.0,PURSUER_WIN
open8,2,mixed,107,1,3.0,I-NTMCP l=0,0.0,PURSUER_WIN
open8,2,mixed,107,1,2.0,shortest path,,PURSUER_WIN
open8,2,mixed,107,1,5.0,shortest path,,PURSUER_WIN
open8,2,mixed,107,1,2.0,shortest path,,PURSUER_WIN
open8,2,mixed,107,1,0.0,random,,PURSUER_WIN
open8,2,mixed,107,1,1.0,I-NTMCP l=1,1.0,PURSUER_WIN
open8,2,mixed,107,1,0.0,shortest path,,PURSUER_WIN
open8,2,mixed,107,1,1.0,shortest path,,PURSUER_WIN
open8,2,mixed,107,1,4.0,I-NTMCP l=0,0.0,PURSUER_WIN
open8,2,mixed,108,1,6.0,shortest path,,PURSUER_WIN
open8,2,mixed,108,1,5.0,random,,PURSUER_WIN
open8,2,mixed,108,1,0.0,I-NTMCP l=1,1.0,PURSUER_WIN
open8,2,mixed,108,1,6.0,I-NTMCP l=0,0.0,PURSUER_WIN
open8,2,mixed,108,0,7.0,I-NTMCP l=1,1.0,EVADER_REACHED_GOAL
open8,2,mixed,108,1,2.0,shortest path,,PURSUER_WIN
open8,2,mixed,108,1,17.0,random,,PURSUER_WIN
open8,2,mixed,108,0,7.0,I-NTMCP l=0,0.0,EVADER_REACHED_GOAL
open8,2,mixed,108,1,0.0,shortest path,,PURSUER_WIN
open8,2,mixed,108,1,3.0,shortest path,,PURSUER_WIN
open8,2,mixed,108,1,0.0,shortest path,,PURSUER_WIN
open8,2,mixed,108,1,3.0,I-NTMCP l=0,0.0,PURSUER_WIN
open8,2,mixed,108,1,10.0,shortest path,,PURSUER_WIN
open8,2,mixed,108,1,1.0,random,,PURSUER_WIN
open8,2,mixed,108,1,5.0,shortest path,,PURSUER_WIN
open8,2,mixed,108,1,2.0,random,,PURSUER_WIN
open8,2,mixed,108,1,6.0,I-NTMCP l=1,1.0,PURSUER_WIN
open8,2,mixed,108,1,2.0,random,,PURSUER_WIN
open8,2,mixed,108,1,3.0,I-NTMCP l=0,0.0,PURSUER_WIN
open8,2,mixed,108,1,2.0,I-NTMCP l=1,1.0,PURSUER_WIN
open8,2,mixed,108,1,0.0,shortest path,,PURSUER_WIN
open8,2,mixed,108,1,0.0,random,,PURSUER_WIN
open8,2,mixed,108,1,2.0,I-NTMCP l=1,1.0,PURSUER_WIN
open8,2,mixed,108,1,8.0,random,,PURSUER_WIN
open8,2,mixed,108,1,4.0,I-NTMCP l=0,0.0,PURSUER_WIN
open8,2,mixed,108,1,8.0,I-NTMCP l=0,0.0,PURSUER_WIN
open8,2,mixed,108,1,3.0,shortest path,,PURSUER_WIN
open8,2,mixed,108,1,1.0,shortest path,,PURSUER_WIN
open8,2,mixed,108,0,7.0,I-NTMCP l=1,1.0,EVADER_REACHED_GOAL
open8,2,mixed,108,1,9.0,shortest path,,PURSUER_WIN
open8,2,mixed,108,1,5.0,random,,PURSUER_WIN
open8,2,mixed,108,1,1.0,random,,PURSUER_WIN
open8,2,mixed,108,1,2.0,I-NTMCP l=1,1.0,PURSUER_WIN
open8,2,mixed,108,1,3.0,random,,PURSUER_WIN
open8,2,mixed,108,1,4.0,I-NTMCP l=1,1.0,PURSUER_WIN
open8,2,mixed,108,1,0.0,shortest path,,PURSUER_WIN
open8,2,mixed,108,0,7.0,I-NTMCP l=0,0.0,EVADER_REACHED_GOAL
open8,2,mixed,108,1,2.0,shortest path,,PURSUER_WIN
open8,2,mixed,108,1,5.0,I-NTMCP l=1,1.0,PURSUER_WIN
open8,2,mixed,108,1,1.0,random,,PURSUER_WIN
open8,2,mixed,108,1,4.0,I-NTMCP l=0,0.0,PURSUER_WIN
open8,2,mixed,108,1,0.0,shortest path,,PURSUER_WIN
open8,2,mixed,108,1,2.0,shortest path,,PURSUER_WIN
open8,2,mixed,108,1,0.0,I-NTMCP l=0,0.0,PURSUER_WIN
open8,2,mixed,108,1,2.0,shortest path,,PURSUER_WIN
open8,2,mixed,108,1,5.0,random,,PURSUER_WIN
open8,2,mixed,108,1,2.0,shortest path,,PURSUER_WIN
open8,2,mixed,108,1,2.0,I-NTMCP l=1,1.0,PURSUER_WIN
open8,2,mixed,108,1,6.0,I-NTMCP l=1,1.0,PURSUER_WIN
open8,2,mixed,108,1,4.0,shortest path,,PURSUER_WIN
open8,2,mixed,109,1,4.0,I-NTMCP l=0,0.0,PURSUER_WIN
open8,2,mixed,109,1,2.0,shortest path,,PURSUER_WIN
open8,2,mixed,109,1,0.0,I-NTMCP l=1,1.0,PURSUER_WIN
open8,2,mixed,109,1,5.0,I-NTMCP l=1,1.0,PURSUER_WIN
open8,2,mixed,109,1,0.0,random,,PURSUER_WIN
open8,2,mixed,109,1,3.0,random,,PURSUER_WIN
open8,2,mixed,109,1,4.0,shortest path,,PURSUER_WIN
open8,2,mixed,109,1,4.0,I-NTMCP l=1,1.0,PURSUER_WIN
open8,2,mixed,109,1,3.0,I-NTMCP l=0,0.0,PURSUER_WIN
open8,2,mixed,109,1,9.0,random,,PURSUER_WIN
open8,2,mixed,109,1,4.0,shortest path,,PURSUER_WIN
open8,2,mixed,109,1,5.0,I-NTMCP l=1,1.0,PURSUER_WIN
open8,2,mixed,109,1,6.0,I-NTMCP l=0,0.0,PURSUER_WIN
open8,2,mixed,109,1,3.0,I-NTMCP l=1,1.0,PURSUER_WIN
open8,2,mixed,109,1,0.0,shortest path,,PURSUER_WIN
open8,2,mixed,109,1,4.0,I-NTMCP l=0,0.0,PURSUER_WIN
open8,2,mixed,109,1,3.0,I-NTMCP l=0,0.0,PURSUER_WIN
open8,2,mixed,109,1,6.0,random,,PURSUER_WIN
open8,2,mixed,109,1,2.0,shortest path,,PURSUER_WIN
open8,2,mixed,109,1,7.0,random,,PURSUER_WIN
open8,2,mixed,109,1,6.0,I-NTMCP l=0,0.0,PURSUER_WIN
open8,2,mixed,109,1,9.0,shortest path,,PURSUER_WIN
open8,2,mixed,109,1,1.0,shortest path,,PURSUER_WIN
open8,2,mixed,109,1,3.0,shortest path,,PURSUER_WIN
open8,2,mixed,109,1,6.0,I-NTMCP l=1,1.0,PURSUER_WIN
open8,2,mixed,109,1,2.0,I-NTMCP l=1,1.0,PURSUER_WIN
open8,2,mixed,109,1,0.0,shortest path,,PURSUER_WIN
open8,2,mixed,109,1,4.0,I-NTMCP l=1,1.0,PURSUER_WIN
open8,2,mixed,109,1,5.0,I-NTMCP l=0,0.0,PURSUER_WIN
open8,2,mixed,109,1,4.0,shortest path,,PURSUER_WIN
open8,2,mixed,109,1,6.0,shortest path,,PURSUER_WIN
open8,2,mixed,109,1,4.0,random,,PURSUER_WIN
open8,2,mixed,109,1,4.0,random,,PURSUER_WIN
open8,2,mixed,109,1,0.0,I-NTMCP l=1,1.0,PURSUER_WIN
open8,2,mixed,109,1,3.0,I-NTMCP l=1,1.0,PURSUER_WIN
open8,2,mixed,109,1,4.0,I-NTMCP l=1,1.0,PURSUER_WIN
open8,2,mixed,109,1,7.0,random,,PURSUER_WIN
open8,2,mixed,109,1,0.0,I-NTMCP l=0,0.0,PURSUER_WIN
open8,2,mixed,109,1,11.0,shortest path,,PURSUER_WIN
open8,2,mixed,109,1,2.0,I-NTMCP l=1,1.0,PURSUER_WIN
open8,2,mixed,109,1,8.0,random,,PURSUER_WIN
open8,2,mixed,109,1,11.0,random,,PURSUER_WIN
open8,2,mixed,109,1,3.0,I-NTMCP l=0,0.0,PURSUER_WIN
open8,2,mixed,109,1,5.0,I-NTMCP l=1,1.0,PURSUER_WIN
open8,2,mixed,109,1,0.0,I-NTMCP l=0,0.0,PURSUER_WIN
open8,2,mixed,109,1,3.0,I-NTMCP l=1,1.0,PURSUER_WIN
open8,2,mixed,109,1,6.0,random,,PURSUER_WIN
open8,2,mixed,109,1,0.0,random,,PURSUER_WIN
open8,2,mixed,109,1,3.0,I-NTMCP l=1,1.0,PURSUER_WIN
open8,2,mixed,109,1,0.0,random,,PURSUER_WIN
open8,3,l0,100,1,4.0,I-NTMCP l=0,0.0,PURSUER_WIN
open8,3,l0,100,0,11.0,I-NTMCP l=0,0.0,EVADER_REACHED_GOAL
open8,3,l0,100,1,3.0,I-NTMCP l=0,0.0,PURSUER_WIN
open8,3,l0,100,1,5.0,I-NTMCP l=0,0.0,PURSUER_WIN
open8,3,l0,100,1,2.0,I-NTMCP l=0,0.0,PURSUER_WIN
open8,3,l0,100,1,0.0,I-NTMCP l=0,0.0,PURSUER_WIN
open8,3,l0,100,1,2.0,I-NTMCP l=0,0.0,PURSUER_WIN
open8,3,l0,100,1,0.0,I-NTMCP l=0,0.0,PURSUER_WIN
open8,3,l0,100,1,3.0,I-NTMCP l=0,0.0,PURSUER_WIN
open8,3,l0,100,1,3.0,I-NTMCP l=0,0.0,PURSUER_WIN
open8,3,l0,100,1,0.0,I-NTMCP l=0,0.0,PURSUER_WIN
open8,3,l0,100,1,2.0,I-NTMCP l=0,0.0,PURSUER_WIN
open8,3,l0,100,1,5.0,I-NTMCP l=0,0.0,PURSUER_WIN
open8,3,l0,100,1,2.0,I-NTMCP l=0,0.0,PURSUER_WIN
open8,3,l0,100,1,6.0,I-NTMCP l=0,0.0,PURSUER_WIN
open8,3,l0,100,1,2.0,I-NTMCP l=0,0.0,PURSUER_WIN
open8,3,l0,100,1,4.0,I-NTMCP l=0,0.0,PURSUER_WIN
open8,3,l0,100,1,1.0,I-NTMCP l=0,0.0,PURSUER_WIN
open8,3,l0,100,1,2.0,I-NTMCP l=0,0.0,PURSUER_WIN
open8,3,l0,100,1,6.0,I-NTMCP l=0,0.0,PURSUER_WIN
open8,3,l0,100,1,0.0,I-NTMCP l=0,0.0,PURSUER_WIN
open8,3,l0,100,1,4.0,I-NTMCP l=0,0.0,PURSUER_WIN
open8,3,l0,100,1,2.0,I-NTMCP l=0,0.0,PURSUER_WIN
open8,3,l0,100,1,0.0,I-NTMCP l=0,0.0,PURSUER_WIN
open8,3,l0,100,1,2.0,I-NTMCP l=0,0.0,PURSUER_WIN
open8,3,l0,100,1,2.0,I-NTMCP l=0,0.0,PURSUER_WIN
open8,3,l0,100,1,1.0,I-NTMCP l=0,0.0,PURSUER_WIN
open8,3,l0,100,1,0.0,I-NTMCP l=0,0.0,PURSUER_WIN
open8,3,l0,100,1,2.0,I-NTMCP l=0,0.0,PURSUER_WIN
open8,3,l0,100,1,3.0,I-NTMCP l=0,0.0,PURSUER_WIN
open8,3,l0,100,1,0.0,I-NTMCP l=0,0.0,PURSUER_WIN
open8,3,l0,100,1,6.0,I-NTMCP l=0,0.0,PURSUER_WIN
open8,3,l0,100,1,2.0,I-NTMCP l=0,0.0,PURSUER_WIN
open8,3,l0,100,1,2.0,I-NTMCP l=0,0.0,PURSUER_WIN
open8,3,l0,100,1,0.0,I-NTMCP l=0,0.0,PURSUER_WIN
open8,3,l0,100,1,0.0,I-NTMCP l=0,0.0,PURSUER_WIN
open8,3,l0,100,1,4.0,I-NTMCP l=0,0.0,PURSUER_WIN
open8,3,l0,100,1,4.0,I-NTMCP l=0,0.0,PURSUER_WIN
open8,3,l0,100,1,0.0,I-NTMCP l=0,0.0,PURSUER_WIN
open8,3,l0,100,1,2.0,I-NTMCP l=0,0.0,PURSUER_WIN
open8,3,l0,100,1,1.0,I-NTMCP l=0,0.0,PURSUER_WIN
open8,3,l0,100,1,6.0,I-NTMCP l=0,0.0,PURSUER_WIN
open8,3,l0,100,1,0.0,I-NTMCP l=0,0.0,PURSUER_WIN
open8,3,l0,100,1,2.0,I-NTMCP l=0,0.0,PURSUER_WIN
open8,3,l0,100,1,2.0,I-NTMCP l=0,0.0,PURSUER_WIN
open8,3,l0,100,1,1.0,I-NTMCP l=0,0.0,PURSUER_WIN
open8,3,l0,100,1,0.0,I-NTMCP l=0,0.0,PURSUER_WIN
open8,3,l0,100,0,7.0,I-NTMCP l=0,0.0,EVADER_REACHED_GOAL
open8,3,l0,100,1,0.0,I-NTMCP l=0,0.0,PURSUER_WIN
open8,3,l0,100,1,2.0,I-NTMCP l=0,0.0,PURSUER_WIN
open8,3,l0,101,1,2.0,I-NTMCP l=0,0.0,PURSUER_WIN
open8,3,l0,101,1,2.0,I-NTMCP l=0,0.0,PURSUER_WIN
open8,3,l0,101,1,2.0,I-NTMCP l=0,0.0,PURSUER_WIN
open8,3,l0,101,1,2.0,I-NTMCP l=0,0.0,PURSUER_WIN
open8,3,l0,101,1,0.0,I-NTMCP l=0,0.0,PURSUER_WIN
open8,3,l0,101,1,2.0,I-NTMCP l=0,0.0,PURSUER_WIN
open8,3,l0,101,1,2.0,I-NTMCP l=0,0.0,PURSUER_WIN
open8,3,l0,101,0,7.0,I-NTMCP l=0,0.0,EVADER_REACHED_GOAL
open8,3,l0,101,0,11.0,I-NTMCP l=0,0.0,EVADER_REACHED_GOAL
open8,3,l0,101,1,3.0,I-NTMCP l=0,0.0,PURSUER_WIN
open8,3,l0,101,1,2.0,I-NTMCP l=0,0.0,PURSUER_WIN
open8,3,l0,101,1,2.0,I-NTMCP l=0,0.0,PURSUER_WIN
open8,3,l0,101,1,4.0,I-NTMCP l=0,0.0,PURSUER_WIN
open8,3,l0,101,1,2.0,I-NTMCP l=0,0.0,PURSUER_WIN
open8,3,l0,101,1,0.0,I-NTMCP l=0,0.0,PURSUER_WIN
open8,3,l0,101,1,4.0,I-NTMCP l=0,0.0,PURSUER_WIN
open8,3,l0,101,1,3.0,I-NTMCP l=0,0.0,PURSUER_WIN
open8,3,l0,101,1,4.0,I-NTMCP l=0,0.0,PURSUER_WIN
open8,3,l0,101,1,4.0,I-NTMCP l=0,0.0,PURSUER_WIN
open8,3,l0,101,1,0.0,I-NTMCP l=0,0.0,PURSUER_WIN
open8,3,l0,101,1,9.0,I-NTMCP l=0,0.0,PURSUER_WIN
open8,3,l0,101,1,3.0,I-NTMCP l=0,0.0,PURSUER_WIN
open8,3,l0,101,1,3.0,I-NTMCP l=0,0.0,PURSUER_WIN
open8,3,l0,101,1,0.0,I-NTMCP l=0,0.0,PURSUER_WIN
open8,3,l0,101,1,1.0,I-NTMCP l=0,0.0,PURSUER_WIN
open8,3,l0,101,1,3.0,I-NTMCP l=0,0.0,PURSUER_WIN
open8,3,l0,101,1,5.0,I-NTMCP l=0,0.0,PURSUER_WIN
open8,3,l0,101,1,5.0,I-NTMCP l=0,0.0,PURSUER_WIN
open8,3,l0,101,1,3.0,I-NTMCP l=0,0.0,PURSUER_WIN
open8,3,l0,101,1,4.0,I-NTMCP l=0,0.0,PURSUER_WIN
open8,3,l0,101,1,2.0,I-NTMCP l=0,0.0,PURSUER_WIN
open8,3,l0,101,1,7.0,I-NTMCP l=0,0.0,PURSUER_WIN
open8,3,l0,101,1,2.0,I-NTMCP l=0,0.0,PURSUER_WIN
open8,3,l0,101,1,3.0,I-NTMCP l=0,0.0,PURSUER_WIN
open8,3,l0,101,1,4.0,I-NTMCP l=0,0.0,PURSUER_WIN
open8,3,l0,101,1,3.0,I-NTMCP l=0,0.0,PURSUER_WIN
open8,3,l0,101,1,3.0,I-NTMCP l=0,0.0,PURSUER_WIN
open8,3,l0,101,1,3.0,I-NTMCP l=0,0.0,PURSUER_WIN
open8,3,l0,101,1,7.0,I-NTMCP l=0,0.0,PURSUER_WIN
open8,3,l0,101,1,0.0,I-NTMCP l=0,0.0,PURSUER_WIN
open8,3,l0,101,1,3.0,I-NTMCP l=0,0.0,PURSUER_WIN
open8,3,l0,101,1,0.0,I-NTMCP l=0,0.0,PURSUER_WIN
open8,3,l0,101,1,3.0,I-NTMCP l=0,0.0,PURSUER_WIN
open8,3,l0,101,1,0.0,I-NTMCP l=0,0.0,PURSUER_WIN
open8,3,l0,101,1,0.0,I-NTMCP l=0,0.0,PURSUER_WIN
open8,3,l0,101,1,4.0,I-NTMCP l=0,0.0,PURSUER_WIN
open8,3,l0,101,1,5.0,I-NTMCP l=0,0.0,PURSUER_WIN
open8,3,l0,101,1,6.0,I-NTMCP l=0,0.0,PURSUER_WIN
open8,3,l0,101,1,2.0,I-NTMCP l=0,0.0,PURSUER_WIN
open8,3,l0,101,1,10.0,I-NTMCP l=0,0.0,PURSUER_WIN
open8,3,l0,102,1,0.0,I-NTMCP l=0,0.0,PURSUER_WIN
open8,3,l0,102,1,4.0,I-NTMCP l=0,0.0,PURSUER_WIN
open8,3,l0,102,1,2.0,I-NTMCP l=0,0.0,PURSUER_WIN
open8,3,l0,102,0,11.0,I-NTMCP l=0,0.0,EVADER_REACHED_GOAL
open8,3,l0,102,1,2.0,I-NTMCP l=0,0.0,PURSUER_WIN
open8,3,l0,102,1,4.0,I-NTMCP l=0,0.0,PURSUER_WIN
open8,3,l0,102,0,10.0,I-NTMCP l=0,0.0,EVADER_REACHED_GOAL
open8,3,l0,102,1,0.0,I-NTMCP l=0,0.0,PURSUER_WIN
open8,3,l0,102,1,3.0,I-NTMCP l=0,0.0,PURSUER_WIN
open8,3,l0,102,1,2.0,I-NTMCP l=0,0.0,PURSUER_WIN
open8,3,l0,102,1,0.0,I-NTMCP l=0,0.0,PURSUER_WIN
open8,3,l0,102,1,2.0,I-NTMCP l=0,0.0,PURSUER_WIN
open8,3,l0,102,1,8.0,I-NTMCP l=0,0.0,PURSUER_WIN
open8,3,l0,102,1,1.0,I-NTMCP l=0,0.0,PURSUER_WIN
open8,3,l0,102,1,2.0,I-NTMCP l=0,0.0,PURSUER_WIN
open8,3,l0,102,0,7.0,I-NTMCP l=0,0.0,EVADER_REACHED_GOAL
open8,3,l0,102,0,11.0,I-NTMCP l=0,0.0,EVADER_REACHED_GOAL
open8,3,l0,102,1,7.0,I-NTMCP l=0,0.0,PURSUER_WIN
open8,3,l0,102,1,2.0,I-NTMCP l=0,0.0,PURSUER_WIN
open8,3,l0,102,0,7.0,I-NTMCP l=0,0.0,EVADER_REACHED_GOAL
open8,3,l0,102,1,3.0,I-NTMCP l=0,0.0,PURSUER_WIN
open8,3,l0,102,1,2.0,I-NTMCP l=0,0.0,PURSUER_WIN
open8,3,l0,102,1,4.0,I-NTMCP l=0,0.0,PURSUER_WIN
open8,3,l0,102,1,3.0,I-NTMCP l=0,0.0,PURSUER_WIN
open8,3,l0,102,1,4.0,I-NTMCP l=0,0.0,PURSUER_WIN
open8,3,l0,102,0,10.0,I-NTMCP l=0,0.0,EVADER_REACHED_GOAL
open8,3,l0,102,1,4.0,I-NTMCP l=0,0.0,PURSUER_WIN
open8,3,l0,102,0,7.0,I-NTMCP l=0,0.0,EVADER_REACHED_GOAL
open8,3,l0,102,1,2.0,I-NTMCP l=0,0.0,PURSUER_WIN
open8,3,l0,102,1,3.0,I-NTMCP l=0,0.0,PURSUER_WIN
open8,3,l0,102,1,3.0,I-NTMCP l=0,0.0,PURSUER_WIN
open8,3,l0,102,1,2.0,I-NTMCP l=0,0.0,PURSUER_WIN
open8,3,l0,102,1,0.0,I-NTMCP l=0,0.0,PURSUER_WIN
open8,3,l0,102,1,2.0,I-NTMCP l=0,0.0,PURSUER_WIN
open8,3,l0,102,1,3.0,I-NTMCP l=0,0.0,PURSUER_WIN
open8,3,l0,102,1,2.0,I-NTMCP l=0,0.0,PURSUER_WIN
open8,3,l0,102,1,0.0,I-NTMCP l=0,0.0,PURSUER_WIN
open8,3,l0,102,1,3.0,I-NTMCP l=0,0.0,PURSUER_WIN
open8,3,l0,102,1,4.0,I-NTMCP l=0,0.0,PURSUER_WIN
open8,3,l0,102,1,0.0,I-NTMCP l=0,0.0,PURSUER_WIN
open8,3,l0,102,1,0.0,I-NTMCP l=0,0.0,PURSUER_WIN
open8,3,l0,102,1,2.0,I-NTMCP l=0,0.0,PURSUER_WIN
open8,3,l0,102,1,3.0,I-NTMCP l=0,0.0,PURSUER_WIN
open8,3,l0,102,1,0.0,I-NTMCP l=0,0.0,PURSUER_WIN
open8,3,l0,102,1,2.0,I-NTMCP l=0,0.0,PURSUER_WIN
open8,3,l0,102,1,2.0,I-NTMCP l=0,0.0,PURSUER_WIN
open8,3,l0,102,1,3.0,I-NTMCP l=0,0.0,PURSUER_WIN
open8,3,l0,102,1,0.0,I-NTMCP l=0,0.0,PURSUER_WIN
open8,3,l0,102,1,4.0,I-NTMCP l=0,0.0,PURSUER_WIN
open8,3,l0,102,1,2.0,I-NTMCP l=0,0.0,PURSUER_WIN
open8,3,l0,103,1,8.0,I-NTMCP l=0,0.0,PURSUER_WIN
open8,3,l0,103,1,2.0,I-NTMCP l=0,0.0,PURSUER_WIN
open8,3,l0,103,1,3.0,I-NTMCP l=0,0.0,PURSUER_WIN
open8,3,l0,103,1,2.0,I-NTMCP l=0,0.0,PURSUER_WIN
open8,3,l0,103,1,4.0,I-NTMCP l=0,0.0,PURSUER_WIN
open8,3,l0,103,1,1.0,I-NTMCP l=0,0.0,PURSUER_WIN
open8,3,l0,103,1,0.0,I-NTMCP l=0,0.0,PURSUER_WIN
open8,3,l0,103,1,2.0,I-NTMCP l=0,0.0,PURSUER_WIN
open8,3,l0,103,1,1.0,I-NTMCP l=0,0.0,PURSUER_WIN
open8,3,l0,103,1,5.0,I-NTMCP l=0,0.0,PURSUER_WIN
open8,3,l0,103,1,0.0,I-NTMCP l=0,0.0,PURSUER_WIN
open8,3,l0,103,1,3.0,I-NTMCP l=0,0.0,PURSUER_WIN
open8,3,l0,103,1,5.0,I-NTMCP l=0,0.0,PURSUER_WIN
open8,3,l0,103,1,1.0,I-NTMCP l=0,0.0,PURSUER_WIN
open8,3,l0,103,1,0.0,I-NTMCP l=0,0.0,PURSUER_WIN
open8,3,l0,103,1,6.0,I-NTMCP l=0,0.0,PURSUER_WIN
open8,3,l0,103,1,2.0,I-NTMCP l=0,0.0,PURSUER_WIN
open8,3,l0,103,1,3.0,I-NTMCP l=0,0.0,PURSUER_WIN
open8,3,l0,103,1,0.0,I-NTMCP l=0,0.0,PURSUER_WIN
open8,3,l0,103,1,4.0,I-NTMCP l=0,0.0,PURSUER_WIN
open8,3,l0,103,1,3.0,I-NTMCP l=0,0.0,PURSUER_WIN
open8,3,l0,103,1,5.0,I-NTMCP l=0,0.0,PURSUER_WIN
open8,3,l0,103,1,2.0,I-NTMCP l=0,0.0,PURSUER_WIN
open8,3,l0,103,1,3.0,I-NTMCP l=0,0.0,PURSUER_WIN
open8,3,l0,103,1,2.0,I-NTMCP l=0,0.0,PURSUER_WIN
open8,3,l0,103,1,2.0,I-NTMCP l=0,0.0,PURSUER_WIN
open8,3,l0,103,1,3.0,I-NTMCP l=0,0.0,PURSUER_WIN
open8,3,l0,103,1,2.0,I-NTMCP l=0,0.0,PURSUER_WIN
open8,3,l0,103,1,5.0,I-NTMCP l=0,0.0,PURSUER_WIN
open8,3,l0,103,1,9.0,I-NTMCP l=0,0.0,PURSUER_WIN
open8,3,l0,103,1,1.0,I-NTMCP l=0,0.0,PURSUER_WIN
open8,3,l0,103,1,9.0,I-NTMCP l=0,0.0,PURSUER_WIN
open8,3,l0,103,1,4.0,I-NTMCP l=0,0.0,PURSUER_WIN
open8,3,l0,103,1,6.0,I-NTMCP l=0,0.0,PURSUER_WIN
open8,3,l0,103,1,3.0,I-NTMCP l=0,0.0,PURSUER_WIN
open8,3,l0,103,1,2.0,I-NTMCP l=0,0.0,PURSUER_WIN
open8,3,l0,103,1,2.0,I-NTMCP l=0,0.0,PURSUER_WIN
open8,3,l0,103,1,3.0,I-NTMCP l=0,0.0,PURSUER_WIN
open8,3,l0,103,1,1.0,I-NTMCP l=0,0.0,PURSUER_WIN
open8,3,l0,103,1,5.0,I-NTMCP l=0,0.0,PURSUER_WIN
open8,3,l0,103,1,3.0,I-NTMCP l=0,0.0,PURSUER_WIN
open8,3,l0,103,1,3.0,I-NTMCP l=0,0.0,PURSUER_WIN
open8,3,l0,103,1,0.0,I-NTMCP l=0,0.0,PURSUER_WIN
open8,3,l0,103,1,2.0,I-NTMCP l=0,0.0,PURSUER_WIN
open8,3,l0,103,1,0.0,I-NTMCP l=0,0.0,PURSUER_WIN
open8,3,l0,103,1,1.0,I-NTMCP l=0,0.0,PURSUER_WIN
open8,3,l0,103,1,0.0,I-NTMCP l=0,0.0,PURSUER_WIN
open8,3,l0,103,1,0.0,I-NTMCP l=0,0.0,PURSUER_WIN
open8,3,l0,103,1,2.0,I-NTMCP l=0,0.0,PURSUER_WIN
open8,3,l0,103,1,5.0,I-NTMCP l=0,0.0,PURSUER_WIN
open8,3,l0,104,1,4.0,I-NTMCP l=0,0.0,PURSUER_WIN
open8,3,l0,104,1,4.0,I-NTMCP l=0,0.0,PURSUER_WIN
open8,3,l0,104,1,0.0,I-NTMCP l=0,0.0,PURSUER_WIN
open8,3,l0,104,1,0.0,I-NTMCP l=0,0.0,PURSUER_WIN
open8,3,l0,104,1,7.0,I-NTMCP l=0,0.0,PURSUER_WIN
open8,3,l0,104,1,4.0,I-NTMCP l=0,0.0,PURSUER_WIN
open8,3,l0,104,1,2.0,I-NTMCP l=0,0.0,PURSUER_WIN
open8,3,l0,104,1,5.0,I-NTMCP l=0,0.0,PURSUER_WIN
open8,3,l0,104,1,0.0,I-NTMCP l=0,0.0,PURSUER_WIN
open8,3,l0,104,1,0.0,I-NTMCP l=0,0.0,PURSUER_WIN
open8,3,l0,104,1,6.0,I-NTMCP l=0,0.0,PURSUER_WIN
open8,3,l0,104,0,10.0,I-NTMCP l=0,0.0,EVADER_REACHED_GOAL
open8,3,l0,104,1,3.0,I-NTMCP l=0,0.0,PURSUER_WIN
open8,3,l0,104,1,5.0,I-NTMCP l=0,0.0,PURSUER_WIN
open8,3,l0,104,1,0.0,I-NTMCP l=0,0.0,PURSUER_WIN
open8,3,l0,104,1,3.0,I-NTMCP l=0,0.0,PURSUER_WIN
open8,3,l0,104,1,0.0,I-NTMCP l=0,0.0,PURSUER_WIN
open8,3,l0,104,1,8.0,I-NTMCP l=0,0.0,PURSUER_WIN
open8,3,l0,104,1,3.0,I-NTMCP l=0,0.0,PURSUER_WIN
open8,3,l0,104,1,1.0,I-NTMCP l=0,0.0,PURSUER_WIN
open8,3,l0,104,1,3.0,I-NTMCP l=0,0.0,PURSUER_WIN
open8,3,l0,104,1,2.0,I-NTMCP l=0,0.0,PURSUER_WIN
open8,3,l0,104,1,0.0,I-NTMCP l=0,0.0,PURSUER_WIN
open8,3,l0,104,1,4.0,I-NTMCP l=0,0.0,PURSUER_WIN
open8,3,l0,104,1,5.0,I-NTMCP l=0,0.0,PURSUER_WIN
open8,3,l0,104,1,9.0,I-NTMCP l=0,0.0,PURSUER_WIN
open8,3,l0,104,1,7.0,I-NTMCP l=0,0.0,PURSUER_WIN
open8,3,l0,104,1,0.0,I-NTMCP l=0,0.0,PURSUER_WIN
open8,3,l0,104,1,2.0,I-NTMCP l=0,0.0,PURSUER_WIN
open8,3,l0,104,1,4.0,I-NTMCP l=0,0.0,PURSUER_WIN
open8,3,l0,104,1,9.0,I-NTMCP l=0,0.0,PURSUER_WIN
open8,3,l0,104,1,0.0,I-NTMCP l=0,0.0,PURSUER_WIN
open8,3,l0,104,1,4.0,I-NTMCP l=0,0.0,PURSUER_WIN
open8,3,l0,104,1,2.0,I-NTMCP l=0,0.0,PURSUER_WIN
open8,3,l0,104,1,2.0,I-NTMCP l=0,0.0,PURSUER_WIN
open8,3,l0,104,1,3.0,I-NTMCP l=0,0.0,PURSUER_WIN
open8,3,l0,104,1,4.0,I-NTMCP l=0,0.0,PURSUER_WIN
open8,3,l0,104,1,0.0,I-NTMCP l=0,0.0,PURSUER_WIN
open8,3,l0,104,1,2.0,I-NTMCP l=0,0.0,PURSUER_WIN
open8,3,l0,104,1,2.0,I-NTMCP l=0,0.0,PURSUER_WIN
open8,3,l0,104,1,0.0,I-NTMCP l=0,0.0,PURSUER_WIN
open8,3,l0,104,1,3.0,I-NTMCP l=0,0.0,PURSUER_WIN
open8,3,l0,104,1,3.0,I-NTMCP l=0,0.0,PURSUER_WIN
open8,3,l0,104,1,2.0,I-NTMCP l=0,0.0,PURSUER_WIN
open8,3,l0,104,1,1.0,I-NTMCP l=0,0.0,PURSUER_WIN
open8,3,l0,104,1,2.0,I-NTMCP l=0,0.0,PURSUER_WIN
open8,3,l0,104,1,7.0,I-NTMCP l=0,0.0,PURSUER_WIN
open8,3,l0,104,1,9.0,I-NTMCP l=0,0.0,PURSUER_WIN
open8,3,l0,104,1,6.0,I-NTMCP l=0,0.0,PURSUER_WIN
open8,3,l0,104,1,6.0,I-NTMCP l=0,0.0,PURSUER_WIN
open8,3,l0,105,1,1.0,I-NTMCP l=0,0.0,PURSUER_WIN
open8,3,l0,105,1,4.0,I-NTMCP l=0,0.0,PURSUER_WIN
open8,3,l0,105,1,4.0,I-NTMCP l=0,0.0,PURSUER_WIN
open8,3,l0,105,1,6.0,I-NTMCP l=0,0.0,PURSUER_WIN
open8,3,l0,105,1,0.0,I-NTMCP l=0,0.0,PURSUER_WIN
open8,3,l0,105,1,0.0,I-NTMCP l=0,0.0,PURSUER_WIN
open8,3,l0,105,1,4.0,I-NTMCP l=0,0.0,PURSUER_WIN
open8,3,l0,105,1,3.0,I-NTMCP l=0,0.0,PURSUER_WIN
open8,3,l0,105,1,3.0,I-NTMCP l=0,0.0,PURSUER_WIN
open8,3,l0,105,1,0.0,I-NTMCP l=0,0.0,PURSUER_WIN
open8,3,l0,105,1,2.0,I-NTMCP l=0,0.0,PURSUER_WIN
open8,3,l0,105,1,3.0,I-NTMCP l=0,0.0,PURSUER_WIN
open8,3,l0,105,1,5.0,I-NTMCP l=0,0.0,PURSUER_WIN
open8,3,l0,105,1,4.0,I-NTMCP l=0,0.0,PURSUER_WIN
open8,3,l0,105,1,4.0,I-NTMCP l=0,0.0,PURSUER_WIN
open8,3,l0,105,1,1.0,I-NTMCP l=0,0.0,PURSUER_WIN
open8,3,l0,105,1,4.0,I-NTMCP l=0,0.0,PURSUER_WIN
open8,3,l0,105,1,1.0,I-NTMCP l=0,0.0,PURSUER_WIN
open8,3,l0,105,1,4.0,I-NTMCP l=0,0.0,PURSUER_WIN
open8,3,l0,105,1,1.0,I-NTMCP l=0,0.0,PURSUER_WIN
open8,3,l0,105,1,0.0,I-NTMCP l=0,0.0,PURSUER_WIN
open8,3,l0,105,1,1.0,I-NTMCP l=0,0.0,PURSUER_WIN
open8,3,l0,105,1,3.0,I-NTMCP l=0,0.0,PURSUER_WIN
open8,3,l0,105,1,4.0,I-NTMCP l=0,0.0,PURSUER_WIN
open8,3,l0,105,1,1.0,I-NTMCP l=0,0.0,PURSUER_WIN
open8,3,l0,105,1,3.0,I-NTMCP l=0,0.0,PURSUER_WIN
open8,3,l0,105,1,7.0,I-NTMCP l=0,0.0,PURSUER_WIN
open8,3,l0,105,1,0.0,I-NTMCP l=0,0.0,PURSUER_WIN
open8,3,l0,105,1,0.0,I-NTMCP l=0,0.0,PURSUER_WIN
open8,3,l0,105,1,3.0,I-NTMCP l=0,0.0,PURSUER_WIN
open8,3,l0,105,1,2.0,I-NTMCP l=0,0.0,PURSUER_WIN
open8,3,l0,105,1,1.0,I-NTMCP l=0,0.0,PURSUER_WIN
open8,3,l0,105,0,11.0,I-NTMCP l=0,0.0,EVADER_REACHED_GOAL
open8,3,l0,105,1,3.0,I-NTMCP l=0,0.0,PURSUER_WIN
open8,3,l0,105,1,3.0,I-NTMCP l=0,0.0,PURSUER_WIN
open8,3,l0,105,1,4.0,I-NTMCP l=0,0.0,PURSUER_WIN
open8,3,l0,105,1,3.0,I-NTMCP l=0,0.0,PURSUER_WIN
open8,3,l0,105,1,0.0,I-NTMCP l=0,0.0,PURSUER_WIN
open8,3,l0,105,1,3.0,I-NTMCP l=0,0.0,PURSUER_WIN
open8,3,l0,105,1,3.0,I-NTMCP l=0,0.0,PURSUER_WIN
open8,3,l0,105,1,4.0,I-NTMCP l=0,0.0,PURSUER_WIN
open8,3,l0,105,1,2.0,I-NTMCP l=0,0.0,PURSUER_WIN
open8,3,l0,105,1,3.0,I-NTMCP l=0,0.0,PURSUER_WIN
open8,3,l0,105,1,1.0,I-NTMCP l=0,0.0,PURSUER_WIN
open8,3,l0,105,1,3.0,I-NTMCP l=0,0.0,PURSUER_WIN
open8,3,l0,105,1,4.0,I-NTMCP l=0,0.0,PURSUER_WIN
open8,3,l0,105,1,6.0,I-NTMCP l=0,0.0,PURSUER_WIN
open8,3,l0,105,1,11.0,I-NTMCP l=0,0.0,PURSUER_WIN
open8,3,l0,105,1,2.0,I-NTMCP l=0,0.0,PURSUER_WIN
open8,3,l0,105,1,3.0,I-NTMCP l=0,0.0,PURSUER_WIN
open8,3,l0,106,1,3.0,I-NTMCP l=0,0.0,PURSUER_WIN
open8,3,l0,106,1,2.0,I-NTMCP l=0,0.0,PURSUER_WIN
open8,3,l0,106,1,3.0,I-NTMCP l=0,0.0,PURSUER_WIN
open8,3,l0,106,1,8.0,I-NTMCP l=0,0.0,PURSUER_WIN
open8,3,l0,106,1,0.0,I-NTMCP l=0,0.0,PURSUER_WIN
open8,3,l0,106,1,3.0,I-NTMCP l=0,0.0,PURSUER_WIN
open8,3,l0,106,1,2.0,I-NTMCP l=0,0.0,PURSUER_WIN
open8,3,l0,106,0,7.0,I-NTMCP l=0,0.0,EVADER_REACHED_GOAL
open8,3,l0,106,1,0.0,I-NTMCP l=0,0.0,PURSUER_WIN
open8,3,l0,106,1,1.0,I-NTMCP l=0,0.0,PURSUER_WIN
open8,3,l0,106,1,6.0,I-NTMCP l=0,0.0,PURSUER_WIN
open8,3,l0,106,1,0.0,I-NTMCP l=0,0.0,PURSUER_WIN
open8,3,l0,106,1,4.0,I-NTMCP l=0,0.0,PURSUER_WIN
open8,3,l0,106,1,0.0,I-NTMCP l=0,0.0,PURSUER_WIN
open8,3,l0,106,1,2.0,I-NTMCP l=0,0.0,PURSUER_WIN
open8,3,l0,106,1,3.0,I-NTMCP l=0,0.0,PURSUER_WIN
open8,3,l0,106,1,8.0,I-NTMCP l=0,0.0,PURSUER_WIN
open8,3,l0,106,1,2.0,I-NTMCP l=0,0.0,PURSUER_WIN
open8,3,l0,106,1,3.0,I-NTMCP l=0,0.0,PURSUER_WIN
open8,3,l0,106,1,2.0,I-NTMCP l=0,0.0,PURSUER_WIN
open8,3,l0,106,1,6.0,I-NTMCP l=0,0.0,PURSUER_WIN
open8,3,l0,106,1,1.0,I-NTMCP l=0,0.0,PURSUER_WIN
open8,3,l0,106,1,7.0,I-NTMCP l=0,0.0,PURSUER_WIN
open8,3,l0,106,1,3.0,I-NTMCP l=0,0.0,PURSUER_WIN
open8,3,l0,106,1,2.0,I-NTMCP l=0,0.0,PURSUER_WIN
open8,3,l0,106,1,4.0,I-NTMCP l=0,0.0,PURSUER_WIN
open8,3,l0,106,1,3.0,I-NTMCP l=0,0.0,PURSUER_WIN
open8,3,l0,106,1,2.0,I-NTMCP l=0,0.0,PURSUER_WIN
open8,3,l0,106,1,4.0,I-NTMCP l=0,0.0,PURSUER_WIN
open8,3,l0,106,1,3.0,I-NTMCP l=0,0.0,PURSUER_WIN
open8,3,l0,106,1,0.0,I-NTMCP l=0,0.0,PURSUER_WIN
open8,3,l0,106,1,5.0,I-NTMCP l=0,0.0,PURSUER_WIN
open8,3,l0,106,1,0.0,I-NTMCP l=0,0.0,PURSUER_WIN
open8,3,l0,106,1,2.0,I-NTMCP l=0,0.0,PURSUER_WIN
open8,3,l0,106,1,3.0,I-NTMCP l=0,0.0,PURSUER_WIN
open8,3,l0,106,1,3.0,I-NTMCP l=0,0.0,PURSUER_WIN
open8,3,l0,106,1,0.0,I-NTMCP l=0,0.0,PURSUER_WIN
open8,3,l0,106,1,0.0,I-NTMCP l=0,0.0,PURSUER_WIN
open8,3,l0,106,1,0.0,I-NTMCP l=0,0.0,PURSUER_WIN
open8,3,l0,106,1,7.0,I-NTMCP l=0,0.0,PURSUER_WIN
open8,3,l0,106,1,3.0,I-NTMCP l=0,0.0,PURSUER_WIN
open8,3,l0,106,1,0.0,I-NTMCP l=0,0.0,PURSUER_WIN
open8,3,l0,106,1,4.0,I-NTMCP l=0,0.0,PURSUER_WIN
open8,3,l0,106,0,11.0,I-NTMCP l=0,0.0,EVADER_REACHED_GOAL
open8,3,l0,106,1,0.0,I-NTMCP l=0,0.0,PURSUER_WIN
open8,3,l0,106,1,2.0,I-NTMCP l=0,0.0,PURSUER_WIN
open8,3,l0,106,1,6.0,I-NTMCP l=0,0.0,PURSUER_WIN
open8,3,l0,106,1,4.0,I-NTMCP l=0,0.0,PURSUER_WIN
open8,3,l0,106,1,2.0,I-NTMCP l=0,0.0,PURSUER_WIN
open8,3,l0,106,1,9.0,I-NTMCP l=0,0.0,PURSUER_WIN
open8,3,l0,107,1,2.0,I-NTMCP l=0,0.0,PURSUER_WIN
open8,3,l0,107,1,3.0,I-NTMCP l=0,0.0,PURSUER_WIN
open8,3,l0,107,1,6.0,I-NTMCP l=0,0.0,PURSUER_WIN
open8,3,l0,107,1,6.0,I-NTMCP l=0,0.0,PURSUER_WIN
open8,3,l0,107,1,3.0,I-NTMCP l=0,0.0,PURSUER_WIN
open8,3,l0,107,1,2.0,I-NTMCP l=0,0.0,PURSUER_WIN
open8,3,l0,107,1,8.0,I-NTMCP l=0,0.0,PURSUER_WIN
open8,3,l0,107,1,4.0,I-NTMCP l=0,0.0,PURSUER_WIN
open8,3,l0,107,1,0.0,I-NTMCP l=0,0.0,PURSUER_WIN
open8,3,l0,107,1,4.0,I-NTMCP l=0,0.0,PURSUER_WIN
open8,3,l0,107,1,0.0,I-NTMCP l=0,0.0,PURSUER_WIN
open8,3,l0,107,1,0.0,I-NTMCP l=0,0.0,PURSUER_WIN
open8,3,l0,107,0,7.0,I-NTMCP l=0,0.0,EVADER_REACHED_GOAL
open8,3,l0,107,0,7.0,I-NTMCP l=0,0.0,EVADER_REACHED_GOAL
open8,3,l0,107,1,2.0,I-NTMCP l=0,0.0,PURSUER_WIN
open8,3,l0,107,0,7.0,I-NTMCP l=0,0.0,EVADER_REACHED_GOAL
open8,3,l0,107,1,3.0,I-NTMCP l=0,0.0,PURSUER_WIN
open8,3,l0,107,1,3.0,I-NTMCP l=0,0.0,PURSUER_WIN
open8,3,l0,107,1,2.0,I-NTMCP l=0,0.0,PURSUER_WIN
open8,3,l0,107,1,3.0,I-NTMCP l=0,0.0,PURSUER_WIN
open8,3,l0,107,1,2.0,I-NTMCP l=0,0.0,PURSUER_WIN
open8,3,l0,107,1,2.0,I-NTMCP l=0,0.0,PURSUER_WIN
open8,3,l0,107,1,2.0,I-NTMCP l=0,0.0,PURSUER_WIN
open8,3,l0,107,1,2.0,I-NTMCP l=0,0.0,PURSUER_WIN
open8,3,l0,107,1,4.0,I-NTMCP l=0,0.0,PURSUER_WIN
open8,3,l0,107,1,3.0,I-NTMCP l=0,0.0,PURSUER_WIN
open8,3,l0,107,1,2.0,I-NTMCP l=0,0.0,PURSUER_WIN
open8,3,l0,107,1,5.0,I-NTMCP l=0,0.0,PURSUER_WIN
open8,3,l0,107,1,2.0,I-NTMCP l=0,0.0,PURSUER_WIN
open8,3,l0,107,1,2.0,I-NTMCP l=0,0.0,PURSUER_WIN
open8,3,l0,107,0,7.0,I-NTMCP l=0,0.0,EVADER_REACHED_GOAL
open8,3,l0,107,1,2.0,I-NTMCP l=0,0.0,PURSUER_WIN
open8,3,l0,107,1,3.0,I-NTMCP l=0,0.0,PURSUER_WIN
open8,3,l0,107,1,0.0,I-NTMCP l=0,0.0,PURSUER_WIN
open8,3,l0,107,1,3.0,I-NTMCP l=0,0.0,PURSUER_WIN
open8,3,l0,107,1,4.0,I-NTMCP l=0,0.0,PURSUER_WIN
open8,3,l0,107,1,8.0,I-NTMCP l=0,0.0,PURSUER_WIN
open8,3,l0,107,1,2.0,I-NTMCP l=0,0.0,PURSUER_WIN
open8,3,l0,107,1,2.0,I-NTMCP l=0,0.0,PURSUER_WIN
open8,3,l0,107,1,6.0,I-NTMCP l=0,0.0,PURSUER_WIN
open8,3,l0,107,1,2.0,I-NTMCP l=0,0.0,PURSUER_WIN
open8,3,l0,107,1,2.0,I-NTMCP l=0,0.0,PURSUER_WIN
open8,3,l0,107,1,3.0,I-NTMCP l=0,0.0,PURSUER_WIN
open8,3,l0,107,1,2.0,I-NTMCP l=0,0.0,PURSUER_WIN
open8,3,l0,107,1,1.0,I-NTMCP l=0,0.0,PURSUER_WIN
open8,3,l0,107,1,4.0,I-NTMCP l=0,0.0,PURSUER_WIN
open8,3,l0,107,1,6.0,I-NTMCP l=0,0.0,PURSUER_WIN
open8,3,l0,107,1,5.0,I-NTMCP l=0,0.0,PURSUER_WIN
open8,3,l0,107,1,2.0,I-NTMCP l=0,0.0,PURSUER_WIN
open8,3,l0,107,1,3.0,I-NTMCP l=0,0.0,PURSUER_WIN
open8,3,l0,108,0,7.0,I-NTMCP l=0,0.0,EVADER_REACHED_GOAL
open8,3,l0,108,1,3.0,I-NTMCP l=0,0.0,PURSUER_WIN
open8,3,l0,108,1,4.0,I-NTMCP l=0,0.0,PURSUER_WIN
open8,3,l0,108,1,1.0,I-NTMCP l=0,0.0,PURSUER_WIN
open8,3,l0,108,1,4.0,I-NTMCP l=0,0.0,PURSUER_WIN
open8,3,l0,108,1,4.0,I-NTMCP l=0,0.0,PURSUER_WIN
open8,3,l0,108,1,2.0,I-NTMCP l=0,0.0,PURSUER_WIN
open8,3,l0,108,0,7.0,I-NTMCP l=0,0.0,EVADER_REACHED_GOAL
open8,3,l0,108,0,10.0,I-NTMCP l=0,0.0,EVADER_REACHED_GOAL
open8,3,l0,108,1,0.0,I-NTMCP l=0,0.0,PURSUER_WIN
open8,3,l0,108,1,3.0,I-NTMCP l=0,0.0,PURSUER_WIN
open8,3,l0,108,1,3.0,I-NTMCP l=0,0.0,PURSUER_WIN
open8,3,l0,108,1,2.0,I-NTMCP l=0,0.0,PURSUER_WIN
open8,3,l0,108,1,3.0,I-NTMCP l=0,0.0,PURSUER_WIN
open8,3,l0,108,1,2.0,I-NTMCP l=0,0.0,PURSUER_WIN
open8,3,l0,108,1,5.0,I-NTMCP l=0,0.0,PURSUER_WIN
open8,3,l0,108,0,7.0,I-NTMCP l=0,0.0,EVADER_REACHED_GOAL
open8,3,l0,108,1,3.0,I-NTMCP l=0,0.0,PURSUER_WIN
open8,3,l0,108,1,3.0,I-NTMCP l=0,0.0,PURSUER_WIN
open8,3,l0,108,1,2.0,I-NTMCP l=0,0.0,PURSUER_WIN
open8,3,l0,108,1,3.0,I-NTMCP l=0,0.0,PURSUER_WIN
open8,3,l0,108,1,3.0,I-NTMCP l=0,0.0,PURSUER_WIN
open8,3,l0,108,1,5.0,I-NTMCP l=0,0.0,PURSUER_WIN
open8,3,l0,108,0,7.0,I-NTMCP l=0,0.0,EVADER_REACHED_GOAL
open8,3,l0,108,1,0.0,I-NTMCP l=0,0.0,PURSUER_WIN
open8,3,l0,108,1,3.0,I-NTMCP l=0,0.0,PURSUER_WIN
open8,3,l0,108,1,5.0,I-NTMCP l=0,0.0,PURSUER_WIN
open8,3,l0,108,1,4.0,I-NTMCP l=0,0.0,PURSUER_WIN
open8,3,l0,108,1,3.0,I-NTMCP l=0,0.0,PURSUER_WIN
open8,3,l0,108,1,2.0,I-NTMCP l=0,0.0,PURSUER_WIN
open8,3,l0,108,1,2.0,I-NTMCP l=0,0.0,PURSUER_WIN
open8,3,l0,108,1,6.0,I-NTMCP l=0,0.0,PURSUER_WIN
open8,3,l0,108,1,4.0,I-NTMCP l=0,0.0,PURSUER_WIN
open8,3,l0,108,1,6.0,I-NTMCP l=0,0.0,PURSUER_WIN
open8,3,l0,108,0,7.0,I-NTMCP l=0,0.0,EVADER_REACHED_GOAL
open8,3,l0,108,1,3.0,I-NTMCP l=0,0.0,PURSUER_WIN
open8,3,l0,108,1,2.0,I-NTMCP l=0,0.0,PURSUER_WIN
open8,3,l0,108,1,1.0,I-NTMCP l=0,0.0,PURSUER_WIN
open8,3,l0,108,1,3.0,I-NTMCP l=0,0.0,PURSUER_WIN
open8,3,l0,108,1,2.0,I-NTMCP l=0,0.0,PURSUER_WIN
open8,3,l0,108,1,2.0,I-NTMCP l=0,0.0,PURSUER_WIN
open8,3,l0,108,1,2.0,I-NTMCP l=0,0.0,PURSUER_WIN
open8,3,l0,108,0,10.0,I-NTMCP l=0,0.0,EVADER_REACHED_GOAL
open8,3,l0,108,1,4.0,I-NTMCP l=0,0.0,PURSUER_WIN
open8,3,l0,108,1,5.0,I-NTMCP l=0,0.0,PURSUER_WIN
open8,3,l0,108,1,3.0,I-NTMCP l=0,0.0,PURSUER_WIN
open8,3,l0,108,1,1.0,I-NTMCP l=0,0.0,PURSUER_WIN
open8,3,l0,108,1,1.0,I-NTMCP l=0,0.0,PURSUER_WIN
open8,3,l0,108,1,3.0,I-NTMCP l=0,0.0,PURSUER_WIN
open8,3,l0,108,1,0.0,I-NTMCP l=0,0.0,PURSUER_WIN
open8,3,l0,109,1,6.0,I-NTMCP l=0,0.0,PURSUER_WIN
open8,3,l0,109,1,2.0,I-NTMCP l=0,0.0,PURSUER_WIN
open8,3,l0,109,1,7.0,I-NTMCP l=0,0.0,PURSUER_WIN
open8,3,l0,109,1,0.0,I-NTMCP l=0,0.0,PURSUER_WIN
open8,3,l0,109,1,3.0,I-NTMCP l=0,0.0,PURSUER_WIN
open8,3,l0,109,1,0.0,I-NTMCP l=0,0.0,PURSUER_WIN
open8,3,l0,109,1,0.0,I-NTMCP l=0,0.0,PURSUER_WIN
open8,3,l0,109,1,6.0,I-NTMCP l=0,0.0,PURSUER_WIN
open8,3,l0,109,1,4.0,I-NTMCP l=0,0.0,PURSUER_WIN
open8,3,l0,109,0,7.0,I-NTMCP l=0,0.0,EVADER_REACHED_GOAL
open8,3,l0,109,1,1.0,I-NTMCP l=0,0.0,PURSUER_WIN
open8,3,l0,109,1,4.0,I-NTMCP l=0,0.0,PURSUER_WIN
open8,3,l0,109,1,3.0,I-NTMCP l=0,0.0,PURSUER_WIN
open8,3,l0,109,1,6.0,I-NTMCP l=0,0.0,PURSUER_WIN
open8,3,l0,109,1,3.0,I-NTMCP l=0,0.0,PURSUER_WIN
open8,3,l0,109,1,3.0,I-NTMCP l=0,0.0,PURSUER_WIN
open8,3,l0,109,1,2.0,I-NTMCP l=0,0.0,PURSUER_WIN
open8,3,l0,109,1,2.0,I-NTMCP l=0,0.0,PURSUER_WIN
open8,3,l0,109,1,1.0,I-NTMCP l=0,0.0,PURSUER_WIN
open8,3,l0,109,1,2.0,I-NTMCP l=0,0.0,PURSUER_WIN
open8,3,l0,109,1,0.0,I-NTMCP l=0,0.0,PURSUER_WIN
open8,3,l0,109,1,1.0,I-NTMCP l=0,0.0,PURSUER_WIN
open8,3,l0,109,1,2.0,I-NTMCP l=0,0.0,PURSUER_WIN
open8,3,l0,109,1,10.0,I-NTMCP l=0,0.0,PURSUER_WIN
open8,3,l0,109,1,0.0,I-NTMCP l=0,0.0,PURSUER_WIN
open8,3,l0,109,1,0.0,I-NTMCP l=0,0.0,PURSUER_WIN
open8,3,l0,109,1,3.0,I-NTMCP l=0,0.0,PURSUER_WIN
open8,3,l0,109,1,3.0,I-NTMCP l=0,0.0,PURSUER_WIN
open8,3,l0,109,1,2.0,I-NTMCP l=0,0.0,PURSUER_WIN
open8,3,l0,109,1,4.0,I-NTMCP l=0,0.0,PURSUER_WIN
open8,3,l0,109,1,2.0,I-NTMCP l=0,0.0,PURSUER_WIN
open8,3,l0,109,1,3.0,I-NTMCP l=0,0.0,PURSUER_WIN
open8,3,l0,109,1,2.0,I-NTMCP l=0,0.0,PURSUER_WIN
open8,3,l0,109,1,3.0,I-NTMCP l=0,0.0,PURSUER_WIN
open8,3,l0,109,1,2.0,I-NTMCP l=0,0.0,PURSUER_WIN
open8,3,l0,109,1,3.0,I-NTMCP l=0,0.0,PURSUER_WIN
open8,3,l0,109,1,2.0,I-NTMCP l=0,0.0,PURSUER_WIN
open8,3,l0,109,0,11.0,I-NTMCP l=0,0.0,EVADER_REACHED_GOAL
open8,3,l0,109,0,7.0,I-NTMCP l=0,0.0,EVADER_REACHED_GOAL
open8,3,l0,109,1,5.0,I-NTMCP l=0,0.0,PURSUER_WIN
open8,3,l0,109,1,7.0,I-NTMCP l=0,0.0,PURSUER_WIN
open8,3,l0,109,1,6.0,I-NTMCP l=0,0.0,PURSUER_WIN
open8,3,l0,109,1,0.0,I-NTMCP l=0,0.0,PURSUER_WIN
open8,3,l0,109,1,0.0,I-NTMCP l=0,0.0,PURSUER_WIN
open8,3,l0,109,1,2.0,I-NTMCP l=0,0.0,PURSUER_WIN
open8,3,l0,109,1,2.0,I-NTMCP l=0,0.0,PURSUER_WIN
open8,3,l0,109,1,3.0,I-NTMCP l=0,0.0,PURSUER_WIN
open8,3,l0,109,1,0.0,I-NTMCP l=0,0.0,PURSUER_WIN
open8,3,l0,109,1,1.0,I-NTMCP l=0,0.0,PURSUER_WIN
open8,3,l0,109,1,3.0,I-NTMCP l=0,0.0,PURSUER_WIN
open8,3,l1,100,1,3.0,I-NTMCP l=1,1.0,PURSUER_WIN
open8,3,l1,100,1,6.0,I-NTMCP l=1,1.0,PURSUER_WIN
open8,3,l1,100,1,3.0,I-NTMCP l=1,1.0,PURSUER_WIN
open8,3,l1,100,1,0.0,I-NTMCP l=1,1.0,PURSUER_WIN
open8,3,l1,100,1,2.0,I-NTMCP l=1,1.0,PURSUER_WIN
open8,3,l1,100,1,2.0,I-NTMCP l=1,1.0,PURSUER_WIN
open8,3,l1,100,1,1.0,I-NTMCP l=1,1.0,PURSUER_WIN
open8,3,l1,100,1,2.0,I-NTMCP l=1,1.0,PURSUER_WIN
open8,3,l1,100,1,0.0,I-NTMCP l=1,1.0,PURSUER_WIN
open8,3,l1,100,1,3.0,I-NTMCP l=1,1.0,PURSUER_WIN
open8,3,l1,100,1,2.0,I-NTMCP l=1,1.0,PURSUER_WIN
open8,3,l1,100,1,4.0,I-NTMCP l=1,1.0,PURSUER_WIN
open8,3,l1,100,1,1.0,I-NTMCP l=1,1.0,PURSUER_WIN
open8,3,l1,100,1,0.0,I-NTMCP l=1,1.0,PURSUER_WIN
open8,3,l1,100,1,4.0,I-NTMCP l=1,1.0,PURSUER_WIN
open8,3,l1,100,1,3.0,I-NTMCP l=1,1.0,PURSUER_WIN
open8,3,l1,100,0,11.0,I-NTMCP l=1,1.0,EVADER_REACHED_GOAL
open8,3,l1,100,1,7.0,I-NTMCP l=1,1.0,PURSUER_WIN
open8,3,l1,100,1,3.0,I-NTMCP l=1,1.0,PURSUER_WIN
open8,3,l1,100,1,0.0,I-NTMCP l=1,1.0,PURSUER_WIN
open8,3,l1,100,1,2.0,I-NTMCP l=1,1.0,PURSUER_WIN
open8,3,l1,100,1,0.0,I-NTMCP l=1,1.0,PURSUER_WIN
open8,3,l1,100,1,1.0,I-NTMCP l=1,1.0,PURSUER_WIN
open8,3,l1,100,1,2.0,I-NTMCP l=1,1.0,PURSUER_WIN
open8,3,l1,100,1,4.0,I-NTMCP l=1,1.0,PURSUER_WIN
open8,3,l1,100,0,7.0,I-NTMCP l=1,1.0,EVADER_REACHED_GOAL
open8,3,l1,100,1,2.0,I-NTMCP l=1,1.0,PURSUER_WIN
open8,3,l1,100,1,1.0,I-NTMCP l=1,1.0,PURSUER_WIN
open8,3,l1,100,1,2.0,I-NTMCP l=1,1.0,PURSUER_WIN
open8,3,l1,100,1,2.0,I-NTMCP l=1,1.0,PURSUER_WIN
open8,3,l1,100,1,1.0,I-NTMCP l=1,1.0,PURSUER_WIN
open8,3,l1,100,1,3.0,I-NTMCP l=1,1.0,PURSUER_WIN
open8,3,l1,100,1,2.0,I-NTMCP l=1,1.0,PURSUER_WIN
open8,3,l1,100,1,3.0,I-NTMCP l=1,1.0,PURSUER_WIN
open8,3,l1,100,1,3.0,I-NTMCP l=1,1.0,PURSUER_WIN
open8,3,l1,100,0,11.0,I-NTMCP l=1,1.0,EVADER_REACHED_GOAL
open8,3,l1,100,1,0.0,I-NTMCP l=1,1.0,PURSUER_WIN
open8,3,l1,100,1,3.0,I-NTMCP l=1,1.0,PURSUER_WIN
open8,3,l1,100,1,3.0,I-NTMCP l=1,1.0,PURSUER_WIN
open8,3,l1,100,1,4.0,I-NTMCP l=1,1.0,PURSUER_WIN
open8,3,l1,100,1,4.0,I-NTMCP l=1,1.0,PURSUER_WIN
open8,3,l1,100,1,2.0,I-NTMCP l=1,1.0,PURSUER_WIN
open8,3,l1,100,1,3.0,I-NTMCP l=1,1.0,PURSUER_WIN
open8,3,l1,100,1,2.0,I-NTMCP l=1,1.0,PURSUER_WIN
open8,3,l1,100,1,5.0,I-NTMCP l=1,1.0,PURSUER_WIN
open8,3,l1,100,1,3.0,I-NTMCP l=1,1.0,PURSUER_WIN
open8,3,l1,100,1,0.0,I-NTMCP l=1,1.0,PURSUER_WIN
open8,3,l1,100,1,8.0,I-NTMCP l=1,1.0,PURSUER_WIN
open8,3,l1,100,1,4.0,I-NTMCP l=1,1.0,PURSUER_WIN
open8,3,l1,100,1,1.0,I-NTMCP l=1,1.0,PURSUER_WIN
open8,3,l1,101,1,2.0,I-NTMCP l=1,1.0,PURSUER_WIN
open8,3,l1,101,1,3.0,I-NTMCP l=1,1.0,PURSUER_WIN
open8,3,l1,101,1,1.0,I-NTMCP l=1,1.0,PURSUER_WIN
open8,3,l1,101,1,1.0,I-NTMCP l=1,1.0,PURSUER_WIN
open8,3,l1,101,1,3.0,I-NTMCP l=1,1.0,PURSUER_WIN
open8,3,l1,101,1,3.0,I-NTMCP l=1,1.0,PURSUER_WIN
open8,3,l1,101,1,2.0,I-NTMCP l=1,1.0,PURSUER_WIN
open8,3,l1,101,1,3.0,I-NTMCP l=1,1.0,PURSUER_WIN
open8,3,l1,101,1,1.0,I-NTMCP l=1,1.0,PURSUER_WIN
open8,3,l1,101,1,1.0,I-NTMCP l=1,1.0,PURSUER_WIN
open8,3,l1,101,1,0.0,I-NTMCP l=1,1.0,PURSUER_WIN
open8,3,l1,101,1,4.0,I-NTMCP l=1,1.0,PURSUER_WIN
open8,3,l1,101,1,2.0,I-NTMCP l=1,1.0,PURSUER_WIN
open8,3,l1,101,1,3.0,I-NTMCP l=1,1.0,PURSUER_WIN
open8,3,l1,101,1,3.0,I-NTMCP l=1,1.0,PURSUER_WIN
open8,3,l1,101,1,3.0,I-NTMCP l=1,1.0,PURSUER_WIN
open8,3,l1,101,1,3.0,I-NTMCP l=1,1.0,PURSUER_WIN
open8,3,l1,101,1,0.0,I-NTMCP l=1,1.0,PURSUER_WIN
open8,3,l1,101,1,0.0,I-NTMCP l=1,1.0,PURSUER_WIN
open8,3,l1,101,1,0.0,I-NTMCP l=1,1.0,PURSUER_WIN
open8,3,l1,101,1,2.0,I-NTMCP l=1,1.0,PURSUER_WIN
open8,3,l1,101,1,1.0,I-NTMCP l=1,1.0,PURSUER_WIN
open8,3,l1,101,1,5.0,I-NTMCP l=1,1.0,PURSUER_WIN
open8,3,l1,101,1,0.0,I-NTMCP l=1,1.0,PURSUER_WIN
open8,3,l1,101,1,2.0,I-NTMCP l=1,1.0,PURSUER_WIN
open8,3,l1,101,0,11.0,I-NTMCP l=1,1.0,EVADER_REACHED_GOAL
open8,3,l1,101,1,2.0,I-NTMCP l=1,1.0,PURSUER_WIN
open8,3,l1,101,1,2.0,I-NTMCP l=1,1.0,PURSUER_WIN
open8,3,l1,101,1,0.0,I-NTMCP l=1,1.0,PURSUER_WIN
open8,3,l1,101,1,2.0,I-NTMCP l=1,1.0,PURSUER_WIN
open8,3,l1,101,1,0.0,I-NTMCP l=1,1.0,PURSUER_WIN
open8,3,l1,101,0,10.0,I-NTMCP l=1,1.0,EVADER_REACHED_GOAL
open8,3,l1,101,1,4.0,I-NTMCP l=1,1.0,PURSUER_WIN
open8,3,l1,101,1,4.0,I-NTMCP l=1,1.0,PURSUER_WIN
open8,3,l1,101,1,5.0,I-NTMCP l=1,1.0,PURSUER_WIN
open8,3,l1,101,1,8.0,I-NTMCP l=1,1.0,PURSUER_WIN
open8,3,l1,101,1,1.0,I-NTMCP l=1,1.0,PURSUER_WIN
open8,3,l1,101,1,0.0,I-NTMCP l=1,1.0,PURSUER_WIN
open8,3,l1,101,1,6.0,I-NTMCP l=1,1.0,PURSUER_WIN
open8,3,l1,101,1,3.0,I-NTMCP l=1,1.0,PURSUER_WIN
open8,3,l1,101,1,1.0,I-NTMCP l=1,1.0,PURSUER_WIN
open8,3,l1,101,0,7.0,I-NTMCP l=1,1.0,EVADER_REACHED_GOAL
open8,3,l1,101,1,4.0,I-NTMCP l=1,1.0,PURSUER_WIN
open8,3,l1,101,1,2.0,I-NTMCP l=1,1.0,PURSUER_WIN
open8,3,l1,101,1,3.0,I-NTMCP l=1,1.0,PURSUER_WIN
open8,3,l1,101,1,3.0,I-NTMCP l=1,1.0,PURSUER_WIN
open8,3,l1,101,1,7.0,I-NTMCP l=1,1.0,PURSUER_WIN
open8,3,l1,101,1,6.0,I-NTMCP l=1,1.0,PURSUER_WIN
open8,3,l1,101,1,6.0,I-NTMCP l=1,1.0,PURSUER_WIN
open8,3,l1,101,1,4.0,I-NTMCP l=1,1.0,PURSUER_WIN
open8,3,l1,102,1,0.0,I-NTMCP l=1,1.0,PURSUER_WIN
open8,3,l1,102,1,3.0,I-NTMCP l=1,1.0,PURSUER_WIN
open8,3,l1,102,1,3.0,I-NTMCP l=1,1.0,PURSUER_WIN
open8,3,l1,102,1,0.0,I-NTMCP l=1,1.0,PURSUER_WIN
open8,3,l1,102,1,0.0,I-NTMCP l=1,1.0,PURSUER_WIN
open8,3,l1,102,1,6.0,I-NTMCP l=1,1.0,PURSUER_WIN
open8,3,l1,102,1,0.0,I-NTMCP l=1,1.0,PURSUER_WIN
open8,3,l1,102,1,0.0,I-NTMCP l=1,1.0,PURSUER_WIN
open8,3,l1,102,1,3.0,I-NTMCP l=1,1.0,PURSUER_WIN
open8,3,l1,102,1,8.0,I-NTMCP l=1,1.0,PURSUER_WIN
open8,3,l1,102,1,1.0,I-NTMCP l=1,1.0,PURSUER_WIN
open8,3,l1,102,1,1.0,I-NTMCP l=1,1.0,PURSUER_WIN
open8,3,l1,102,1,3.0,I-NTMCP l=1,1.0,PURSUER_WIN
open8,3,l1,102,1,3.0,I-NTMCP l=1,1.0,PURSUER_WIN
open8,3,l1,102,1,3.0,I-NTMCP l=1,1.0,PURSUER_WIN
open8,3,l1,102,1,2.0,I-NTMCP l=1,1.0,PURSUER_WIN
open8,3,l1,102,1,0.0,I-NTMCP l=1,1.0,PURSUER_WIN
open8,3,l1,102,1,5.0,I-NTMCP l=1,1.0,PURSUER_WIN
open8,3,l1,102,1,2.0,I-NTMCP l=1,1.0,PURSUER_WIN
open8,3,l1,102,1,0.0,I-NTMCP l=1,1.0,PURSUER_WIN
open8,3,l1,102,1,5.0,I-NTMCP l=1,1.0,PURSUER_WIN
open8,3,l1,102,1,2.0,I-NTMCP l=1,1.0,PURSUER_WIN
open8,3,l1,102,1,1.0,I-NTMCP l=1,1.0,PURSUER_WIN
open8,3,l1,102,1,4.0,I-NTMCP l=1,1.0,PURSUER_WIN
open8,3,l1,102,1,1.0,I-NTMCP l=1,1.0,PURSUER_WIN
open8,3,l1,102,1,2.0,I-NTMCP l=1,1.0,PURSUER_WIN
open8,3,l1,102,1,4.0,I-NTMCP l=1,1.0,PURSUER_WIN
open8,3,l1,102,1,0.0,I-NTMCP l=1,1.0,PURSUER_WIN
open8,3,l1,102,0,10.0,I-NTMCP l=1,1.0,EVADER_REACHED_GOAL
open8,3,l1,102,1,4.0,I-NTMCP l=1,1.0,PURSUER_WIN
open8,3,l1,102,1,1.0,I-NTMCP l=1,1.0,PURSUER_WIN
open8,3,l1,102,1,6.0,I-NTMCP l=1,1.0,PURSUER_WIN
open8,3,l1,102,1,0.0,I-NTMCP l=1,1.0,PURSUER_WIN
open8,3,l1,102,1,4.0,I-NTMCP l=1,1.0,PURSUER_WIN
open8,3,l1,102,1,2.0,I-NTMCP l=1,1.0,PURSUER_WIN
open8,3,l1,102,1,2.0,I-NTMCP l=1,1.0,PURSUER_WIN
open8,3,l1,102,1,2.0,I-NTMCP l=1,1.0,PURSUER_WIN
open8,3,l1,102,1,7.0,I-NTMCP l=1,1.0,PURSUER_WIN
open8,3,l1,102,1,0.0,I-NTMCP l=1,1.0,PURSUER_WIN
open8,3,l1,102,1,3.0,I-NTMCP l=1,1.0,PURSUER_WIN
open8,3,l1,102,1,2.0,I-NTMCP l=1,1.0,PURSUER_WIN
open8,3,l1,102,1,2.0,I-NTMCP l=1,1.0,PURSUER_WIN
open8,3,l1,102,1,2.0,I-NTMCP l=1,1.0,PURSUER_WIN
open8,3,l1,102,1,3.0,I-NTMCP l=1,1.0,PURSUER_WIN
open8,3,l1,102,1,3.0,I-NTMCP l=1,1.0,PURSUER_WIN
open8,3,l1,102,1,2.0,I-NTMCP l=1,1.0,PURSUER_WIN
open8,3,l1,102,1,6.0,I-NTMCP l=1,1.0,PURSUER_WIN
open8,3,l1,102,1,3.0,I-NTMCP l=1,1.0,PURSUER_WIN
open8,3,l1,102,1,0.0,I-NTMCP l=1,1.0,PURSUER_WIN
open8,3,l1,102,1,3.0,I-NTMCP l=1,1.0,PURSUER_WIN
open8,3,l1,103,0,11.0,I-NTMCP l=1,1.0,EVADER_REACHED_GOAL
open8,3,l1,103,1,2.0,I-NTMCP l=1,1.0,PURSUER_WIN
open8,3,l1,103,1,2.0,I-NTMCP l=1,1.0,PURSUER_WIN
open8,3,l1,103,1,1.0,I-NTMCP l=1,1.0,PURSUER_WIN
open8,3,l1,103,1,1.0,I-NTMCP l=1,1.0,PURSUER_WIN
open8,3,l1,103,1,5.0,I-NTMCP l=1,1.0,PURSUER_WIN
open8,3,l1,103,1,1.0,I-NTMCP l=1,1.0,PURSUER_WIN
open8,3,l1,103,1,2.0,I-NTMCP l=1,1.0,PURSUER_WIN
open8,3,l1,103,1,3.0,I-NTMCP l=1,1.0,PURSUER_WIN
open8,3,l1,103,1,3.0,I-NTMCP l=1,1.0,PURSUER_WIN
open8,3,l1,103,1,2.0,I-NTMCP l=1,1.0,PURSUER_WIN
open8,3,l1,103,0,7.0,I-NTMCP l=1,1.0,EVADER_REACHED_GOAL
open8,3,l1,103,1,3.0,I-NTMCP l=1,1.0,PURSUER_WIN
open8,3,l1,103,1,1.0,I-NTMCP l=1,1.0,PURSUER_WIN
open8,3,l1,103,1,0.0,I-NTMCP l=1,1.0,PURSUER_WIN
open8,3,l1,103,0,11.0,I-NTMCP l=1,1.0,EVADER_REACHED_GOAL
open8,3,l1,103,1,3.0,I-NTMCP l=1,1.0,PURSUER_WIN
open8,3,l1,103,1,6.0,I-NTMCP l=1,1.0,PURSUER_WIN
open8,3,l1,103,1,4.0,I-NTMCP l=1,1.0,PURSUER_WIN
open8,3,l1,103,1,3.0,I-NTMCP l=1,1.0,PURSUER_WIN
open8,3,l1,103,0,10.0,I-NTMCP l=1,1.0,EVADER_REACHED_GOAL
open8,3,l1,103,1,0.0,I-NTMCP l=1,1.0,PURSUER_WIN
open8,3,l1,103,1,2.0,I-NTMCP l=1,1.0,PURSUER_WIN
open8,3,l1,103,1,6.0,I-NTMCP l=1,1.0,PURSUER_WIN
open8,3,l1,103,1,3.0,I-NTMCP l=1,1.0,PURSUER_WIN
open8,3,l1,103,1,3.0,I-NTMCP l=1,1.0,PURSUER_WIN
open8,3,l1,103,0,11.0,I-NTMCP l=1,1.0,EVADER_REACHED_GOAL
open8,3,l1,103,1,3.0,I-NTMCP l=1,1.0,PURSUER_WIN
open8,3,l1,103,1,0.0,I-NTMCP l=1,1.0,PURSUER_WIN
open8,3,l1,103,1,1.0,I-NTMCP l=1,1.0,PURSUER_WIN
open8,3,l1,103,1,4.0,I-NTMCP l=1,1.0,PURSUER_WIN
open8,3,l1,103,1,4.0,I-NTMCP l=1,1.0,PURSUER_WIN
open8,3,l1,103,1,2.0,I-NTMCP l=1,1.0,PURSUER_WIN
open8,3,l1,103,1,1.0,I-NTMCP l=1,1.0,PURSUER_WIN
open8,3,l1,103,1,3.0,I-NTMCP l=1,1.0,PURSUER_WIN
open8,3,l1,103,1,2.0,I-NTMCP l=1,1.0,PURSUER_WIN
open8,3,l1,103,1,1.0,I-NTMCP l=1,1.0,PURSUER_WIN
open8,3,l1,103,1,3.0,I-NTMCP l=1,1.0,PURSUER_WIN
open8,3,l1,103,1,5.0,I-NTMCP l=1,1.0,PURSUER_WIN
open8,3,l1,103,1,2.0,I-NTMCP l=1,1.0,PURSUER_WIN
open8,3,l1,103,1,3.0,I-NTMCP l=1,1.0,PURSUER_WIN
open8,3,l1,103,1,4.0,I-NTMCP l=1,1.0,PURSUER_WIN
open8,3,l1,103,1,1.0,I-NTMCP l=1,1.0,PURSUER_WIN
open8,3,l1,103,1,0.0,I-NTMCP l=1,1.0,PURSUER_WIN
open8,3,l1,103,1,6.0,I-NTMCP l=1,1.0,PURSUER_WIN
open8,3,l1,103,1,3.0,I-NTMCP l=1,1.0,PURSUER_WIN
open8,3,l1,103,1,3.0,I-NTMCP l=1,1.0,PURSUER_WIN
open8,3,l1,103,1,2.0,I-NTMCP l=1,1.0,PURSUER_WIN
open8,3,l1,103,1,2.0,I-NTMCP l=1,1.0,PURSUER_WIN
open8,3,l1,103,1,7.0,I-NTMCP l=1,1.0,PURSUER_WIN
open8,3,l1,104,0,7.0,I-NTMCP l=1,1.0,EVADER_REACHED_GOAL
open8,3,l1,104,1,6.0,I-NTMCP l=1,1.0,PURSUER_WIN
open8,3,l1,104,1,9.0,I-NTMCP l=1,1.0,PURSUER_WIN
open8,3,l1,104,1,2.0,I-NTMCP l=1,1.0,PURSUER_WIN
open8,3,l1,104,1,1.0,I-NTMCP l=1,1.0,PURSUER_WIN
open8,3,l1,104,1,3.0,I-NTMCP l=1,1.0,PURSUER_WIN
open8,3,l1,104,1,0.0,I-NTMCP l=1,1.0,PURSUER_WIN
open8,3,l1,104,1,3.0,I-NTMCP l=1,1.0,PURSUER_WIN
open8,3,l1,104,0,14.0,I-NTMCP l=1,1.0,EVADER_REACHED_GOAL
open8,3,l1,104,1,5.0,I-NTMCP l=1,1.0,PURSUER_WIN
open8,3,l1,104,1,3.0,I-NTMCP l=1,1.0,PURSUER_WIN
open8,3,l1,104,1,6.0,I-NTMCP l=1,1.0,PURSUER_WIN
open8,3,l1,104,1,4.0,I-NTMCP l=1,1.0,PURSUER_WIN
open8,3,l1,104,1,1.0,I-NTMCP l=1,1.0,PURSUER_WIN
open8,3,l1,104,1,2.0,I-NTMCP l=1,1.0,PURSUER_WIN
open8,3,l1,104,1,2.0,I-NTMCP l=1,1.0,PURSUER_WIN
open8,3,l1,104,1,0.0,I-NTMCP l=1,1.0,PURSUER_WIN
open8,3,l1,104,1,4.0,I-NTMCP l=1,1.0,PURSUER_WIN
open8,3,l1,104,0,11.0,I-NTMCP l=1,1.0,EVADER_REACHED_GOAL
open8,3,l1,104,1,6.0,I-NTMCP l=1,1.0,PURSUER_WIN
open8,3,l1,104,1,3.0,I-NTMCP l=1,1.0,PURSUER_WIN
open8,3,l1,104,1,4.0,I-NTMCP l=1,1.0,PURSUER_WIN
open8,3,l1,104,1,4.0,I-NTMCP l=1,1.0,PURSUER_WIN
open8,3,l1,104,0,7.0,I-NTMCP l=1,1.0,EVADER_REACHED_GOAL
open8,3,l1,104,1,2.0,I-NTMCP l=1,1.0,PURSUER_WIN
open8,3,l1,104,1,2.0,I-NTMCP l=1,1.0,PURSUER_WIN
open8,3,l1,104,1,5.0,I-NTMCP l=1,1.0,PURSUER_WIN
open8,3,l1,104,1,2.0,I-NTMCP l=1,1.0,PURSUER_WIN
open8,3,l1,104,1,4.0,I-NTMCP l=1,1.0,PURSUER_WIN
open8,3,l1,104,1,0.0,I-NTMCP l=1,1.0,PURSUER_WIN
open8,3,l1,104,1,1.0,I-NTMCP l=1,1.0,PURSUER_WIN
open8,3,l1,104,1,2.0,I-NTMCP l=1,1.0,PURSUER_WIN
open8,3,l1,104,1,3.0,I-NTMCP l=1,1.0,PURSUER_WIN
open8,3,l1,104,1,0.0,I-NTMCP l=1,1.0,PURSUER_WIN
open8,3,l1,104,1,1.0,I-NTMCP l=1,1.0,PURSUER_WIN
open8,3,l1,104,1,0.0,I-NTMCP l=1,1.0,PURSUER_WIN
open8,3,l1,104,0,9.0,I-NTMCP l=1,1.0,EVADER_REACHED_GOAL
open8,3,l1,104,1,3.0,I-NTMCP l=1,1.0,PURSUER_WIN
open8,3,l1,104,1,2.0,I-NTMCP l=1,1.0,PURSUER_WIN
open8,3,l1,104,1,0.0,I-NTMCP l=1,1.0,PURSUER_WIN
open8,3,l1,104,1,2.0,I-NTMCP l=1,1.0,PURSUER_WIN
open8,3,l1,104,1,0.0,I-NTMCP l=1,1.0,PURSUER_WIN
open8,3,l1,104,1,0.0,I-NTMCP l=1,1.0,PURSUER_WIN
open8,3,l1,104,1,4.0,I-NTMCP l=1,1.0,PURSUER_WIN
open8,3,l1,104,1,3.0,I-NTMCP l=1,1.0,PURSUER_WIN
open8,3,l1,104,1,0.0,I-NTMCP l=1,1.0,PURSUER_WIN
open8,3,l1,104,1,0.0,I-NTMCP l=1,1.0,PURSUER_WIN
open8,3,l1,104,1,1.0,I-NTMCP l=1,1.0,PURSUER_WIN
open8,3,l1,104,1,5.0,I-NTMCP l=1,1.0,PURSUER_WIN
open8,3,l1,104,1,2.0,I-NTMCP l=1,1.0,PURSUER_WIN
open8,3,l1,105,1,1.0,I-NTMCP l=1,1.0,PURSUER_WIN
open8,3,l1,105,1,4.0,I-NTMCP l=1,1.0,PURSUER_WIN
open8,3,l1,105,1,2.0,I-NTMCP l=1,1.0,PURSUER_WIN
open8,3,l1,105,0,7.0,I-NTMCP l=1,1.0,EVADER_REACHED_GOAL
open8,3,l1,105,1,0.0,I-NTMCP l=1,1.0,PURSUER_WIN
open8,3,l1,105,1,4.0,I-NTMCP l=1,1.0,PURSUER_WIN
open8,3,l1,105,1,0.0,I-NTMCP l=1,1.0,PURSUER_WIN
open8,3,l1,105,1,2.0,I-NTMCP l=1,1.0,PURSUER_WIN
open8,3,l1,105,1,0.0,I-NTMCP l=1,1.0,PURSUER_WIN
open8,3,l1,105,1,3.0,I-NTMCP l=1,1.0,PURSUER_WIN
open8,3,l1,105,1,4.0,I-NTMCP l=1,1.0,PURSUER_WIN
open8,3,l1,105,1,3.0,I-NTMCP l=1,1.0,PURSUER_WIN
open8,3,l1,105,1,5.0,I-NTMCP l=1,1.0,PURSUER_WIN
open8,3,l1,105,1,5.0,I-NTMCP l=1,1.0,PURSUER_WIN
open8,3,l1,105,1,3.0,I-NTMCP l=1,1.0,PURSUER_WIN
open8,3,l1,105,1,2.0,I-NTMCP l=1,1.0,PURSUER_WIN
open8,3,l1,105,1,0.0,I-NTMCP l=1,1.0,PURSUER_WIN
open8,3,l1,105,0,10.0,I-NTMCP l=1,1.0,EVADER_REACHED_GOAL
open8,3,l1,105,1,1.0,I-NTMCP l=1,1.0,PURSUER_WIN
open8,3,l1,105,1,4.0,I-NTMCP l=1,1.0,PURSUER_WIN
open8,3,l1,105,1,3.0,I-NTMCP l=1,1.0,PURSUER_WIN
open8,3,l1,105,1,2.0,I-NTMCP l=1,1.0,PURSUER_WIN
open8,3,l1,105,1,7.0,I-NTMCP l=1,1.0,PURSUER_WIN
open8,3,l1,105,1,3.0,I-NTMCP l=1,1.0,PURSUER_WIN
open8,3,l1,105,1,6.0,I-NTMCP l=1,1.0,PURSUER_WIN
open8,3,l1,105,1,4.0,I-NTMCP l=1,1.0,PURSUER_WIN
open8,3,l1,105,1,0.0,I-NTMCP l=1,1.0,PURSUER_WIN
open8,3,l1,105,1,4.0,I-NTMCP l=1,1.0,PURSUER_WIN
open8,3,l1,105,1,2.0,I-NTMCP l=1,1.0,PURSUER_WIN
open8,3,l1,105,1,2.0,I-NTMCP l=1,1.0,PURSUER_WIN
open8,3,l1,105,1,4.0,I-NTMCP l=1,1.0,PURSUER_WIN
open8,3,l1,105,1,0.0,I-NTMCP l=1,1.0,PURSUER_WIN
open8,3,l1,105,1,5.0,I-NTMCP l=1,1.0,PURSUER_WIN
open8,3,l1,105,0,11.0,I-NTMCP l=1,1.0,EVADER_REACHED_GOAL
open8,3,l1,105,1,0.0,I-NTMCP l=1,1.0,PURSUER_WIN
open8,3,l1,105,1,2.0,I-NTMCP l=1,1.0,PURSUER_WIN
open8,3,l1,105,1,5.0,I-NTMCP l=1,1.0,PURSUER_WIN
open8,3,l1,105,1,5.0,I-NTMCP l=1,1.0,PURSUER_WIN
open8,3,l1,105,1,4.0,I-NTMCP l=1,1.0,PURSUER_WIN
open8,3,l1,105,1,2.0,I-NTMCP l=1,1.0,PURSUER_WIN
open8,3,l1,105,1,2.0,I-NTMCP l=1,1.0,PURSUER_WIN
open8,3,l1,105,1,10.0,I-NTMCP l=1,1.0,PURSUER_WIN
open8,3,l1,105,0,7.0,I-NTMCP l=1,1.0,EVADER_REACHED_GOAL
open8,3,l1,105,1,0.0,I-NTMCP l=1,1.0,PURSUER_WIN
open8,3,l1,105,1,0.0,I-NTMCP l=1,1.0,PURSUER_WIN
open8,3,l1,105,1,2.0,I-NTMCP l=1,1.0,PURSUER_WIN
open8,3,l1,105,1,6.0,I-NTMCP l=1,1.0,PURSUER_WIN
open8,3,l1,105,1,0.0,I-NTMCP l=1,1.0,PURSUER_WIN
open8,3,l1,105,1,0.0,I-NTMCP l=1,1.0,PURSUER_WIN
open8,3,l1,105,1,3.0,I-NTMCP l=1,1.0,PURSUER_WIN
open8,3,l1,106,1,2.0,I-NTMCP l=1,1.0,PURSUER_WIN
open8,3,l1,106,1,2.0,I-NTMCP l=1,1.0,PURSUER_WIN
open8,3,l1,106,1,3.0,I-NTMCP l=1,1.0,PURSUER_WIN
open8,3,l1,106,1,0.0,I-NTMCP l=1,1.0,PURSUER_WIN
open8,3,l1,106,1,3.0,I-NTMCP l=1,1.0,PURSUER_WIN
open8,3,l1,106,1,2.0,I-NTMCP l=1,1.0,PURSUER_WIN
open8,3,l1,106,1,0.0,I-NTMCP l=1,1.0,PURSUER_WIN
open8,3,l1,106,1,2.0,I-NTMCP l=1,1.0,PURSUER_WIN
open8,3,l1,106,1,6.0,I-NTMCP l=1,1.0,PURSUER_WIN
open8,3,l1,106,1,3.0,I-NTMCP l=1,1.0,PURSUER_WIN
open8,3,l1,106,1,3.0,I-NTMCP l=1,1.0,PURSUER_WIN
open8,3,l1,106,1,2.0,I-NTMCP l=1,1.0,PURSUER_WIN
open8,3,l1,106,1,0.0,I-NTMCP l=1,1.0,PURSUER_WIN
open8,3,l1,106,1,4.0,I-NTMCP l=1,1.0,PURSUER_WIN
open8,3,l1,106,1,1.0,I-NTMCP l=1,1.0,PURSUER_WIN
open8,3,l1,106,1,3.0,I-NTMCP l=1,1.0,PURSUER_WIN
open8,3,l1,106,1,2.0,I-NTMCP l=1,1.0,PURSUER_WIN
open8,3,l1,106,1,0.0,I-NTMCP l=1,1.0,PURSUER_WIN
open8,3,l1,106,1,0.0,I-NTMCP l=1,1.0,PURSUER_WIN
open8,3,l1,106,1,4.0,I-NTMCP l=1,1.0,PURSUER_WIN
open8,3,l1,106,1,0.0,I-NTMCP l=1,1.0,PURSUER_WIN
open8,3,l1,106,1,3.0,I-NTMCP l=1,1.0,PURSUER_WIN
open8,3,l1,106,1,2.0,I-NTMCP l=1,1.0,PURSUER_WIN
open8,3,l1,106,1,2.0,I-NTMCP l=1,1.0,PURSUER_WIN
open8,3,l1,106,1,2.0,I-NTMCP l=1,1.0,PURSUER_WIN
open8,3,l1,106,1,4.0,I-NTMCP l=1,1.0,PURSUER_WIN
open8,3,l1,106,1,1.0,I-NTMCP l=1,1.0,PURSUER_WIN
open8,3,l1,106,1,0.0,I-NTMCP l=1,1.0,PURSUER_WIN
open8,3,l1,106,1,7.0,I-NTMCP l=1,1.0,PURSUER_WIN
open8,3,l1,106,1,3.0,I-NTMCP l=1,1.0,PURSUER_WIN
open8,3,l1,106,1,3.0,I-NTMCP l=1,1.0,PURSUER_WIN
open8,3,l1,106,1,4.0,I-NTMCP l=1,1.0,PURSUER_WIN
open8,3,l1,106,1,3.0,I-NTMCP l=1,1.0,PURSUER_WIN
open8,3,l1,106,1,0.0,I-NTMCP l=1,1.0,PURSUER_WIN
open8,3,l1,106,1,1.0,I-NTMCP l=1,1.0,PURSUER_WIN
open8,3,l1,106,1,3.0,I-NTMCP l=1,1.0,PURSUER_WIN
open8,3,l1,106,1,5.0,I-NTMCP l=1,1.0,PURSUER_WIN
open8,3,l1,106,1,4.0,I-NTMCP l=1,1.0,PURSUER_WIN
open8,3,l1,106,1,2.0,I-NTMCP l=1,1.0,PURSUER_WIN
open8,3,l1,106,1,2.0,I-NTMCP l=1,1.0,PURSUER_WIN
open8,3,l1,106,1,0.0,I-NTMCP l=1,1.0,PURSUER_WIN
open8,3,l1,106,1,2.0,I-NTMCP l=1,1.0,PURSUER_WIN
open8,3,l1,106,1,2.0,I-NTMCP l=1,1.0,PURSUER_WIN
open8,3,l1,106,1,3.0,I-NTMCP l=1,1.0,PURSUER_WIN
open8,3,l1,106,1,0.0,I-NTMCP l=1,1.0,PURSUER_WIN
open8,3,l1,106,0,11.0,I-NTMCP l=1,1.0,EVADER_REACHED_GOAL
open8,3,l1,106,1,2.0,I-NTMCP l=1,1.0,PURSUER_WIN
open8,3,l1,106,1,0.0,I-NTMCP l=1,1.0,PURSUER_WIN
open8,3,l1,106,1,1.0,I-NTMCP l=1,1.0,PURSUER_WIN
open8,3,l1,106,1,4.0,I-NTMCP l=1,1.0,PURSUER_WIN
open8,3,l1,107,1,2.0,I-NTMCP l=1,1.0,PURSUER_WIN
open8,3,l1,107,1,2.0,I-NTMCP l=1,1.0,PURSUER_WIN
open8,3,l1,107,1,0.0,I-NTMCP l=1,1.0,PURSUER_WIN
open8,3,l1,107,1,2.0,I-NTMCP l=1,1.0,PURSUER_WIN
open8,3,l1,107,1,2.0,I-NTMCP l=1,1.0,PURSUER_WIN
open8,3,l1,107,1,4.0,I-NTMCP l=1,1.0,PURSUER_WIN
open8,3,l1,107,1,4.0,I-NTMCP l=1,1.0,PURSUER_WIN
open8,3,l1,107,1,5.0,I-NTMCP l=1,1.0,PURSUER_WIN
open8,3,l1,107,1,2.0,I-NTMCP l=1,1.0,PURSUER_WIN
open8,3,l1,107,0,10.0,I-NTMCP l=1,1.0,EVADER_REACHED_GOAL
open8,3,l1,107,1,2.0,I-NTMCP l=1,1.0,PURSUER_WIN
open8,3,l1,107,1,2.0,I-NTMCP l=1,1.0,PURSUER_WIN
open8,3,l1,107,1,4.0,I-NTMCP l=1,1.0,PURSUER_WIN
open8,3,l1,107,1,4.0,I-NTMCP l=1,1.0,PURSUER_WIN
open8,3,l1,107,1,3.0,I-NTMCP l=1,1.0,PURSUER_WIN
open8,3,l1,107,0,11.0,I-NTMCP l=1,1.0,EVADER_REACHED_GOAL
open8,3,l1,107,1,2.0,I-NTMCP l=1,1.0,PURSUER_WIN
open8,3,l1,107,1,3.0,I-NTMCP l=1,1.0,PURSUER_WIN
open8,3,l1,107,1,0.0,I-NTMCP l=1,1.0,PURSUER_WIN
open8,3,l1,107,1,0.0,I-NTMCP l=1,1.0,PURSUER_WIN
open8,3,l1,107,1,0.0,I-NTMCP l=1,1.0,PURSUER_WIN
open8,3,l1,107,1,2.0,I-NTMCP l=1,1.0,PURSUER_WIN
open8,3,l1,107,1,8.0,I-NTMCP l=1,1.0,PURSUER_WIN
open8,3,l1,107,1,0.0,I-NTMCP l=1,1.0,PURSUER_WIN
open8,3,l1,107,1,6.0,I-NTMCP l=1,1.0,PURSUER_WIN
open8,3,l1,107,1,2.0,I-NTMCP l=1,1.0,PURSUER_WIN
open8,3,l1,107,1,2.0,I-NTMCP l=1,1.0,PURSUER_WIN
open8,3,l1,107,0,7.0,I-NTMCP l=1,1.0,EVADER_REACHED_GOAL
open8,3,l1,107,1,5.0,I-NTMCP l=1,1.0,PURSUER_WIN
open8,3,l1,107,1,6.0,I-NTMCP l=1,1.0,PURSUER_WIN
open8,3,l1,107,1,9.0,I-NTMCP l=1,1.0,PURSUER_WIN
open8,3,l1,107,1,3.0,I-NTMCP l=1,1.0,PURSUER_WIN
open8,3,l1,107,0,7.0,I-NTMCP l=1,1.0,EVADER_REACHED_GOAL
open8,3,l1,107,1,4.0,I-NTMCP l=1,1.0,PURSUER_WIN
open8,3,l1,107,1,2.0,I-NTMCP l=1,1.0,PURSUER_WIN
open8,3,l1,107,1,0.0,I-NTMCP l=1,1.0,PURSUER_WIN
open8,3,l1,107,1,3.0,I-NTMCP l=1,1.0,PURSUER_WIN
open8,3,l1,107,1,4.0,I-NTMCP l=1,1.0,PURSUER_WIN
open8,3,l1,107,1,0.0,I-NTMCP l=1,1.0,PURSUER_WIN
open8,3,l1,107,1,1.0,I-NTMCP l=1,1.0,PURSUER_WIN
open8,3,l1,107,0,11.0,I-NTMCP l=1,1.0,EVADER_REACHED_GOAL
open8,3,l1,107,1,0.0,I-NTMCP l=1,1.0,PURSUER_WIN
open8,3,l1,107,1,2.0,I-NTMCP l=1,1.0,PURSUER_WIN
open8,3,l1,107,1,3.0,I-NTMCP l=1,1.0,PURSUER_WIN
open8,3,l1,107,1,0.0,I-NTMCP l=1,1.0,PURSUER_WIN
open8,3,l1,107,1,3.0,I-NTMCP l=1,1.0,PURSUER_WIN
open8,3,l1,107,1,2.0,I-NTMCP l=1,1.0,PURSUER_WIN
open8,3,l1,107,1,3.0,I-NTMCP l=1,1.0,PURSUER_WIN
open8,3,l1,107,1,4.0,I-NTMCP l=1,1.0,PURSUER_WIN
open8,3,l1,107,1,3.0,I-NTMCP l=1,1.0,PURSUER_WIN
open8,3,l1,108,1,2.0,I-NTMCP l=1,1.0,PURSUER_WIN
open8,3,l1,108,1,3.0,I-NTMCP l=1,1.0,PURSUER_WIN
open8,3,l1,108,1,2.0,I-NTMCP l=1,1.0,PURSUER_WIN
open8,3,l1,108,1,2.0,I-NTMCP l=1,1.0,PURSUER_WIN
open8,3,l1,108,1,0.0,I-NTMCP l=1,1.0,PURSUER_WIN
open8,3,l1,108,1,2.0,I-NTMCP l=1,1.0,PURSUER_WIN
open8,3,l1,108,1,4.0,I-NTMCP l=1,1.0,PURSUER_WIN
open8,3,l1,108,1,1.0,I-NTMCP l=1,1.0,PURSUER_WIN
open8,3,l1,108,1,0.0,I-NTMCP l=1,1.0,PURSUER_WIN
open8,3,l1,108,1,0.0,I-NTMCP l=1,1.0,PURSUER_WIN
open8,3,l1,108,1,3.0,I-NTMCP l=1,1.0,PURSUER_WIN
open8,3,l1,108,1,5.0,I-NTMCP l=1,1.0,PURSUER_WIN
open8,3,l1,108,1,3.0,I-NTMCP l=1,1.0,PURSUER_WIN
open8,3,l1,108,1,2.0,I-NTMCP l=1,1.0,PURSUER_WIN
open8,3,l1,108,1,2.0,I-NTMCP l=1,1.0,PURSUER_WIN
open8,3,l1,108,1,0.0,I-NTMCP l=1,1.0,PURSUER_WIN
open8,3,l1,108,1,2.0,I-NTMCP l=1,1.0,PURSUER_WIN
open8,3,l1,108,1,0.0,I-NTMCP l=1,1.0,PURSUER_WIN
open8,3,l1,108,1,1.0,I-NTMCP l=1,1.0,PURSUER_WIN
open8,3,l1,108,1,3.0,I-NTMCP l=1,1.0,PURSUER_WIN
open8,3,l1,108,1,0.0,I-NTMCP l=1,1.0,PURSUER_WIN
open8,3,l1,108,1,5.0,I-NTMCP l=1,1.0,PURSUER_WIN
open8,3,l1,108,1,4.0,I-NTMCP l=1,1.0,PURSUER_WIN
open8,3,l1,108,1,4.0,I-NTMCP l=1,1.0,PURSUER_WIN
open8,3,l1,108,0,11.0,I-NTMCP l=1,1.0,EVADER_REACHED_GOAL
open8,3,l1,108,1,3.0,I-NTMCP l=1,1.0,PURSUER_WIN
open8,3,l1,108,1,0.0,I-NTMCP l=1,1.0,PURSUER_WIN
open8,3,l1,108,1,0.0,I-NTMCP l=1,1.0,PURSUER_WIN
open8,3,l1,108,1,2.0,I-NTMCP l=1,1.0,PURSUER_WIN
open8,3,l1,108,1,6.0,I-NTMCP l=1,1.0,PURSUER_WIN
open8,3,l1,108,1,0.0,I-NTMCP l=1,1.0,PURSUER_WIN
open8,3,l1,108,1,2.0,I-NTMCP l=1,1.0,PURSUER_WIN
open8,3,l1,108,1,2.0,I-NTMCP l=1,1.0,PURSUER_WIN
open8,3,l1,108,1,4.0,I-NTMCP l=1,1.0,PURSUER_WIN
open8,3,l1,108,1,2.0,I-NTMCP l=1,1.0,PURSUER_WIN
open8,3,l1,108,1,2.0,I-NTMCP l=1,1.0,PURSUER_WIN
open8,3,l1,108,1,3.0,I-NTMCP l=1,1.0,PURSUER_WIN
open8,3,l1,108,1,2.0,I-NTMCP l=1,1.0,PURSUER_WIN
open8,3,l1,108,0,10.0,I-NTMCP l=1,1.0,EVADER_REACHED_GOAL
open8,3,l1,108,1,4.0,I-NTMCP l=1,1.0,PURSUER_WIN
open8,3,l1,108,1,1.0,I-NTMCP l=1,1.0,PURSUER_WIN
open8,3,l1,108,1,1.0,I-NTMCP l=1,1.0,PURSUER_WIN
open8,3,l1,108,1,0.0,I-NTMCP l=1,1.0,PURSUER_WIN
open8,3,l1,108,1,6.0,I-NTMCP l=1,1.0,PURSUER_WIN
open8,3,l1,108,1,6.0,I-NTMCP l=1,1.0,PURSUER_WIN
open8,3,l1,108,1,3.0,I-NTMCP l=1,1.0,PURSUER_WIN
open8,3,l1,108,1,0.0,I-NTMCP l=1,1.0,PURSUER_WIN
open8,3,l1,108,1,0.0,I-NTMCP l=1,1.0,PURSUER_WIN
open8,3,l1,108,1,1.0,I-NTMCP l=1,1.0,PURSUER_WIN
open8,3,l1,108,1,0.0,I-NTMCP l=1,1.0,PURSUER_WIN
open8,3,l1,109,1,4.0,I-NTMCP l=1,1.0,PURSUER_WIN
open8,3,l1,109,1,0.0,I-NTMCP l=1,1.0,PURSUER_WIN
open8,3,l1,109,1,0.0,I-NTMCP l=1,1.0,PURSUER_WIN
open8,3,l1,109,1,2.0,I-NTMCP l=1,1.0,PURSUER_WIN
open8,3,l1,109,1,0.0,I-NTMCP l=1,1.0,PURSUER_WIN
open8,3,l1,109,1,1.0,I-NTMCP l=1,1.0,PURSUER_WIN
open8,3,l1,109,1,3.0,I-NTMCP l=1,1.0,PURSUER_WIN
open8,3,l1,109,1,5.0,I-NTMCP l=1,1.0,PURSUER_WIN
open8,3,l1,109,1,3.0,I-NTMCP l=1,1.0,PURSUER_WIN
open8,3,l1,109,1,2.0,I-NTMCP l=1,1.0,PURSUER_WIN
open8,3,l1,109,1,2.0,I-NTMCP l=1,1.0,PURSUER_WIN
open8,3,l1,109,1,2.0,I-NTMCP l=1,1.0,PURSUER_WIN
open8,3,l1,109,1,3.0,I-NTMCP l=1,1.0,PURSUER_WIN
open8,3,l1,109,1,3.0,I-NTMCP l=1,1.0,PURSUER_WIN
open8,3,l1,109,1,9.0,I-NTMCP l=1,1.0,PURSUER_WIN
open8,3,l1,109,0,11.0,I-NTMCP l=1,1.0,EVADER_REACHED_GOAL
open8,3,l1,109,1,0.0,I-NTMCP l=1,1.0,PURSUER_WIN
open8,3,l1,109,1,3.0,I-NTMCP l=1,1.0,PURSUER_WIN
open8,3,l1,109,1,2.0,I-NTMCP l=1,1.0,PURSUER_WIN
open8,3,l1,109,1,2.0,I-NTMCP l=1,1.0,PURSUER_WIN
open8,3,l1,109,1,3.0,I-NTMCP l=1,1.0,PURSUER_WIN
open8,3,l1,109,1,2.0,I-NTMCP l=1,1.0,PURSUER_WIN
open8,3,l1,109,1,3.0,I-NTMCP l=1,1.0,PURSUER_WIN
open8,3,l1,109,1,2.0,I-NTMCP l=1,1.0,PURSUER_WIN
open8,3,l1,109,1,1.0,I-NTMCP l=1,1.0,PURSUER_WIN
open8,3,l1,109,1,3.0,I-NTMCP l=1,1.0,PURSUER_WIN
open8,3,l1,109,1,2.0,I-NTMCP l=1,1.0,PURSUER_WIN
open8,3,l1,109,1,0.0,I-NTMCP l=1,1.0,PURSUER_WIN
open8,3,l1,109,1,0.0,I-NTMCP l=1,1.0,PURSUER_WIN
open8,3,l1,109,1,0.0,I-NTMCP l=1,1.0,PURSUER_WIN
open8,3,l1,109,1,2.0,I-NTMCP l=1,1.0,PURSUER_WIN
open8,3,l1,109,1,2.0,I-NTMCP l=1,1.0,PURSUER_WIN
open8,3,l1,109,1,3.0,I-NTMCP l=1,1.0,PURSUER_WIN
open8,3,l1,109,1,0.0,I-NTMCP l=1,1.0,PURSUER_WIN
open8,3,l1,109,1,2.0,I-NTMCP l=1,1.0,PURSUER_WIN
open8,3,l1,109,1,0.0,I-NTMCP l=1,1.0,PURSUER_WIN
open8,3,l1,109,1,3.0,I-NTMCP l=1,1.0,PURSUER_WIN
open8,3,l1,109,1,4.0,I-NTMCP l=1,1.0,PURSUER_WIN
open8,3,l1,109,1,6.0,I-NTMCP l=1,1.0,PURSUER_WIN
open8,3,l1,109,1,3.0,I-NTMCP l=1,1.0,PURSUER_WIN
open8,3,l1,109,1,0.0,I-NTMCP l=1,1.0,PURSUER_WIN
open8,3,l1,109,1,5.0,I-NTMCP l=1,1.0,PURSUER_WIN
open8,3,l1,109,1,2.0,I-NTMCP l=1,1.0,PURSUER_WIN
open8,3,l1,109,1,6.0,I-NTMCP l=1,1.0,PURSUER_WIN
open8,3,l1,109,1,0.0,I-NTMCP l=1,1.0,PURSUER_WIN
open8,3,l1,109,1,0.0,I-NTMCP l=1,1.0,PURSUER_WIN
open8,3,l1,109,1,0.0,I-NTMCP l=1,1.0,PURSUER_WIN
open8,3,l1,109,1,0.0,I-NTMCP l=1,1.0,PURSUER_WIN
open8,3,l1,109,1,1.0,I-NTMCP l=1,1.0,PURSUER_WIN
open8,3,l1,109,1,0.0,I-NTMCP l=1,1.0,PURSUER_WIN
open8,3,mixed,100,1,3.0,shortest path,,PURSUER_WIN
open8,3,mixed,100,0,11.0,I-NTMCP l=1,1.0,EVADER_REACHED_GOAL
open8,3,mixed,100,1,4.0,I-NTMCP l=1,1.0,PURSUER_WIN
open8,3,mixed,100,1,4.0,shortest path,,PURSUER_WIN
open8,3,mixed,100,1,0.0,I-NTMCP l=1,1.0,PURSUER_WIN
open8,3,mixed,100,1,4.0,I-NTMCP l=0,0.0,PURSUER_WIN
open8,3,mixed,100,1,0.0,I-NTMCP l=1,1.0,PURSUER_WIN
open8,3,mixed,100,1,3.0,random,,PURSUER_WIN
open8,3,mixed,100,1,3.0,random,,PURSUER_WIN
open8,3,mixed,100,1,5.0,random,,PURSUER_WIN
open8,3,mixed,100,1,3.0,I-NTMCP l=1,1.0,PURSUER_WIN
open8,3,mixed,100,1,1.0,I-NTMCP l=0,0.0,PURSUER_WIN
open8,3,mixed,100,1,9.0,random,,PURSUER_WIN
open8,3,mixed,100,1,2.0,shortest path,,PURSUER_WIN
open8,3,mixed,100,1,0.0,I-NTMCP l=0,0.0,PURSUER_WIN
open8,3,mixed,100,1,18.0,shortest path,,PURSUER_WIN
open8,3,mixed,100,1,3.0,I-NTMCP l=0,0.0,PURSUER_WIN
open8,3,mixed,100,1,2.0,shortest path,,PURSUER_WIN
open8,3,mixed,100,1,2.0,shortest path,,PURSUER_WIN
open8,3,mixed,100,1,2.0,shortest path,,PURSUER_WIN
open8,3,mixed,100,1,0.0,shortest path,,PURSUER_WIN
open8,3,mixed,100,1,0.0,I-NTMCP l=0,0.0,PURSUER_WIN
open8,3,mixed,100,1,2.0,I-NTMCP l=0,0.0,PURSUER_WIN
open8,3,mixed,100,1,4.0,I-NTMCP l=1,1.0,PURSUER_WIN
open8,3,mixed,100,1,1.0,shortest path,,PURSUER_WIN
open8,3,mixed,100,1,3.0,I-NTMCP l=1,1.0,PURSUER_WIN
open8,3,mixed,100,0,11.0,I-NTMCP l=1,1.0,EVADER_REACHED_GOAL
open8,3,mixed,100,1,0.0,I-NTMCP l=0,0.0,PURSUER_WIN
open8,3,mixed,100,1,3.0,I-NTMCP l=1,1.0,PURSUER_WIN
open8,3,mixed,100,1,1.0,shortest path,,PURSUER_WIN
open8,3,mixed,100,1,5.0,random,,PURSUER_WIN
open8,3,mixed,100,1,21.0,shortest path,,PURSUER_WIN
open8,3,mixed,100,1,2.0,random,,PURSUER_WIN
open8,3,mixed,100,1,3.0,I-NTMCP l=1,1.0,PURSUER_WIN
open8,3,mixed,100,1,2.0,shortest path,,PURSUER_WIN
open8,3,mixed,100,1,10.0,shortest path,,PURSUER_WIN
open8,3,mixed,100,1,10.0,shortest path,,PURSUER_WIN
open8,3,mixed,100,1,4.0,shortest path,,PURSUER_WIN
open8,3,mixed,100,1,4.0,random,,PURSUER_WIN
open8,3,mixed,100,1,5.0,shortest path,,PURSUER_WIN
open8,3,mixed,100,1,3.0,I-NTMCP l=1,1.0,PURSUER_WIN
open8,3,mixed,100,1,0.0,I-NTMCP l=1,1.0,PURSUER_WIN
open8,3,mixed,100,1,2.0,shortest path,,PURSUER_WIN
open8,3,mixed,100,1,4.0,random,,PURSUER_WIN
open8,3,mixed,100,1,5.0,shortest path,,PURSUER_WIN
open8,3,mixed,100,1,4.0,I-NTMCP l=0,0.0,PURSUER_WIN
open8,3,mixed,100,1,4.0,I-NTMCP l=0,0.0,PURSUER_WIN
open8,3,mixed,100,1,4.0,I-NTMCP l=0,0.0,PURSUER_WIN
open8,3,mixed,100,1,6.0,I-NTMCP l=0,0.0,PURSUER_WIN
open8,3,mixed,100,0,7.0,I-NTMCP l=1,1.0,EVADER_REACHED_GOAL
open8,3,mixed,101,1,2.0,shortest path,,PURSUER_WIN
open8,3,mixed,101,1,2.0,I-NTMCP l=0,0.0,PURSUER_WIN
open8,3,mixed,101,1,4.0,I-NTMCP l=1,1.0,PURSUER_WIN
open8,3,mixed,101,1,3.0,random,,PURSUER_WIN
open8,3,mixed,101,1,5.0,shortest path,,PURSUER_WIN
open8,3,mixed,101,1,2.0,shortest path,,PURSUER_WIN
open8,3,mixed,101,1,0.0,I-NTMCP l=0,0.0,PURSUER_WIN
open8,3,mixed,101,1,4.0,I-NTMCP l=1,1.0,PURSUER_WIN
open8,3,mixed,101,1,16.0,shortest path,,PURSUER_WIN
open8,3,mixed,101,1,1.0,I-NTMCP l=0,0.0,PURSUER_WIN
open8,3,mixed,101,1,2.0,I-NTMCP l=1,1.0,PURSUER_WIN
open8,3,mixed,101,1,0.0,random,,PURSUER_WIN
open8,3,mixed,101,1,2.0,I-NTMCP l=0,0.0,PURSUER_WIN
open8,3,mixed,101,1,2.0,shortest path,,PURSUER_WIN
open8,3,mixed,101,1,0.0,shortest path,,PURSUER_WIN
open8,3,mixed,101,1,2.0,random,,PURSUER_WIN
open8,3,mixed,101,1,4.0,I-NTMCP l=1,1.0,PURSUER_WIN
open8,3,mixed,101,1,0.0,I-NTMCP l=0,0.0,PURSUER_WIN
open8,3,mixed,101,1,4.0,shortest path,,PURSUER_WIN
open8,3,mixed,101,1,3.0,I-NTMCP l=1,1.0,PURSUER_WIN
open8,3,mixed,101,1,4.0,I-NTMCP l=0,0.0,PURSUER_WIN
open8,3,mixed,101,1,1.0,shortest path,,PURSUER_WIN
open8,3,mixed,101,1,1.0,I-NTMCP l=1,1.0,PURSUER_WIN
open8,3,mixed,101,1,3.0,I-NTMCP l=1,1.0,PURSUER_WIN
open8,3,mixed,101,1,3.0,shortest path,,PURSUER_WIN
open8,3,mixed,101,1,0.0,random,,PURSUER_WIN
open8,3,mixed,101,1,5.0,I-NTMCP l=1,1.0,PURSUER_WIN
open8,3,mixed,101,1,3.0,I-NTMCP l=1,1.0,PURSUER_WIN
open8,3,mixed,101,1,3.0,I-NTMCP l=0,0.0,PURSUER_WIN
open8,3,mixed,101,1,5.0,shortest path,,PURSUER_WIN
open8,3,mixed,101,1,0.0,random,,PURSUER_WIN
open8,3,mixed,101,1,2.0,I-NTMCP l=0,0.0,PURSUER_WIN
open8,3,mixed,101,1,1.0,I-NTMCP l=0,0.0,PURSUER_WIN
open8,3,mixed,101,1,3.0,I-NTMCP l=1,1.0,PURSUER_WIN
open8,3,mixed,101,1,0.0,I-NTMCP l=1,1.0,PURSUER_WIN
open8,3,mixed,101,1,0.0,shortest path,,PURSUER_WIN
open8,3,mixed,101,1,0.0,I-NTMCP l=1,1.0,PURSUER_WIN
open8,3,mixed,101,1,6.0,random,,PURSUER_WIN
open8,3,mixed,101,1,0.0,I-NTMCP l=1,1.0,PURSUER_WIN
open8,3,mixed,101,1,3.0,I-NTMCP l=1,1.0,PURSUER_WIN
open8,3,mixed,101,1,14.0,random,,PURSUER_WIN
open8,3,mixed,101,1,4.0,I-NTMCP l=1,1.0,PURSUER_WIN
open8,3,mixed,101,1,2.0,shortest path,,PURSUER_WIN
open8,3,mixed,101,1,4.0,random,,PURSUER_WIN
open8,3,mixed,101,1,1.0,I-NTMCP l=0,0.0,PURSUER_WIN
open8,3,mixed,101,1,7.0,random,,PURSUER_WIN
open8,3,mixed,101,1,3.0,I-NTMCP l=0,0.0,PURSUER_WIN
open8,3,mixed,101,1,0.0,I-NTMCP l=0,0.0,PURSUER_WIN
open8,3,mixed,101,1,1.0,random,,PURSUER_WIN
open8,3,mixed,101,1,8.0,I-NTMCP l=0,0.0,PURSUER_WIN
open8,3,mixed,102,1,0.0,shortest path,,PURSUER_WIN
open8,3,mixed,102,1,4.0,I-NTMCP l=0,0.0,PURSUER_WIN
open8,3,mixed,102,1,4.0,shortest path,,PURSUER_WIN
open8,3,mixed,102,1,5.0,shortest path,,PURSUER_WIN
open8,3,mixed,102,1,0.0,I-NTMCP l=1,1.0,PURSUER_WIN
open8,3,mixed,102,0,10.0,I-NTMCP l=0,0.0,EVADER_REACHED_GOAL
open8,3,mixed,102,1,2.0,I-NTMCP l=1,1.0,PURSUER_WIN
open8,3,mixed,102,1,0.0,random,,PURSUER_WIN
open8,3,mixed,102,1,2.0,shortest path,,PURSUER_WIN
open8,3,mixed,102,1,2.0,I-NTMCP l=1,1.0,PURSUER_WIN
open8,3,mixed,102,1,3.0,I-NTMCP l=1,1.0,PURSUER_WIN
open8,3,mixed,102,1,2.0,shortest path,,PURSUER_WIN
open8,3,mixed,102,1,4.0,shortest path,,PURSUER_WIN
open8,3,mixed,102,1,2.0,random,,PURSUER_WIN
open8,3,mixed,102,1,2.0,random,,PURSUER_WIN
open8,3,mixed,102,1,2.0,shortest path,,PURSUER_WIN
open8,3,mixed,102,1,3.0,I-NTMCP l=1,1.0,PURSUER_WIN
open8,3,mixed,102,1,3.0,shortest path,,PURSUER_WIN
open8,3,mixed,102,1,3.0,shortest path,,PURSUER_WIN
open8,3,mixed,102,1,4.0,I-NTMCP l=1,1.0,PURSUER_WIN
open8,3,mixed,102,1,5.0,I-NTMCP l=1,1.0,PURSUER_WIN
open8,3,mixed,102,1,0.0,I-NTMCP l=1,1.0,PURSUER_WIN
open8,3,mixed,102,1,4.0,random,,PURSUER_WIN
open8,3,mixed,102,1,5.0,shortest path,,PURSUER_WIN
open8,3,mixed,102,1,12.0,random,,PURSUER_WIN
open8,3,mixed,102,1,2.0,I-NTMCP l=0,0.0,PURSUER_WIN
open8,3,mixed,102,1,2.0,I-NTMCP l=1,1.0,PURSUER_WIN
open8,3,mixed,102,1,8.0,shortest path,,PURSUER_WIN
open8,3,mixed,102,1,4.0,I-NTMCP l=1,1.0,PURSUER_WIN
open8,3,mixed,102,1,3.0,I-NTMCP l=1,1.0,PURSUER_WIN
open8,3,mixed,102,1,2.0,I-NTMCP l=1,1.0,PURSUER_WIN
open8,3,mixed,102,1,10.0,shortest path,,PURSUER_WIN
open8,3,mixed,102,1,4.0,shortest path,,PURSUER_WIN
open8,3,mixed,102,1,4.0,I-NTMCP l=0,0.0,PURSUER_WIN
open8,3,mixed,102,1,3.0,shortest path,,PURSUER_WIN
open8,3,mixed,102,1,11.0,random,,PURSUER_WIN
open8,3,mixed,102,1,3.0,shortest path,,PURSUER_WIN
open8,3,mixed,102,1,2.0,I-NTMCP l=0,0.0,PURSUER_WIN
open8,3,mixed,102,1,4.0,I-NTMCP l=1,1.0,PURSUER_WIN
open8,3,mixed,102,1,2.0,shortest path,,PURSUER_WIN
open8,3,mixed,102,1,0.0,I-NTMCP l=1,1.0,PURSUER_WIN
open8,3,mixed,102,1,0.0,I-NTMCP l=0,0.0,PURSUER_WIN
open8,3,mixed,102,1,2.0,I-NTMCP l=0,0.0,PURSUER_WIN
open8,3,mixed,102,1,4.0,I-NTMCP l=1,1.0,PURSUER_WIN
open8,3,mixed,102,1,1.0,I-NTMCP l=1,1.0,PURSUER_WIN
open8,3,mixed,102,1,1.0,shortest path,,PURSUER_WIN
open8,3,mixed,102,1,5.0,I-NTMCP l=1,1.0,PURSUER_WIN
open8,3,mixed,102,1,3.0,shortest path,,PURSUER_WIN
open8,3,mixed,102,1,7.0,shortest path,,PURSUER_WIN
open8,3,mixed,102,1,4.0,shortest path,,PURSUER_WIN
open8,3,mixed,103,0,11.0,I-NTMCP l=1,1.0,EVADER_REACHED_GOAL
open8,3,mixed,103,1,2.0,shortest path,,PURSUER_WIN
open8,3,mixed,103,1,5.0,random,,PURSUER_WIN
open8,3,mixed,103,1,14.0,random,,PURSUER_WIN
open8,3,mixed,103,1,5.0,I-NTMCP l=1,1.0,PURSUER_WIN
open8,3,mixed,103,1,0.0,I-NTMCP l=1,1.0,PURSUER_WIN
open8,3,mixed,103,1,2.0,I-NTMCP l=0,0.0,PURSUER_WIN
open8,3,mixed,103,1,9.0,random,,PURSUER_WIN
open8,3,mixed,103,0,14.0,I-NTMCP l=1,1.0,EVADER_REACHED_GOAL
open8,3,mixed,103,1,4.0,random,,PURSUER_WIN
open8,3,mixed,103,1,3.0,shortest path,,PURSUER_WIN
open8,3,mixed,103,1,3.0,shortest path,,PURSUER_WIN
open8,3,mixed,103,1,2.0,random,,PURSUER_WIN
open8,3,mixed,103,1,25.0,random,,PURSUER_WIN
open8,3,mixed,103,1,2.0,shortest path,,PURSUER_WIN
open8,3,mixed,103,1,4.0,random,,PURSUER_WIN
open8,3,mixed,103,1,3.0,shortest path,,PURSUER_WIN
open8,3,mixed,103,1,2.0,I-NTMCP l=0,0.0,PURSUER_WIN
open8,3,mixed,103,1,2.0,shortest path,,PURSUER_WIN
open8,3,mixed,103,1,4.0,I-NTMCP l=1,1.0,PURSUER_WIN
open8,3,mixed,103,1,1.0,I-NTMCP l=1,1.0,PURSUER_WIN
open8,3,mixed,103,1,0.0,shortest path,,PURSUER_WIN
open8,3,mixed,103,1,2.0,shortest path,,PURSUER_WIN
open8,3,mixed,103,1,0.0,random,,PURSUER_WIN
open8,3,mixed,103,1,3.0,I-NTMCP l=0,0.0,PURSUER_WIN
open8,3,mixed,103,1,3.0,shortest path,,PURSUER_WIN
open8,3,mixed,103,1,0.0,shortest path,,PURSUER_WIN
open8,3,mixed,103,1,2.0,I-NTMCP l=1,1.0,PURSUER_WIN
open8,3,mixed,103,1,1.0,I-NTMCP l=0,0.0,PURSUER_WIN
open8,3,mixed,103,1,5.0,I-NTMCP l=0,0.0,PURSUER_WIN
open8,3,mixed,103,1,0.0,shortest path,,PURSUER_WIN
open8,3,mixed,103,1,0.0,I-NTMCP l=1,1.0,PURSUER_WIN
open8,3,mixed,103,0,12.0,shortest path,,EVADER_REACHED_GOAL
open8,3,mixed,103,1,2.0,I-NTMCP l=0,0.0,PURSUER_WIN
open8,3,mixed,103,1,1.0,random,,PURSUER_WIN
open8,3,mixed,103,1,3.0,I-NTMCP l=1,1.0,PURSUER_WIN
open8,3,mixed,103,1,0.0,shortest path,,PURSUER_WIN
open8,3,mixed,103,1,2.0,shortest path,,PURSUER_WIN
open8,3,mixed,103,1,2.0,I-NTMCP l=1,1.0,PURSUER_WIN
open8,3,mixed,103,1,5.0,I-NTMCP l=0,0.0,PURSUER_WIN
open8,3,mixed,103,1,40.0,random,,PURSUER_WIN
open8,3,mixed,103,1,1.0,I-NTMCP l=1,1.0,PURSUER_WIN
open8,3,mixed,103,1,3.0,I-NTMCP l=0,0.0,PURSUER_WIN
open8,3,mixed,103,1,2.0,random,,PURSUER_WIN
open8,3,mixed,103,1,9.0,random,,PURSUER_WIN
open8,3,mixed,103,1,10.0,I-NTMCP l=0,0.0,PURSUER_WIN
open8,3,mixed,103,0,11.0,I-NTMCP l=1,1.0,EVADER_REACHED_GOAL
open8,3,mixed,103,1,0.0,random,,PURSUER_WIN
open8,3,mixed,103,1,6.0,random,,PURSUER_WIN
open8,3,mixed,103,1,5.0,I-NTMCP l=1,1.0,PURSUER_WIN
open8,3,mixed,104,1,6.0,random,,PURSUER_WIN
open8,3,mixed,104,1,0.0,shortest path,,PURSUER_WIN
open8,3,mixed,104,1,3.0,shortest path,,PURSUER_WIN
open8,3,mixed,104,1,1.0,I-NTMCP l=1,1.0,PURSUER_WIN
open8,3,mixed,104,0,11.0,I-NTMCP l=0,0.0,EVADER_REACHED_GOAL
open8,3,mixed,104,1,8.0,random,,PURSUER_WIN
open8,3,mixed,104,1,4.0,shortest path,,PURSUER_WIN
open8,3,mixed,104,1,1.0,random,,PURSUER_WIN
open8,3,mixed,104,1,3.0,shortest path,,PURSUER_WIN
open8,3,mixed,104,1,27.0,random,,PURSUER_WIN
open8,3,mixed,104,1,0.0,shortest path,,PURSUER_WIN
open8,3,mixed,104,1,9.0,random,,PURSUER_WIN
open8,3,mixed,104,1,5.0,random,,PURSUER_WIN
open8,3,mixed,104,1,0.0,I-NTMCP l=0,0.0,PURSUER_WIN
open8,3,mixed,104,1,3.0,I-NTMCP l=0,0.0,PURSUER_WIN
open8,3,mixed,104,1,7.0,random,,PURSUER_WIN
open8,3,mixed,104,1,1.0,shortest path,,PURSUER_WIN
open8,3,mixed,104,1,0.0,I-NTMCP l=0,0.0,PURSUER_WIN
open8,3,mixed,104,1,3.0,I-NTMCP l=1,1.0,PURSUER_WIN
open8,3,mixed,104,1,5.0,I-NTMCP l=0,0.0,PURSUER_WIN
open8,3,mixed,104,1,0.0,shortest path,,PURSUER_WIN
open8,3,mixed,104,1,4.0,I-NTMCP l=0,0.0,PURSUER_WIN
open8,3,mixed,104,1,0.0,I-NTMCP l=1,1.0,PURSUER_WIN
open8,3,mixed,104,1,1.0,random,,PURSUER_WIN
open8,3,mixed,104,1,3.0,I-NTMCP l=1,1.0,PURSUER_WIN
open8,3,mixed,104,1,5.0,I-NTMCP l=1,1.0,PURSUER_WIN
open8,3,mixed,104,1,4.0,shortest path,,PURSUER_WIN
open8,3,mixed,104,1,0.0,I-NTMCP l=0,0.0,PURSUER_WIN
open8,3,mixed,104,1,2.0,shortest path,,PURSUER_WIN
open8,3,mixed,104,1,11.0,random,,PURSUER_WIN
open8,3,mixed,104,1,6.0,random,,PURSUER_WIN
open8,3,mixed,104,1,6.0,random,,PURSUER_WIN
open8,3,mixed,104,1,1.0,random,,PURSUER_WIN
open8,3,mixed,104,1,3.0,shortest path,,PURSUER_WIN
open8,3,mixed,104,1,5.0,I-NTMCP l=0,0.0,PURSUER_WIN
open8,3,mixed,104,1,3.0,I-NTMCP l=1,1.0,PURSUER_WIN
open8,3,mixed,104,1,1.0,I-NTMCP l=0,0.0,PURSUER_WIN
open8,3,mixed,104,1,5.0,random,,PURSUER_WIN
open8,3,mixed,104,1,8.0,I-NTMCP l=0,0.0,PURSUER_WIN
open8,3,mixed,104,1,5.0,shortest path,,PURSUER_WIN
open8,3,mixed,104,1,2.0,random,,PURSUER_WIN
open8,3,mixed,104,1,4.0,random,,PURSUER_WIN
open8,3,mixed,104,1,0.0,I-NTMCP l=1,1.0,PURSUER_WIN
open8,3,mixed,104,1,1.0,I-NTMCP l=1,1.0,PURSUER_WIN
open8,3,mixed,104,1,0.0,shortest path,,PURSUER_WIN
open8,3,mixed,104,1,1.0,shortest path,,PURSUER_WIN
open8,3,mixed,104,1,3.0,shortest path,,PURSUER_WIN
open8,3,mixed,104,1,2.0,shortest path,,PURSUER_WIN
open8,3,mixed,104,1,0.0,shortest path,,PURSUER_WIN
open8,3,mixed,104,1,3.0,random,,PURSUER_WIN
open8,3,mixed,105,1,1.0,I-NTMCP l=0,0.0,PURSUER_WIN
open8,3,mixed,105,1,3.0,random,,PURSUER_WIN
open8,3,mixed,105,1,5.0,random,,PURSUER_WIN
open8,3,mixed,105,1,2.0,I-NTMCP l=0,0.0,PURSUER_WIN
open8,3,mixed,105,1,8.0,I-NTMCP l=0,0.0,PURSUER_WIN
open8,3,mixed,105,1,1.0,I-NTMCP l=0,0.0,PURSUER_WIN
open8,3,mixed,105,1,3.0,shortest path,,PURSUER_WIN
open8,3,mixed,105,1,2.0,I-NTMCP l=0,0.0,PURSUER_WIN
open8,3,mixed,105,1,3.0,shortest path,,PURSUER_WIN
open8,3,mixed,105,1,6.0,shortest path,,PURSUER_WIN
open8,3,mixed,105,1,4.0,random,,PURSUER_WIN
open8,3,mixed,105,1,0.0,I-NTMCP l=1,1.0,PURSUER_WIN
open8,3,mixed,105,1,5.0,I-NTMCP l=0,0.0,PURSUER_WIN
open8,3,mixed,105,1,4.0,shortest path,,PURSUER_WIN
open8,3,mixed,105,1,0.0,I-NTMCP l=1,1.0,PURSUER_WIN
open8,3,mixed,105,1,0.0,I-NTMCP l=1,1.0,PURSUER_WIN
open8,3,mixed,105,1,9.0,I-NTMCP l=1,1.0,PURSUER_WIN
open8,3,mixed,105,1,0.0,I-NTMCP l=1,1.0,PURSUER_WIN
open8,3,mixed,105,1,3.0,shortest path,,PURSUER_WIN
open8,3,mixed,105,1,2.0,shortest path,,PURSUER_WIN
open8,3,mixed,105,1,6.0,I-NTMCP l=0,0.0,PURSUER_WIN
open8,3,mixed,105,1,4.0,I-NTMCP l=0,0.0,PURSUER_WIN
open8,3,mixed,105,1,0.0,random,,PURSUER_WIN
open8,3,mixed,105,1,3.0,I-NTMCP l=0,0.0,PURSUER_WIN
open8,3,mixed,105,1,3.0,random,,PURSUER_WIN
open8,3,mixed,105,1,1.0,I-NTMCP l=0,0.0,PURSUER_WIN
open8,3,mixed,105,1,12.0,shortest path,,PURSUER_WIN
open8,3,mixed,105,1,0.0,I-NTMCP l=1,1.0,PURSUER_WIN
open8,3,mixed,105,1,2.0,I-NTMCP l=1,1.0,PURSUER_WIN
open8,3,mixed,105,1,2.0,I-NTMCP l=1,1.0,PURSUER_WIN
open8,3,mixed,105,1,2.0,I-NTMCP l=0,0.0,PURSUER_WIN
open8,3,mixed,105,1,5.0,random,,PURSUER_WIN
open8,3,mixed,105,1,2.0,I-NTMCP l=1,1.0,PURSUER_WIN
open8,3,mixed,105,1,0.0,I-NTMCP l=0,0.0,PURSUER_WIN
open8,3,mixed,105,1,3.0,I-NTMCP l=0,0.0,PURSUER_WIN
open8,3,mixed,105,1,2.0,I-NTMCP l=0,0.0,PURSUER_WIN
open8,3,mixed,105,1,4.0,shortest path,,PURSUER_WIN
open8,3,mixed,105,1,0.0,random,,PURSUER_WIN
open8,3,mixed,105,0,10.0,I-NTMCP l=1,1.0,EVADER_REACHED_GOAL
open8,3,mixed,105,1,5.0,I-NTMCP l=1,1.0,PURSUER_WIN
open8,3,mixed,105,1,3.0,I-NTMCP l=0,0.0,PURSUER_WIN
open8,3,mixed,105,1,14.0,random,,PURSUER_WIN
open8,3,mixed,105,1,2.0,shortest path,,PURSUER_WIN
open8,3,mixed,105,1,5.0,shortest path,,PURSUER_WIN
open8,3,mixed,105,1,0.0,random,,PURSUER_WIN
open8,3,mixed,105,1,0.0,shortest path,,PURSUER_WIN
open8,3,mixed,105,1,3.0,I-NTMCP l=0,0.0,PURSUER_WIN
open8,3,mixed,105,1,2.0,I-NTMCP l=1,1.0,PURSUER_WIN
open8,3,mixed,105,1,5.0,I-NTMCP l=1,1.0,PURSUER_WIN
open8,3,mixed,105,1,2.0,shortest path,,PURSUER_WIN
open8,3,mixed,106,1,2.0,I-NTMCP l=1,1.0,PURSUER_WIN
open8,3,mixed,106,1,5.0,random,,PURSUER_WIN
open8,3,mixed,106,1,6.0,I-NTMCP l=1,1.0,PURSUER_WIN
open8,3,mixed,106,1,4.0,random,,PURSUER_WIN
open8,3,mixed,106,1,5.0,I-NTMCP l=0,0.0,PURSUER_WIN
open8,3,mixed,106,1,5.0,random,,PURSUER_WIN
open8,3,mixed,106,1,2.0,shortest path,,PURSUER_WIN
open8,3,mixed,106,1,0.0,I-NTMCP l=1,1.0,PURSUER_WIN
open8,3,mixed,106,1,2.0,I-NTMCP l=0,0.0,PURSUER_WIN
open8,3,mixed,106,0,11.0,I-NTMCP l=1,1.0,EVADER_REACHED_GOAL
open8,3,mixed,106,1,3.0,I-NTMCP l=1,1.0,PURSUER_WIN
open8,3,mixed,106,1,2.0,I-NTMCP l=0,0.0,PURSUER_WIN
open8,3,mixed,106,1,1.0,shortest path,,PURSUER_WIN
open8,3,mixed,106,1,3.0,I-NTMCP l=1,1.0,PURSUER_WIN
open8,3,mixed,106,1,3.0,I-NTMCP l=0,0.0,PURSUER_WIN
open8,3,mixed,106,1,1.0,I-NTMCP l=1,1.0,PURSUER_WIN
open8,3,mixed,106,1,0.0,shortest path,,PURSUER_WIN
open8,3,mixed,106,1,3.0,shortest path,,PURSUER_WIN
open8,3,mixed,106,0,7.0,I-NTMCP l=0,0.0,EVADER_REACHED_GOAL
open8,3,mixed,106,1,1.0,I-NTMCP l=0,0.0,PURSUER_WIN
open8,3,mixed,106,1,2.0,I-NTMCP l=1,1.0,PURSUER_WIN
open8,3,mixed,106,0,11.0,I-NTMCP l=0,0.0,EVADER_REACHED_GOAL
open8,3,mixed,106,1,0.0,random,,PURSUER_WIN
open8,3,mixed,106,1,3.0,I-NTMCP l=0,0.0,PURSUER_WIN
open8,3,mixed,106,1,8.0,I-NTMCP l=0,0.0,PURSUER_WIN
open8,3,mixed,106,1,0.0,I-NTMCP l=0,0.0,PURSUER_WIN
open8,3,mixed,106,1,4.0,shortest path,,PURSUER_WIN
open8,3,mixed,106,1,0.0,shortest path,,PURSUER_WIN
open8,3,mixed,106,1,4.0,I-NTMCP l=1,1.0,PURSUER_WIN
open8,3,mixed,106,1,13.0,random,,PURSUER_WIN
open8,3,mixed,106,1,1.0,random,,PURSUER_WIN
open8,3,mixed,106,1,8.0,random,,PURSUER_WIN
open8,3,mixed,106,0,10.0,I-NTMCP l=0,0.0,EVADER_REACHED_GOAL
open8,3,mixed,106,1,6.0,random,,PURSUER_WIN
open8,3,mixed,106,1,4.0,shortest path,,PURSUER_WIN
open8,3,mixed,106,1,1.0,I-NTMCP l=0,0.0,PURSUER_WIN
open8,3,mixed,106,1,6.0,I-NTMCP l=1,1.0,PURSUER_WIN
open8,3,mixed,106,1,2.0,I-NTMCP l=0,0.0,PURSUER_WIN
open8,3,mixed,106,1,2.0,I-NTMCP l=0,0.0,PURSUER_WIN
open8,3,mixed,106,1,1.0,I-NTMCP l=1,1.0,PURSUER_WIN
open8,3,mixed,106,1,3.0,I-NTMCP l=1,1.0,PURSUER_WIN
open8,3,mixed,106,1,2.0,I-NTMCP l=1,1.0,PURSUER_WIN
open8,3,mixed,106,1,1.0,shortest path,,PURSUER_WIN
open8,3,mixed,106,1,4.0,shortest path,,PURSUER_WIN
open8,3,mixed,106,1,2.0,shortest path,,PURSUER_WIN
open8,3,mixed,106,1,4.0,I-NTMCP l=1,1.0,PURSUER_WIN
open8,3,mixed,106,1,1.0,shortest path,,PURSUER_WIN
open8,3,mixed,106,1,1.0,shortest path,,PURSUER_WIN
open8,3,mixed,106,1,3.0,shortest path,,PURSUER_WIN
open8,3,mixed,106,1,3.0,shortest path,,PURSUER_WIN
open8,3,mixed,107,1,2.0,shortest path,,PURSUER_WIN
open8,3,mixed,107,1,3.0,I-NTMCP l=1,1.0,PURSUER_WIN
open8,3,mixed,107,1,0.0,I-NTMCP l=1,1.0,PURSUER_WIN
open8,3,mixed,107,1,4.0,I-NTMCP l=0,0.0,PURSUER_WIN
open8,3,mixed,107,1,5.0,shortest path,,PURSUER_WIN
open8,3,mixed,107,1,4.0,I-NTMCP l=1,1.0,PURSUER_WIN
open8,3,mixed,107,1,9.0,random,,PURSUER_WIN
open8,3,mixed,107,1,0.0,I-NTMCP l=0,0.0,PURSUER_WIN
open8,3,mixed,107,1,5.0,I-NTMCP l=0,0.0,PURSUER_WIN
open8,3,mixed,107,1,14.0,random,,PURSUER_WIN
open8,3,mixed,107,1,3.0,I-NTMCP l=0,0.0,PURSUER_WIN
open8,3,mixed,107,1,8.0,I-NTMCP l=0,0.0,PURSUER_WIN
open8,3,mixed,107,0,7.0,shortest path,,EVADER_REACHED_GOAL
open8,3,mixed,107,1,3.0,shortest path,,PURSUER_WIN
open8,3,mixed,107,1,6.0,shortest path,,PURSUER_WIN
open8,3,mixed,107,1,4.0,shortest path,,PURSUER_WIN
open8,3,mixed,107,1,1.0,shortest path,,PURSUER_WIN
open8,3,mixed,107,1,2.0,shortest path,,PURSUER_WIN
open8,3,mixed,107,1,4.0,I-NTMCP l=0,0.0,PURSUER_WIN
open8,3,mixed,107,1,1.0,random,,PURSUER_WIN
open8,3,mixed,107,1,3.0,random,,PURSUER_WIN
open8,3,mixed,107,1,3.0,shortest path,,PURSUER_WIN
open8,3,mixed,107,1,0.0,random,,PURSUER_WIN
open8,3,mixed,107,1,3.0,I-NTMCP l=1,1.0,PURSUER_WIN
open8,3,mixed,107,1,2.0,shortest path,,PURSUER_WIN
open8,3,mixed,107,1,7.0,shortest path,,PURSUER_WIN
open8,3,mixed,107,1,3.0,I-NTMCP l=1,1.0,PURSUER_WIN
open8,3,mixed,107,0,7.0,I-NTMCP l=0,0.0,EVADER_REACHED_GOAL
open8,3,mixed,107,1,11.0,random,,PURSUER_WIN
open8,3,mixed,107,1,1.0,shortest path,,PURSUER_WIN
open8,3,mixed,107,1,1.0,I-NTMCP l=0,0.0,PURSUER_WIN
open8,3,mixed,107,1,1.0,I-NTMCP l=1,1.0,PURSUER_WIN
open8,3,mixed,107,1,3.0,I-NTMCP l=1,1.0,PURSUER_WIN
open8,3,mixed,107,1,2.0,shortest path,,PURSUER_WIN
open8,3,mixed,107,1,1.0,random,,PURSUER_WIN
open8,3,mixed,107,0,10.0,I-NTMCP l=0,0.0,EVADER_REACHED_GOAL
open8,3,mixed,107,0,7.0,I-NTMCP l=1,1.0,EVADER_REACHED_GOAL
open8,3,mixed,107,1,2.0,I-NTMCP l=0,0.0,PURSUER_WIN
open8,3,mixed,107,1,2.0,I-NTMCP l=0,0.0,PURSUER_WIN
open8,3,mixed,107,1,6.0,random,,PURSUER_WIN
open8,3,mixed,107,1,1.0,I-NTMCP l=1,1.0,PURSUER_WIN
open8,3,mixed,107,1,2.0,I-NTMCP l=0,0.0,PURSUER_WIN
open8,3,mixed,107,1,5.0,shortest path,,PURSUER_WIN
open8,3,mixed,107,1,6.0,shortest path,,PURSUER_WIN
open8,3,mixed,107,1,8.0,shortest path,,PURSUER_WIN
open8,3,mixed,107,1,0.0,random,,PURSUER_WIN
open8,3,mixed,107,1,3.0,I-NTMCP l=1,1.0,PURSUER_WIN
open8,3,mixed,107,1,4.0,shortest path,,PURSUER_WIN
open8,3,mixed,107,1,3.0,shortest path,,PURSUER_WIN
open8,3,mixed,107,1,2.0,I-NTMCP l=0,0.0,PURSUER_WIN
open8,3,mixed,108,1,3.0,shortest path,,PURSUER_WIN
open8,3,mixed,108,1,4.0,random,,PURSUER_WIN
open8,3,mixed,108,1,4.0,I-NTMCP l=1,1.0,PURSUER_WIN
open8,3,mixed,108,1,1.0,I-NTMCP l=0,0.0,PURSUER_WIN
open8,3,mixed,108,1,2.0,I-NTMCP l=1,1.0,PURSUER_WIN
open8,3,mixed,108,1,8.0,shortest path,,PURSUER_WIN
open8,3,mixed,108,1,10.0,random,,PURSUER_WIN
open8,3,mixed,108,1,0.0,I-NTMCP l=0,0.0,PURSUER_WIN
open8,3,mixed,108,1,0.0,shortest path,,PURSUER_WIN
open8,3,mixed,108,1,0.0,shortest path,,PURSUER_WIN
open8,3,mixed,108,1,4.0,shortest path,,PURSUER_WIN
open8,3,mixed,108,0,11.0,I-NTMCP l=0,0.0,EVADER_REACHED_GOAL
open8,3,mixed,108,1,3.0,shortest path,,PURSUER_WIN
open8,3,mixed,108,1,5.0,random,,PURSUER_WIN
open8,3,mixed,108,1,2.0,shortest path,,PURSUER_WIN
open8,3,mixed,108,1,2.0,random,,PURSUER_WIN
open8,3,mixed,108,1,2.0,I-NTMCP l=1,1.0,PURSUER_WIN
open8,3,mixed,108,1,6.0,random,,PURSUER_WIN
open8,3,mixed,108,1,3.0,I-NTMCP l=0,0.0,PURSUER_WIN
open8,3,mixed,108,1,6.0,I-NTMCP l=1,1.0,PURSUER_WIN
open8,3,mixed,108,1,0.0,shortest path,,PURSUER_WIN
open8,3,mixed,108,1,6.0,random,,PURSUER_WIN
open8,3,mixed,108,1,5.0,I-NTMCP l=1,1.0,PURSUER_WIN
open8,3,mixed,108,1,13.0,random,,PURSUER_WIN
open8,3,mixed,108,1,6.0,I-NTMCP l=0,0.0,PURSUER_WIN
open8,3,mixed,108,1,2.0,I-NTMCP l=0,0.0,PURSUER_WIN
open8,3,mixed,108,1,3.0,shortest path,,PURSUER_WIN
open8,3,mixed,108,1,0.0,shortest path,,PURSUER_WIN
open8,3,mixed,108,1,2.0,I-NTMCP l=1,1.0,PURSUER_WIN
open8,3,mixed,108,1,7.0,shortest path,,PURSUER_WIN
open8,3,mixed,108,1,3.0,random,,PURSUER_WIN
open8,3,mixed,108,1,3.0,random,,PURSUER_WIN
open8,3,mixed,108,1,2.0,I-NTMCP l=1,1.0,PURSUER_WIN
open8,3,mixed,108,1,2.0,random,,PURSUER_WIN
open8,3,mixed,108,1,1.0,I-NTMCP l=1,1.0,PURSUER_WIN
open8,3,mixed,108,1,4.0,shortest path,,PURSUER_WIN
open8,3,mixed,108,1,3.0,I-NTMCP l=0,0.0,PURSUER_WIN
open8,3,mixed,108,1,3.0,shortest path,,PURSUER_WIN
open8,3,mixed,108,1,3.0,I-NTMCP l=1,1.0,PURSUER_WIN
open8,3,mixed,108,1,1.0,random,,PURSUER_WIN
open8,3,mixed,108,1,3.0,I-NTMCP l=0,0.0,PURSUER_WIN
open8,3,mixed,108,1,1.0,shortest path,,PURSUER_WIN
open8,3,mixed,108,1,3.0,shortest path,,PURSUER_WIN
open8,3,mixed,108,1,2.0,I-NTMCP l=0,0.0,PURSUER_WIN
open8,3,mixed,108,1,1.0,shortest path,,PURSUER_WIN
open8,3,mixed,108,1,6.0,random,,PURSUER_WIN
open8,3,mixed,108,1,2.0,shortest path,,PURSUER_WIN
open8,3,mixed,108,1,2.0,I-NTMCP l=1,1.0,PURSUER_WIN
open8,3,mixed,108,1,3.0,I-NTMCP l=1,1.0,PURSUER_WIN
open8,3,mixed,108,1,2.0,shortest path,,PURSUER_WIN
open8,3,mixed,109,1,6.0,I-NTMCP l=0,0.0,PURSUER_WIN
open8,3,mixed,109,1,3.0,shortest path,,PURSUER_WIN
open8,3,mixed,109,1,3.0,I-NTMCP l=1,1.0,PURSUER_WIN
open8,3,mixed,109,1,6.0,I-NTMCP l=1,1.0,PURSUER_WIN
open8,3,mixed,109,1,5.0,random,,PURSUER_WIN
open8,3,mixed,109,1,5.0,random,,PURSUER_WIN
open8,3,mixed,109,1,2.0,shortest path,,PURSUER_WIN
open8,3,mixed,109,1,3.0,I-NTMCP l=1,1.0,PURSUER_WIN
open8,3,mixed,109,1,0.0,I-NTMCP l=0,0.0,PURSUER_WIN
open8,3,mixed,109,1,1.0,random,,PURSUER_WIN
open8,3,mixed,109,1,3.0,shortest path,,PURSUER_WIN
open8,3,mixed,109,1,2.0,I-NTMCP l=1,1.0,PURSUER_WIN
open8,3,mixed,109,1,1.0,I-NTMCP l=0,0.0,PURSUER_WIN
open8,3,mixed,109,1,0.0,I-NTMCP l=1,1.0,PURSUER_WIN
open8,3,mixed,109,1,3.0,shortest path,,PURSUER_WIN
open8,3,mixed,109,1,6.0,I-NTMCP l=0,0.0,PURSUER_WIN
open8,3,mixed,109,1,3.0,I-NTMCP l=0,0.0,PURSUER_WIN
open8,3,mixed,109,1,3.0,random,,PURSUER_WIN
open8,3,mixed,109,1,3.0,shortest path,,PURSUER_WIN
open8,3,mixed,109,1,3.0,random,,PURSUER_WIN
open8,3,mixed,109,1,2.0,I-NTMCP l=0,0.0,PURSUER_WIN
open8,3,mixed,109,1,5.0,shortest path,,PURSUER_WIN
open8,3,mixed,109,1,3.0,shortest path,,PURSUER_WIN
open8,3,mixed,109,1,8.0,shortest path,,PURSUER_WIN
open8,3,mixed,109,1,10.0,I-NTMCP l=1,1.0,PURSUER_WIN
open8,3,mixed,109,1,6.0,I-NTMCP l=1,1.0,PURSUER_WIN
open8,3,mixed,109,1,2.0,shortest path,,PURSUER_WIN
open8,3,mixed,109,1,2.0,I-NTMCP l=1,1.0,PURSUER_WIN
open8,3,mixed,109,1,1.0,I-NTMCP l=0,0.0,PURSUER_WIN
open8,3,mixed,109,1,4.0,shortest path,,PURSUER_WIN
open8,3,mixed,109,1,2.0,shortest path,,PURSUER_WIN
open8,3,mixed,109,1,6.0,random,,PURSUER_WIN
open8,3,mixed,109,1,7.0,random,,PURSUER_WIN
open8,3,mixed,109,1,2.0,I-NTMCP l=1,1.0,PURSUER_WIN
open8,3,mixed,109,1,3.0,I-NTMCP l=1,1.0,PURSUER_WIN
open8,3,mixed,109,1,2.0,I-NTMCP l=1,1.0,PURSUER_WIN
open8,3,mixed,109,1,3.0,random,,PURSUER_WIN
open8,3,mixed,109,1,0.0,I-NTMCP l=0,0.0,PURSUER_WIN
open8,3,mixed,109,1,2.0,shortest path,,PURSUER_WIN
open8,3,mixed,109,0,7.0,I-NTMCP l=1,1.0,EVADER_REACHED_GOAL
open8,3,mixed,109,1,7.0,random,,PURSUER_WIN
open8,3,mixed,109,1,14.0,random,,PURSUER_WIN
open8,3,mixed,109,1,6.0,I-NTMCP l=0,0.0,PURSUER_WIN
open8,3,mixed,109,1,0.0,I-NTMCP l=1,1.0,PURSUER_WIN
open8,3,mixed,109,1,3.0,I-NTMCP l=0,0.0,PURSUER_WIN
open8,3,mixed,109,1,5.0,I-NTMCP l=1,1.0,PURSUER_WIN
open8,3,mixed,109,1,6.0,random,,PURSUER_WIN
open8,3,mixed,109,1,4.0,random,,PURSUER_WIN
open8,3,mixed,109,1,2.0,I-NTMCP l=1,1.0,PURSUER_WIN
open8,3,mixed,109,1,7.0,random,,PURSUER_WIN
